
==========================================================================
02_croc.gpl2 check_setup
--------------------------------------------------------------------------
0

==========================================================================
02_croc.gpl2 report_tns
--------------------------------------------------------------------------
tns -8.41

==========================================================================
02_croc.gpl2 report_wns
--------------------------------------------------------------------------
wns -0.24

==========================================================================
02_croc.gpl2 report_worst_slack
--------------------------------------------------------------------------
worst slack -0.24

==========================================================================
02_croc.gpl2 report_checks -path_delay min
--------------------------------------------------------------------------
Startpoint: i_croc_soc/i_rstgen.i_rstgen_bypass.synch_regs_q_3__reg
            (rising edge-triggered flip-flop clocked by clk_sys)
Endpoint: i_croc_soc/i_croc/i_uart/i_apb_uart.UART_TXFF.iFIFOMem_133__reg
          (removal check against rising-edge clock clk_sys)
Path Group: asynchronous
Path Type: min
Corner: ff

Fanout     Cap    Slew   Delay    Time   Description
-----------------------------------------------------------------------------
                  0.20    0.00    0.00   clock clk_sys (rise edge)
                          0.00    0.00   clock network delay (ideal)
                  0.20    0.00    0.00 ^ i_croc_soc/i_rstgen.i_rstgen_bypass.synch_regs_q_3__reg/CLK (sg13g2_dfrbp_1)
     2    0.01    0.03    0.20    0.20 ^ i_croc_soc/i_rstgen.i_rstgen_bypass.synch_regs_q_3__reg/Q (sg13g2_dfrbp_1)
                                         i_croc_soc/i_rstgen.i_rstgen_bypass.synch_regs_q_3_ (net)
                  0.03    0.00    0.20 ^ i_croc_soc/i_rstgen.i_rstgen_bypass.i_tc_clk_mux2_rst_no/i_mux/A0 (sg13g2_mux2_1)
     1    0.01    0.04    0.07    0.27 ^ i_croc_soc/i_rstgen.i_rstgen_bypass.i_tc_clk_mux2_rst_no/i_mux/X (sg13g2_mux2_1)
                                         i_croc_soc/i_rstgen.i_rstgen_bypass.rst_no (net)
                  0.04    0.00    0.27 ^ fanout5341/A (sg13g2_buf_8)
     6    0.23    0.06    0.07    0.34 ^ fanout5341/X (sg13g2_buf_8)
                                         net5341 (net)
                  0.08    0.02    0.37 ^ fanout4608/A (sg13g2_buf_8)
     5    0.07    0.03    0.08    0.45 ^ fanout4608/X (sg13g2_buf_8)
                                         net4608 (net)
                  0.03    0.00    0.45 ^ fanout4566/A (sg13g2_buf_4)
     8    0.08    0.06    0.09    0.54 ^ fanout4566/X (sg13g2_buf_4)
                                         net4566 (net)
                  0.06    0.00    0.54 ^ i_croc_soc/i_croc/i_uart/i_apb_uart.UART_TXFF.iFIFOMem_133__reg/RESET_B (sg13g2_dfrbp_1)
                                  0.54   data arrival time

                  0.20    0.00    0.00   clock clk_sys (rise edge)
                          0.00    0.00   clock network delay (ideal)
                          0.10    0.10   clock uncertainty
                          0.00    0.10   clock reconvergence pessimism
                                  0.10 ^ i_croc_soc/i_croc/i_uart/i_apb_uart.UART_TXFF.iFIFOMem_133__reg/CLK (sg13g2_dfrbp_1)
                         -0.06    0.04   library removal time
                                  0.04   data required time
-----------------------------------------------------------------------------
                                  0.04   data required time
                                 -0.54   data arrival time
-----------------------------------------------------------------------------
                                  0.50   slack (MET)


Startpoint: i_croc_soc/i_croc/i_dmi_jtag/i_dmi_cdc.i_cdc_req/i_cdc_reset_ctrlr/i_cdc_reset_ctrlr_half_a/i_state_transition_cdc_dst/i_sync/reg_q_0__reg
            (rising edge-triggered flip-flop clocked by clk_jtg)
Endpoint: i_croc_soc/i_croc/i_dmi_jtag/i_dmi_cdc.i_cdc_req/i_cdc_reset_ctrlr/i_cdc_reset_ctrlr_half_a/i_state_transition_cdc_dst/i_sync/serial_o_reg
          (rising edge-triggered flip-flop clocked by clk_jtg)
Path Group: clk_jtg
Path Type: min
Corner: ff

Fanout     Cap    Slew   Delay    Time   Description
-----------------------------------------------------------------------------
                  0.20    0.00    0.00   clock clk_jtg (rise edge)
                          0.00    0.00   clock network delay (ideal)
                  0.20    0.00    0.00 ^ i_croc_soc/i_croc/i_dmi_jtag/i_dmi_cdc.i_cdc_req/i_cdc_reset_ctrlr/i_cdc_reset_ctrlr_half_a/i_state_transition_cdc_dst/i_sync/reg_q_0__reg/CLK (sg13g2_dfrbp_1)
     1    0.00    0.01    0.18    0.18 v i_croc_soc/i_croc/i_dmi_jtag/i_dmi_cdc.i_cdc_req/i_cdc_reset_ctrlr/i_cdc_reset_ctrlr_half_a/i_state_transition_cdc_dst/i_sync/reg_q_0__reg/Q (sg13g2_dfrbp_1)
                                         i_croc_soc/i_croc/i_dmi_jtag/i_dmi_cdc.i_cdc_req/i_cdc_reset_ctrlr/i_cdc_reset_ctrlr_half_a/i_state_transition_cdc_dst/i_sync/reg_q_0_ (net)
                  0.01    0.00    0.18 v i_croc_soc/i_croc/i_dmi_jtag/i_dmi_cdc.i_cdc_req/i_cdc_reset_ctrlr/i_cdc_reset_ctrlr_half_a/i_state_transition_cdc_dst/i_sync/serial_o_reg/D (sg13g2_dfrbp_1)
                                  0.18   data arrival time

                  0.20    0.00    0.00   clock clk_jtg (rise edge)
                          0.00    0.00   clock network delay (ideal)
                          0.10    0.10   clock uncertainty
                          0.00    0.10   clock reconvergence pessimism
                                  0.10 ^ i_croc_soc/i_croc/i_dmi_jtag/i_dmi_cdc.i_cdc_req/i_cdc_reset_ctrlr/i_cdc_reset_ctrlr_half_a/i_state_transition_cdc_dst/i_sync/serial_o_reg/CLK (sg13g2_dfrbp_1)
                          0.01    0.11   library hold time
                                  0.11   data required time
-----------------------------------------------------------------------------
                                  0.11   data required time
                                 -0.18   data arrival time
-----------------------------------------------------------------------------
                                  0.07   slack (MET)


Startpoint: i_croc_soc/i_croc/i_dm_top.i_dm_top/master_add_o[5]_reg
            (rising edge-triggered flip-flop clocked by clk_sys)
Endpoint: i_croc_soc/i_croc/gen_sram_bank[1].i_sram/gen_512x32xBx1.i_cut
          (rising edge-triggered flip-flop clocked by clk_sys)
Path Group: clk_sys
Path Type: min
Corner: ff

Fanout     Cap    Slew   Delay    Time   Description
-----------------------------------------------------------------------------
                  0.20    0.00    0.00   clock clk_sys (rise edge)
                          0.00    0.00   clock network delay (ideal)
                  0.20    0.00    0.00 ^ i_croc_soc/i_croc/i_dm_top.i_dm_top/master_add_o[5]_reg/CLK (sg13g2_dfrbp_2)
     3    0.05    0.08    0.26    0.26 ^ i_croc_soc/i_croc/i_dm_top.i_dm_top/master_add_o[5]_reg/Q (sg13g2_dfrbp_2)
                                         i_croc_soc/i_croc/i_dm_top.master_addr_o_5_ (net)
                  0.08    0.01    0.26 ^ i_croc_soc/i_croc/_5470_/A (sg13g2_nand3_1)
     1    0.00    0.04    0.06    0.32 v i_croc_soc/i_croc/_5470_/Y (sg13g2_nand3_1)
                                         i_croc_soc/i_croc/_1664_ (net)
                  0.04    0.00    0.32 v i_croc_soc/i_croc/_5471_/C (sg13g2_nand3_1)
     1    0.00    0.02    0.03    0.36 ^ i_croc_soc/i_croc/_5471_/Y (sg13g2_nand3_1)
                                         i_croc_soc/i_croc/_1665_ (net)
                  0.02    0.00    0.36 ^ i_croc_soc/i_croc/_5472_/B (sg13g2_and2_1)
     1    0.02    0.07    0.09    0.45 ^ i_croc_soc/i_croc/_5472_/X (sg13g2_and2_1)
                                         i_croc_soc/i_croc/all_sbr_obi_req_269_ (net)
                  0.09    0.00    0.45 ^ i_croc_soc/i_croc/gen_sram_bank[1].i_sram/gen_512x32xBx1.i_cut/A_ADDR[2] (RM_IHPSG13_1P_256x64_c2_bm_bist)
                                  0.45   data arrival time

                  0.20    0.00    0.00   clock clk_sys (rise edge)
                          0.00    0.00   clock network delay (ideal)
                          0.10    0.10   clock uncertainty
                          0.00    0.10   clock reconvergence pessimism
                                  0.10 ^ i_croc_soc/i_croc/gen_sram_bank[1].i_sram/gen_512x32xBx1.i_cut/A_CLK (RM_IHPSG13_1P_256x64_c2_bm_bist)
                          0.43    0.53   library hold time
                                  0.53   data required time
-----------------------------------------------------------------------------
                                  0.53   data required time
                                 -0.45   data arrival time
-----------------------------------------------------------------------------
                                 -0.08   slack (VIOLATED)



==========================================================================
02_croc.gpl2 report_checks -path_delay max
--------------------------------------------------------------------------
Startpoint: i_croc_soc/i_rstgen.i_rstgen_bypass.synch_regs_q_3__reg
            (rising edge-triggered flip-flop clocked by clk_sys)
Endpoint: i_croc_soc/i_croc/i_dm_top.i_dm_top/i_dm_mem.rdata_q_16__reg
          (recovery check against rising-edge clock clk_sys)
Path Group: asynchronous
Path Type: max
Corner: tt

Fanout     Cap    Slew   Delay    Time   Description
-----------------------------------------------------------------------------
                  0.20    0.00    0.00   clock clk_sys (rise edge)
                          0.00    0.00   clock network delay (ideal)
                  0.20    0.00    0.00 ^ i_croc_soc/i_rstgen.i_rstgen_bypass.synch_regs_q_3__reg/CLK (sg13g2_dfrbp_1)
     2    0.01    0.04    0.29    0.29 ^ i_croc_soc/i_rstgen.i_rstgen_bypass.synch_regs_q_3__reg/Q (sg13g2_dfrbp_1)
                                         i_croc_soc/i_rstgen.i_rstgen_bypass.synch_regs_q_3_ (net)
                  0.04    0.00    0.29 ^ i_croc_soc/i_rstgen.i_rstgen_bypass.i_tc_clk_mux2_rst_no/i_mux/A0 (sg13g2_mux2_1)
     1    0.01    0.05    0.11    0.40 ^ i_croc_soc/i_rstgen.i_rstgen_bypass.i_tc_clk_mux2_rst_no/i_mux/X (sg13g2_mux2_1)
                                         i_croc_soc/i_rstgen.i_rstgen_bypass.rst_no (net)
                  0.05    0.00    0.40 ^ fanout5341/A (sg13g2_buf_8)
     6    0.23    0.11    0.12    0.52 ^ fanout5341/X (sg13g2_buf_8)
                                         net5341 (net)
                  0.20    0.08    0.60 ^ fanout5148/A (sg13g2_buf_4)
     4    0.06    0.08    0.20    0.79 ^ fanout5148/X (sg13g2_buf_4)
                                         net5148 (net)
                  0.08    0.00    0.80 ^ fanout4990/A (sg13g2_buf_4)
     4    0.03    0.05    0.13    0.93 ^ fanout4990/X (sg13g2_buf_4)
                                         net4990 (net)
                  0.05    0.00    0.93 ^ fanout4956/A (sg13g2_buf_4)
     4    0.04    0.06    0.12    1.05 ^ fanout4956/X (sg13g2_buf_4)
                                         net4956 (net)
                  0.06    0.00    1.05 ^ fanout4955/A (sg13g2_buf_2)
     5    0.03    0.07    0.12    1.17 ^ fanout4955/X (sg13g2_buf_2)
                                         net4955 (net)
                  0.07    0.00    1.17 ^ fanout4954/A (sg13g2_buf_4)
     8    0.06    0.08    0.15    1.32 ^ fanout4954/X (sg13g2_buf_4)
                                         net4954 (net)
                  0.08    0.00    1.32 ^ fanout4953/A (sg13g2_buf_4)
     8    0.05    0.07    0.14    1.47 ^ fanout4953/X (sg13g2_buf_4)
                                         net4953 (net)
                  0.07    0.00    1.47 ^ fanout4951/A (sg13g2_buf_4)
     8    0.06    0.07    0.15    1.61 ^ fanout4951/X (sg13g2_buf_4)
                                         net4951 (net)
                  0.07    0.00    1.61 ^ i_croc_soc/i_croc/i_dm_top.i_dm_top/i_dm_mem.rdata_q_16__reg/RESET_B (sg13g2_dfrbp_1)
                                  1.61   data arrival time

                  0.20   12.50   12.50   clock clk_sys (rise edge)
                          0.00   12.50   clock network delay (ideal)
                         -0.10   12.40   clock uncertainty
                          0.00   12.40   clock reconvergence pessimism
                                 12.40 ^ i_croc_soc/i_croc/i_dm_top.i_dm_top/i_dm_mem.rdata_q_16__reg/CLK (sg13g2_dfrbp_1)
                         -0.11   12.29   library recovery time
                                 12.29   data required time
-----------------------------------------------------------------------------
                                 12.29   data required time
                                 -1.61   data arrival time
-----------------------------------------------------------------------------
                                 10.68   slack (MET)


Startpoint: i_croc_soc/i_croc/i_dmi_jtag/i_dmi_cdc.i_cdc_req/i_dst/async_ack_o_reg
            (rising edge-triggered flip-flop clocked by clk_sys)
Endpoint: i_croc_soc/i_croc/i_dm_top.i_dm_top/i_dm_csrs.progbuf_o_180__reg
          (rising edge-triggered flip-flop clocked by clk_sys)
Path Group: path delay
Path Type: max
Corner: tt

Fanout     Cap    Slew   Delay    Time   Description
-----------------------------------------------------------------------------
                  0.20    0.00    0.00 ^ i_croc_soc/i_croc/i_dmi_jtag/i_dmi_cdc.i_cdc_req/i_dst/async_ack_o_reg/CLK (sg13g2_dfrbp_2)
     6    0.03    0.08    0.35    0.35 ^ i_croc_soc/i_croc/i_dmi_jtag/i_dmi_cdc.i_cdc_req/i_dst/async_ack_o_reg/Q (sg13g2_dfrbp_2)
                                         i_croc_soc/i_croc/i_dmi_jtag/i_dmi_cdc.i_cdc_req/async_ack (net)
                  0.08    0.00    0.35 ^ i_croc_soc/i_croc/i_dmi_jtag/i_dmi_cdc.i_cdc_req/i_dst/_199_/A (sg13g2_xor2_1)
     1    0.00    0.06    0.11    0.46 ^ i_croc_soc/i_croc/i_dmi_jtag/i_dmi_cdc.i_cdc_req/i_dst/_199_/X (sg13g2_xor2_1)
                                         i_croc_soc/i_croc/i_dmi_jtag/i_dmi_cdc.i_cdc_req/s_dst_valid (net)
                  0.06    0.00    0.46 ^ i_croc_soc/i_croc/i_dmi_jtag/i_dmi_cdc.i_cdc_req/_5_/B_N (sg13g2_nor2b_2)
     5    0.02    0.12    0.16    0.62 ^ i_croc_soc/i_croc/i_dmi_jtag/i_dmi_cdc.i_cdc_req/_5_/Y (sg13g2_nor2b_2)
                                         i_croc_soc/i_croc/dmi_req_valid (net)
                  0.12    0.00    0.62 ^ i_croc_soc/i_croc/i_dm_top.i_dm_top/_4825_/A (sg13g2_and2_2)
     6    0.05    0.12    0.21    0.84 ^ i_croc_soc/i_croc/i_dm_top.i_dm_top/_4825_/X (sg13g2_and2_2)
                                         i_croc_soc/i_croc/i_dm_top.i_dm_top/_0602_ (net)
                  0.12    0.01    0.84 ^ i_croc_soc/i_croc/i_dm_top.i_dm_top/_4839_/A (sg13g2_nand2_1)
     2    0.01    0.08    0.10    0.94 v i_croc_soc/i_croc/i_dm_top.i_dm_top/_4839_/Y (sg13g2_nand2_1)
                                         i_croc_soc/i_croc/i_dm_top.i_dm_top/_0615_ (net)
                  0.08    0.00    0.94 v fanout3609/A (sg13g2_buf_2)
     8    0.04    0.07    0.14    1.08 v fanout3609/X (sg13g2_buf_2)
                                         net3609 (net)
                  0.07    0.00    1.08 v i_croc_soc/i_croc/i_dm_top.i_dm_top/_4844_/A (sg13g2_nor2_2)
     7    0.03    0.15    0.16    1.24 ^ i_croc_soc/i_croc/i_dm_top.i_dm_top/_4844_/Y (sg13g2_nor2_2)
                                         i_croc_soc/i_croc/i_dm_top.i_dm_top/_0620_ (net)
                  0.15    0.00    1.24 ^ i_croc_soc/i_croc/i_dm_top.i_dm_top/_6488_/A1 (sg13g2_a21oi_2)
     8    0.03    0.13    0.17    1.41 v i_croc_soc/i_croc/i_dm_top.i_dm_top/_6488_/Y (sg13g2_a21oi_2)
                                         i_croc_soc/i_croc/i_dm_top.i_dm_top/_2045_ (net)
                  0.13    0.00    1.41 v i_croc_soc/i_croc/i_dm_top.i_dm_top/_6723_/A (sg13g2_nor2_1)
     1    0.02    0.15    0.17    1.57 ^ i_croc_soc/i_croc/i_dm_top.i_dm_top/_6723_/Y (sg13g2_nor2_1)
                                         i_croc_soc/i_croc/i_dm_top.i_dm_top/_2213_ (net)
                  0.15    0.00    1.57 ^ fanout3283/A (sg13g2_buf_4)
     4    0.03    0.05    0.15    1.73 ^ fanout3283/X (sg13g2_buf_4)
                                         net3283 (net)
                  0.05    0.00    1.73 ^ fanout3279/A (sg13g2_buf_2)
     4    0.02    0.05    0.10    1.82 ^ fanout3279/X (sg13g2_buf_2)
                                         net3279 (net)
                  0.05    0.00    1.82 ^ fanout3278/A (sg13g2_buf_2)
     5    0.03    0.08    0.12    1.95 ^ fanout3278/X (sg13g2_buf_2)
                                         net3278 (net)
                  0.08    0.00    1.95 ^ fanout3275/A (sg13g2_buf_2)
     8    0.04    0.08    0.14    2.09 ^ fanout3275/X (sg13g2_buf_2)
                                         net3275 (net)
                  0.08    0.00    2.09 ^ i_croc_soc/i_croc/i_dm_top.i_dm_top/_6801_/C (sg13g2_nand3_1)
     1    0.00    0.06    0.10    2.19 v i_croc_soc/i_croc/i_dm_top.i_dm_top/_6801_/Y (sg13g2_nand3_1)
                                         i_croc_soc/i_croc/i_dm_top.i_dm_top/_2269_ (net)
                  0.06    0.00    2.19 v i_croc_soc/i_croc/i_dm_top.i_dm_top/_6802_/B1 (sg13g2_o21ai_1)
     1    0.00    0.06    0.05    2.23 ^ i_croc_soc/i_croc/i_dm_top.i_dm_top/_6802_/Y (sg13g2_o21ai_1)
                                         i_croc_soc/i_croc/i_dm_top.i_dm_top/_0271_ (net)
                  0.06    0.00    2.23 ^ i_croc_soc/i_croc/i_dm_top.i_dm_top/i_dm_csrs.progbuf_o_180__reg/D (sg13g2_dfrbp_1)
                                  2.23   data arrival time

                          4.38    4.38   max_delay
                         -0.10    4.28   library setup time
                                  4.28   data required time
-----------------------------------------------------------------------------
                                  4.28   data required time
                                 -2.23   data arrival time
-----------------------------------------------------------------------------
                                  2.05   slack (MET)


Startpoint: i_croc_soc/i_croc/i_dmi_jtag/td_o_reg
            (rising edge-triggered flip-flop clocked by clk_jtg')
Endpoint: jtag_tdo_o (output port clocked by clk_jtg)
Path Group: clk_jtg
Path Type: max
Corner: tt

Fanout     Cap    Slew   Delay    Time   Description
-----------------------------------------------------------------------------
                  0.20   10.00   10.00   clock clk_jtg' (rise edge)
                          0.00   10.00   clock network delay (ideal)
                  0.20    0.00   10.00 ^ i_croc_soc/i_croc/i_dmi_jtag/td_o_reg/CLK (sg13g2_dfrbp_2)
     1    0.12    0.25    0.45   10.45 ^ i_croc_soc/i_croc/i_dmi_jtag/td_o_reg/Q (sg13g2_dfrbp_2)
                                         soc_jtag_tdo_o (net)
                  0.35    0.04   10.49 ^ pad_jtag_tdo_o/c2p (sg13g2_IOPadOut16mA)
     1   15.00    3.55    3.26   13.75 ^ pad_jtag_tdo_o/pad (sg13g2_IOPadOut16mA)
                                         jtag_tdo_o (net)
                  2.66    0.00   13.75 ^ jtag_tdo_o (out)
                                 13.75   data arrival time

                  0.20   20.00   20.00   clock clk_jtg (rise edge)
                          0.00   20.00   clock network delay (ideal)
                         -0.10   19.90   clock uncertainty
                          0.00   19.90   clock reconvergence pessimism
                         -5.00   14.90   output external delay
                                 14.90   data required time
-----------------------------------------------------------------------------
                                 14.90   data required time
                                -13.75   data arrival time
-----------------------------------------------------------------------------
                                  1.15   slack (MET)


Startpoint: i_croc_soc/i_croc/i_core_wrap/i_ibex.id_stage_i.controller_i.instr_i_20__reg
            (rising edge-triggered flip-flop clocked by clk_sys)
Endpoint: i_croc_soc/i_croc/i_core_wrap/i_ibex.if_stage_i.prefetch_buffer_i.fifo_i.rdata_q_26__reg
          (rising edge-triggered flip-flop clocked by clk_sys)
Path Group: clk_sys
Path Type: max
Corner: tt

Fanout     Cap    Slew   Delay    Time   Description
-----------------------------------------------------------------------------
                  0.20    0.00    0.00   clock clk_sys (rise edge)
                          0.00    0.00   clock network delay (ideal)
                  0.20    0.00    0.00 ^ i_croc_soc/i_croc/i_core_wrap/i_ibex.id_stage_i.controller_i.instr_i_20__reg/CLK (sg13g2_dfrbp_2)
     1    0.00    0.03    0.32    0.32 ^ i_croc_soc/i_croc/i_core_wrap/i_ibex.id_stage_i.controller_i.instr_i_20__reg/Q (sg13g2_dfrbp_2)
                                         i_croc_soc/i_croc/i_core_wrap/i_ibex.id_stage_i.controller_i.instr_i_20_ (net)
                  0.03    0.00    0.32 ^ fanout6009/A (sg13g2_buf_4)
     5    0.09    0.11    0.14    0.46 ^ fanout6009/X (sg13g2_buf_4)
                                         net6009 (net)
                  0.11    0.02    0.48 ^ fanout5951/A (sg13g2_buf_2)
     4    0.02    0.05    0.12    0.60 ^ fanout5951/X (sg13g2_buf_2)
                                         net5951 (net)
                  0.05    0.00    0.60 ^ fanout5941/A (sg13g2_buf_2)
     4    0.03    0.08    0.12    0.72 ^ fanout5941/X (sg13g2_buf_2)
                                         net5941 (net)
                  0.08    0.00    0.72 ^ fanout5940/A (sg13g2_buf_4)
     5    0.04    0.05    0.13    0.86 ^ fanout5940/X (sg13g2_buf_4)
                                         net5940 (net)
                  0.05    0.00    0.86 ^ fanout5937/A (sg13g2_buf_4)
     8    0.05    0.06    0.13    0.98 ^ fanout5937/X (sg13g2_buf_4)
                                         net5937 (net)
                  0.06    0.00    0.98 ^ i_croc_soc/i_croc/i_core_wrap/i_ibex.register_file_i/_5740_/S (sg13g2_mux2_1)
     1    0.00    0.04    0.17    1.15 v i_croc_soc/i_croc/i_core_wrap/i_ibex.register_file_i/_5740_/X (sg13g2_mux2_1)
                                         i_croc_soc/i_croc/i_core_wrap/i_ibex.register_file_i/_2644_ (net)
                  0.04    0.00    1.15 v i_croc_soc/i_croc/i_core_wrap/i_ibex.register_file_i/_5742_/A2 (sg13g2_a22oi_1)
     1    0.01    0.06    0.08    1.23 ^ i_croc_soc/i_croc/i_core_wrap/i_ibex.register_file_i/_5742_/Y (sg13g2_a22oi_1)
                                         i_croc_soc/i_croc/i_core_wrap/i_ibex.register_file_i/_2646_ (net)
                  0.06    0.00    1.23 ^ i_croc_soc/i_croc/i_core_wrap/i_ibex.register_file_i/_5746_/A1 (sg13g2_a21oi_1)
     1    0.01    0.07    0.09    1.32 v i_croc_soc/i_croc/i_core_wrap/i_ibex.register_file_i/_5746_/Y (sg13g2_a21oi_1)
                                         i_croc_soc/i_croc/i_core_wrap/i_ibex.register_file_i/_2650_ (net)
                  0.07    0.00    1.32 v i_croc_soc/i_croc/i_core_wrap/i_ibex.register_file_i/_5747_/C1 (sg13g2_a221oi_1)
     1    0.01    0.17    0.16    1.48 ^ i_croc_soc/i_croc/i_core_wrap/i_ibex.register_file_i/_5747_/Y (sg13g2_a221oi_1)
                                         i_croc_soc/i_croc/i_core_wrap/i_ibex.register_file_i/_2651_ (net)
                  0.17    0.00    1.48 ^ i_croc_soc/i_croc/i_core_wrap/i_ibex.register_file_i/_5748_/C (sg13g2_nand3_1)
     3    0.06    0.50    0.46    1.94 v i_croc_soc/i_croc/i_core_wrap/i_ibex.register_file_i/_5748_/Y (sg13g2_nand3_1)
                                         i_croc_soc/i_croc/i_core_wrap/i_ibex.ex_block_i.multdiv_operand_b_i_0_ (net)
                  0.50    0.01    1.95 v i_croc_soc/i_croc/i_core_wrap/_5739_/A (sg13g2_and2_1)
     2    0.01    0.05    0.19    2.14 v i_croc_soc/i_croc/i_core_wrap/_5739_/X (sg13g2_and2_1)
                                         i_croc_soc/i_croc/i_core_wrap/_1081_ (net)
                  0.05    0.00    2.14 v i_croc_soc/i_croc/i_core_wrap/_5744_/A1 (sg13g2_o21ai_1)
     3    0.01    0.15    0.15    2.29 ^ i_croc_soc/i_croc/i_core_wrap/_5744_/Y (sg13g2_o21ai_1)
                                         i_croc_soc/i_croc/i_core_wrap/_1086_ (net)
                  0.15    0.00    2.29 ^ fanout3452/A (sg13g2_buf_1)
     4    0.01    0.07    0.14    2.42 ^ fanout3452/X (sg13g2_buf_1)
                                         net3452 (net)
                  0.07    0.00    2.42 ^ fanout3450/A (sg13g2_buf_2)
     6    0.03    0.07    0.12    2.54 ^ fanout3450/X (sg13g2_buf_2)
                                         net3450 (net)
                  0.07    0.00    2.54 ^ fanout3448/A (sg13g2_buf_4)
     8    0.06    0.08    0.15    2.69 ^ fanout3448/X (sg13g2_buf_4)
                                         net3448 (net)
                  0.08    0.00    2.69 ^ i_croc_soc/i_croc/i_core_wrap/_5745_/A (sg13g2_inv_2)
     1    0.00    0.02    0.04    2.73 v i_croc_soc/i_croc/i_core_wrap/_5745_/Y (sg13g2_inv_2)
                                         i_croc_soc/i_croc/i_core_wrap/_1087_ (net)
                  0.02    0.00    2.73 v fanout3345/A (sg13g2_buf_4)
     5    0.03    0.03    0.08    2.81 v fanout3345/X (sg13g2_buf_4)
                                         net3345 (net)
                  0.03    0.00    2.81 v i_croc_soc/i_croc/i_core_wrap/_5751_/B1 (sg13g2_a221oi_1)
     2    0.01    0.17    0.16    2.97 ^ i_croc_soc/i_croc/i_core_wrap/_5751_/Y (sg13g2_a221oi_1)
                                         i_croc_soc/i_croc/i_core_wrap/_1093_ (net)
                  0.17    0.00    2.97 ^ i_croc_soc/i_croc/i_core_wrap/_5754_/A (sg13g2_or2_1)
     1    0.00    0.03    0.13    3.10 ^ i_croc_soc/i_croc/i_core_wrap/_5754_/X (sg13g2_or2_1)
                                         i_croc_soc/i_croc/i_core_wrap/_1096_ (net)
                  0.03    0.00    3.10 ^ i_croc_soc/i_croc/i_core_wrap/_5755_/C (sg13g2_nand3_1)
     6    0.03    0.24    0.22    3.32 v i_croc_soc/i_croc/i_core_wrap/_5755_/Y (sg13g2_nand3_1)
                                         i_croc_soc/i_croc/i_core_wrap/_1097_ (net)
                  0.24    0.00    3.32 v i_croc_soc/i_croc/i_core_wrap/_5756_/B1 (sg13g2_o21ai_1)
     2    0.01    0.13    0.13    3.44 ^ i_croc_soc/i_croc/i_core_wrap/_5756_/Y (sg13g2_o21ai_1)
                                         i_croc_soc/i_croc/i_core_wrap/_1098_ (net)
                  0.13    0.00    3.44 ^ i_croc_soc/i_croc/i_core_wrap/_5927_/A1 (sg13g2_a221oi_1)
     2    0.02    0.15    0.17    3.62 v i_croc_soc/i_croc/i_core_wrap/_5927_/Y (sg13g2_a221oi_1)
                                         i_croc_soc/i_croc/i_core_wrap/_1262_ (net)
                  0.15    0.00    3.62 v fanout1075/A (sg13g2_buf_2)
     8    0.03    0.05    0.15    3.77 v fanout1075/X (sg13g2_buf_2)
                                         net1075 (net)
                  0.05    0.00    3.77 v fanout1074/A (sg13g2_buf_2)
     8    0.03    0.06    0.12    3.88 v fanout1074/X (sg13g2_buf_2)
                                         net1074 (net)
                  0.06    0.00    3.88 v i_croc_soc/i_croc/i_core_wrap/_6086_/C (sg13g2_and3_1)
     3    0.01    0.05    0.11    4.00 v i_croc_soc/i_croc/i_core_wrap/_6086_/X (sg13g2_and3_1)
                                         i_croc_soc/i_croc/i_core_wrap/_1412_ (net)
                  0.05    0.00    4.00 v i_croc_soc/i_croc/i_core_wrap/_6097_/A (sg13g2_nor2_1)
     2    0.01    0.11    0.11    4.11 ^ i_croc_soc/i_croc/i_core_wrap/_6097_/Y (sg13g2_nor2_1)
                                         i_croc_soc/i_croc/i_core_wrap/_1423_ (net)
                  0.11    0.00    4.11 ^ i_croc_soc/i_croc/i_core_wrap/_6114_/A1 (sg13g2_a21o_1)
     2    0.02    0.08    0.17    4.27 ^ i_croc_soc/i_croc/i_core_wrap/_6114_/X (sg13g2_a21o_1)
                                         i_croc_soc/i_croc/i_core_wrap/_1440_ (net)
                  0.08    0.00    4.27 ^ i_croc_soc/i_croc/i_core_wrap/_6115_/S (sg13g2_mux2_1)
     1    0.01    0.04    0.18    4.45 v i_croc_soc/i_croc/i_core_wrap/_6115_/X (sg13g2_mux2_1)
                                         i_croc_soc/i_croc/i_core_wrap/_1441_ (net)
                  0.04    0.00    4.45 v i_croc_soc/i_croc/i_core_wrap/_6116_/B (sg13g2_xor2_1)
     4    0.02    0.21    0.19    4.64 ^ i_croc_soc/i_croc/i_core_wrap/_6116_/X (sg13g2_xor2_1)
                                         i_croc_soc/i_croc/i_core_wrap/_1442_ (net)
                  0.21    0.00    4.64 ^ i_croc_soc/i_croc/i_core_wrap/_6117_/A (sg13g2_inv_4)
     7    0.07    0.11    0.13    4.77 v i_croc_soc/i_croc/i_core_wrap/_6117_/Y (sg13g2_inv_4)
                                         i_croc_soc/i_croc/core_data_obi_req_70_ (net)
                  0.11    0.00    4.77 v i_croc_soc/i_croc/i_core_wrap/_7397_/A1 (sg13g2_a221oi_1)
     1    0.01    0.15    0.18    4.95 ^ i_croc_soc/i_croc/i_core_wrap/_7397_/Y (sg13g2_a221oi_1)
                                         i_croc_soc/i_croc/i_core_wrap/_2553_ (net)
                  0.15    0.00    4.95 ^ i_croc_soc/i_croc/i_core_wrap/_7399_/A (sg13g2_nor2_2)
     4    0.03    0.08    0.12    5.07 v i_croc_soc/i_croc/i_core_wrap/_7399_/Y (sg13g2_nor2_2)
                                         i_croc_soc/i_croc/i_core_wrap/_2555_ (net)
                  0.08    0.00    5.07 v i_croc_soc/i_croc/i_core_wrap/_8618_/A_N (sg13g2_nand2b_1)
     3    0.01    0.08    0.13    5.21 v i_croc_soc/i_croc/i_core_wrap/_8618_/Y (sg13g2_nand2b_1)
                                         i_croc_soc/i_croc/i_core_wrap/_3617_ (net)
                  0.08    0.00    5.21 v i_croc_soc/i_croc/i_core_wrap/_8902_/A1 (sg13g2_mux2_2)
     5    0.04    0.10    0.22    5.42 v i_croc_soc/i_croc/i_core_wrap/_8902_/X (sg13g2_mux2_2)
                                         i_croc_soc/i_croc/core_instr_obi_req_70_ (net)
                  0.10    0.00    5.43 v i_croc_soc/i_croc/_3723_/A (sg13g2_nor2_2)
     4    0.02    0.10    0.12    5.54 ^ i_croc_soc/i_croc/_3723_/Y (sg13g2_nor2_2)
                                         i_croc_soc/i_croc/_0349_ (net)
                  0.10    0.00    5.54 ^ i_croc_soc/i_croc/_3730_/B (sg13g2_nand4_1)
     5    0.03    0.35    0.33    5.87 v i_croc_soc/i_croc/_3730_/Y (sg13g2_nand4_1)
                                         i_croc_soc/i_croc/_0356_ (net)
                  0.35    0.00    5.87 v i_croc_soc/i_croc/_3735_/A (sg13g2_nor2_2)
     6    0.03    0.16    0.21    6.08 ^ i_croc_soc/i_croc/_3735_/Y (sg13g2_nor2_2)
                                         i_croc_soc/i_croc/_0361_ (net)
                  0.16    0.00    6.08 ^ i_croc_soc/i_croc/_3743_/A2 (sg13g2_a21oi_1)
     2    0.01    0.08    0.12    6.21 v i_croc_soc/i_croc/_3743_/Y (sg13g2_a21oi_1)
                                         i_croc_soc/i_croc/_0369_ (net)
                  0.08    0.00    6.21 v i_croc_soc/i_croc/_3752_/A1 (sg13g2_o21ai_1)
     2    0.01    0.16    0.17    6.38 ^ i_croc_soc/i_croc/_3752_/Y (sg13g2_o21ai_1)
                                         i_croc_soc/i_croc/_0378_ (net)
                  0.16    0.00    6.38 ^ i_croc_soc/i_croc/_3755_/A2 (sg13g2_a21oi_2)
     7    0.04    0.13    0.17    6.55 v i_croc_soc/i_croc/_3755_/Y (sg13g2_a21oi_2)
                                         i_croc_soc/i_croc/_0381_ (net)
                  0.13    0.00    6.55 v i_croc_soc/i_croc/_3758_/A1 (sg13g2_a21oi_2)
     3    0.01    0.09    0.12    6.67 ^ i_croc_soc/i_croc/_3758_/Y (sg13g2_a21oi_2)
                                         i_croc_soc/i_croc/_0384_ (net)
                  0.09    0.00    6.67 ^ i_croc_soc/i_croc/_3759_/A (sg13g2_inv_2)
     6    0.02    0.04    0.06    6.73 v i_croc_soc/i_croc/_3759_/Y (sg13g2_inv_2)
                                         i_croc_soc/i_croc/i_main_xbar.gen_mux[1].i_mux.i_rr_arb.gen_arbiter.gen_int_rr.gen_lock.req_q_3__reg_D (net)
                  0.04    0.00    6.73 v i_croc_soc/i_croc/_3760_/A2 (sg13g2_o21ai_1)
     3    0.02    0.20    0.18    6.91 ^ i_croc_soc/i_croc/_3760_/Y (sg13g2_o21ai_1)
                                         i_croc_soc/i_croc/_0385_ (net)
                  0.20    0.00    6.91 ^ i_croc_soc/i_croc/_3782_/B (sg13g2_and2_1)
     3    0.01    0.06    0.16    7.07 ^ i_croc_soc/i_croc/_3782_/X (sg13g2_and2_1)
                                         i_croc_soc/i_croc/_0407_ (net)
                  0.06    0.00    7.07 ^ fanout2686/A (sg13g2_buf_4)
     8    0.05    0.06    0.13    7.20 ^ fanout2686/X (sg13g2_buf_4)
                                         net2686 (net)
                  0.06    0.00    7.20 ^ fanout2684/A (sg13g2_buf_2)
     8    0.03    0.06    0.12    7.32 ^ fanout2684/X (sg13g2_buf_2)
                                         net2684 (net)
                  0.06    0.00    7.32 ^ fanout2683/A (sg13g2_buf_1)
     5    0.02    0.09    0.12    7.44 ^ fanout2683/X (sg13g2_buf_1)
                                         net2683 (net)
                  0.09    0.00    7.44 ^ i_croc_soc/i_croc/_3844_/A (sg13g2_nand4_1)
     3    0.01    0.20    0.18    7.62 v i_croc_soc/i_croc/_3844_/Y (sg13g2_nand4_1)
                                         i_croc_soc/i_croc/_0469_ (net)
                  0.20    0.00    7.62 v i_croc_soc/i_croc/_3846_/B2 (sg13g2_a221oi_1)
     1    0.00    0.13    0.19    7.81 ^ i_croc_soc/i_croc/_3846_/Y (sg13g2_a221oi_1)
                                         i_croc_soc/i_croc/_0471_ (net)
                  0.13    0.00    7.81 ^ i_croc_soc/i_croc/_3873_/A2 (sg13g2_o21ai_1)
     1    0.00    0.05    0.09    7.90 v i_croc_soc/i_croc/_3873_/Y (sg13g2_o21ai_1)
                                         i_croc_soc/i_croc/_0498_ (net)
                  0.05    0.00    7.90 v i_croc_soc/i_croc/_3876_/A1 (sg13g2_a21o_1)
     2    0.01    0.03    0.12    8.02 v i_croc_soc/i_croc/_3876_/X (sg13g2_a21o_1)
                                         i_croc_soc/i_croc/_0501_ (net)
                  0.03    0.00    8.02 v i_croc_soc/i_croc/_4546_/A (sg13g2_and2_1)
     3    0.01    0.05    0.09    8.11 v i_croc_soc/i_croc/_4546_/X (sg13g2_and2_1)
                                         i_croc_soc/i_croc/_1065_ (net)
                  0.05    0.00    8.11 v i_croc_soc/i_croc/_4631_/B1 (sg13g2_a21o_1)
     2    0.01    0.04    0.12    8.23 v i_croc_soc/i_croc/_4631_/X (sg13g2_a21o_1)
                                         i_croc_soc/i_croc/_1083_ (net)
                  0.04    0.00    8.23 v i_croc_soc/i_croc/_4634_/A (sg13g2_or2_1)
     4    0.01    0.06    0.14    8.37 v i_croc_soc/i_croc/_4634_/X (sg13g2_or2_1)
                                         i_croc_soc/i_croc/_1086_ (net)
                  0.06    0.00    8.37 v i_croc_soc/i_croc/_4636_/A_N (sg13g2_nand2b_1)
     1    0.00    0.05    0.09    8.46 v i_croc_soc/i_croc/_4636_/Y (sg13g2_nand2b_1)
                                         i_croc_soc/i_croc/_1088_ (net)
                  0.05    0.00    8.46 v fanout2483/A (sg13g2_buf_4)
     4    0.02    0.03    0.09    8.55 v fanout2483/X (sg13g2_buf_4)
                                         net2483 (net)
                  0.03    0.00    8.55 v fanout2478/A (sg13g2_buf_2)
     4    0.01    0.03    0.08    8.64 v fanout2478/X (sg13g2_buf_2)
                                         net2478 (net)
                  0.03    0.00    8.64 v fanout2475/A (sg13g2_buf_2)
     8    0.03    0.06    0.11    8.75 v fanout2475/X (sg13g2_buf_2)
                                         net2475 (net)
                  0.06    0.00    8.75 v i_croc_soc/i_croc/_4639_/B (sg13g2_nor2_1)
     1    0.00    0.05    0.06    8.81 ^ i_croc_soc/i_croc/_4639_/Y (sg13g2_nor2_1)
                                         i_croc_soc/i_croc/all_periph_obi_rsp_157_ (net)
                  0.05    0.00    8.81 ^ fanout2389/A (sg13g2_buf_1)
     4    0.01    0.07    0.11    8.91 ^ fanout2389/X (sg13g2_buf_1)
                                         net2389 (net)
                  0.07    0.00    8.91 ^ fanout2388/A (sg13g2_buf_1)
     5    0.02    0.08    0.12    9.03 ^ fanout2388/X (sg13g2_buf_1)
                                         net2388 (net)
                  0.08    0.00    9.03 ^ i_croc_soc/i_croc/i_gpio/_1354_/A (sg13g2_nand2_1)
     2    0.01    0.06    0.08    9.11 v i_croc_soc/i_croc/i_gpio/_1354_/Y (sg13g2_nand2_1)
                                         i_croc_soc/i_croc/i_gpio/_0150_ (net)
                  0.06    0.00    9.11 v i_croc_soc/i_croc/i_gpio/_1355_/B (sg13g2_nand3_1)
     1    0.00    0.06    0.06    9.16 ^ i_croc_soc/i_croc/i_gpio/_1355_/Y (sg13g2_nand3_1)
                                         i_croc_soc/i_croc/i_gpio/_0151_ (net)
                  0.06    0.00    9.16 ^ i_croc_soc/i_croc/i_gpio/_1356_/B1 (sg13g2_o21ai_1)
     1    0.01    0.06    0.07    9.24 v i_croc_soc/i_croc/i_gpio/_1356_/Y (sg13g2_o21ai_1)
                                         i_croc_soc/i_croc/all_periph_obi_rsp_159_ (net)
                  0.06    0.00    9.24 v i_croc_soc/i_croc/_5909_/A2 (sg13g2_a22oi_1)
     1    0.00    0.06    0.08    9.32 ^ i_croc_soc/i_croc/_5909_/Y (sg13g2_a22oi_1)
                                         i_croc_soc/i_croc/_2067_ (net)
                  0.06    0.00    9.32 ^ i_croc_soc/i_croc/_5911_/A2 (sg13g2_o21ai_1)
     4    0.05    0.32    0.27    9.59 v i_croc_soc/i_croc/_5911_/Y (sg13g2_o21ai_1)
                                         i_croc_soc/i_croc/_2069_ (net)
                  0.32    0.01    9.60 v i_croc_soc/i_croc/_5912_/A2 (sg13g2_a21oi_1)
     1    0.00    0.09    0.14    9.75 ^ i_croc_soc/i_croc/_5912_/Y (sg13g2_a21oi_1)
                                         i_croc_soc/i_croc/_2070_ (net)
                  0.09    0.00    9.75 ^ i_croc_soc/i_croc/_5913_/B (sg13g2_and2_1)
     1    0.01    0.04    0.12    9.86 ^ i_croc_soc/i_croc/_5913_/X (sg13g2_and2_1)
                                         i_croc_soc/i_croc/_2071_ (net)
                  0.04    0.00    9.86 ^ i_croc_soc/i_croc/_5914_/C (sg13g2_nor3_2)
     3    0.01    0.05    0.04    9.91 v i_croc_soc/i_croc/_5914_/Y (sg13g2_nor3_2)
                                         i_croc_soc/i_croc/core_data_obi_rsp_3_ (net)
                  0.05    0.00    9.91 v i_croc_soc/i_croc/i_core_wrap/_6638_/A (sg13g2_or2_1)
     2    0.01    0.05    0.13   10.03 v i_croc_soc/i_croc/i_core_wrap/_6638_/X (sg13g2_or2_1)
                                         i_croc_soc/i_croc/i_core_wrap/_1890_ (net)
                  0.05    0.00   10.03 v i_croc_soc/i_croc/i_core_wrap/_6639_/B (sg13g2_nor2_2)
     3    0.01    0.07    0.08   10.11 ^ i_croc_soc/i_croc/i_core_wrap/_6639_/Y (sg13g2_nor2_2)
                                         i_croc_soc/i_croc/i_core_wrap/_1891_ (net)
                  0.07    0.00   10.11 ^ i_croc_soc/i_croc/i_core_wrap/_6640_/B (sg13g2_nor2_1)
     2    0.01    0.04    0.05   10.16 v i_croc_soc/i_croc/i_core_wrap/_6640_/Y (sg13g2_nor2_1)
                                         i_croc_soc/i_croc/i_core_wrap/_1892_ (net)
                  0.04    0.00   10.16 v i_croc_soc/i_croc/i_core_wrap/_6641_/B (sg13g2_and2_1)
     2    0.02    0.07    0.12   10.28 v i_croc_soc/i_croc/i_core_wrap/_6641_/X (sg13g2_and2_1)
                                         i_croc_soc/i_croc/i_core_wrap/i_ibex.id_stage_i.controller_i.store_err_i (net)
                  0.07    0.00   10.28 v i_croc_soc/i_croc/i_core_wrap/_6643_/A (sg13g2_nor2_1)
     2    0.01    0.09    0.10   10.38 ^ i_croc_soc/i_croc/i_core_wrap/_6643_/Y (sg13g2_nor2_1)
                                         i_croc_soc/i_croc/i_core_wrap/_1893_ (net)
                  0.09    0.00   10.38 ^ i_croc_soc/i_croc/i_core_wrap/_6644_/B_N (sg13g2_nor2b_1)
     2    0.01    0.08    0.13   10.51 ^ i_croc_soc/i_croc/i_core_wrap/_6644_/Y (sg13g2_nor2b_1)
                                         i_croc_soc/i_croc/i_core_wrap/_1894_ (net)
                  0.08    0.00   10.51 ^ i_croc_soc/i_croc/i_core_wrap/_6645_/B1 (sg13g2_o21ai_1)
     3    0.01    0.08    0.10   10.61 v i_croc_soc/i_croc/i_core_wrap/_6645_/Y (sg13g2_o21ai_1)
                                         i_croc_soc/i_croc/i_core_wrap/_1895_ (net)
                  0.08    0.00   10.61 v i_croc_soc/i_croc/i_core_wrap/_6671_/A (sg13g2_or2_1)
     2    0.01    0.04    0.13   10.75 v i_croc_soc/i_croc/i_core_wrap/_6671_/X (sg13g2_or2_1)
                                         i_croc_soc/i_croc/i_core_wrap/_1921_ (net)
                  0.04    0.00   10.75 v i_croc_soc/i_croc/i_core_wrap/_6672_/B (sg13g2_nand2_1)
     2    0.01    0.05    0.05   10.80 ^ i_croc_soc/i_croc/i_core_wrap/_6672_/Y (sg13g2_nand2_1)
                                         i_croc_soc/i_croc/i_core_wrap/_1922_ (net)
                  0.05    0.00   10.80 ^ i_croc_soc/i_croc/i_core_wrap/_6676_/A (sg13g2_nand2_1)
     2    0.01    0.05    0.06   10.86 v i_croc_soc/i_croc/i_core_wrap/_6676_/Y (sg13g2_nand2_1)
                                         i_croc_soc/i_croc/i_core_wrap/_1926_ (net)
                  0.05    0.00   10.86 v i_croc_soc/i_croc/i_core_wrap/_6677_/B (sg13g2_or2_1)
     2    0.01    0.05    0.13   10.98 v i_croc_soc/i_croc/i_core_wrap/_6677_/X (sg13g2_or2_1)
                                         i_croc_soc/i_croc/i_core_wrap/_1927_ (net)
                  0.05    0.00   10.99 v i_croc_soc/i_croc/i_core_wrap/_6678_/B (sg13g2_or2_1)
     2    0.01    0.04    0.11   11.10 v i_croc_soc/i_croc/i_core_wrap/_6678_/X (sg13g2_or2_1)
                                         i_croc_soc/i_croc/i_core_wrap/_1928_ (net)
                  0.04    0.00   11.10 v i_croc_soc/i_croc/i_core_wrap/_6812_/A (sg13g2_nor4_1)
     1    0.00    0.14    0.16   11.26 ^ i_croc_soc/i_croc/i_core_wrap/_6812_/Y (sg13g2_nor4_1)
                                         i_croc_soc/i_croc/i_core_wrap/_2062_ (net)
                  0.14    0.00   11.26 ^ fanout1798/A (sg13g2_buf_2)
     5    0.02    0.06    0.14   11.40 ^ fanout1798/X (sg13g2_buf_2)
                                         net1798 (net)
                  0.06    0.00   11.40 ^ fanout1797/A (sg13g2_buf_2)
     6    0.03    0.06    0.11   11.52 ^ fanout1797/X (sg13g2_buf_2)
                                         net1797 (net)
                  0.06    0.00   11.52 ^ fanout1796/A (sg13g2_buf_2)
     8    0.03    0.08    0.13   11.65 ^ fanout1796/X (sg13g2_buf_2)
                                         net1796 (net)
                  0.08    0.00   11.65 ^ fanout923/A (sg13g2_buf_4)
     8    0.07    0.09    0.16   11.80 ^ fanout923/X (sg13g2_buf_4)
                                         net923 (net)
                  0.09    0.00   11.80 ^ i_croc_soc/i_croc/i_core_wrap/_8666_/A (sg13g2_nand2_2)
     3    0.01    0.06    0.08   11.89 v i_croc_soc/i_croc/i_core_wrap/_8666_/Y (sg13g2_nand2_2)
                                         i_croc_soc/i_croc/i_core_wrap/_3657_ (net)
                  0.06    0.00   11.89 v i_croc_soc/i_croc/i_core_wrap/_8667_/S (sg13g2_mux2_1)
     1    0.00    0.03    0.14   12.03 ^ i_croc_soc/i_croc/i_core_wrap/_8667_/X (sg13g2_mux2_1)
                                         i_croc_soc/i_croc/i_core_wrap/_3658_ (net)
                  0.03    0.00   12.03 ^ fanout1795/A (sg13g2_buf_2)
     5    0.03    0.08    0.11   12.14 ^ fanout1795/X (sg13g2_buf_2)
                                         net1795 (net)
                  0.08    0.00   12.14 ^ fanout1792/A (sg13g2_buf_2)
     5    0.03    0.07    0.13   12.27 ^ fanout1792/X (sg13g2_buf_2)
                                         net1792 (net)
                  0.07    0.00   12.27 ^ fanout1791/A (sg13g2_buf_4)
     8    0.05    0.06    0.14   12.41 ^ fanout1791/X (sg13g2_buf_4)
                                         net1791 (net)
                  0.06    0.00   12.41 ^ i_croc_soc/i_croc/i_core_wrap/_8712_/S (sg13g2_mux2_1)
     1    0.00    0.03    0.16   12.57 v i_croc_soc/i_croc/i_core_wrap/_8712_/X (sg13g2_mux2_1)
                                         i_croc_soc/i_croc/i_core_wrap/_0205_ (net)
                  0.03    0.00   12.57 v i_croc_soc/i_croc/i_core_wrap/i_ibex.if_stage_i.prefetch_buffer_i.fifo_i.rdata_q_26__reg/D (sg13g2_dfrbp_1)
                                 12.57   data arrival time

                  0.20   12.50   12.50   clock clk_sys (rise edge)
                          0.00   12.50   clock network delay (ideal)
                         -0.10   12.40   clock uncertainty
                          0.00   12.40   clock reconvergence pessimism
                                 12.40 ^ i_croc_soc/i_croc/i_core_wrap/i_ibex.if_stage_i.prefetch_buffer_i.fifo_i.rdata_q_26__reg/CLK (sg13g2_dfrbp_1)
                         -0.07   12.33   library setup time
                                 12.33   data required time
-----------------------------------------------------------------------------
                                 12.33   data required time
                                -12.57   data arrival time
-----------------------------------------------------------------------------
                                 -0.24   slack (VIOLATED)



==========================================================================
02_croc.gpl2 report_checks -unconstrained
--------------------------------------------------------------------------
Startpoint: i_croc_soc/i_rstgen.i_rstgen_bypass.synch_regs_q_3__reg
            (rising edge-triggered flip-flop clocked by clk_sys)
Endpoint: i_croc_soc/i_croc/i_dm_top.i_dm_top/i_dm_mem.rdata_q_16__reg
          (recovery check against rising-edge clock clk_sys)
Path Group: asynchronous
Path Type: max
Corner: tt

Fanout     Cap    Slew   Delay    Time   Description
-----------------------------------------------------------------------------
                  0.20    0.00    0.00   clock clk_sys (rise edge)
                          0.00    0.00   clock network delay (ideal)
                  0.20    0.00    0.00 ^ i_croc_soc/i_rstgen.i_rstgen_bypass.synch_regs_q_3__reg/CLK (sg13g2_dfrbp_1)
     2    0.01    0.04    0.29    0.29 ^ i_croc_soc/i_rstgen.i_rstgen_bypass.synch_regs_q_3__reg/Q (sg13g2_dfrbp_1)
                                         i_croc_soc/i_rstgen.i_rstgen_bypass.synch_regs_q_3_ (net)
                  0.04    0.00    0.29 ^ i_croc_soc/i_rstgen.i_rstgen_bypass.i_tc_clk_mux2_rst_no/i_mux/A0 (sg13g2_mux2_1)
     1    0.01    0.05    0.11    0.40 ^ i_croc_soc/i_rstgen.i_rstgen_bypass.i_tc_clk_mux2_rst_no/i_mux/X (sg13g2_mux2_1)
                                         i_croc_soc/i_rstgen.i_rstgen_bypass.rst_no (net)
                  0.05    0.00    0.40 ^ fanout5341/A (sg13g2_buf_8)
     6    0.23    0.11    0.12    0.52 ^ fanout5341/X (sg13g2_buf_8)
                                         net5341 (net)
                  0.20    0.08    0.60 ^ fanout5148/A (sg13g2_buf_4)
     4    0.06    0.08    0.20    0.79 ^ fanout5148/X (sg13g2_buf_4)
                                         net5148 (net)
                  0.08    0.00    0.80 ^ fanout4990/A (sg13g2_buf_4)
     4    0.03    0.05    0.13    0.93 ^ fanout4990/X (sg13g2_buf_4)
                                         net4990 (net)
                  0.05    0.00    0.93 ^ fanout4956/A (sg13g2_buf_4)
     4    0.04    0.06    0.12    1.05 ^ fanout4956/X (sg13g2_buf_4)
                                         net4956 (net)
                  0.06    0.00    1.05 ^ fanout4955/A (sg13g2_buf_2)
     5    0.03    0.07    0.12    1.17 ^ fanout4955/X (sg13g2_buf_2)
                                         net4955 (net)
                  0.07    0.00    1.17 ^ fanout4954/A (sg13g2_buf_4)
     8    0.06    0.08    0.15    1.32 ^ fanout4954/X (sg13g2_buf_4)
                                         net4954 (net)
                  0.08    0.00    1.32 ^ fanout4953/A (sg13g2_buf_4)
     8    0.05    0.07    0.14    1.47 ^ fanout4953/X (sg13g2_buf_4)
                                         net4953 (net)
                  0.07    0.00    1.47 ^ fanout4951/A (sg13g2_buf_4)
     8    0.06    0.07    0.15    1.61 ^ fanout4951/X (sg13g2_buf_4)
                                         net4951 (net)
                  0.07    0.00    1.61 ^ i_croc_soc/i_croc/i_dm_top.i_dm_top/i_dm_mem.rdata_q_16__reg/RESET_B (sg13g2_dfrbp_1)
                                  1.61   data arrival time

                  0.20   12.50   12.50   clock clk_sys (rise edge)
                          0.00   12.50   clock network delay (ideal)
                         -0.10   12.40   clock uncertainty
                          0.00   12.40   clock reconvergence pessimism
                                 12.40 ^ i_croc_soc/i_croc/i_dm_top.i_dm_top/i_dm_mem.rdata_q_16__reg/CLK (sg13g2_dfrbp_1)
                         -0.11   12.29   library recovery time
                                 12.29   data required time
-----------------------------------------------------------------------------
                                 12.29   data required time
                                 -1.61   data arrival time
-----------------------------------------------------------------------------
                                 10.68   slack (MET)


Startpoint: i_croc_soc/i_croc/i_dmi_jtag/i_dmi_cdc.i_cdc_req/i_dst/async_ack_o_reg
            (rising edge-triggered flip-flop clocked by clk_sys)
Endpoint: i_croc_soc/i_croc/i_dm_top.i_dm_top/i_dm_csrs.progbuf_o_180__reg
          (rising edge-triggered flip-flop clocked by clk_sys)
Path Group: path delay
Path Type: max
Corner: tt

Fanout     Cap    Slew   Delay    Time   Description
-----------------------------------------------------------------------------
                  0.20    0.00    0.00 ^ i_croc_soc/i_croc/i_dmi_jtag/i_dmi_cdc.i_cdc_req/i_dst/async_ack_o_reg/CLK (sg13g2_dfrbp_2)
     6    0.03    0.08    0.35    0.35 ^ i_croc_soc/i_croc/i_dmi_jtag/i_dmi_cdc.i_cdc_req/i_dst/async_ack_o_reg/Q (sg13g2_dfrbp_2)
                                         i_croc_soc/i_croc/i_dmi_jtag/i_dmi_cdc.i_cdc_req/async_ack (net)
                  0.08    0.00    0.35 ^ i_croc_soc/i_croc/i_dmi_jtag/i_dmi_cdc.i_cdc_req/i_dst/_199_/A (sg13g2_xor2_1)
     1    0.00    0.06    0.11    0.46 ^ i_croc_soc/i_croc/i_dmi_jtag/i_dmi_cdc.i_cdc_req/i_dst/_199_/X (sg13g2_xor2_1)
                                         i_croc_soc/i_croc/i_dmi_jtag/i_dmi_cdc.i_cdc_req/s_dst_valid (net)
                  0.06    0.00    0.46 ^ i_croc_soc/i_croc/i_dmi_jtag/i_dmi_cdc.i_cdc_req/_5_/B_N (sg13g2_nor2b_2)
     5    0.02    0.12    0.16    0.62 ^ i_croc_soc/i_croc/i_dmi_jtag/i_dmi_cdc.i_cdc_req/_5_/Y (sg13g2_nor2b_2)
                                         i_croc_soc/i_croc/dmi_req_valid (net)
                  0.12    0.00    0.62 ^ i_croc_soc/i_croc/i_dm_top.i_dm_top/_4825_/A (sg13g2_and2_2)
     6    0.05    0.12    0.21    0.84 ^ i_croc_soc/i_croc/i_dm_top.i_dm_top/_4825_/X (sg13g2_and2_2)
                                         i_croc_soc/i_croc/i_dm_top.i_dm_top/_0602_ (net)
                  0.12    0.01    0.84 ^ i_croc_soc/i_croc/i_dm_top.i_dm_top/_4839_/A (sg13g2_nand2_1)
     2    0.01    0.08    0.10    0.94 v i_croc_soc/i_croc/i_dm_top.i_dm_top/_4839_/Y (sg13g2_nand2_1)
                                         i_croc_soc/i_croc/i_dm_top.i_dm_top/_0615_ (net)
                  0.08    0.00    0.94 v fanout3609/A (sg13g2_buf_2)
     8    0.04    0.07    0.14    1.08 v fanout3609/X (sg13g2_buf_2)
                                         net3609 (net)
                  0.07    0.00    1.08 v i_croc_soc/i_croc/i_dm_top.i_dm_top/_4844_/A (sg13g2_nor2_2)
     7    0.03    0.15    0.16    1.24 ^ i_croc_soc/i_croc/i_dm_top.i_dm_top/_4844_/Y (sg13g2_nor2_2)
                                         i_croc_soc/i_croc/i_dm_top.i_dm_top/_0620_ (net)
                  0.15    0.00    1.24 ^ i_croc_soc/i_croc/i_dm_top.i_dm_top/_6488_/A1 (sg13g2_a21oi_2)
     8    0.03    0.13    0.17    1.41 v i_croc_soc/i_croc/i_dm_top.i_dm_top/_6488_/Y (sg13g2_a21oi_2)
                                         i_croc_soc/i_croc/i_dm_top.i_dm_top/_2045_ (net)
                  0.13    0.00    1.41 v i_croc_soc/i_croc/i_dm_top.i_dm_top/_6723_/A (sg13g2_nor2_1)
     1    0.02    0.15    0.17    1.57 ^ i_croc_soc/i_croc/i_dm_top.i_dm_top/_6723_/Y (sg13g2_nor2_1)
                                         i_croc_soc/i_croc/i_dm_top.i_dm_top/_2213_ (net)
                  0.15    0.00    1.57 ^ fanout3283/A (sg13g2_buf_4)
     4    0.03    0.05    0.15    1.73 ^ fanout3283/X (sg13g2_buf_4)
                                         net3283 (net)
                  0.05    0.00    1.73 ^ fanout3279/A (sg13g2_buf_2)
     4    0.02    0.05    0.10    1.82 ^ fanout3279/X (sg13g2_buf_2)
                                         net3279 (net)
                  0.05    0.00    1.82 ^ fanout3278/A (sg13g2_buf_2)
     5    0.03    0.08    0.12    1.95 ^ fanout3278/X (sg13g2_buf_2)
                                         net3278 (net)
                  0.08    0.00    1.95 ^ fanout3275/A (sg13g2_buf_2)
     8    0.04    0.08    0.14    2.09 ^ fanout3275/X (sg13g2_buf_2)
                                         net3275 (net)
                  0.08    0.00    2.09 ^ i_croc_soc/i_croc/i_dm_top.i_dm_top/_6801_/C (sg13g2_nand3_1)
     1    0.00    0.06    0.10    2.19 v i_croc_soc/i_croc/i_dm_top.i_dm_top/_6801_/Y (sg13g2_nand3_1)
                                         i_croc_soc/i_croc/i_dm_top.i_dm_top/_2269_ (net)
                  0.06    0.00    2.19 v i_croc_soc/i_croc/i_dm_top.i_dm_top/_6802_/B1 (sg13g2_o21ai_1)
     1    0.00    0.06    0.05    2.23 ^ i_croc_soc/i_croc/i_dm_top.i_dm_top/_6802_/Y (sg13g2_o21ai_1)
                                         i_croc_soc/i_croc/i_dm_top.i_dm_top/_0271_ (net)
                  0.06    0.00    2.23 ^ i_croc_soc/i_croc/i_dm_top.i_dm_top/i_dm_csrs.progbuf_o_180__reg/D (sg13g2_dfrbp_1)
                                  2.23   data arrival time

                          4.38    4.38   max_delay
                         -0.10    4.28   library setup time
                                  4.28   data required time
-----------------------------------------------------------------------------
                                  4.28   data required time
                                 -2.23   data arrival time
-----------------------------------------------------------------------------
                                  2.05   slack (MET)


Startpoint: i_croc_soc/i_croc/i_dmi_jtag/td_o_reg
            (rising edge-triggered flip-flop clocked by clk_jtg')
Endpoint: jtag_tdo_o (output port clocked by clk_jtg)
Path Group: clk_jtg
Path Type: max
Corner: tt

Fanout     Cap    Slew   Delay    Time   Description
-----------------------------------------------------------------------------
                  0.20   10.00   10.00   clock clk_jtg' (rise edge)
                          0.00   10.00   clock network delay (ideal)
                  0.20    0.00   10.00 ^ i_croc_soc/i_croc/i_dmi_jtag/td_o_reg/CLK (sg13g2_dfrbp_2)
     1    0.12    0.25    0.45   10.45 ^ i_croc_soc/i_croc/i_dmi_jtag/td_o_reg/Q (sg13g2_dfrbp_2)
                                         soc_jtag_tdo_o (net)
                  0.35    0.04   10.49 ^ pad_jtag_tdo_o/c2p (sg13g2_IOPadOut16mA)
     1   15.00    3.55    3.26   13.75 ^ pad_jtag_tdo_o/pad (sg13g2_IOPadOut16mA)
                                         jtag_tdo_o (net)
                  2.66    0.00   13.75 ^ jtag_tdo_o (out)
                                 13.75   data arrival time

                  0.20   20.00   20.00   clock clk_jtg (rise edge)
                          0.00   20.00   clock network delay (ideal)
                         -0.10   19.90   clock uncertainty
                          0.00   19.90   clock reconvergence pessimism
                         -5.00   14.90   output external delay
                                 14.90   data required time
-----------------------------------------------------------------------------
                                 14.90   data required time
                                -13.75   data arrival time
-----------------------------------------------------------------------------
                                  1.15   slack (MET)


Startpoint: i_croc_soc/i_croc/i_core_wrap/i_ibex.id_stage_i.controller_i.instr_i_20__reg
            (rising edge-triggered flip-flop clocked by clk_sys)
Endpoint: i_croc_soc/i_croc/i_core_wrap/i_ibex.if_stage_i.prefetch_buffer_i.fifo_i.rdata_q_26__reg
          (rising edge-triggered flip-flop clocked by clk_sys)
Path Group: clk_sys
Path Type: max
Corner: tt

Fanout     Cap    Slew   Delay    Time   Description
-----------------------------------------------------------------------------
                  0.20    0.00    0.00   clock clk_sys (rise edge)
                          0.00    0.00   clock network delay (ideal)
                  0.20    0.00    0.00 ^ i_croc_soc/i_croc/i_core_wrap/i_ibex.id_stage_i.controller_i.instr_i_20__reg/CLK (sg13g2_dfrbp_2)
     1    0.00    0.03    0.32    0.32 ^ i_croc_soc/i_croc/i_core_wrap/i_ibex.id_stage_i.controller_i.instr_i_20__reg/Q (sg13g2_dfrbp_2)
                                         i_croc_soc/i_croc/i_core_wrap/i_ibex.id_stage_i.controller_i.instr_i_20_ (net)
                  0.03    0.00    0.32 ^ fanout6009/A (sg13g2_buf_4)
     5    0.09    0.11    0.14    0.46 ^ fanout6009/X (sg13g2_buf_4)
                                         net6009 (net)
                  0.11    0.02    0.48 ^ fanout5951/A (sg13g2_buf_2)
     4    0.02    0.05    0.12    0.60 ^ fanout5951/X (sg13g2_buf_2)
                                         net5951 (net)
                  0.05    0.00    0.60 ^ fanout5941/A (sg13g2_buf_2)
     4    0.03    0.08    0.12    0.72 ^ fanout5941/X (sg13g2_buf_2)
                                         net5941 (net)
                  0.08    0.00    0.72 ^ fanout5940/A (sg13g2_buf_4)
     5    0.04    0.05    0.13    0.86 ^ fanout5940/X (sg13g2_buf_4)
                                         net5940 (net)
                  0.05    0.00    0.86 ^ fanout5937/A (sg13g2_buf_4)
     8    0.05    0.06    0.13    0.98 ^ fanout5937/X (sg13g2_buf_4)
                                         net5937 (net)
                  0.06    0.00    0.98 ^ i_croc_soc/i_croc/i_core_wrap/i_ibex.register_file_i/_5740_/S (sg13g2_mux2_1)
     1    0.00    0.04    0.17    1.15 v i_croc_soc/i_croc/i_core_wrap/i_ibex.register_file_i/_5740_/X (sg13g2_mux2_1)
                                         i_croc_soc/i_croc/i_core_wrap/i_ibex.register_file_i/_2644_ (net)
                  0.04    0.00    1.15 v i_croc_soc/i_croc/i_core_wrap/i_ibex.register_file_i/_5742_/A2 (sg13g2_a22oi_1)
     1    0.01    0.06    0.08    1.23 ^ i_croc_soc/i_croc/i_core_wrap/i_ibex.register_file_i/_5742_/Y (sg13g2_a22oi_1)
                                         i_croc_soc/i_croc/i_core_wrap/i_ibex.register_file_i/_2646_ (net)
                  0.06    0.00    1.23 ^ i_croc_soc/i_croc/i_core_wrap/i_ibex.register_file_i/_5746_/A1 (sg13g2_a21oi_1)
     1    0.01    0.07    0.09    1.32 v i_croc_soc/i_croc/i_core_wrap/i_ibex.register_file_i/_5746_/Y (sg13g2_a21oi_1)
                                         i_croc_soc/i_croc/i_core_wrap/i_ibex.register_file_i/_2650_ (net)
                  0.07    0.00    1.32 v i_croc_soc/i_croc/i_core_wrap/i_ibex.register_file_i/_5747_/C1 (sg13g2_a221oi_1)
     1    0.01    0.17    0.16    1.48 ^ i_croc_soc/i_croc/i_core_wrap/i_ibex.register_file_i/_5747_/Y (sg13g2_a221oi_1)
                                         i_croc_soc/i_croc/i_core_wrap/i_ibex.register_file_i/_2651_ (net)
                  0.17    0.00    1.48 ^ i_croc_soc/i_croc/i_core_wrap/i_ibex.register_file_i/_5748_/C (sg13g2_nand3_1)
     3    0.06    0.50    0.46    1.94 v i_croc_soc/i_croc/i_core_wrap/i_ibex.register_file_i/_5748_/Y (sg13g2_nand3_1)
                                         i_croc_soc/i_croc/i_core_wrap/i_ibex.ex_block_i.multdiv_operand_b_i_0_ (net)
                  0.50    0.01    1.95 v i_croc_soc/i_croc/i_core_wrap/_5739_/A (sg13g2_and2_1)
     2    0.01    0.05    0.19    2.14 v i_croc_soc/i_croc/i_core_wrap/_5739_/X (sg13g2_and2_1)
                                         i_croc_soc/i_croc/i_core_wrap/_1081_ (net)
                  0.05    0.00    2.14 v i_croc_soc/i_croc/i_core_wrap/_5744_/A1 (sg13g2_o21ai_1)
     3    0.01    0.15    0.15    2.29 ^ i_croc_soc/i_croc/i_core_wrap/_5744_/Y (sg13g2_o21ai_1)
                                         i_croc_soc/i_croc/i_core_wrap/_1086_ (net)
                  0.15    0.00    2.29 ^ fanout3452/A (sg13g2_buf_1)
     4    0.01    0.07    0.14    2.42 ^ fanout3452/X (sg13g2_buf_1)
                                         net3452 (net)
                  0.07    0.00    2.42 ^ fanout3450/A (sg13g2_buf_2)
     6    0.03    0.07    0.12    2.54 ^ fanout3450/X (sg13g2_buf_2)
                                         net3450 (net)
                  0.07    0.00    2.54 ^ fanout3448/A (sg13g2_buf_4)
     8    0.06    0.08    0.15    2.69 ^ fanout3448/X (sg13g2_buf_4)
                                         net3448 (net)
                  0.08    0.00    2.69 ^ i_croc_soc/i_croc/i_core_wrap/_5745_/A (sg13g2_inv_2)
     1    0.00    0.02    0.04    2.73 v i_croc_soc/i_croc/i_core_wrap/_5745_/Y (sg13g2_inv_2)
                                         i_croc_soc/i_croc/i_core_wrap/_1087_ (net)
                  0.02    0.00    2.73 v fanout3345/A (sg13g2_buf_4)
     5    0.03    0.03    0.08    2.81 v fanout3345/X (sg13g2_buf_4)
                                         net3345 (net)
                  0.03    0.00    2.81 v i_croc_soc/i_croc/i_core_wrap/_5751_/B1 (sg13g2_a221oi_1)
     2    0.01    0.17    0.16    2.97 ^ i_croc_soc/i_croc/i_core_wrap/_5751_/Y (sg13g2_a221oi_1)
                                         i_croc_soc/i_croc/i_core_wrap/_1093_ (net)
                  0.17    0.00    2.97 ^ i_croc_soc/i_croc/i_core_wrap/_5754_/A (sg13g2_or2_1)
     1    0.00    0.03    0.13    3.10 ^ i_croc_soc/i_croc/i_core_wrap/_5754_/X (sg13g2_or2_1)
                                         i_croc_soc/i_croc/i_core_wrap/_1096_ (net)
                  0.03    0.00    3.10 ^ i_croc_soc/i_croc/i_core_wrap/_5755_/C (sg13g2_nand3_1)
     6    0.03    0.24    0.22    3.32 v i_croc_soc/i_croc/i_core_wrap/_5755_/Y (sg13g2_nand3_1)
                                         i_croc_soc/i_croc/i_core_wrap/_1097_ (net)
                  0.24    0.00    3.32 v i_croc_soc/i_croc/i_core_wrap/_5756_/B1 (sg13g2_o21ai_1)
     2    0.01    0.13    0.13    3.44 ^ i_croc_soc/i_croc/i_core_wrap/_5756_/Y (sg13g2_o21ai_1)
                                         i_croc_soc/i_croc/i_core_wrap/_1098_ (net)
                  0.13    0.00    3.44 ^ i_croc_soc/i_croc/i_core_wrap/_5927_/A1 (sg13g2_a221oi_1)
     2    0.02    0.15    0.17    3.62 v i_croc_soc/i_croc/i_core_wrap/_5927_/Y (sg13g2_a221oi_1)
                                         i_croc_soc/i_croc/i_core_wrap/_1262_ (net)
                  0.15    0.00    3.62 v fanout1075/A (sg13g2_buf_2)
     8    0.03    0.05    0.15    3.77 v fanout1075/X (sg13g2_buf_2)
                                         net1075 (net)
                  0.05    0.00    3.77 v fanout1074/A (sg13g2_buf_2)
     8    0.03    0.06    0.12    3.88 v fanout1074/X (sg13g2_buf_2)
                                         net1074 (net)
                  0.06    0.00    3.88 v i_croc_soc/i_croc/i_core_wrap/_6086_/C (sg13g2_and3_1)
     3    0.01    0.05    0.11    4.00 v i_croc_soc/i_croc/i_core_wrap/_6086_/X (sg13g2_and3_1)
                                         i_croc_soc/i_croc/i_core_wrap/_1412_ (net)
                  0.05    0.00    4.00 v i_croc_soc/i_croc/i_core_wrap/_6097_/A (sg13g2_nor2_1)
     2    0.01    0.11    0.11    4.11 ^ i_croc_soc/i_croc/i_core_wrap/_6097_/Y (sg13g2_nor2_1)
                                         i_croc_soc/i_croc/i_core_wrap/_1423_ (net)
                  0.11    0.00    4.11 ^ i_croc_soc/i_croc/i_core_wrap/_6114_/A1 (sg13g2_a21o_1)
     2    0.02    0.08    0.17    4.27 ^ i_croc_soc/i_croc/i_core_wrap/_6114_/X (sg13g2_a21o_1)
                                         i_croc_soc/i_croc/i_core_wrap/_1440_ (net)
                  0.08    0.00    4.27 ^ i_croc_soc/i_croc/i_core_wrap/_6115_/S (sg13g2_mux2_1)
     1    0.01    0.04    0.18    4.45 v i_croc_soc/i_croc/i_core_wrap/_6115_/X (sg13g2_mux2_1)
                                         i_croc_soc/i_croc/i_core_wrap/_1441_ (net)
                  0.04    0.00    4.45 v i_croc_soc/i_croc/i_core_wrap/_6116_/B (sg13g2_xor2_1)
     4    0.02    0.21    0.19    4.64 ^ i_croc_soc/i_croc/i_core_wrap/_6116_/X (sg13g2_xor2_1)
                                         i_croc_soc/i_croc/i_core_wrap/_1442_ (net)
                  0.21    0.00    4.64 ^ i_croc_soc/i_croc/i_core_wrap/_6117_/A (sg13g2_inv_4)
     7    0.07    0.11    0.13    4.77 v i_croc_soc/i_croc/i_core_wrap/_6117_/Y (sg13g2_inv_4)
                                         i_croc_soc/i_croc/core_data_obi_req_70_ (net)
                  0.11    0.00    4.77 v i_croc_soc/i_croc/i_core_wrap/_7397_/A1 (sg13g2_a221oi_1)
     1    0.01    0.15    0.18    4.95 ^ i_croc_soc/i_croc/i_core_wrap/_7397_/Y (sg13g2_a221oi_1)
                                         i_croc_soc/i_croc/i_core_wrap/_2553_ (net)
                  0.15    0.00    4.95 ^ i_croc_soc/i_croc/i_core_wrap/_7399_/A (sg13g2_nor2_2)
     4    0.03    0.08    0.12    5.07 v i_croc_soc/i_croc/i_core_wrap/_7399_/Y (sg13g2_nor2_2)
                                         i_croc_soc/i_croc/i_core_wrap/_2555_ (net)
                  0.08    0.00    5.07 v i_croc_soc/i_croc/i_core_wrap/_8618_/A_N (sg13g2_nand2b_1)
     3    0.01    0.08    0.13    5.21 v i_croc_soc/i_croc/i_core_wrap/_8618_/Y (sg13g2_nand2b_1)
                                         i_croc_soc/i_croc/i_core_wrap/_3617_ (net)
                  0.08    0.00    5.21 v i_croc_soc/i_croc/i_core_wrap/_8902_/A1 (sg13g2_mux2_2)
     5    0.04    0.10    0.22    5.42 v i_croc_soc/i_croc/i_core_wrap/_8902_/X (sg13g2_mux2_2)
                                         i_croc_soc/i_croc/core_instr_obi_req_70_ (net)
                  0.10    0.00    5.43 v i_croc_soc/i_croc/_3723_/A (sg13g2_nor2_2)
     4    0.02    0.10    0.12    5.54 ^ i_croc_soc/i_croc/_3723_/Y (sg13g2_nor2_2)
                                         i_croc_soc/i_croc/_0349_ (net)
                  0.10    0.00    5.54 ^ i_croc_soc/i_croc/_3730_/B (sg13g2_nand4_1)
     5    0.03    0.35    0.33    5.87 v i_croc_soc/i_croc/_3730_/Y (sg13g2_nand4_1)
                                         i_croc_soc/i_croc/_0356_ (net)
                  0.35    0.00    5.87 v i_croc_soc/i_croc/_3735_/A (sg13g2_nor2_2)
     6    0.03    0.16    0.21    6.08 ^ i_croc_soc/i_croc/_3735_/Y (sg13g2_nor2_2)
                                         i_croc_soc/i_croc/_0361_ (net)
                  0.16    0.00    6.08 ^ i_croc_soc/i_croc/_3743_/A2 (sg13g2_a21oi_1)
     2    0.01    0.08    0.12    6.21 v i_croc_soc/i_croc/_3743_/Y (sg13g2_a21oi_1)
                                         i_croc_soc/i_croc/_0369_ (net)
                  0.08    0.00    6.21 v i_croc_soc/i_croc/_3752_/A1 (sg13g2_o21ai_1)
     2    0.01    0.16    0.17    6.38 ^ i_croc_soc/i_croc/_3752_/Y (sg13g2_o21ai_1)
                                         i_croc_soc/i_croc/_0378_ (net)
                  0.16    0.00    6.38 ^ i_croc_soc/i_croc/_3755_/A2 (sg13g2_a21oi_2)
     7    0.04    0.13    0.17    6.55 v i_croc_soc/i_croc/_3755_/Y (sg13g2_a21oi_2)
                                         i_croc_soc/i_croc/_0381_ (net)
                  0.13    0.00    6.55 v i_croc_soc/i_croc/_3758_/A1 (sg13g2_a21oi_2)
     3    0.01    0.09    0.12    6.67 ^ i_croc_soc/i_croc/_3758_/Y (sg13g2_a21oi_2)
                                         i_croc_soc/i_croc/_0384_ (net)
                  0.09    0.00    6.67 ^ i_croc_soc/i_croc/_3759_/A (sg13g2_inv_2)
     6    0.02    0.04    0.06    6.73 v i_croc_soc/i_croc/_3759_/Y (sg13g2_inv_2)
                                         i_croc_soc/i_croc/i_main_xbar.gen_mux[1].i_mux.i_rr_arb.gen_arbiter.gen_int_rr.gen_lock.req_q_3__reg_D (net)
                  0.04    0.00    6.73 v i_croc_soc/i_croc/_3760_/A2 (sg13g2_o21ai_1)
     3    0.02    0.20    0.18    6.91 ^ i_croc_soc/i_croc/_3760_/Y (sg13g2_o21ai_1)
                                         i_croc_soc/i_croc/_0385_ (net)
                  0.20    0.00    6.91 ^ i_croc_soc/i_croc/_3782_/B (sg13g2_and2_1)
     3    0.01    0.06    0.16    7.07 ^ i_croc_soc/i_croc/_3782_/X (sg13g2_and2_1)
                                         i_croc_soc/i_croc/_0407_ (net)
                  0.06    0.00    7.07 ^ fanout2686/A (sg13g2_buf_4)
     8    0.05    0.06    0.13    7.20 ^ fanout2686/X (sg13g2_buf_4)
                                         net2686 (net)
                  0.06    0.00    7.20 ^ fanout2684/A (sg13g2_buf_2)
     8    0.03    0.06    0.12    7.32 ^ fanout2684/X (sg13g2_buf_2)
                                         net2684 (net)
                  0.06    0.00    7.32 ^ fanout2683/A (sg13g2_buf_1)
     5    0.02    0.09    0.12    7.44 ^ fanout2683/X (sg13g2_buf_1)
                                         net2683 (net)
                  0.09    0.00    7.44 ^ i_croc_soc/i_croc/_3844_/A (sg13g2_nand4_1)
     3    0.01    0.20    0.18    7.62 v i_croc_soc/i_croc/_3844_/Y (sg13g2_nand4_1)
                                         i_croc_soc/i_croc/_0469_ (net)
                  0.20    0.00    7.62 v i_croc_soc/i_croc/_3846_/B2 (sg13g2_a221oi_1)
     1    0.00    0.13    0.19    7.81 ^ i_croc_soc/i_croc/_3846_/Y (sg13g2_a221oi_1)
                                         i_croc_soc/i_croc/_0471_ (net)
                  0.13    0.00    7.81 ^ i_croc_soc/i_croc/_3873_/A2 (sg13g2_o21ai_1)
     1    0.00    0.05    0.09    7.90 v i_croc_soc/i_croc/_3873_/Y (sg13g2_o21ai_1)
                                         i_croc_soc/i_croc/_0498_ (net)
                  0.05    0.00    7.90 v i_croc_soc/i_croc/_3876_/A1 (sg13g2_a21o_1)
     2    0.01    0.03    0.12    8.02 v i_croc_soc/i_croc/_3876_/X (sg13g2_a21o_1)
                                         i_croc_soc/i_croc/_0501_ (net)
                  0.03    0.00    8.02 v i_croc_soc/i_croc/_4546_/A (sg13g2_and2_1)
     3    0.01    0.05    0.09    8.11 v i_croc_soc/i_croc/_4546_/X (sg13g2_and2_1)
                                         i_croc_soc/i_croc/_1065_ (net)
                  0.05    0.00    8.11 v i_croc_soc/i_croc/_4631_/B1 (sg13g2_a21o_1)
     2    0.01    0.04    0.12    8.23 v i_croc_soc/i_croc/_4631_/X (sg13g2_a21o_1)
                                         i_croc_soc/i_croc/_1083_ (net)
                  0.04    0.00    8.23 v i_croc_soc/i_croc/_4634_/A (sg13g2_or2_1)
     4    0.01    0.06    0.14    8.37 v i_croc_soc/i_croc/_4634_/X (sg13g2_or2_1)
                                         i_croc_soc/i_croc/_1086_ (net)
                  0.06    0.00    8.37 v i_croc_soc/i_croc/_4636_/A_N (sg13g2_nand2b_1)
     1    0.00    0.05    0.09    8.46 v i_croc_soc/i_croc/_4636_/Y (sg13g2_nand2b_1)
                                         i_croc_soc/i_croc/_1088_ (net)
                  0.05    0.00    8.46 v fanout2483/A (sg13g2_buf_4)
     4    0.02    0.03    0.09    8.55 v fanout2483/X (sg13g2_buf_4)
                                         net2483 (net)
                  0.03    0.00    8.55 v fanout2478/A (sg13g2_buf_2)
     4    0.01    0.03    0.08    8.64 v fanout2478/X (sg13g2_buf_2)
                                         net2478 (net)
                  0.03    0.00    8.64 v fanout2475/A (sg13g2_buf_2)
     8    0.03    0.06    0.11    8.75 v fanout2475/X (sg13g2_buf_2)
                                         net2475 (net)
                  0.06    0.00    8.75 v i_croc_soc/i_croc/_4639_/B (sg13g2_nor2_1)
     1    0.00    0.05    0.06    8.81 ^ i_croc_soc/i_croc/_4639_/Y (sg13g2_nor2_1)
                                         i_croc_soc/i_croc/all_periph_obi_rsp_157_ (net)
                  0.05    0.00    8.81 ^ fanout2389/A (sg13g2_buf_1)
     4    0.01    0.07    0.11    8.91 ^ fanout2389/X (sg13g2_buf_1)
                                         net2389 (net)
                  0.07    0.00    8.91 ^ fanout2388/A (sg13g2_buf_1)
     5    0.02    0.08    0.12    9.03 ^ fanout2388/X (sg13g2_buf_1)
                                         net2388 (net)
                  0.08    0.00    9.03 ^ i_croc_soc/i_croc/i_gpio/_1354_/A (sg13g2_nand2_1)
     2    0.01    0.06    0.08    9.11 v i_croc_soc/i_croc/i_gpio/_1354_/Y (sg13g2_nand2_1)
                                         i_croc_soc/i_croc/i_gpio/_0150_ (net)
                  0.06    0.00    9.11 v i_croc_soc/i_croc/i_gpio/_1355_/B (sg13g2_nand3_1)
     1    0.00    0.06    0.06    9.16 ^ i_croc_soc/i_croc/i_gpio/_1355_/Y (sg13g2_nand3_1)
                                         i_croc_soc/i_croc/i_gpio/_0151_ (net)
                  0.06    0.00    9.16 ^ i_croc_soc/i_croc/i_gpio/_1356_/B1 (sg13g2_o21ai_1)
     1    0.01    0.06    0.07    9.24 v i_croc_soc/i_croc/i_gpio/_1356_/Y (sg13g2_o21ai_1)
                                         i_croc_soc/i_croc/all_periph_obi_rsp_159_ (net)
                  0.06    0.00    9.24 v i_croc_soc/i_croc/_5909_/A2 (sg13g2_a22oi_1)
     1    0.00    0.06    0.08    9.32 ^ i_croc_soc/i_croc/_5909_/Y (sg13g2_a22oi_1)
                                         i_croc_soc/i_croc/_2067_ (net)
                  0.06    0.00    9.32 ^ i_croc_soc/i_croc/_5911_/A2 (sg13g2_o21ai_1)
     4    0.05    0.32    0.27    9.59 v i_croc_soc/i_croc/_5911_/Y (sg13g2_o21ai_1)
                                         i_croc_soc/i_croc/_2069_ (net)
                  0.32    0.01    9.60 v i_croc_soc/i_croc/_5912_/A2 (sg13g2_a21oi_1)
     1    0.00    0.09    0.14    9.75 ^ i_croc_soc/i_croc/_5912_/Y (sg13g2_a21oi_1)
                                         i_croc_soc/i_croc/_2070_ (net)
                  0.09    0.00    9.75 ^ i_croc_soc/i_croc/_5913_/B (sg13g2_and2_1)
     1    0.01    0.04    0.12    9.86 ^ i_croc_soc/i_croc/_5913_/X (sg13g2_and2_1)
                                         i_croc_soc/i_croc/_2071_ (net)
                  0.04    0.00    9.86 ^ i_croc_soc/i_croc/_5914_/C (sg13g2_nor3_2)
     3    0.01    0.05    0.04    9.91 v i_croc_soc/i_croc/_5914_/Y (sg13g2_nor3_2)
                                         i_croc_soc/i_croc/core_data_obi_rsp_3_ (net)
                  0.05    0.00    9.91 v i_croc_soc/i_croc/i_core_wrap/_6638_/A (sg13g2_or2_1)
     2    0.01    0.05    0.13   10.03 v i_croc_soc/i_croc/i_core_wrap/_6638_/X (sg13g2_or2_1)
                                         i_croc_soc/i_croc/i_core_wrap/_1890_ (net)
                  0.05    0.00   10.03 v i_croc_soc/i_croc/i_core_wrap/_6639_/B (sg13g2_nor2_2)
     3    0.01    0.07    0.08   10.11 ^ i_croc_soc/i_croc/i_core_wrap/_6639_/Y (sg13g2_nor2_2)
                                         i_croc_soc/i_croc/i_core_wrap/_1891_ (net)
                  0.07    0.00   10.11 ^ i_croc_soc/i_croc/i_core_wrap/_6640_/B (sg13g2_nor2_1)
     2    0.01    0.04    0.05   10.16 v i_croc_soc/i_croc/i_core_wrap/_6640_/Y (sg13g2_nor2_1)
                                         i_croc_soc/i_croc/i_core_wrap/_1892_ (net)
                  0.04    0.00   10.16 v i_croc_soc/i_croc/i_core_wrap/_6641_/B (sg13g2_and2_1)
     2    0.02    0.07    0.12   10.28 v i_croc_soc/i_croc/i_core_wrap/_6641_/X (sg13g2_and2_1)
                                         i_croc_soc/i_croc/i_core_wrap/i_ibex.id_stage_i.controller_i.store_err_i (net)
                  0.07    0.00   10.28 v i_croc_soc/i_croc/i_core_wrap/_6643_/A (sg13g2_nor2_1)
     2    0.01    0.09    0.10   10.38 ^ i_croc_soc/i_croc/i_core_wrap/_6643_/Y (sg13g2_nor2_1)
                                         i_croc_soc/i_croc/i_core_wrap/_1893_ (net)
                  0.09    0.00   10.38 ^ i_croc_soc/i_croc/i_core_wrap/_6644_/B_N (sg13g2_nor2b_1)
     2    0.01    0.08    0.13   10.51 ^ i_croc_soc/i_croc/i_core_wrap/_6644_/Y (sg13g2_nor2b_1)
                                         i_croc_soc/i_croc/i_core_wrap/_1894_ (net)
                  0.08    0.00   10.51 ^ i_croc_soc/i_croc/i_core_wrap/_6645_/B1 (sg13g2_o21ai_1)
     3    0.01    0.08    0.10   10.61 v i_croc_soc/i_croc/i_core_wrap/_6645_/Y (sg13g2_o21ai_1)
                                         i_croc_soc/i_croc/i_core_wrap/_1895_ (net)
                  0.08    0.00   10.61 v i_croc_soc/i_croc/i_core_wrap/_6671_/A (sg13g2_or2_1)
     2    0.01    0.04    0.13   10.75 v i_croc_soc/i_croc/i_core_wrap/_6671_/X (sg13g2_or2_1)
                                         i_croc_soc/i_croc/i_core_wrap/_1921_ (net)
                  0.04    0.00   10.75 v i_croc_soc/i_croc/i_core_wrap/_6672_/B (sg13g2_nand2_1)
     2    0.01    0.05    0.05   10.80 ^ i_croc_soc/i_croc/i_core_wrap/_6672_/Y (sg13g2_nand2_1)
                                         i_croc_soc/i_croc/i_core_wrap/_1922_ (net)
                  0.05    0.00   10.80 ^ i_croc_soc/i_croc/i_core_wrap/_6676_/A (sg13g2_nand2_1)
     2    0.01    0.05    0.06   10.86 v i_croc_soc/i_croc/i_core_wrap/_6676_/Y (sg13g2_nand2_1)
                                         i_croc_soc/i_croc/i_core_wrap/_1926_ (net)
                  0.05    0.00   10.86 v i_croc_soc/i_croc/i_core_wrap/_6677_/B (sg13g2_or2_1)
     2    0.01    0.05    0.13   10.98 v i_croc_soc/i_croc/i_core_wrap/_6677_/X (sg13g2_or2_1)
                                         i_croc_soc/i_croc/i_core_wrap/_1927_ (net)
                  0.05    0.00   10.99 v i_croc_soc/i_croc/i_core_wrap/_6678_/B (sg13g2_or2_1)
     2    0.01    0.04    0.11   11.10 v i_croc_soc/i_croc/i_core_wrap/_6678_/X (sg13g2_or2_1)
                                         i_croc_soc/i_croc/i_core_wrap/_1928_ (net)
                  0.04    0.00   11.10 v i_croc_soc/i_croc/i_core_wrap/_6812_/A (sg13g2_nor4_1)
     1    0.00    0.14    0.16   11.26 ^ i_croc_soc/i_croc/i_core_wrap/_6812_/Y (sg13g2_nor4_1)
                                         i_croc_soc/i_croc/i_core_wrap/_2062_ (net)
                  0.14    0.00   11.26 ^ fanout1798/A (sg13g2_buf_2)
     5    0.02    0.06    0.14   11.40 ^ fanout1798/X (sg13g2_buf_2)
                                         net1798 (net)
                  0.06    0.00   11.40 ^ fanout1797/A (sg13g2_buf_2)
     6    0.03    0.06    0.11   11.52 ^ fanout1797/X (sg13g2_buf_2)
                                         net1797 (net)
                  0.06    0.00   11.52 ^ fanout1796/A (sg13g2_buf_2)
     8    0.03    0.08    0.13   11.65 ^ fanout1796/X (sg13g2_buf_2)
                                         net1796 (net)
                  0.08    0.00   11.65 ^ fanout923/A (sg13g2_buf_4)
     8    0.07    0.09    0.16   11.80 ^ fanout923/X (sg13g2_buf_4)
                                         net923 (net)
                  0.09    0.00   11.80 ^ i_croc_soc/i_croc/i_core_wrap/_8666_/A (sg13g2_nand2_2)
     3    0.01    0.06    0.08   11.89 v i_croc_soc/i_croc/i_core_wrap/_8666_/Y (sg13g2_nand2_2)
                                         i_croc_soc/i_croc/i_core_wrap/_3657_ (net)
                  0.06    0.00   11.89 v i_croc_soc/i_croc/i_core_wrap/_8667_/S (sg13g2_mux2_1)
     1    0.00    0.03    0.14   12.03 ^ i_croc_soc/i_croc/i_core_wrap/_8667_/X (sg13g2_mux2_1)
                                         i_croc_soc/i_croc/i_core_wrap/_3658_ (net)
                  0.03    0.00   12.03 ^ fanout1795/A (sg13g2_buf_2)
     5    0.03    0.08    0.11   12.14 ^ fanout1795/X (sg13g2_buf_2)
                                         net1795 (net)
                  0.08    0.00   12.14 ^ fanout1792/A (sg13g2_buf_2)
     5    0.03    0.07    0.13   12.27 ^ fanout1792/X (sg13g2_buf_2)
                                         net1792 (net)
                  0.07    0.00   12.27 ^ fanout1791/A (sg13g2_buf_4)
     8    0.05    0.06    0.14   12.41 ^ fanout1791/X (sg13g2_buf_4)
                                         net1791 (net)
                  0.06    0.00   12.41 ^ i_croc_soc/i_croc/i_core_wrap/_8712_/S (sg13g2_mux2_1)
     1    0.00    0.03    0.16   12.57 v i_croc_soc/i_croc/i_core_wrap/_8712_/X (sg13g2_mux2_1)
                                         i_croc_soc/i_croc/i_core_wrap/_0205_ (net)
                  0.03    0.00   12.57 v i_croc_soc/i_croc/i_core_wrap/i_ibex.if_stage_i.prefetch_buffer_i.fifo_i.rdata_q_26__reg/D (sg13g2_dfrbp_1)
                                 12.57   data arrival time

                  0.20   12.50   12.50   clock clk_sys (rise edge)
                          0.00   12.50   clock network delay (ideal)
                         -0.10   12.40   clock uncertainty
                          0.00   12.40   clock reconvergence pessimism
                                 12.40 ^ i_croc_soc/i_croc/i_core_wrap/i_ibex.if_stage_i.prefetch_buffer_i.fifo_i.rdata_q_26__reg/CLK (sg13g2_dfrbp_1)
                         -0.07   12.33   library setup time
                                 12.33   data required time
-----------------------------------------------------------------------------
                                 12.33   data required time
                                -12.57   data arrival time
-----------------------------------------------------------------------------
                                 -0.24   slack (VIOLATED)



==========================================================================
02_croc.gpl2 report_check_types -max_slew -max_cap -max_fanout -violators
--------------------------------------------------------------------------

==========================================================================
02_croc.gpl2 max_slew_check_slack
--------------------------------------------------------------------------
-2.4305672645568848

==========================================================================
02_croc.gpl2 max_slew_check_limit
--------------------------------------------------------------------------
1.2000000476837158

==========================================================================
02_croc.gpl2 max_slew_check_slack_limit
--------------------------------------------------------------------------
-2.0255

==========================================================================
02_croc.gpl2 max_fanout_check_slack
--------------------------------------------------------------------------
0.0

==========================================================================
02_croc.gpl2 max_fanout_check_limit
--------------------------------------------------------------------------
8.0

==========================================================================
02_croc.gpl2 max_fanout_check_slack_limit
--------------------------------------------------------------------------
0.0000

==========================================================================
02_croc.gpl2 max_capacitance_check_slack
--------------------------------------------------------------------------
-11.160959243774414

==========================================================================
02_croc.gpl2 max_capacitance_check_limit
--------------------------------------------------------------------------
4.21304988861084

==========================================================================
02_croc.gpl2 max_capacitance_check_slack_limit
--------------------------------------------------------------------------
-2.6491

==========================================================================
02_croc.gpl2 max_slew_violation_count
--------------------------------------------------------------------------
max slew violation count 72

==========================================================================
02_croc.gpl2 max_fanout_violation_count
--------------------------------------------------------------------------
max fanout violation count 0

==========================================================================
02_croc.gpl2 max_cap_violation_count
--------------------------------------------------------------------------
max cap violation count 71

==========================================================================
02_croc.gpl2 setup_violation_count
--------------------------------------------------------------------------
setup violation count 2703

==========================================================================
02_croc.gpl2 hold_violation_count
--------------------------------------------------------------------------
hold violation count 20

==========================================================================
02_croc.gpl2 critical path delay
--------------------------------------------------------------------------
12.5733

==========================================================================
02_croc.gpl2 critical path slack
--------------------------------------------------------------------------
-0.2442

==========================================================================
02_croc.gpl2 slack div critical path delay
--------------------------------------------------------------------------
-1.942211

==========================================================================
02_croc.gpl2 report_power tt
--------------------------------------------------------------------------
Group                  Internal  Switching    Leakage      Total
                          Power      Power      Power      Power (Watts)
----------------------------------------------------------------
Sequential             2.56e-02   4.90e-04   2.76e-06   2.61e-02  66.2%
Combinational          5.31e-03   4.64e-03   5.72e-06   9.95e-03  25.3%
Clock                  1.29e-06   6.97e-07   2.94e-10   1.99e-06   0.0%
Macro                  0.00e+00   0.00e+00   0.00e+00   0.00e+00   0.0%
Pad                    1.20e-04   3.25e-03   1.08e-07   3.37e-03   8.5%
----------------------------------------------------------------
Total                  3.10e-02   8.38e-03   8.59e-06   3.94e-02 100.0%
                          78.7%      21.3%       0.0%

==========================================================================
02_croc.gpl2 report_design_area
--------------------------------------------------------------------------

==========================================================================
02_croc.gpl2 area by hierarchy
--------------------------------------------------------------------------

--------------------------------------------------------------------------------
Design Area Summary
--------------------------------------------------------------------------------
Die Area:              3980025.0 um2
Core Area:             2442871.872 um2
Total Area:            2454750.4416 um2
Total Active Area:     834350.4416 um2

Core Utilization:      0.3415449050616438
Std Cell Utilization:  0.2871643122120551

--------------------------------------------------------------------------------
Hierarchical Area Report
--------------------------------------------------------------------------------
                                                                                Global Area (um^2)                                                              Global Instances                                                                Local Area (um^2)                                                               Local Instances
                                                                                ------------------------------------------------------------------------------- ------------------------------------------------------------------------------- ------------------------------------------------------------------------------- ----------------------------------------------------------------------------
Hierarchy Name                                                                  Total           StdCell         Macro           Cover           Pad             Total           StdCell         Macro           Cover           Pad             Total           StdCell         Macro           Cover           Pad             Total           StdCell         Macro           Cover           Pad             
-----------------------------------------------------------------------------------------------------------------------------------------------------------------------------------------------------------------------------------------------------------------------------------------------------------------------------------------------------------------------------------------------------------
<top>                                                                           2454750.442     647989.373      186361.069      313600.000      1306800.000     37209           36947           2               64              196             1680941.085     60541.085       0.000           313600.000      1306800.000     5438            5178            0               64              196             
  i_croc_soc                                                                    773809.357      587448.288      186361.069      0.000           0.000           31771           31769           2               0               0               195.955         195.955         0.000           0.000           0.000           5               5               0               0               0               
    i_croc                                                                      746058.109      559697.040      186361.069      0.000           0.000           30514           30512           2               0               0               47323.181       47323.181       0.000           0.000           0.000           4082            4082            0               0               0               
      gen_sram_bank\[0\].i_sram                                                 95022.150       1841.616        93180.534       0.000           0.000           186             185             1               0               0               95022.150       1841.616        93180.534       0.000           0.000           186             185             1               0               0               
      gen_sram_bank\[1\].i_sram                                                 95014.893       1834.358        93180.534       0.000           0.000           186             185             1               0               0               95014.893       1834.358        93180.534       0.000           0.000           186             185             1               0               0               
      i_core_wrap                                                               214471.152      214471.152      0.000           0.000           0.000           11696           11696           0               0               0               69081.466       69081.466       0.000           0.000           0.000           4908            4908            0               0               0               
        i_ibex.cs_registers_i                                                   54003.802       54003.802       0.000           0.000           0.000           3114            3114            0               0               0               54003.802       54003.802       0.000           0.000           0.000           3114            3114            0               0               0               
        i_ibex.register_file_i                                                  91385.885       91385.885       0.000           0.000           0.000           3674            3674            0               0               0               91385.885       91385.885       0.000           0.000           0.000           3674            3674            0               0               0               
      i_dm_top.i_dm_top                                                         73822.493       73822.493       0.000           0.000           0.000           4627            4627            0               0               0               73822.493       73822.493       0.000           0.000           0.000           4627            4627            0               0               0               
      i_dmi_jtag                                                                39007.786       39007.786       0.000           0.000           0.000           2180            2180            0               0               0               15260.918       15260.918       0.000           0.000           0.000           996             996             0               0               0               
        i_dmi_cdc.i_cdc_req                                                     12601.008       12601.008       0.000           0.000           0.000           614             614             0               0               0               246.758         246.758         0.000           0.000           0.000           8               8               0               0               0               
          i_cdc_reset_ctrlr                                                     4015.267        4015.267        0.000           0.000           0.000           251             251             0               0               0               0.000           0.000           0.000           0.000           0.000           0               0               0               0               0               
            i_cdc_reset_ctrlr_half_a                                            2012.170        2012.170        0.000           0.000           0.000           127             127             0               0               0               1023.322        1023.322        0.000           0.000           0.000           79              79              0               0               0               
              i_state_transition_cdc_dst                                        373.766         373.766         0.000           0.000           0.000           19              19              0               0               0               279.418         279.418         0.000           0.000           0.000           17              17              0               0               0               
                i_sync                                                          94.349          94.349          0.000           0.000           0.000           2               2               0               0               0               94.349          94.349          0.000           0.000           0.000           2               2               0               0               0               
              i_state_transition_cdc_src                                        615.082         615.082         0.000           0.000           0.000           29              29              0               0               0               513.475         513.475         0.000           0.000           0.000           27              27              0               0               0               
                i_sync                                                          101.606         101.606         0.000           0.000           0.000           2               2               0               0               0               101.606         101.606         0.000           0.000           0.000           2               2               0               0               0               
            i_cdc_reset_ctrlr_half_b                                            2003.098        2003.098        0.000           0.000           0.000           124             124             0               0               0               1014.250        1014.250        0.000           0.000           0.000           76              76              0               0               0               
              i_state_transition_cdc_dst                                        373.766         373.766         0.000           0.000           0.000           19              19              0               0               0               279.418         279.418         0.000           0.000           0.000           17              17              0               0               0               
                i_sync                                                          94.349          94.349          0.000           0.000           0.000           2               2               0               0               0               94.349          94.349          0.000           0.000           0.000           2               2               0               0               0               
              i_state_transition_cdc_src                                        615.082         615.082         0.000           0.000           0.000           29              29              0               0               0               513.475         513.475         0.000           0.000           0.000           27              27              0               0               0               
                i_sync                                                          101.606         101.606         0.000           0.000           0.000           2               2               0               0               0               101.606         101.606         0.000           0.000           0.000           2               2               0               0               0               
          i_dst                                                                 4209.408        4209.408        0.000           0.000           0.000           178             178             0               0               0               4067.885        4067.885        0.000           0.000           0.000           175             175             0               0               0               
            i_sync                                                              141.523         141.523         0.000           0.000           0.000           3               3               0               0               0               141.523         141.523         0.000           0.000           0.000           3               3               0               0               0               
          i_src                                                                 4129.574        4129.574        0.000           0.000           0.000           177             177             0               0               0               3988.051        3988.051        0.000           0.000           0.000           174             174             0               0               0               
            i_sync                                                              141.523         141.523         0.000           0.000           0.000           3               3               0               0               0               141.523         141.523         0.000           0.000           0.000           3               3               0               0               0               
        i_dmi_cdc.i_cdc_resp                                                    11115.014       11115.014       0.000           0.000           0.000           567             567             0               0               0               246.758         246.758         0.000           0.000           0.000           9               9               0               0               0               
          i_cdc_reset_ctrlr                                                     4066.070        4066.070        0.000           0.000           0.000           259             259             0               0               0               0.000           0.000           0.000           0.000           0.000           0               0               0               0               0               
            i_cdc_reset_ctrlr_half_a                                            2066.602        2066.602        0.000           0.000           0.000           133             133             0               0               0               1077.754        1077.754        0.000           0.000           0.000           85              85              0               0               0               
              i_state_transition_cdc_dst                                        373.766         373.766         0.000           0.000           0.000           19              19              0               0               0               279.418         279.418         0.000           0.000           0.000           17              17              0               0               0               
                i_sync                                                          94.349          94.349          0.000           0.000           0.000           2               2               0               0               0               94.349          94.349          0.000           0.000           0.000           2               2               0               0               0               
              i_state_transition_cdc_src                                        615.082         615.082         0.000           0.000           0.000           29              29              0               0               0               513.475         513.475         0.000           0.000           0.000           27              27              0               0               0               
                i_sync                                                          101.606         101.606         0.000           0.000           0.000           2               2               0               0               0               101.606         101.606         0.000           0.000           0.000           2               2               0               0               0               
            i_cdc_reset_ctrlr_half_b                                            1999.469        1999.469        0.000           0.000           0.000           126             126             0               0               0               1010.621        1010.621        0.000           0.000           0.000           78              78              0               0               0               
              i_state_transition_cdc_dst                                        373.766         373.766         0.000           0.000           0.000           19              19              0               0               0               279.418         279.418         0.000           0.000           0.000           17              17              0               0               0               
                i_sync                                                          94.349          94.349          0.000           0.000           0.000           2               2               0               0               0               94.349          94.349          0.000           0.000           0.000           2               2               0               0               0               
              i_state_transition_cdc_src                                        615.082         615.082         0.000           0.000           0.000           29              29              0               0               0               513.475         513.475         0.000           0.000           0.000           27              27              0               0               0               
                i_sync                                                          101.606         101.606         0.000           0.000           0.000           2               2               0               0               0               101.606         101.606         0.000           0.000           0.000           2               2               0               0               0               
          i_dst                                                                 3443.731        3443.731        0.000           0.000           0.000           150             150             0               0               0               3302.208        3302.208        0.000           0.000           0.000           147             147             0               0               0               
            i_sync                                                              141.523         141.523         0.000           0.000           0.000           3               3               0               0               0               141.523         141.523         0.000           0.000           0.000           3               3               0               0               0               
          i_src                                                                 3358.454        3358.454        0.000           0.000           0.000           149             149             0               0               0               3216.931        3216.931        0.000           0.000           0.000           146             146             0               0               0               
            i_sync                                                              141.523         141.523         0.000           0.000           0.000           3               3               0               0               0               141.523         141.523         0.000           0.000           0.000           3               3               0               0               0               
        i_dmi_jtag_tap.i_dft_tck_mux                                            25.402          25.402          0.000           0.000           0.000           2               2               0               0               0               25.402          25.402          0.000           0.000           0.000           2               2               0               0               0               
        i_dmi_jtag_tap.i_tck_inv                                                5.443           5.443           0.000           0.000           0.000           1               1               0               0               0               5.443           5.443           0.000           0.000           0.000           1               1               0               0               0               
      i_gpio                                                                    27455.501       27455.501       0.000           0.000           0.000           1347            1347            0               0               0               24298.445       24298.445       0.000           0.000           0.000           1283            1283            0               0               0               
        gen_gpios\[0\].i_sync                                                   94.349          94.349          0.000           0.000           0.000           2               2               0               0               0               94.349          94.349          0.000           0.000           0.000           2               2               0               0               0               
        gen_gpios\[10\].i_sync                                                  101.606         101.606         0.000           0.000           0.000           2               2               0               0               0               101.606         101.606         0.000           0.000           0.000           2               2               0               0               0               
        gen_gpios\[11\].i_sync                                                  101.606         101.606         0.000           0.000           0.000           2               2               0               0               0               101.606         101.606         0.000           0.000           0.000           2               2               0               0               0               
        gen_gpios\[12\].i_sync                                                  101.606         101.606         0.000           0.000           0.000           2               2               0               0               0               101.606         101.606         0.000           0.000           0.000           2               2               0               0               0               
        gen_gpios\[13\].i_sync                                                  94.349          94.349          0.000           0.000           0.000           2               2               0               0               0               94.349          94.349          0.000           0.000           0.000           2               2               0               0               0               
        gen_gpios\[14\].i_sync                                                  94.349          94.349          0.000           0.000           0.000           2               2               0               0               0               94.349          94.349          0.000           0.000           0.000           2               2               0               0               0               
        gen_gpios\[15\].i_sync                                                  101.606         101.606         0.000           0.000           0.000           2               2               0               0               0               101.606         101.606         0.000           0.000           0.000           2               2               0               0               0               
        gen_gpios\[16\].i_sync                                                  94.349          94.349          0.000           0.000           0.000           2               2               0               0               0               94.349          94.349          0.000           0.000           0.000           2               2               0               0               0               
        gen_gpios\[17\].i_sync                                                  94.349          94.349          0.000           0.000           0.000           2               2               0               0               0               94.349          94.349          0.000           0.000           0.000           2               2               0               0               0               
        gen_gpios\[18\].i_sync                                                  94.349          94.349          0.000           0.000           0.000           2               2               0               0               0               94.349          94.349          0.000           0.000           0.000           2               2               0               0               0               
        gen_gpios\[19\].i_sync                                                  94.349          94.349          0.000           0.000           0.000           2               2               0               0               0               94.349          94.349          0.000           0.000           0.000           2               2               0               0               0               
        gen_gpios\[1\].i_sync                                                   101.606         101.606         0.000           0.000           0.000           2               2               0               0               0               101.606         101.606         0.000           0.000           0.000           2               2               0               0               0               
        gen_gpios\[20\].i_sync                                                  94.349          94.349          0.000           0.000           0.000           2               2               0               0               0               94.349          94.349          0.000           0.000           0.000           2               2               0               0               0               
        gen_gpios\[21\].i_sync                                                  101.606         101.606         0.000           0.000           0.000           2               2               0               0               0               101.606         101.606         0.000           0.000           0.000           2               2               0               0               0               
        gen_gpios\[22\].i_sync                                                  94.349          94.349          0.000           0.000           0.000           2               2               0               0               0               94.349          94.349          0.000           0.000           0.000           2               2               0               0               0               
        gen_gpios\[23\].i_sync                                                  94.349          94.349          0.000           0.000           0.000           2               2               0               0               0               94.349          94.349          0.000           0.000           0.000           2               2               0               0               0               
        gen_gpios\[24\].i_sync                                                  101.606         101.606         0.000           0.000           0.000           2               2               0               0               0               101.606         101.606         0.000           0.000           0.000           2               2               0               0               0               
        gen_gpios\[25\].i_sync                                                  101.606         101.606         0.000           0.000           0.000           2               2               0               0               0               101.606         101.606         0.000           0.000           0.000           2               2               0               0               0               
        gen_gpios\[26\].i_sync                                                  101.606         101.606         0.000           0.000           0.000           2               2               0               0               0               101.606         101.606         0.000           0.000           0.000           2               2               0               0               0               
        gen_gpios\[27\].i_sync                                                  101.606         101.606         0.000           0.000           0.000           2               2               0               0               0               101.606         101.606         0.000           0.000           0.000           2               2               0               0               0               
        gen_gpios\[28\].i_sync                                                  101.606         101.606         0.000           0.000           0.000           2               2               0               0               0               101.606         101.606         0.000           0.000           0.000           2               2               0               0               0               
        gen_gpios\[29\].i_sync                                                  101.606         101.606         0.000           0.000           0.000           2               2               0               0               0               101.606         101.606         0.000           0.000           0.000           2               2               0               0               0               
        gen_gpios\[2\].i_sync                                                   101.606         101.606         0.000           0.000           0.000           2               2               0               0               0               101.606         101.606         0.000           0.000           0.000           2               2               0               0               0               
        gen_gpios\[30\].i_sync                                                  101.606         101.606         0.000           0.000           0.000           2               2               0               0               0               101.606         101.606         0.000           0.000           0.000           2               2               0               0               0               
        gen_gpios\[31\].i_sync                                                  101.606         101.606         0.000           0.000           0.000           2               2               0               0               0               101.606         101.606         0.000           0.000           0.000           2               2               0               0               0               
        gen_gpios\[3\].i_sync                                                   101.606         101.606         0.000           0.000           0.000           2               2               0               0               0               101.606         101.606         0.000           0.000           0.000           2               2               0               0               0               
        gen_gpios\[4\].i_sync                                                   101.606         101.606         0.000           0.000           0.000           2               2               0               0               0               101.606         101.606         0.000           0.000           0.000           2               2               0               0               0               
        gen_gpios\[5\].i_sync                                                   101.606         101.606         0.000           0.000           0.000           2               2               0               0               0               101.606         101.606         0.000           0.000           0.000           2               2               0               0               0               
        gen_gpios\[6\].i_sync                                                   101.606         101.606         0.000           0.000           0.000           2               2               0               0               0               101.606         101.606         0.000           0.000           0.000           2               2               0               0               0               
        gen_gpios\[7\].i_sync                                                   94.349          94.349          0.000           0.000           0.000           2               2               0               0               0               94.349          94.349          0.000           0.000           0.000           2               2               0               0               0               
        gen_gpios\[8\].i_sync                                                   94.349          94.349          0.000           0.000           0.000           2               2               0               0               0               94.349          94.349          0.000           0.000           0.000           2               2               0               0               0               
        gen_gpios\[9\].i_sync                                                   94.349          94.349          0.000           0.000           0.000           2               2               0               0               0               94.349          94.349          0.000           0.000           0.000           2               2               0               0               0               
      i_soc_ctrl                                                                5591.981        5591.981        0.000           0.000           0.000           239             239             0               0               0               5591.981        5591.981        0.000           0.000           0.000           239             239             0               0               0               
      i_timer                                                                   27927.245       27927.245       0.000           0.000           0.000           1592            1592            0               0               0               27927.245       27927.245       0.000           0.000           0.000           1592            1592            0               0               0               
      i_uart                                                                    120421.728      120421.728      0.000           0.000           0.000           4379            4379            0               0               0               120421.728      120421.728      0.000           0.000           0.000           4379            4379            0               0               0               
    i_ext_intr_sync                                                             101.606         101.606         0.000           0.000           0.000           2               2               0               0               0               101.606         101.606         0.000           0.000           0.000           2               2               0               0               0               
    i_rstgen.i_rstgen_bypass.i_tc_clk_mux2_init_no                              32.659          32.659          0.000           0.000           0.000           3               3               0               0               0               32.659          32.659          0.000           0.000           0.000           3               3               0               0               0               
    i_rstgen.i_rstgen_bypass.i_tc_clk_mux2_rst_n                                27.216          27.216          0.000           0.000           0.000           2               2               0               0               0               27.216          27.216          0.000           0.000           0.000           2               2               0               0               0               
    i_rstgen.i_rstgen_bypass.i_tc_clk_mux2_rst_no                               25.402          25.402          0.000           0.000           0.000           2               2               0               0               0               25.402          25.402          0.000           0.000           0.000           2               2               0               0               0               
    i_user                                                                      27368.410       27368.410       0.000           0.000           0.000           1243            1243            0               0               0               27368.410       27368.410       0.000           0.000           0.000           1243            1243            0               0               0               
