
==========================================================================
05_croc.grt_repaired check_setup
--------------------------------------------------------------------------
0

==========================================================================
05_croc.grt_repaired report_tns
--------------------------------------------------------------------------
tns -0.14

==========================================================================
05_croc.grt_repaired report_wns
--------------------------------------------------------------------------
wns -0.14

==========================================================================
05_croc.grt_repaired report_worst_slack
--------------------------------------------------------------------------
worst slack -0.14

==========================================================================
05_croc.grt_repaired report_checks -path_delay min
--------------------------------------------------------------------------
Startpoint: i_croc_soc/i_rstgen.i_rstgen_bypass.synch_regs_q_3__reg
            (rising edge-triggered flip-flop clocked by clk_sys)
Endpoint: i_croc_soc/i_croc/i_dmi_jtag/i_dmi_cdc.i_cdc_resp/i_cdc_reset_ctrlr/i_cdc_reset_ctrlr_half_a/i_state_transition_cdc_src/async_data_o[0]_reg
          (removal check against rising-edge clock clk_sys)
Path Group: asynchronous
Path Type: min
Corner: ff

Fanout     Cap    Slew   Delay    Time   Description
-----------------------------------------------------------------------------
                          0.00    0.00   clock clk_sys (rise edge)
                          0.00    0.00   clock source latency
     1    0.20    0.25    0.02    0.02 ^ clk_i (in)
                                         clk_i (net)
                  0.25    0.00    0.02 ^ pad_clk_i/pad (sg13g2_IOPadIn)
     1    0.09    0.11    0.08    0.10 ^ pad_clk_i/p2c (sg13g2_IOPadIn)
                                         soc_clk_i (net)
                  0.10    0.02    0.12 ^ clkbuf_0_soc_clk_i/A (sg13g2_buf_8)
     4    0.15    0.06    0.10    0.22 ^ clkbuf_0_soc_clk_i/X (sg13g2_buf_8)
                                         clknet_0_soc_clk_i (net)
                  0.07    0.02    0.24 ^ clkbuf_2_0_0_soc_clk_i/A (sg13g2_buf_16)
     4    0.13    0.03    0.07    0.31 ^ clkbuf_2_0_0_soc_clk_i/X (sg13g2_buf_16)
                                         clknet_2_0_0_soc_clk_i (net)
                  0.04    0.01    0.32 ^ clkbuf_4_1_0_soc_clk_i/A (sg13g2_buf_16)
     8    0.13    0.03    0.06    0.38 ^ clkbuf_4_1_0_soc_clk_i/X (sg13g2_buf_16)
                                         clknet_4_1_0_soc_clk_i (net)
                  0.04    0.01    0.39 ^ clkbuf_7_10__f_soc_clk_i/A (sg13g2_buf_8)
     7    0.15    0.06    0.08    0.48 ^ clkbuf_7_10__f_soc_clk_i/X (sg13g2_buf_8)
                                         clknet_7_10__leaf_soc_clk_i (net)
                  0.06    0.01    0.48 ^ clkbuf_leaf_175_soc_clk_i/A (sg13g2_buf_16)
     6    0.03    0.02    0.06    0.54 ^ clkbuf_leaf_175_soc_clk_i/X (sg13g2_buf_16)
                                         clknet_leaf_175_soc_clk_i (net)
                  0.02    0.00    0.54 ^ i_croc_soc/i_rstgen.i_rstgen_bypass.synch_regs_q_3__reg/CLK (sg13g2_dfrbp_1)
     2    0.01    0.03    0.15    0.69 ^ i_croc_soc/i_rstgen.i_rstgen_bypass.synch_regs_q_3__reg/Q (sg13g2_dfrbp_1)
                                         i_croc_soc/i_rstgen.i_rstgen_bypass.synch_regs_q_3_ (net)
                  0.03    0.00    0.69 ^ i_croc_soc/i_rstgen.i_rstgen_bypass.i_tc_clk_mux2_rst_no/i_mux/A0 (sg13g2_mux2_1)
     1    0.01    0.04    0.08    0.77 ^ i_croc_soc/i_rstgen.i_rstgen_bypass.i_tc_clk_mux2_rst_no/i_mux/X (sg13g2_mux2_1)
                                         i_croc_soc/i_rstgen.i_rstgen_bypass.rst_no (net)
                  0.04    0.00    0.77 ^ fanout5341/A (sg13g2_buf_8)
     6    0.24    0.05    0.07    0.84 ^ fanout5341/X (sg13g2_buf_8)
                                         net5341 (net)
                  0.08    0.03    0.86 ^ fanout4608/A (sg13g2_buf_8)
     5    0.07    0.03    0.08    0.94 ^ fanout4608/X (sg13g2_buf_8)
                                         net4608 (net)
                  0.04    0.00    0.95 ^ fanout4541/A (sg13g2_buf_4)
     5    0.07    0.06    0.09    1.04 ^ fanout4541/X (sg13g2_buf_4)
                                         net4541 (net)
                  0.06    0.00    1.04 ^ i_croc_soc/i_croc/i_dmi_jtag/i_dmi_cdc.i_cdc_resp/i_cdc_reset_ctrlr/i_cdc_reset_ctrlr_half_a/i_state_transition_cdc_src/async_data_o[0]_reg/RESET_B (sg13g2_dfrbp_2)
                                  1.04   data arrival time

                          0.00    0.00   clock clk_sys (rise edge)
                          0.00    0.00   clock source latency
     1    0.24    0.26    0.03    0.03 ^ clk_i (in)
                                         clk_i (net)
                  0.26    0.00    0.03 ^ pad_clk_i/pad (sg13g2_IOPadIn)
     1    0.09    0.11    0.08    0.10 ^ pad_clk_i/p2c (sg13g2_IOPadIn)
                                         soc_clk_i (net)
                  0.10    0.02    0.12 ^ clkbuf_0_soc_clk_i/A (sg13g2_buf_8)
     4    0.15    0.06    0.10    0.22 ^ clkbuf_0_soc_clk_i/X (sg13g2_buf_8)
                                         clknet_0_soc_clk_i (net)
                  0.07    0.02    0.24 ^ clkbuf_2_0_0_soc_clk_i/A (sg13g2_buf_16)
     4    0.13    0.03    0.07    0.31 ^ clkbuf_2_0_0_soc_clk_i/X (sg13g2_buf_16)
                                         clknet_2_0_0_soc_clk_i (net)
                  0.05    0.02    0.33 ^ clkbuf_4_2_0_soc_clk_i/A (sg13g2_buf_16)
     8    0.13    0.03    0.06    0.40 ^ clkbuf_4_2_0_soc_clk_i/X (sg13g2_buf_16)
                                         clknet_4_2_0_soc_clk_i (net)
                  0.04    0.01    0.41 ^ clkbuf_7_16__f_soc_clk_i/A (sg13g2_buf_8)
     8    0.16    0.06    0.09    0.50 ^ clkbuf_7_16__f_soc_clk_i/X (sg13g2_buf_8)
                                         clknet_7_16__leaf_soc_clk_i (net)
                  0.06    0.01    0.50 ^ clkbuf_leaf_793_soc_clk_i/A (sg13g2_buf_16)
     8    0.04    0.02    0.06    0.57 ^ clkbuf_leaf_793_soc_clk_i/X (sg13g2_buf_16)
                                         clknet_leaf_793_soc_clk_i (net)
                  0.02    0.00    0.57 ^ i_croc_soc/i_croc/i_dmi_jtag/i_dmi_cdc.i_cdc_resp/i_cdc_reset_ctrlr/i_cdc_reset_ctrlr_half_a/i_state_transition_cdc_src/async_data_o[0]_reg/CLK (sg13g2_dfrbp_2)
                          0.10    0.67   clock uncertainty
                          0.00    0.66   clock reconvergence pessimism
                         -0.08    0.58   library removal time
                                  0.58   data required time
-----------------------------------------------------------------------------
                                  0.58   data required time
                                 -1.04   data arrival time
-----------------------------------------------------------------------------
                                  0.46   slack (MET)


Startpoint: i_croc_soc/i_croc/i_dmi_jtag/i_dmi_jtag_tap.idcode_q_14__reg
            (rising edge-triggered flip-flop clocked by clk_jtg)
Endpoint: i_croc_soc/i_croc/i_dmi_jtag/i_dmi_jtag_tap.idcode_q_13__reg
          (rising edge-triggered flip-flop clocked by clk_jtg)
Path Group: clk_jtg
Path Type: min
Corner: ff

Fanout     Cap    Slew   Delay    Time   Description
-----------------------------------------------------------------------------
                          0.00    0.00   clock clk_jtg (rise edge)
                          0.00    0.00   clock source latency
     1    0.20    0.25    0.02    0.02 ^ jtag_tck_i (in)
                                         jtag_tck_i (net)
                  0.25    0.00    0.02 ^ pad_jtag_tck_i/pad (sg13g2_IOPadIn)
     1    0.06    0.09    0.07    0.09 ^ pad_jtag_tck_i/p2c (sg13g2_IOPadIn)
                                         soc_jtag_tck_i (net)
                  0.07    0.01    0.10 ^ clkbuf_0_soc_jtag_tck_i/A (sg13g2_buf_8)
     8    0.13    0.05    0.09    0.19 ^ clkbuf_0_soc_jtag_tck_i/X (sg13g2_buf_8)
                                         clknet_0_soc_jtag_tck_i (net)
                  0.05    0.01    0.20 ^ clkbuf_3_4__f_soc_jtag_tck_i/A (sg13g2_buf_8)
     7    0.15    0.06    0.09    0.28 ^ clkbuf_3_4__f_soc_jtag_tck_i/X (sg13g2_buf_8)
                                         clknet_3_4__leaf_soc_jtag_tck_i (net)
                  0.06    0.01    0.29 ^ clkbuf_leaf_4_soc_jtag_tck_i/A (sg13g2_buf_16)
     8    0.04    0.02    0.06    0.35 ^ clkbuf_leaf_4_soc_jtag_tck_i/X (sg13g2_buf_16)
                                         clknet_leaf_4_soc_jtag_tck_i (net)
                  0.02    0.00    0.35 ^ i_croc_soc/i_croc/i_dmi_jtag/i_dmi_jtag_tap.idcode_q_14__reg/CLK (sg13g2_dfrbp_1)
     2    0.01    0.04    0.12    0.47 v i_croc_soc/i_croc/i_dmi_jtag/i_dmi_jtag_tap.idcode_q_14__reg/Q_N (sg13g2_dfrbp_1)
                                         i_croc_soc/i_croc/i_dmi_jtag/i_dmi_jtag_tap.idcode_q_14_ (net)
                  0.04    0.00    0.47 v i_croc_soc/i_croc/i_dmi_jtag/_1754_/B2 (sg13g2_a22oi_1)
     1    0.00    0.03    0.04    0.51 ^ i_croc_soc/i_croc/i_dmi_jtag/_1754_/Y (sg13g2_a22oi_1)
                                         i_croc_soc/i_croc/i_dmi_jtag/_0230_ (net)
                  0.03    0.00    0.51 ^ i_croc_soc/i_croc/i_dmi_jtag/_1755_/B (sg13g2_nor2_1)
     1    0.00    0.02    0.02    0.53 v i_croc_soc/i_croc/i_dmi_jtag/_1755_/Y (sg13g2_nor2_1)
                                         i_croc_soc/i_croc/i_dmi_jtag/i_dmi_jtag_tap.idcode_d_13_ (net)
                  0.02    0.00    0.53 v i_croc_soc/i_croc/i_dmi_jtag/i_dmi_jtag_tap.idcode_q_13__reg/D (sg13g2_dfrbp_1)
                                  0.53   data arrival time

                          0.00    0.00   clock clk_jtg (rise edge)
                          0.00    0.00   clock source latency
     1    0.24    0.26    0.03    0.03 ^ jtag_tck_i (in)
                                         jtag_tck_i (net)
                  0.26    0.00    0.03 ^ pad_jtag_tck_i/pad (sg13g2_IOPadIn)
     1    0.06    0.09    0.07    0.09 ^ pad_jtag_tck_i/p2c (sg13g2_IOPadIn)
                                         soc_jtag_tck_i (net)
                  0.07    0.01    0.11 ^ clkbuf_0_soc_jtag_tck_i/A (sg13g2_buf_8)
     8    0.13    0.05    0.09    0.19 ^ clkbuf_0_soc_jtag_tck_i/X (sg13g2_buf_8)
                                         clknet_0_soc_jtag_tck_i (net)
                  0.05    0.01    0.20 ^ clkbuf_3_4__f_soc_jtag_tck_i/A (sg13g2_buf_8)
     7    0.15    0.06    0.09    0.29 ^ clkbuf_3_4__f_soc_jtag_tck_i/X (sg13g2_buf_8)
                                         clknet_3_4__leaf_soc_jtag_tck_i (net)
                  0.06    0.01    0.29 ^ clkbuf_leaf_5_soc_jtag_tck_i/A (sg13g2_buf_16)
     8    0.04    0.02    0.06    0.36 ^ clkbuf_leaf_5_soc_jtag_tck_i/X (sg13g2_buf_16)
                                         clknet_leaf_5_soc_jtag_tck_i (net)
                  0.02    0.00    0.36 ^ i_croc_soc/i_croc/i_dmi_jtag/i_dmi_jtag_tap.idcode_q_13__reg/CLK (sg13g2_dfrbp_1)
                          0.10    0.46   clock uncertainty
                          0.00    0.45   clock reconvergence pessimism
                         -0.02    0.43   library hold time
                                  0.43   data required time
-----------------------------------------------------------------------------
                                  0.43   data required time
                                 -0.53   data arrival time
-----------------------------------------------------------------------------
                                  0.10   slack (MET)


Startpoint: i_croc_soc/i_user/i_user_rand.i_prand_1.lfsr_q_1__reg
            (rising edge-triggered flip-flop clocked by clk_sys)
Endpoint: i_croc_soc/i_user/i_user_rand.i_prand_1.lfsr_q_2__reg
          (rising edge-triggered flip-flop clocked by clk_sys)
Path Group: clk_sys
Path Type: min
Corner: ff

Fanout     Cap    Slew   Delay    Time   Description
-----------------------------------------------------------------------------
                          0.00    0.00   clock clk_sys (rise edge)
                          0.00    0.00   clock source latency
     1    0.20    0.25    0.02    0.02 ^ clk_i (in)
                                         clk_i (net)
                  0.25    0.00    0.02 ^ pad_clk_i/pad (sg13g2_IOPadIn)
     1    0.09    0.11    0.08    0.10 ^ pad_clk_i/p2c (sg13g2_IOPadIn)
                                         soc_clk_i (net)
                  0.10    0.02    0.12 ^ clkbuf_0_soc_clk_i/A (sg13g2_buf_8)
     4    0.15    0.06    0.10    0.22 ^ clkbuf_0_soc_clk_i/X (sg13g2_buf_8)
                                         clknet_0_soc_clk_i (net)
                  0.07    0.02    0.24 ^ clkbuf_2_3_0_soc_clk_i/A (sg13g2_buf_16)
     4    0.14    0.03    0.07    0.31 ^ clkbuf_2_3_0_soc_clk_i/X (sg13g2_buf_16)
                                         clknet_2_3_0_soc_clk_i (net)
                  0.05    0.02    0.33 ^ clkbuf_4_13_0_soc_clk_i/A (sg13g2_buf_16)
     8    0.14    0.03    0.07    0.40 ^ clkbuf_4_13_0_soc_clk_i/X (sg13g2_buf_16)
                                         clknet_4_13_0_soc_clk_i (net)
                  0.04    0.01    0.41 ^ clkbuf_7_111__f_soc_clk_i/A (sg13g2_buf_8)
     7    0.15    0.06    0.08    0.49 ^ clkbuf_7_111__f_soc_clk_i/X (sg13g2_buf_8)
                                         clknet_7_111__leaf_soc_clk_i (net)
                  0.06    0.01    0.50 ^ clkbuf_leaf_403_soc_clk_i/A (sg13g2_buf_16)
     8    0.04    0.02    0.06    0.56 ^ clkbuf_leaf_403_soc_clk_i/X (sg13g2_buf_16)
                                         clknet_leaf_403_soc_clk_i (net)
                  0.02    0.00    0.56 ^ i_croc_soc/i_user/i_user_rand.i_prand_1.lfsr_q_1__reg/CLK (sg13g2_dfrbp_1)
     2    0.01    0.03    0.11    0.67 ^ i_croc_soc/i_user/i_user_rand.i_prand_1.lfsr_q_1__reg/Q_N (sg13g2_dfrbp_1)
                                         i_croc_soc/i_user/i_user_rand.i_prand_1.lfsr_q_1_ (net)
                  0.03    0.00    0.67 ^ i_croc_soc/i_user/_1547_/A1 (sg13g2_mux2_1)
     1    0.00    0.02    0.06    0.73 ^ i_croc_soc/i_user/_1547_/X (sg13g2_mux2_1)
                                         i_croc_soc/i_user/i_user_rand.i_prand_1.lfsr_d_2_ (net)
                  0.02    0.00    0.73 ^ i_croc_soc/i_user/i_user_rand.i_prand_1.lfsr_q_2__reg/D (sg13g2_dfrbp_1)
                                  0.73   data arrival time

                          0.00    0.00   clock clk_sys (rise edge)
                          0.00    0.00   clock source latency
     1    0.24    0.26    0.03    0.03 ^ clk_i (in)
                                         clk_i (net)
                  0.26    0.00    0.03 ^ pad_clk_i/pad (sg13g2_IOPadIn)
     1    0.09    0.11    0.08    0.10 ^ pad_clk_i/p2c (sg13g2_IOPadIn)
                                         soc_clk_i (net)
                  0.10    0.02    0.12 ^ clkbuf_0_soc_clk_i/A (sg13g2_buf_8)
     4    0.15    0.06    0.10    0.22 ^ clkbuf_0_soc_clk_i/X (sg13g2_buf_8)
                                         clknet_0_soc_clk_i (net)
                  0.07    0.02    0.24 ^ clkbuf_2_3_0_soc_clk_i/A (sg13g2_buf_16)
     4    0.14    0.03    0.07    0.31 ^ clkbuf_2_3_0_soc_clk_i/X (sg13g2_buf_16)
                                         clknet_2_3_0_soc_clk_i (net)
                  0.05    0.02    0.33 ^ clkbuf_4_13_0_soc_clk_i/A (sg13g2_buf_16)
     8    0.14    0.03    0.07    0.40 ^ clkbuf_4_13_0_soc_clk_i/X (sg13g2_buf_16)
                                         clknet_4_13_0_soc_clk_i (net)
                  0.05    0.02    0.42 ^ clkbuf_7_108__f_soc_clk_i/A (sg13g2_buf_8)
     7    0.15    0.06    0.08    0.50 ^ clkbuf_7_108__f_soc_clk_i/X (sg13g2_buf_8)
                                         clknet_7_108__leaf_soc_clk_i (net)
                  0.06    0.01    0.51 ^ clkbuf_leaf_406_soc_clk_i/A (sg13g2_buf_16)
     9    0.04    0.02    0.06    0.57 ^ clkbuf_leaf_406_soc_clk_i/X (sg13g2_buf_16)
                                         clknet_leaf_406_soc_clk_i (net)
                  0.02    0.00    0.57 ^ i_croc_soc/i_user/i_user_rand.i_prand_1.lfsr_q_2__reg/CLK (sg13g2_dfrbp_1)
                          0.10    0.67   clock uncertainty
                          0.00    0.67   clock reconvergence pessimism
                         -0.04    0.63   library hold time
                                  0.63   data required time
-----------------------------------------------------------------------------
                                  0.63   data required time
                                 -0.73   data arrival time
-----------------------------------------------------------------------------
                                  0.10   slack (MET)



==========================================================================
05_croc.grt_repaired report_checks -path_delay max
--------------------------------------------------------------------------
Startpoint: i_croc_soc/i_rstgen.i_rstgen_bypass.synch_regs_q_3__reg
            (rising edge-triggered flip-flop clocked by clk_sys)
Endpoint: i_croc_soc/i_croc/i_dm_top.i_dm_top/i_dm_mem.rdata_q_50__reg
          (recovery check against rising-edge clock clk_sys)
Path Group: asynchronous
Path Type: max
Corner: tt

Fanout     Cap    Slew   Delay    Time   Description
-----------------------------------------------------------------------------
                          0.00    0.00   clock clk_sys (rise edge)
                          0.00    0.00   clock source latency
     1    0.24    0.35    0.04    0.04 ^ clk_i (in)
                                         clk_i (net)
                  0.35    0.00    0.04 ^ pad_clk_i/pad (sg13g2_IOPadIn)
     1    0.09    0.17    0.12    0.16 ^ pad_clk_i/p2c (sg13g2_IOPadIn)
                                         soc_clk_i (net)
                  0.14    0.02    0.18 ^ clkbuf_0_soc_clk_i/A (sg13g2_buf_8)
     4    0.15    0.09    0.15    0.33 ^ clkbuf_0_soc_clk_i/X (sg13g2_buf_8)
                                         clknet_0_soc_clk_i (net)
                  0.10    0.02    0.35 ^ clkbuf_2_0_0_soc_clk_i/A (sg13g2_buf_16)
     4    0.13    0.05    0.11    0.47 ^ clkbuf_2_0_0_soc_clk_i/X (sg13g2_buf_16)
                                         clknet_2_0_0_soc_clk_i (net)
                  0.05    0.01    0.48 ^ clkbuf_4_1_0_soc_clk_i/A (sg13g2_buf_16)
     8    0.12    0.04    0.09    0.57 ^ clkbuf_4_1_0_soc_clk_i/X (sg13g2_buf_16)
                                         clknet_4_1_0_soc_clk_i (net)
                  0.05    0.01    0.58 ^ clkbuf_7_10__f_soc_clk_i/A (sg13g2_buf_8)
     7    0.14    0.08    0.12    0.70 ^ clkbuf_7_10__f_soc_clk_i/X (sg13g2_buf_8)
                                         clknet_7_10__leaf_soc_clk_i (net)
                  0.08    0.01    0.71 ^ clkbuf_leaf_175_soc_clk_i/A (sg13g2_buf_16)
     6    0.03    0.02    0.09    0.80 ^ clkbuf_leaf_175_soc_clk_i/X (sg13g2_buf_16)
                                         clknet_leaf_175_soc_clk_i (net)
                  0.02    0.00    0.80 ^ i_croc_soc/i_rstgen.i_rstgen_bypass.synch_regs_q_3__reg/CLK (sg13g2_dfrbp_1)
     2    0.01    0.05    0.22    1.02 ^ i_croc_soc/i_rstgen.i_rstgen_bypass.synch_regs_q_3__reg/Q (sg13g2_dfrbp_1)
                                         i_croc_soc/i_rstgen.i_rstgen_bypass.synch_regs_q_3_ (net)
                  0.05    0.00    1.02 ^ i_croc_soc/i_rstgen.i_rstgen_bypass.i_tc_clk_mux2_rst_no/i_mux/A0 (sg13g2_mux2_1)
     1    0.01    0.06    0.11    1.14 ^ i_croc_soc/i_rstgen.i_rstgen_bypass.i_tc_clk_mux2_rst_no/i_mux/X (sg13g2_mux2_1)
                                         i_croc_soc/i_rstgen.i_rstgen_bypass.rst_no (net)
                  0.06    0.00    1.14 ^ fanout5341/A (sg13g2_buf_8)
     6    0.23    0.10    0.12    1.26 ^ fanout5341/X (sg13g2_buf_8)
                                         net5341 (net)
                  0.23    0.10    1.36 ^ fanout5148/A (sg13g2_buf_4)
     4    0.06    0.08    0.21    1.57 ^ fanout5148/X (sg13g2_buf_4)
                                         net5148 (net)
                  0.08    0.00    1.57 ^ fanout4990/A (sg13g2_buf_4)
     4    0.04    0.06    0.13    1.70 ^ fanout4990/X (sg13g2_buf_4)
                                         net4990 (net)
                  0.06    0.01    1.71 ^ fanout4956/A (sg13g2_buf_4)
     4    0.04    0.06    0.12    1.83 ^ fanout4956/X (sg13g2_buf_4)
                                         net4956 (net)
                  0.06    0.00    1.83 ^ fanout4955/A (sg13g2_buf_2)
     5    0.03    0.08    0.12    1.96 ^ fanout4955/X (sg13g2_buf_2)
                                         net4955 (net)
                  0.08    0.00    1.96 ^ fanout4954/A (sg13g2_buf_4)
     8    0.06    0.08    0.15    2.11 ^ fanout4954/X (sg13g2_buf_4)
                                         net4954 (net)
                  0.08    0.00    2.12 ^ fanout4953/A (sg13g2_buf_4)
     8    0.06    0.07    0.15    2.27 ^ fanout4953/X (sg13g2_buf_4)
                                         net4953 (net)
                  0.07    0.00    2.27 ^ fanout4951/A (sg13g2_buf_4)
     8    0.06    0.08    0.15    2.42 ^ fanout4951/X (sg13g2_buf_4)
                                         net4951 (net)
                  0.08    0.01    2.42 ^ i_croc_soc/i_croc/i_dm_top.i_dm_top/i_dm_mem.rdata_q_50__reg/RESET_B (sg13g2_dfrbp_1)
                                  2.42   data arrival time

                         12.50   12.50   clock clk_sys (rise edge)
                          0.00   12.50   clock source latency
     1    0.20    0.34    0.03   12.53 ^ clk_i (in)
                                         clk_i (net)
                  0.34    0.00   12.53 ^ pad_clk_i/pad (sg13g2_IOPadIn)
     1    0.09    0.17    0.12   12.65 ^ pad_clk_i/p2c (sg13g2_IOPadIn)
                                         soc_clk_i (net)
                  0.14    0.02   12.67 ^ clkbuf_0_soc_clk_i/A (sg13g2_buf_8)
     4    0.15    0.09    0.15   12.83 ^ clkbuf_0_soc_clk_i/X (sg13g2_buf_8)
                                         clknet_0_soc_clk_i (net)
                  0.10    0.02   12.85 ^ clkbuf_2_2_0_soc_clk_i/A (sg13g2_buf_16)
     4    0.13    0.04    0.11   12.95 ^ clkbuf_2_2_0_soc_clk_i/X (sg13g2_buf_16)
                                         clknet_2_2_0_soc_clk_i (net)
                  0.07    0.03   12.98 ^ clkbuf_4_8_0_soc_clk_i/A (sg13g2_buf_16)
     8    0.13    0.04    0.10   13.08 ^ clkbuf_4_8_0_soc_clk_i/X (sg13g2_buf_16)
                                         clknet_4_8_0_soc_clk_i (net)
                  0.06    0.02   13.10 ^ clkbuf_7_70__f_soc_clk_i/A (sg13g2_buf_8)
     7    0.15    0.09    0.13   13.23 ^ clkbuf_7_70__f_soc_clk_i/X (sg13g2_buf_8)
                                         clknet_7_70__leaf_soc_clk_i (net)
                  0.09    0.01   13.23 ^ clkbuf_leaf_661_soc_clk_i/A (sg13g2_buf_16)
     8    0.03    0.03    0.10   13.33 ^ clkbuf_leaf_661_soc_clk_i/X (sg13g2_buf_16)
                                         clknet_leaf_661_soc_clk_i (net)
                  0.03    0.00   13.33 ^ i_croc_soc/i_croc/i_dm_top.i_dm_top/i_dm_mem.rdata_q_50__reg/CLK (sg13g2_dfrbp_1)
                         -0.10   13.23   clock uncertainty
                          0.01   13.24   clock reconvergence pessimism
                         -0.13   13.11   library recovery time
                                 13.11   data required time
-----------------------------------------------------------------------------
                                 13.11   data required time
                                 -2.42   data arrival time
-----------------------------------------------------------------------------
                                 10.68   slack (MET)


Startpoint: i_croc_soc/i_croc/i_dmi_jtag/i_dmi_cdc.i_cdc_req/i_dst/async_ack_o_reg
            (rising edge-triggered flip-flop clocked by clk_sys)
Endpoint: i_croc_soc/i_croc/i_dm_top.i_dm_top/i_dm_csrs.progbuf_o_239__reg
          (rising edge-triggered flip-flop clocked by clk_sys)
Path Group: path delay
Path Type: max
Corner: tt

Fanout     Cap    Slew   Delay    Time   Description
-----------------------------------------------------------------------------
                  0.03    0.00    0.00 ^ i_croc_soc/i_croc/i_dmi_jtag/i_dmi_cdc.i_cdc_req/i_dst/async_ack_o_reg/CLK (sg13g2_dfrbp_2)
     6    0.03    0.08    0.29    0.29 ^ i_croc_soc/i_croc/i_dmi_jtag/i_dmi_cdc.i_cdc_req/i_dst/async_ack_o_reg/Q (sg13g2_dfrbp_2)
                                         i_croc_soc/i_croc/i_dmi_jtag/i_dmi_cdc.i_cdc_req/async_ack (net)
                  0.08    0.00    0.29 ^ i_croc_soc/i_croc/i_dmi_jtag/i_dmi_cdc.i_cdc_req/i_dst/_199_/A (sg13g2_xor2_1)
     1    0.00    0.06    0.12    0.40 ^ i_croc_soc/i_croc/i_dmi_jtag/i_dmi_cdc.i_cdc_req/i_dst/_199_/X (sg13g2_xor2_1)
                                         i_croc_soc/i_croc/i_dmi_jtag/i_dmi_cdc.i_cdc_req/s_dst_valid (net)
                  0.06    0.00    0.40 ^ i_croc_soc/i_croc/i_dmi_jtag/i_dmi_cdc.i_cdc_req/_5_/B_N (sg13g2_nor2b_2)
     5    0.03    0.14    0.18    0.58 ^ i_croc_soc/i_croc/i_dmi_jtag/i_dmi_cdc.i_cdc_req/_5_/Y (sg13g2_nor2b_2)
                                         i_croc_soc/i_croc/dmi_req_valid (net)
                  0.14    0.00    0.58 ^ i_croc_soc/i_croc/i_dm_top.i_dm_top/_4825_/A (sg13g2_and2_2)
     6    0.06    0.13    0.23    0.81 ^ i_croc_soc/i_croc/i_dm_top.i_dm_top/_4825_/X (sg13g2_and2_2)
                                         i_croc_soc/i_croc/i_dm_top.i_dm_top/_0602_ (net)
                  0.13    0.01    0.82 ^ i_croc_soc/i_croc/i_dm_top.i_dm_top/_4839_/A (sg13g2_nand2_1)
     2    0.01    0.08    0.11    0.93 v i_croc_soc/i_croc/i_dm_top.i_dm_top/_4839_/Y (sg13g2_nand2_1)
                                         i_croc_soc/i_croc/i_dm_top.i_dm_top/_0615_ (net)
                  0.08    0.00    0.93 v fanout3609/A (sg13g2_buf_2)
     8    0.04    0.08    0.14    1.07 v fanout3609/X (sg13g2_buf_2)
                                         net3609 (net)
                  0.08    0.01    1.08 v i_croc_soc/i_croc/i_dm_top.i_dm_top/_4844_/A (sg13g2_nor2_2)
     7    0.04    0.16    0.16    1.24 ^ i_croc_soc/i_croc/i_dm_top.i_dm_top/_4844_/Y (sg13g2_nor2_2)
                                         i_croc_soc/i_croc/i_dm_top.i_dm_top/_0620_ (net)
                  0.16    0.00    1.24 ^ i_croc_soc/i_croc/i_dm_top.i_dm_top/_6488_/A1 (sg13g2_a21oi_2)
     8    0.04    0.15    0.18    1.42 v i_croc_soc/i_croc/i_dm_top.i_dm_top/_6488_/Y (sg13g2_a21oi_2)
                                         i_croc_soc/i_croc/i_dm_top.i_dm_top/_2045_ (net)
                  0.15    0.00    1.42 v i_croc_soc/i_croc/i_dm_top.i_dm_top/_6962_/B1 (sg13g2_a21oi_1)
     1    0.01    0.13    0.15    1.57 ^ i_croc_soc/i_croc/i_dm_top.i_dm_top/_6962_/Y (sg13g2_a21oi_1)
                                         i_croc_soc/i_croc/i_dm_top.i_dm_top/_2381_ (net)
                  0.13    0.00    1.58 ^ fanout3261/A (sg13g2_buf_4)
     5    0.03    0.05    0.15    1.73 ^ fanout3261/X (sg13g2_buf_4)
                                         net3261 (net)
                  0.05    0.01    1.73 ^ fanout3259/A (sg13g2_buf_2)
     4    0.03    0.07    0.11    1.85 ^ fanout3259/X (sg13g2_buf_2)
                                         net3259 (net)
                  0.07    0.00    1.85 ^ fanout3256/A (sg13g2_buf_4)
     8    0.05    0.06    0.13    1.98 ^ fanout3256/X (sg13g2_buf_4)
                                         net3256 (net)
                  0.06    0.00    1.98 ^ fanout3255/A (sg13g2_buf_2)
     8    0.04    0.10    0.14    2.12 ^ fanout3255/X (sg13g2_buf_2)
                                         net3255 (net)
                  0.10    0.00    2.13 ^ i_croc_soc/i_croc/i_dm_top.i_dm_top/_7017_/C (sg13g2_nand3_1)
     1    0.01    0.07    0.11    2.24 v i_croc_soc/i_croc/i_dm_top.i_dm_top/_7017_/Y (sg13g2_nand3_1)
                                         i_croc_soc/i_croc/i_dm_top.i_dm_top/_2420_ (net)
                  0.07    0.00    2.24 v i_croc_soc/i_croc/i_dm_top.i_dm_top/_7018_/B1 (sg13g2_o21ai_1)
     1    0.00    0.08    0.05    2.29 ^ i_croc_soc/i_croc/i_dm_top.i_dm_top/_7018_/Y (sg13g2_o21ai_1)
                                         i_croc_soc/i_croc/i_dm_top.i_dm_top/_0336_ (net)
                  0.08    0.00    2.29 ^ i_croc_soc/i_croc/i_dm_top.i_dm_top/i_dm_csrs.progbuf_o_239__reg/D (sg13g2_dfrbp_1)
                                  2.29   data arrival time

                          4.38    4.38   max_delay
                         -0.13    4.25   library setup time
                                  4.25   data required time
-----------------------------------------------------------------------------
                                  4.25   data required time
                                 -2.29   data arrival time
-----------------------------------------------------------------------------
                                  1.96   slack (MET)


Startpoint: i_croc_soc/i_croc/i_dmi_jtag/td_o_reg
            (rising edge-triggered flip-flop clocked by clk_jtg')
Endpoint: jtag_tdo_o (output port clocked by clk_jtg)
Path Group: clk_jtg
Path Type: max
Corner: tt

Fanout     Cap    Slew   Delay    Time   Description
-----------------------------------------------------------------------------
                         10.00   10.00   clock clk_jtg' (rise edge)
                          0.00   10.00   clock source latency
     1    0.23    0.49    0.03   10.03 v jtag_tck_i (in)
                                         jtag_tck_i (net)
                  0.49    0.00   10.03 v pad_jtag_tck_i/pad (sg13g2_IOPadIn)
     1    0.06    0.18    0.65   10.68 v pad_jtag_tck_i/p2c (sg13g2_IOPadIn)
                                         soc_jtag_tck_i (net)
                  0.13    0.01   10.69 v clkbuf_0_soc_jtag_tck_i/A (sg13g2_buf_8)
     8    0.12    0.06    0.15   10.84 v clkbuf_0_soc_jtag_tck_i/X (sg13g2_buf_8)
                                         clknet_0_soc_jtag_tck_i (net)
                  0.06    0.01   10.85 v clkbuf_3_5__f_soc_jtag_tck_i/A (sg13g2_buf_8)
     7    0.14    0.07    0.13   10.98 v clkbuf_3_5__f_soc_jtag_tck_i/X (sg13g2_buf_8)
                                         clknet_3_5__leaf_soc_jtag_tck_i (net)
                  0.07    0.00   10.98 v clkbuf_leaf_3_soc_jtag_tck_i/A (sg13g2_buf_16)
     8    0.03    0.02    0.09   11.08 v clkbuf_leaf_3_soc_jtag_tck_i/X (sg13g2_buf_16)
                                         clknet_leaf_3_soc_jtag_tck_i (net)
                  0.02    0.00   11.08 v i_croc_soc/i_croc/i_dmi_jtag/i_dmi_jtag_tap.i_tck_inv/i_inv_6091/A (sg13g2_inv_1)
     1    0.00    0.03    0.03   11.11 ^ i_croc_soc/i_croc/i_dmi_jtag/i_dmi_jtag_tap.i_tck_inv/i_inv_6091/Y (sg13g2_inv_1)
                                         net6091 (net)
                  0.03    0.00   11.11 ^ i_croc_soc/i_croc/i_dmi_jtag/i_dmi_jtag_tap.i_dft_tck_mux/i_mux/A0 (sg13g2_mux2_1)
     1    0.01    0.06    0.11   11.21 ^ i_croc_soc/i_croc/i_dmi_jtag/i_dmi_jtag_tap.i_dft_tck_mux/i_mux/X (sg13g2_mux2_1)
                                         i_croc_soc/i_croc/i_dmi_jtag/i_dmi_jtag_tap.tck_n (net)
                  0.06    0.00   11.22 ^ clkbuf_0_i_croc_soc/i_croc/i_dmi_jtag/i_dmi_jtag_tap.tck_n/A (sg13g2_buf_8)
     2    0.02    0.03    0.08   11.30 ^ clkbuf_0_i_croc_soc/i_croc/i_dmi_jtag/i_dmi_jtag_tap.tck_n/X (sg13g2_buf_8)
                                         clknet_0_i_croc_soc/i_croc/i_dmi_jtag/i_dmi_jtag_tap.tck_n (net)
                  0.03    0.00   11.30 ^ clkbuf_1_0__f_i_croc_soc/i_croc/i_dmi_jtag/i_dmi_jtag_tap.tck_n/A (sg13g2_buf_8)
     1    0.00    0.02    0.06   11.36 ^ clkbuf_1_0__f_i_croc_soc/i_croc/i_dmi_jtag/i_dmi_jtag_tap.tck_n/X (sg13g2_buf_8)
                                         clknet_1_0__leaf_i_croc_soc/i_croc/i_dmi_jtag/i_dmi_jtag_tap.tck_n (net)
                  0.02    0.00   11.36 ^ i_croc_soc/i_croc/i_dmi_jtag/td_o_reg/CLK (sg13g2_dfrbp_2)
     1    0.12    0.26    0.38   11.74 ^ i_croc_soc/i_croc/i_dmi_jtag/td_o_reg/Q (sg13g2_dfrbp_2)
                                         soc_jtag_tdo_o (net)
                  0.36    0.04   11.78 ^ pad_jtag_tdo_o/c2p (sg13g2_IOPadOut16mA)
     1   15.00    3.55    3.26   15.04 ^ pad_jtag_tdo_o/pad (sg13g2_IOPadOut16mA)
                                         jtag_tdo_o (net)
                  2.66    0.00   15.04 ^ jtag_tdo_o (out)
                                 15.04   data arrival time

                         20.00   20.00   clock clk_jtg (rise edge)
                          0.00   20.00   clock network delay (propagated)
                         -0.10   19.90   clock uncertainty
                          0.00   19.90   clock reconvergence pessimism
                         -5.00   14.90   output external delay
                                 14.90   data required time
-----------------------------------------------------------------------------
                                 14.90   data required time
                                -15.04   data arrival time
-----------------------------------------------------------------------------
                                 -0.14   slack (VIOLATED)


Startpoint: i_croc_soc/i_croc/i_core_wrap/i_ibex.id_stage_i.controller_i.instr_i_21__reg
            (rising edge-triggered flip-flop clocked by clk_sys)
Endpoint: i_croc_soc/i_croc/i_core_wrap/i_ibex.crash_dump_o_95__reg
          (rising edge-triggered flip-flop clocked by clk_sys)
Path Group: clk_sys
Path Type: max
Corner: tt

Fanout     Cap    Slew   Delay    Time   Description
-----------------------------------------------------------------------------
                          0.00    0.00   clock clk_sys (rise edge)
                          0.00    0.00   clock source latency
     1    0.24    0.35    0.04    0.04 ^ clk_i (in)
                                         clk_i (net)
                  0.35    0.00    0.04 ^ pad_clk_i/pad (sg13g2_IOPadIn)
     1    0.09    0.17    0.12    0.16 ^ pad_clk_i/p2c (sg13g2_IOPadIn)
                                         soc_clk_i (net)
                  0.14    0.02    0.18 ^ clkbuf_0_soc_clk_i/A (sg13g2_buf_8)
     4    0.15    0.09    0.15    0.33 ^ clkbuf_0_soc_clk_i/X (sg13g2_buf_8)
                                         clknet_0_soc_clk_i (net)
                  0.10    0.02    0.35 ^ clkbuf_2_3_0_soc_clk_i/A (sg13g2_buf_16)
     4    0.13    0.04    0.11    0.46 ^ clkbuf_2_3_0_soc_clk_i/X (sg13g2_buf_16)
                                         clknet_2_3_0_soc_clk_i (net)
                  0.07    0.02    0.49 ^ clkbuf_4_12_0_soc_clk_i/A (sg13g2_buf_16)
     8    0.13    0.05    0.10    0.58 ^ clkbuf_4_12_0_soc_clk_i/X (sg13g2_buf_16)
                                         clknet_4_12_0_soc_clk_i (net)
                  0.05    0.00    0.59 ^ clkbuf_7_101__f_soc_clk_i/A (sg13g2_buf_8)
     7    0.13    0.08    0.11    0.70 ^ clkbuf_7_101__f_soc_clk_i/X (sg13g2_buf_8)
                                         clknet_7_101__leaf_soc_clk_i (net)
                  0.08    0.01    0.72 ^ clkbuf_leaf_511_soc_clk_i/A (sg13g2_buf_16)
     4    0.03    0.02    0.09    0.81 ^ clkbuf_leaf_511_soc_clk_i/X (sg13g2_buf_16)
                                         clknet_leaf_511_soc_clk_i (net)
                  0.02    0.00    0.81 ^ i_croc_soc/i_croc/i_core_wrap/i_ibex.id_stage_i.controller_i.instr_i_21__reg/CLK (sg13g2_dfrbp_2)
     3    0.06    0.13    0.31    1.12 ^ i_croc_soc/i_croc/i_core_wrap/i_ibex.id_stage_i.controller_i.instr_i_21__reg/Q (sg13g2_dfrbp_2)
                                         i_croc_soc/i_croc/i_core_wrap/i_ibex.id_stage_i.controller_i.instr_i_21_ (net)
                  0.13    0.01    1.14 ^ fanout1678/A (sg13g2_buf_8)
     8    0.05    0.04    0.12    1.26 ^ fanout1678/X (sg13g2_buf_8)
                                         net1678 (net)
                  0.04    0.00    1.26 ^ fanout1674/A (sg13g2_buf_4)
     8    0.06    0.08    0.13    1.39 ^ fanout1674/X (sg13g2_buf_4)
                                         net1674 (net)
                  0.08    0.01    1.40 ^ i_croc_soc/i_croc/i_core_wrap/i_ibex.register_file_i/_4987_/B (sg13g2_nor2_1)
     1    0.01    0.04    0.05    1.45 v i_croc_soc/i_croc/i_core_wrap/i_ibex.register_file_i/_4987_/Y (sg13g2_nor2_1)
                                         i_croc_soc/i_croc/i_core_wrap/i_ibex.register_file_i/_1916_ (net)
                  0.04    0.00    1.45 v fanout4248/A (sg13g2_buf_4)
     4    0.03    0.03    0.09    1.54 v fanout4248/X (sg13g2_buf_4)
                                         net4248 (net)
                  0.03    0.00    1.54 v fanout4242/A (sg13g2_buf_4)
     6    0.05    0.05    0.10    1.64 v fanout4242/X (sg13g2_buf_4)
                                         net4242 (net)
                  0.05    0.00    1.64 v fanout4241/A (sg13g2_buf_4)
     8    0.05    0.06    0.11    1.75 v fanout4241/X (sg13g2_buf_4)
                                         net4241 (net)
                  0.06    0.00    1.75 v i_croc_soc/i_croc/i_core_wrap/i_ibex.register_file_i/_5663_/A1 (sg13g2_a22oi_1)
     1    0.00    0.06    0.08    1.83 ^ i_croc_soc/i_croc/i_core_wrap/i_ibex.register_file_i/_5663_/Y (sg13g2_a22oi_1)
                                         i_croc_soc/i_croc/i_core_wrap/i_ibex.register_file_i/_2570_ (net)
                  0.06    0.00    1.83 ^ i_croc_soc/i_croc/i_core_wrap/i_ibex.register_file_i/_5667_/A1 (sg13g2_a21oi_1)
     1    0.01    0.06    0.07    1.91 v i_croc_soc/i_croc/i_core_wrap/i_ibex.register_file_i/_5667_/Y (sg13g2_a21oi_1)
                                         i_croc_soc/i_croc/i_core_wrap/i_ibex.register_file_i/_2574_ (net)
                  0.06    0.00    1.91 v i_croc_soc/i_croc/i_core_wrap/i_ibex.register_file_i/_5668_/C1 (sg13g2_a221oi_1)
     1    0.01    0.20    0.18    2.08 ^ i_croc_soc/i_croc/i_core_wrap/i_ibex.register_file_i/_5668_/Y (sg13g2_a221oi_1)
                                         i_croc_soc/i_croc/i_core_wrap/i_ibex.register_file_i/_2575_ (net)
                  0.20    0.00    2.08 ^ i_croc_soc/i_croc/i_core_wrap/i_ibex.register_file_i/_5669_/C (sg13g2_nand3_1)
     2    0.06    0.48    0.45    2.54 v i_croc_soc/i_croc/i_core_wrap/i_ibex.register_file_i/_5669_/Y (sg13g2_nand3_1)
                                         i_croc_soc/i_croc/i_core_wrap/i_ibex.ex_block_i.multdiv_operand_b_i_2_ (net)
                  0.48    0.01    2.55 v i_croc_soc/i_croc/i_core_wrap/_5656_/A (sg13g2_inv_2)
     3    0.03    0.16    0.17    2.73 ^ i_croc_soc/i_croc/i_core_wrap/_5656_/Y (sg13g2_inv_2)
                                         i_croc_soc/i_croc/i_core_wrap/_1002_ (net)
                  0.16    0.00    2.73 ^ i_croc_soc/i_croc/i_core_wrap/_5658_/A1 (sg13g2_a22oi_1)
     1    0.00    0.08    0.12    2.85 v i_croc_soc/i_croc/i_core_wrap/_5658_/Y (sg13g2_a22oi_1)
                                         i_croc_soc/i_croc/i_core_wrap/_1004_ (net)
                  0.08    0.00    2.85 v i_croc_soc/i_croc/i_core_wrap/_5659_/C (sg13g2_nand3_1)
     1    0.00    0.05    0.06    2.91 ^ i_croc_soc/i_croc/i_core_wrap/_5659_/Y (sg13g2_nand3_1)
                                         i_croc_soc/i_croc/i_core_wrap/_1005_ (net)
                  0.05    0.00    2.91 ^ i_croc_soc/i_croc/i_core_wrap/_5662_/A (sg13g2_nand3_1)
     1    0.01    0.10    0.10    3.01 v i_croc_soc/i_croc/i_core_wrap/_5662_/Y (sg13g2_nand3_1)
                                         i_croc_soc/i_croc/i_core_wrap/_1008_ (net)
                  0.10    0.00    3.01 v fanout3198/A (sg13g2_buf_2)
     5    0.03    0.06    0.13    3.15 v fanout3198/X (sg13g2_buf_2)
                                         net3198 (net)
                  0.06    0.00    3.15 v fanout3197/A (sg13g2_buf_2)
     8    0.03    0.06    0.12    3.27 v fanout3197/X (sg13g2_buf_2)
                                         net3197 (net)
                  0.06    0.00    3.27 v i_croc_soc/i_croc/i_core_wrap/_5750_/B (sg13g2_xnor2_1)
     3    0.01    0.10    0.14    3.42 v i_croc_soc/i_croc/i_core_wrap/_5750_/Y (sg13g2_xnor2_1)
                                         i_croc_soc/i_croc/i_core_wrap/_1092_ (net)
                  0.10    0.00    3.42 v i_croc_soc/i_croc/i_core_wrap/_5751_/C1 (sg13g2_a221oi_1)
     2    0.01    0.17    0.16    3.58 ^ i_croc_soc/i_croc/i_core_wrap/_5751_/Y (sg13g2_a221oi_1)
                                         i_croc_soc/i_croc/i_core_wrap/_1093_ (net)
                  0.17    0.00    3.58 ^ i_croc_soc/i_croc/i_core_wrap/_5754_/A (sg13g2_or2_1)
     1    0.00    0.03    0.12    3.70 ^ i_croc_soc/i_croc/i_core_wrap/_5754_/X (sg13g2_or2_1)
                                         i_croc_soc/i_croc/i_core_wrap/_1096_ (net)
                  0.03    0.00    3.70 ^ i_croc_soc/i_croc/i_core_wrap/_5755_/C (sg13g2_nand3_1)
     6    0.03    0.26    0.23    3.93 v i_croc_soc/i_croc/i_core_wrap/_5755_/Y (sg13g2_nand3_1)
                                         i_croc_soc/i_croc/i_core_wrap/_1097_ (net)
                  0.26    0.00    3.93 v i_croc_soc/i_croc/i_core_wrap/_5756_/B1 (sg13g2_o21ai_1)
     2    0.01    0.13    0.13    4.06 ^ i_croc_soc/i_croc/i_core_wrap/_5756_/Y (sg13g2_o21ai_1)
                                         i_croc_soc/i_croc/i_core_wrap/_1098_ (net)
                  0.13    0.00    4.06 ^ i_croc_soc/i_croc/i_core_wrap/_5927_/A1 (sg13g2_a221oi_1)
     2    0.02    0.16    0.18    4.23 v i_croc_soc/i_croc/i_core_wrap/_5927_/Y (sg13g2_a221oi_1)
                                         i_croc_soc/i_croc/i_core_wrap/_1262_ (net)
                  0.16    0.00    4.24 v fanout1075/A (sg13g2_buf_2)
     8    0.04    0.07    0.16    4.40 v fanout1075/X (sg13g2_buf_2)
                                         net1075 (net)
                  0.07    0.00    4.40 v fanout1074/A (sg13g2_buf_8)
     8    0.03    0.03    0.10    4.50 v fanout1074/X (sg13g2_buf_8)
                                         net1074 (net)
                  0.03    0.00    4.50 v i_croc_soc/i_croc/i_core_wrap/_6086_/C (sg13g2_and3_1)
     3    0.02    0.06    0.11    4.61 v i_croc_soc/i_croc/i_core_wrap/_6086_/X (sg13g2_and3_1)
                                         i_croc_soc/i_croc/i_core_wrap/_1412_ (net)
                  0.06    0.00    4.61 v i_croc_soc/i_croc/i_core_wrap/_6097_/A (sg13g2_nor2_2)
     2    0.01    0.07    0.09    4.70 ^ i_croc_soc/i_croc/i_core_wrap/_6097_/Y (sg13g2_nor2_2)
                                         i_croc_soc/i_croc/i_core_wrap/_1423_ (net)
                  0.07    0.00    4.70 ^ i_croc_soc/i_croc/i_core_wrap/_6114_/A1 (sg13g2_a21o_1)
     2    0.02    0.08    0.16    4.86 ^ i_croc_soc/i_croc/i_core_wrap/_6114_/X (sg13g2_a21o_1)
                                         i_croc_soc/i_croc/i_core_wrap/_1440_ (net)
                  0.08    0.00    4.86 ^ i_croc_soc/i_croc/i_core_wrap/_6115_/S (sg13g2_mux2_1)
     1    0.01    0.04    0.18    5.04 v i_croc_soc/i_croc/i_core_wrap/_6115_/X (sg13g2_mux2_1)
                                         i_croc_soc/i_croc/i_core_wrap/_1441_ (net)
                  0.04    0.00    5.04 v i_croc_soc/i_croc/i_core_wrap/_6116_/B (sg13g2_xor2_1)
     4    0.03    0.23    0.20    5.25 ^ i_croc_soc/i_croc/i_core_wrap/_6116_/X (sg13g2_xor2_1)
                                         i_croc_soc/i_croc/i_core_wrap/_1442_ (net)
                  0.23    0.00    5.25 ^ i_croc_soc/i_croc/i_core_wrap/_6117_/A (sg13g2_inv_4)
     7    0.07    0.12    0.13    5.38 v i_croc_soc/i_croc/i_core_wrap/_6117_/Y (sg13g2_inv_4)
                                         i_croc_soc/i_croc/core_data_obi_req_70_ (net)
                  0.12    0.00    5.38 v i_croc_soc/i_croc/i_core_wrap/_7397_/A1 (sg13g2_a221oi_1)
     1    0.01    0.14    0.19    5.57 ^ i_croc_soc/i_croc/i_core_wrap/_7397_/Y (sg13g2_a221oi_1)
                                         i_croc_soc/i_croc/i_core_wrap/_2553_ (net)
                  0.14    0.00    5.57 ^ i_croc_soc/i_croc/i_core_wrap/_7399_/A (sg13g2_nor2_2)
     4    0.03    0.08    0.12    5.69 v i_croc_soc/i_croc/i_core_wrap/_7399_/Y (sg13g2_nor2_2)
                                         i_croc_soc/i_croc/i_core_wrap/_2555_ (net)
                  0.08    0.00    5.69 v i_croc_soc/i_croc/i_core_wrap/_8618_/A_N (sg13g2_nand2b_1)
     3    0.01    0.08    0.14    5.83 v i_croc_soc/i_croc/i_core_wrap/_8618_/Y (sg13g2_nand2b_1)
                                         i_croc_soc/i_croc/i_core_wrap/_3617_ (net)
                  0.08    0.00    5.83 v i_croc_soc/i_croc/i_core_wrap/_8902_/A1 (sg13g2_mux2_2)
     5    0.04    0.11    0.22    6.05 v i_croc_soc/i_croc/i_core_wrap/_8902_/X (sg13g2_mux2_2)
                                         i_croc_soc/i_croc/core_instr_obi_req_70_ (net)
                  0.11    0.01    6.06 v i_croc_soc/i_croc/_3723_/A (sg13g2_nor2_2)
     4    0.02    0.10    0.13    6.18 ^ i_croc_soc/i_croc/_3723_/Y (sg13g2_nor2_2)
                                         i_croc_soc/i_croc/_0349_ (net)
                  0.10    0.00    6.18 ^ i_croc_soc/i_croc/_3730_/B (sg13g2_nand4_1)
     3    0.02    0.21    0.22    6.41 v i_croc_soc/i_croc/_3730_/Y (sg13g2_nand4_1)
                                         i_croc_soc/i_croc/_0356_ (net)
                  0.21    0.00    6.41 v i_croc_soc/i_croc/_3735_/A (sg13g2_nor2_2)
     6    0.03    0.18    0.20    6.61 ^ i_croc_soc/i_croc/_3735_/Y (sg13g2_nor2_2)
                                         i_croc_soc/i_croc/_0361_ (net)
                  0.18    0.00    6.61 ^ i_croc_soc/i_croc/_3743_/A2 (sg13g2_a21oi_2)
     2    0.01    0.06    0.11    6.72 v i_croc_soc/i_croc/_3743_/Y (sg13g2_a21oi_2)
                                         i_croc_soc/i_croc/_0369_ (net)
                  0.06    0.00    6.72 v i_croc_soc/i_croc/_3752_/A1 (sg13g2_o21ai_1)
     2    0.02    0.18    0.18    6.90 ^ i_croc_soc/i_croc/_3752_/Y (sg13g2_o21ai_1)
                                         i_croc_soc/i_croc/_0378_ (net)
                  0.18    0.00    6.90 ^ i_croc_soc/i_croc/_3755_/A2 (sg13g2_a21oi_2)
     7    0.04    0.14    0.18    7.09 v i_croc_soc/i_croc/_3755_/Y (sg13g2_a21oi_2)
                                         i_croc_soc/i_croc/_0381_ (net)
                  0.14    0.00    7.09 v i_croc_soc/i_croc/_3758_/A1 (sg13g2_a21oi_2)
     3    0.02    0.10    0.13    7.22 ^ i_croc_soc/i_croc/_3758_/Y (sg13g2_a21oi_2)
                                         i_croc_soc/i_croc/_0384_ (net)
                  0.10    0.00    7.22 ^ i_croc_soc/i_croc/_3759_/A (sg13g2_inv_2)
     6    0.02    0.05    0.07    7.29 v i_croc_soc/i_croc/_3759_/Y (sg13g2_inv_2)
                                         i_croc_soc/i_croc/i_main_xbar.gen_mux[1].i_mux.i_rr_arb.gen_arbiter.gen_int_rr.gen_lock.req_q_3__reg_D (net)
                  0.05    0.00    7.29 v i_croc_soc/i_croc/_3760_/A2 (sg13g2_o21ai_1)
     3    0.02    0.22    0.20    7.49 ^ i_croc_soc/i_croc/_3760_/Y (sg13g2_o21ai_1)
                                         i_croc_soc/i_croc/_0385_ (net)
                  0.22    0.00    7.49 ^ i_croc_soc/i_croc/_3782_/B (sg13g2_and2_2)
     3    0.02    0.06    0.18    7.67 ^ i_croc_soc/i_croc/_3782_/X (sg13g2_and2_2)
                                         i_croc_soc/i_croc/_0407_ (net)
                  0.06    0.00    7.67 ^ fanout2686/A (sg13g2_buf_8)
     8    0.05    0.04    0.09    7.76 ^ fanout2686/X (sg13g2_buf_8)
                                         net2686 (net)
                  0.04    0.00    7.77 ^ fanout2684/A (sg13g2_buf_2)
     8    0.03    0.07    0.11    7.88 ^ fanout2684/X (sg13g2_buf_2)
                                         net2684 (net)
                  0.07    0.00    7.88 ^ fanout2683/A (sg13g2_buf_2)
     5    0.02    0.05    0.11    7.99 ^ fanout2683/X (sg13g2_buf_2)
                                         net2683 (net)
                  0.05    0.00    7.99 ^ i_croc_soc/i_croc/_3913_/A (sg13g2_nand2_1)
     3    0.01    0.08    0.08    8.07 v i_croc_soc/i_croc/_3913_/Y (sg13g2_nand2_1)
                                         i_croc_soc/i_croc/_0538_ (net)
                  0.08    0.00    8.07 v i_croc_soc/i_croc/_3914_/B1 (sg13g2_a21o_1)
     5    0.02    0.07    0.17    8.24 v i_croc_soc/i_croc/_3914_/X (sg13g2_a21o_1)
                                         i_croc_soc/i_croc/_0539_ (net)
                  0.07    0.00    8.24 v i_croc_soc/i_croc/_3915_/C (sg13g2_and3_2)
     6    0.03    0.06    0.15    8.39 v i_croc_soc/i_croc/_3915_/X (sg13g2_and3_2)
                                         i_croc_soc/i_croc/_0540_ (net)
                  0.06    0.00    8.39 v i_croc_soc/i_croc/_3916_/B (sg13g2_xnor2_1)
     2    0.01    0.10    0.11    8.50 ^ i_croc_soc/i_croc/_3916_/Y (sg13g2_xnor2_1)
                                         i_croc_soc/i_croc/_0541_ (net)
                  0.10    0.00    8.50 ^ i_croc_soc/i_croc/_4631_/A2 (sg13g2_a21o_1)
     2    0.01    0.05    0.15    8.64 ^ i_croc_soc/i_croc/_4631_/X (sg13g2_a21o_1)
                                         i_croc_soc/i_croc/_1083_ (net)
                  0.05    0.00    8.65 ^ i_croc_soc/i_croc/_4634_/A (sg13g2_or2_1)
     4    0.01    0.07    0.11    8.76 ^ i_croc_soc/i_croc/_4634_/X (sg13g2_or2_1)
                                         i_croc_soc/i_croc/_1086_ (net)
                  0.07    0.00    8.76 ^ i_croc_soc/i_croc/_4636_/A_N (sg13g2_nand2b_1)
     1    0.01    0.07    0.09    8.85 ^ i_croc_soc/i_croc/_4636_/Y (sg13g2_nand2b_1)
                                         i_croc_soc/i_croc/_1088_ (net)
                  0.07    0.00    8.85 ^ fanout2483/A (sg13g2_buf_4)
     4    0.03    0.05    0.12    8.97 ^ fanout2483/X (sg13g2_buf_4)
                                         net2483 (net)
                  0.05    0.00    8.97 ^ fanout2478/A (sg13g2_buf_2)
     4    0.01    0.04    0.09    9.06 ^ fanout2478/X (sg13g2_buf_2)
                                         net2478 (net)
                  0.04    0.00    9.06 ^ fanout2475/A (sg13g2_buf_2)
     8    0.04    0.09    0.12    9.18 ^ fanout2475/X (sg13g2_buf_2)
                                         net2475 (net)
                  0.09    0.00    9.18 ^ i_croc_soc/i_croc/_4639_/B (sg13g2_nor2_1)
     1    0.00    0.04    0.05    9.24 v i_croc_soc/i_croc/_4639_/Y (sg13g2_nor2_1)
                                         i_croc_soc/i_croc/all_periph_obi_rsp_157_ (net)
                  0.04    0.00    9.24 v fanout2389/A (sg13g2_buf_2)
     4    0.02    0.04    0.09    9.33 v fanout2389/X (sg13g2_buf_2)
                                         net2389 (net)
                  0.04    0.00    9.33 v fanout2388/A (sg13g2_buf_2)
     5    0.02    0.04    0.09    9.43 v fanout2388/X (sg13g2_buf_2)
                                         net2388 (net)
                  0.04    0.00    9.43 v i_croc_soc/i_croc/i_gpio/_1354_/A (sg13g2_nand2_1)
     2    0.01    0.05    0.05    9.48 ^ i_croc_soc/i_croc/i_gpio/_1354_/Y (sg13g2_nand2_1)
                                         i_croc_soc/i_croc/i_gpio/_0150_ (net)
                  0.05    0.00    9.48 ^ i_croc_soc/i_croc/i_gpio/_1355_/B (sg13g2_nand3_1)
     1    0.00    0.06    0.08    9.56 v i_croc_soc/i_croc/i_gpio/_1355_/Y (sg13g2_nand3_1)
                                         i_croc_soc/i_croc/i_gpio/_0151_ (net)
                  0.06    0.00    9.56 v i_croc_soc/i_croc/i_gpio/_1356_/B1 (sg13g2_o21ai_1)
     1    0.01    0.11    0.06    9.62 ^ i_croc_soc/i_croc/i_gpio/_1356_/Y (sg13g2_o21ai_1)
                                         i_croc_soc/i_croc/all_periph_obi_rsp_159_ (net)
                  0.11    0.00    9.62 ^ i_croc_soc/i_croc/_5909_/A2 (sg13g2_a22oi_1)
     1    0.00    0.07    0.11    9.73 v i_croc_soc/i_croc/_5909_/Y (sg13g2_a22oi_1)
                                         i_croc_soc/i_croc/_2067_ (net)
                  0.07    0.00    9.73 v i_croc_soc/i_croc/_5911_/A2 (sg13g2_o21ai_1)
     4    0.06    0.56    0.45   10.18 ^ i_croc_soc/i_croc/_5911_/Y (sg13g2_o21ai_1)
                                         i_croc_soc/i_croc/_2069_ (net)
                  0.56    0.01   10.19 ^ i_croc_soc/i_croc/_6135_/A2 (sg13g2_a21oi_1)
     1    0.00    0.11    0.17   10.36 v i_croc_soc/i_croc/_6135_/Y (sg13g2_a21oi_1)
                                         i_croc_soc/i_croc/_2260_ (net)
                  0.11    0.00   10.36 v i_croc_soc/i_croc/_6136_/B (sg13g2_and2_1)
     1    0.01    0.03    0.11   10.48 v i_croc_soc/i_croc/_6136_/X (sg13g2_and2_1)
                                         i_croc_soc/i_croc/_2261_ (net)
                  0.03    0.00   10.48 v i_croc_soc/i_croc/_6137_/C (sg13g2_nor3_2)
     5    0.03    0.22    0.18   10.66 ^ i_croc_soc/i_croc/_6137_/Y (sg13g2_nor3_2)
                                         i_croc_soc/i_croc/core_instr_obi_rsp_3_ (net)
                  0.22    0.00   10.66 ^ i_croc_soc/i_croc/i_core_wrap/_6599_/B_N (sg13g2_nor2b_1)
     2    0.01    0.08    0.17   10.83 ^ i_croc_soc/i_croc/i_core_wrap/_6599_/Y (sg13g2_nor2b_1)
                                         i_croc_soc/i_croc/i_core_wrap/_1854_ (net)
                  0.08    0.00   10.83 ^ i_croc_soc/i_croc/i_core_wrap/_6600_/B1 (sg13g2_a21o_1)
     3    0.01    0.06    0.11   10.95 ^ i_croc_soc/i_croc/i_core_wrap/_6600_/X (sg13g2_a21o_1)
                                         i_croc_soc/i_croc/i_core_wrap/_1855_ (net)
                  0.06    0.00   10.95 ^ i_croc_soc/i_croc/i_core_wrap/_6945_/B (sg13g2_or3_2)
     3    0.02    0.06    0.13   11.08 ^ i_croc_soc/i_croc/i_core_wrap/_6945_/X (sg13g2_or3_2)
                                         i_croc_soc/i_croc/i_core_wrap/_2134_ (net)
                  0.06    0.00   11.08 ^ fanout2127/A (sg13g2_buf_1)
     4    0.02    0.10    0.13   11.21 ^ fanout2127/X (sg13g2_buf_1)
                                         net2127 (net)
                  0.10    0.00   11.22 ^ fanout2126/A (sg13g2_buf_2)
     8    0.03    0.08    0.15   11.36 ^ fanout2126/X (sg13g2_buf_2)
                                         net2126 (net)
                  0.08    0.00   11.36 ^ i_croc_soc/i_croc/i_core_wrap/_7147_/B (sg13g2_and3_1)
     2    0.01    0.05    0.15   11.51 ^ i_croc_soc/i_croc/i_core_wrap/_7147_/X (sg13g2_and3_1)
                                         i_croc_soc/i_croc/i_core_wrap/_2322_ (net)
                  0.05    0.00   11.51 ^ i_croc_soc/i_croc/i_core_wrap/_7163_/B (sg13g2_and2_1)
     2    0.01    0.05    0.11   11.62 ^ i_croc_soc/i_croc/i_core_wrap/_7163_/X (sg13g2_and2_1)
                                         i_croc_soc/i_croc/i_core_wrap/_2337_ (net)
                  0.05    0.00   11.62 ^ i_croc_soc/i_croc/i_core_wrap/_7182_/B (sg13g2_and2_1)
     2    0.01    0.05    0.11   11.73 ^ i_croc_soc/i_croc/i_core_wrap/_7182_/X (sg13g2_and2_1)
                                         i_croc_soc/i_croc/i_core_wrap/_2355_ (net)
                  0.05    0.00   11.73 ^ i_croc_soc/i_croc/i_core_wrap/_7212_/B (sg13g2_and2_1)
     2    0.01    0.06    0.12   11.85 ^ i_croc_soc/i_croc/i_core_wrap/_7212_/X (sg13g2_and2_1)
                                         i_croc_soc/i_croc/i_core_wrap/_2384_ (net)
                  0.06    0.00   11.85 ^ i_croc_soc/i_croc/i_core_wrap/_7215_/B (sg13g2_and2_2)
     8    0.04    0.09    0.16   12.01 ^ i_croc_soc/i_croc/i_core_wrap/_7215_/X (sg13g2_and2_2)
                                         i_croc_soc/i_croc/i_core_wrap/_2387_ (net)
                  0.09    0.00   12.01 ^ i_croc_soc/i_croc/i_core_wrap/_7315_/B (sg13g2_and3_1)
     2    0.01    0.05    0.15   12.16 ^ i_croc_soc/i_croc/i_core_wrap/_7315_/X (sg13g2_and3_1)
                                         i_croc_soc/i_croc/i_core_wrap/_2479_ (net)
                  0.05    0.00   12.16 ^ i_croc_soc/i_croc/i_core_wrap/_7325_/B (sg13g2_and2_1)
     2    0.01    0.04    0.10   12.26 ^ i_croc_soc/i_croc/i_core_wrap/_7325_/X (sg13g2_and2_1)
                                         i_croc_soc/i_croc/i_core_wrap/_2488_ (net)
                  0.04    0.00   12.27 ^ i_croc_soc/i_croc/i_core_wrap/_7338_/B (sg13g2_and2_1)
     3    0.01    0.06    0.11   12.38 ^ i_croc_soc/i_croc/i_core_wrap/_7338_/X (sg13g2_and2_1)
                                         i_croc_soc/i_croc/i_core_wrap/_2499_ (net)
                  0.06    0.00   12.38 ^ i_croc_soc/i_croc/i_core_wrap/_7370_/C (sg13g2_and3_1)
     4    0.02    0.08    0.17   12.55 ^ i_croc_soc/i_croc/i_core_wrap/_7370_/X (sg13g2_and3_1)
                                         i_croc_soc/i_croc/i_core_wrap/_2529_ (net)
                  0.08    0.00   12.55 ^ i_croc_soc/i_croc/i_core_wrap/_7400_/D (sg13g2_and4_1)
     2    0.01    0.06    0.19   12.74 ^ i_croc_soc/i_croc/i_core_wrap/_7400_/X (sg13g2_and4_1)
                                         i_croc_soc/i_croc/i_core_wrap/_2556_ (net)
                  0.06    0.00   12.74 ^ i_croc_soc/i_croc/i_core_wrap/_7402_/B (sg13g2_and2_1)
     3    0.01    0.06    0.12   12.87 ^ i_croc_soc/i_croc/i_core_wrap/_7402_/X (sg13g2_and2_1)
                                         i_croc_soc/i_croc/i_core_wrap/_2558_ (net)
                  0.06    0.00   12.87 ^ i_croc_soc/i_croc/i_core_wrap/_7414_/C (sg13g2_nand3_1)
     1    0.00    0.07    0.09   12.96 v i_croc_soc/i_croc/i_core_wrap/_7414_/Y (sg13g2_nand3_1)
                                         i_croc_soc/i_croc/i_core_wrap/_2569_ (net)
                  0.07    0.00   12.96 v i_croc_soc/i_croc/i_core_wrap/_7415_/A2 (sg13g2_a21oi_1)
     1    0.00    0.07    0.09   13.05 ^ i_croc_soc/i_croc/i_core_wrap/_7415_/Y (sg13g2_a21oi_1)
                                         i_croc_soc/i_croc/i_core_wrap/_2570_ (net)
                  0.07    0.00   13.05 ^ i_croc_soc/i_croc/i_core_wrap/_7416_/B1 (sg13g2_a21oi_1)
     1    0.00    0.05    0.05   13.10 v i_croc_soc/i_croc/i_core_wrap/_7416_/Y (sg13g2_a21oi_1)
                                         i_croc_soc/i_croc/i_core_wrap/_0090_ (net)
                  0.05    0.00   13.10 v i_croc_soc/i_croc/i_core_wrap/i_ibex.crash_dump_o_95__reg/D (sg13g2_dfrbp_2)
                                 13.10   data arrival time

                         12.50   12.50   clock clk_sys (rise edge)
                          0.00   12.50   clock source latency
     1    0.20    0.34    0.03   12.53 ^ clk_i (in)
                                         clk_i (net)
                  0.34    0.00   12.53 ^ pad_clk_i/pad (sg13g2_IOPadIn)
     1    0.09    0.17    0.12   12.65 ^ pad_clk_i/p2c (sg13g2_IOPadIn)
                                         soc_clk_i (net)
                  0.14    0.02   12.67 ^ clkbuf_0_soc_clk_i/A (sg13g2_buf_8)
     4    0.15    0.09    0.15   12.83 ^ clkbuf_0_soc_clk_i/X (sg13g2_buf_8)
                                         clknet_0_soc_clk_i (net)
                  0.10    0.02   12.85 ^ clkbuf_2_3_0_soc_clk_i/A (sg13g2_buf_16)
     4    0.13    0.04    0.11   12.96 ^ clkbuf_2_3_0_soc_clk_i/X (sg13g2_buf_16)
                                         clknet_2_3_0_soc_clk_i (net)
                  0.06    0.02   12.98 ^ clkbuf_4_13_0_soc_clk_i/A (sg13g2_buf_16)
     8    0.13    0.05    0.10   13.08 ^ clkbuf_4_13_0_soc_clk_i/X (sg13g2_buf_16)
                                         clknet_4_13_0_soc_clk_i (net)
                  0.05    0.01   13.09 ^ clkbuf_7_104__f_soc_clk_i/A (sg13g2_buf_8)
     7    0.15    0.09    0.12   13.21 ^ clkbuf_7_104__f_soc_clk_i/X (sg13g2_buf_8)
                                         clknet_7_104__leaf_soc_clk_i (net)
                  0.09    0.02   13.23 ^ clkbuf_leaf_559_soc_clk_i/A (sg13g2_buf_16)
     8    0.04    0.03    0.10   13.33 ^ clkbuf_leaf_559_soc_clk_i/X (sg13g2_buf_16)
                                         clknet_leaf_559_soc_clk_i (net)
                  0.03    0.00   13.33 ^ i_croc_soc/i_croc/i_core_wrap/i_ibex.crash_dump_o_95__reg/CLK (sg13g2_dfrbp_2)
                         -0.10   13.23   clock uncertainty
                          0.01   13.24   clock reconvergence pessimism
                         -0.13   13.11   library setup time
                                 13.11   data required time
-----------------------------------------------------------------------------
                                 13.11   data required time
                                -13.10   data arrival time
-----------------------------------------------------------------------------
                                  0.01   slack (MET)



==========================================================================
05_croc.grt_repaired report_checks -unconstrained
--------------------------------------------------------------------------
Startpoint: i_croc_soc/i_rstgen.i_rstgen_bypass.synch_regs_q_3__reg
            (rising edge-triggered flip-flop clocked by clk_sys)
Endpoint: i_croc_soc/i_croc/i_dm_top.i_dm_top/i_dm_mem.rdata_q_50__reg
          (recovery check against rising-edge clock clk_sys)
Path Group: asynchronous
Path Type: max
Corner: tt

Fanout     Cap    Slew   Delay    Time   Description
-----------------------------------------------------------------------------
                          0.00    0.00   clock clk_sys (rise edge)
                          0.00    0.00   clock source latency
     1    0.24    0.35    0.04    0.04 ^ clk_i (in)
                                         clk_i (net)
                  0.35    0.00    0.04 ^ pad_clk_i/pad (sg13g2_IOPadIn)
     1    0.09    0.17    0.12    0.16 ^ pad_clk_i/p2c (sg13g2_IOPadIn)
                                         soc_clk_i (net)
                  0.14    0.02    0.18 ^ clkbuf_0_soc_clk_i/A (sg13g2_buf_8)
     4    0.15    0.09    0.15    0.33 ^ clkbuf_0_soc_clk_i/X (sg13g2_buf_8)
                                         clknet_0_soc_clk_i (net)
                  0.10    0.02    0.35 ^ clkbuf_2_0_0_soc_clk_i/A (sg13g2_buf_16)
     4    0.13    0.05    0.11    0.47 ^ clkbuf_2_0_0_soc_clk_i/X (sg13g2_buf_16)
                                         clknet_2_0_0_soc_clk_i (net)
                  0.05    0.01    0.48 ^ clkbuf_4_1_0_soc_clk_i/A (sg13g2_buf_16)
     8    0.12    0.04    0.09    0.57 ^ clkbuf_4_1_0_soc_clk_i/X (sg13g2_buf_16)
                                         clknet_4_1_0_soc_clk_i (net)
                  0.05    0.01    0.58 ^ clkbuf_7_10__f_soc_clk_i/A (sg13g2_buf_8)
     7    0.14    0.08    0.12    0.70 ^ clkbuf_7_10__f_soc_clk_i/X (sg13g2_buf_8)
                                         clknet_7_10__leaf_soc_clk_i (net)
                  0.08    0.01    0.71 ^ clkbuf_leaf_175_soc_clk_i/A (sg13g2_buf_16)
     6    0.03    0.02    0.09    0.80 ^ clkbuf_leaf_175_soc_clk_i/X (sg13g2_buf_16)
                                         clknet_leaf_175_soc_clk_i (net)
                  0.02    0.00    0.80 ^ i_croc_soc/i_rstgen.i_rstgen_bypass.synch_regs_q_3__reg/CLK (sg13g2_dfrbp_1)
     2    0.01    0.05    0.22    1.02 ^ i_croc_soc/i_rstgen.i_rstgen_bypass.synch_regs_q_3__reg/Q (sg13g2_dfrbp_1)
                                         i_croc_soc/i_rstgen.i_rstgen_bypass.synch_regs_q_3_ (net)
                  0.05    0.00    1.02 ^ i_croc_soc/i_rstgen.i_rstgen_bypass.i_tc_clk_mux2_rst_no/i_mux/A0 (sg13g2_mux2_1)
     1    0.01    0.06    0.11    1.14 ^ i_croc_soc/i_rstgen.i_rstgen_bypass.i_tc_clk_mux2_rst_no/i_mux/X (sg13g2_mux2_1)
                                         i_croc_soc/i_rstgen.i_rstgen_bypass.rst_no (net)
                  0.06    0.00    1.14 ^ fanout5341/A (sg13g2_buf_8)
     6    0.23    0.10    0.12    1.26 ^ fanout5341/X (sg13g2_buf_8)
                                         net5341 (net)
                  0.23    0.10    1.36 ^ fanout5148/A (sg13g2_buf_4)
     4    0.06    0.08    0.21    1.57 ^ fanout5148/X (sg13g2_buf_4)
                                         net5148 (net)
                  0.08    0.00    1.57 ^ fanout4990/A (sg13g2_buf_4)
     4    0.04    0.06    0.13    1.70 ^ fanout4990/X (sg13g2_buf_4)
                                         net4990 (net)
                  0.06    0.01    1.71 ^ fanout4956/A (sg13g2_buf_4)
     4    0.04    0.06    0.12    1.83 ^ fanout4956/X (sg13g2_buf_4)
                                         net4956 (net)
                  0.06    0.00    1.83 ^ fanout4955/A (sg13g2_buf_2)
     5    0.03    0.08    0.12    1.96 ^ fanout4955/X (sg13g2_buf_2)
                                         net4955 (net)
                  0.08    0.00    1.96 ^ fanout4954/A (sg13g2_buf_4)
     8    0.06    0.08    0.15    2.11 ^ fanout4954/X (sg13g2_buf_4)
                                         net4954 (net)
                  0.08    0.00    2.12 ^ fanout4953/A (sg13g2_buf_4)
     8    0.06    0.07    0.15    2.27 ^ fanout4953/X (sg13g2_buf_4)
                                         net4953 (net)
                  0.07    0.00    2.27 ^ fanout4951/A (sg13g2_buf_4)
     8    0.06    0.08    0.15    2.42 ^ fanout4951/X (sg13g2_buf_4)
                                         net4951 (net)
                  0.08    0.01    2.42 ^ i_croc_soc/i_croc/i_dm_top.i_dm_top/i_dm_mem.rdata_q_50__reg/RESET_B (sg13g2_dfrbp_1)
                                  2.42   data arrival time

                         12.50   12.50   clock clk_sys (rise edge)
                          0.00   12.50   clock source latency
     1    0.20    0.34    0.03   12.53 ^ clk_i (in)
                                         clk_i (net)
                  0.34    0.00   12.53 ^ pad_clk_i/pad (sg13g2_IOPadIn)
     1    0.09    0.17    0.12   12.65 ^ pad_clk_i/p2c (sg13g2_IOPadIn)
                                         soc_clk_i (net)
                  0.14    0.02   12.67 ^ clkbuf_0_soc_clk_i/A (sg13g2_buf_8)
     4    0.15    0.09    0.15   12.83 ^ clkbuf_0_soc_clk_i/X (sg13g2_buf_8)
                                         clknet_0_soc_clk_i (net)
                  0.10    0.02   12.85 ^ clkbuf_2_2_0_soc_clk_i/A (sg13g2_buf_16)
     4    0.13    0.04    0.11   12.95 ^ clkbuf_2_2_0_soc_clk_i/X (sg13g2_buf_16)
                                         clknet_2_2_0_soc_clk_i (net)
                  0.07    0.03   12.98 ^ clkbuf_4_8_0_soc_clk_i/A (sg13g2_buf_16)
     8    0.13    0.04    0.10   13.08 ^ clkbuf_4_8_0_soc_clk_i/X (sg13g2_buf_16)
                                         clknet_4_8_0_soc_clk_i (net)
                  0.06    0.02   13.10 ^ clkbuf_7_70__f_soc_clk_i/A (sg13g2_buf_8)
     7    0.15    0.09    0.13   13.23 ^ clkbuf_7_70__f_soc_clk_i/X (sg13g2_buf_8)
                                         clknet_7_70__leaf_soc_clk_i (net)
                  0.09    0.01   13.23 ^ clkbuf_leaf_661_soc_clk_i/A (sg13g2_buf_16)
     8    0.03    0.03    0.10   13.33 ^ clkbuf_leaf_661_soc_clk_i/X (sg13g2_buf_16)
                                         clknet_leaf_661_soc_clk_i (net)
                  0.03    0.00   13.33 ^ i_croc_soc/i_croc/i_dm_top.i_dm_top/i_dm_mem.rdata_q_50__reg/CLK (sg13g2_dfrbp_1)
                         -0.10   13.23   clock uncertainty
                          0.01   13.24   clock reconvergence pessimism
                         -0.13   13.11   library recovery time
                                 13.11   data required time
-----------------------------------------------------------------------------
                                 13.11   data required time
                                 -2.42   data arrival time
-----------------------------------------------------------------------------
                                 10.68   slack (MET)


Startpoint: i_croc_soc/i_croc/i_dmi_jtag/i_dmi_cdc.i_cdc_req/i_dst/async_ack_o_reg
            (rising edge-triggered flip-flop clocked by clk_sys)
Endpoint: i_croc_soc/i_croc/i_dm_top.i_dm_top/i_dm_csrs.progbuf_o_239__reg
          (rising edge-triggered flip-flop clocked by clk_sys)
Path Group: path delay
Path Type: max
Corner: tt

Fanout     Cap    Slew   Delay    Time   Description
-----------------------------------------------------------------------------
                  0.03    0.00    0.00 ^ i_croc_soc/i_croc/i_dmi_jtag/i_dmi_cdc.i_cdc_req/i_dst/async_ack_o_reg/CLK (sg13g2_dfrbp_2)
     6    0.03    0.08    0.29    0.29 ^ i_croc_soc/i_croc/i_dmi_jtag/i_dmi_cdc.i_cdc_req/i_dst/async_ack_o_reg/Q (sg13g2_dfrbp_2)
                                         i_croc_soc/i_croc/i_dmi_jtag/i_dmi_cdc.i_cdc_req/async_ack (net)
                  0.08    0.00    0.29 ^ i_croc_soc/i_croc/i_dmi_jtag/i_dmi_cdc.i_cdc_req/i_dst/_199_/A (sg13g2_xor2_1)
     1    0.00    0.06    0.12    0.40 ^ i_croc_soc/i_croc/i_dmi_jtag/i_dmi_cdc.i_cdc_req/i_dst/_199_/X (sg13g2_xor2_1)
                                         i_croc_soc/i_croc/i_dmi_jtag/i_dmi_cdc.i_cdc_req/s_dst_valid (net)
                  0.06    0.00    0.40 ^ i_croc_soc/i_croc/i_dmi_jtag/i_dmi_cdc.i_cdc_req/_5_/B_N (sg13g2_nor2b_2)
     5    0.03    0.14    0.18    0.58 ^ i_croc_soc/i_croc/i_dmi_jtag/i_dmi_cdc.i_cdc_req/_5_/Y (sg13g2_nor2b_2)
                                         i_croc_soc/i_croc/dmi_req_valid (net)
                  0.14    0.00    0.58 ^ i_croc_soc/i_croc/i_dm_top.i_dm_top/_4825_/A (sg13g2_and2_2)
     6    0.06    0.13    0.23    0.81 ^ i_croc_soc/i_croc/i_dm_top.i_dm_top/_4825_/X (sg13g2_and2_2)
                                         i_croc_soc/i_croc/i_dm_top.i_dm_top/_0602_ (net)
                  0.13    0.01    0.82 ^ i_croc_soc/i_croc/i_dm_top.i_dm_top/_4839_/A (sg13g2_nand2_1)
     2    0.01    0.08    0.11    0.93 v i_croc_soc/i_croc/i_dm_top.i_dm_top/_4839_/Y (sg13g2_nand2_1)
                                         i_croc_soc/i_croc/i_dm_top.i_dm_top/_0615_ (net)
                  0.08    0.00    0.93 v fanout3609/A (sg13g2_buf_2)
     8    0.04    0.08    0.14    1.07 v fanout3609/X (sg13g2_buf_2)
                                         net3609 (net)
                  0.08    0.01    1.08 v i_croc_soc/i_croc/i_dm_top.i_dm_top/_4844_/A (sg13g2_nor2_2)
     7    0.04    0.16    0.16    1.24 ^ i_croc_soc/i_croc/i_dm_top.i_dm_top/_4844_/Y (sg13g2_nor2_2)
                                         i_croc_soc/i_croc/i_dm_top.i_dm_top/_0620_ (net)
                  0.16    0.00    1.24 ^ i_croc_soc/i_croc/i_dm_top.i_dm_top/_6488_/A1 (sg13g2_a21oi_2)
     8    0.04    0.15    0.18    1.42 v i_croc_soc/i_croc/i_dm_top.i_dm_top/_6488_/Y (sg13g2_a21oi_2)
                                         i_croc_soc/i_croc/i_dm_top.i_dm_top/_2045_ (net)
                  0.15    0.00    1.42 v i_croc_soc/i_croc/i_dm_top.i_dm_top/_6962_/B1 (sg13g2_a21oi_1)
     1    0.01    0.13    0.15    1.57 ^ i_croc_soc/i_croc/i_dm_top.i_dm_top/_6962_/Y (sg13g2_a21oi_1)
                                         i_croc_soc/i_croc/i_dm_top.i_dm_top/_2381_ (net)
                  0.13    0.00    1.58 ^ fanout3261/A (sg13g2_buf_4)
     5    0.03    0.05    0.15    1.73 ^ fanout3261/X (sg13g2_buf_4)
                                         net3261 (net)
                  0.05    0.01    1.73 ^ fanout3259/A (sg13g2_buf_2)
     4    0.03    0.07    0.11    1.85 ^ fanout3259/X (sg13g2_buf_2)
                                         net3259 (net)
                  0.07    0.00    1.85 ^ fanout3256/A (sg13g2_buf_4)
     8    0.05    0.06    0.13    1.98 ^ fanout3256/X (sg13g2_buf_4)
                                         net3256 (net)
                  0.06    0.00    1.98 ^ fanout3255/A (sg13g2_buf_2)
     8    0.04    0.10    0.14    2.12 ^ fanout3255/X (sg13g2_buf_2)
                                         net3255 (net)
                  0.10    0.00    2.13 ^ i_croc_soc/i_croc/i_dm_top.i_dm_top/_7017_/C (sg13g2_nand3_1)
     1    0.01    0.07    0.11    2.24 v i_croc_soc/i_croc/i_dm_top.i_dm_top/_7017_/Y (sg13g2_nand3_1)
                                         i_croc_soc/i_croc/i_dm_top.i_dm_top/_2420_ (net)
                  0.07    0.00    2.24 v i_croc_soc/i_croc/i_dm_top.i_dm_top/_7018_/B1 (sg13g2_o21ai_1)
     1    0.00    0.08    0.05    2.29 ^ i_croc_soc/i_croc/i_dm_top.i_dm_top/_7018_/Y (sg13g2_o21ai_1)
                                         i_croc_soc/i_croc/i_dm_top.i_dm_top/_0336_ (net)
                  0.08    0.00    2.29 ^ i_croc_soc/i_croc/i_dm_top.i_dm_top/i_dm_csrs.progbuf_o_239__reg/D (sg13g2_dfrbp_1)
                                  2.29   data arrival time

                          4.38    4.38   max_delay
                         -0.13    4.25   library setup time
                                  4.25   data required time
-----------------------------------------------------------------------------
                                  4.25   data required time
                                 -2.29   data arrival time
-----------------------------------------------------------------------------
                                  1.96   slack (MET)


Startpoint: i_croc_soc/i_croc/i_dmi_jtag/td_o_reg
            (rising edge-triggered flip-flop clocked by clk_jtg')
Endpoint: jtag_tdo_o (output port clocked by clk_jtg)
Path Group: clk_jtg
Path Type: max
Corner: tt

Fanout     Cap    Slew   Delay    Time   Description
-----------------------------------------------------------------------------
                         10.00   10.00   clock clk_jtg' (rise edge)
                          0.00   10.00   clock source latency
     1    0.23    0.49    0.03   10.03 v jtag_tck_i (in)
                                         jtag_tck_i (net)
                  0.49    0.00   10.03 v pad_jtag_tck_i/pad (sg13g2_IOPadIn)
     1    0.06    0.18    0.65   10.68 v pad_jtag_tck_i/p2c (sg13g2_IOPadIn)
                                         soc_jtag_tck_i (net)
                  0.13    0.01   10.69 v clkbuf_0_soc_jtag_tck_i/A (sg13g2_buf_8)
     8    0.12    0.06    0.15   10.84 v clkbuf_0_soc_jtag_tck_i/X (sg13g2_buf_8)
                                         clknet_0_soc_jtag_tck_i (net)
                  0.06    0.01   10.85 v clkbuf_3_5__f_soc_jtag_tck_i/A (sg13g2_buf_8)
     7    0.14    0.07    0.13   10.98 v clkbuf_3_5__f_soc_jtag_tck_i/X (sg13g2_buf_8)
                                         clknet_3_5__leaf_soc_jtag_tck_i (net)
                  0.07    0.00   10.98 v clkbuf_leaf_3_soc_jtag_tck_i/A (sg13g2_buf_16)
     8    0.03    0.02    0.09   11.08 v clkbuf_leaf_3_soc_jtag_tck_i/X (sg13g2_buf_16)
                                         clknet_leaf_3_soc_jtag_tck_i (net)
                  0.02    0.00   11.08 v i_croc_soc/i_croc/i_dmi_jtag/i_dmi_jtag_tap.i_tck_inv/i_inv_6091/A (sg13g2_inv_1)
     1    0.00    0.03    0.03   11.11 ^ i_croc_soc/i_croc/i_dmi_jtag/i_dmi_jtag_tap.i_tck_inv/i_inv_6091/Y (sg13g2_inv_1)
                                         net6091 (net)
                  0.03    0.00   11.11 ^ i_croc_soc/i_croc/i_dmi_jtag/i_dmi_jtag_tap.i_dft_tck_mux/i_mux/A0 (sg13g2_mux2_1)
     1    0.01    0.06    0.11   11.21 ^ i_croc_soc/i_croc/i_dmi_jtag/i_dmi_jtag_tap.i_dft_tck_mux/i_mux/X (sg13g2_mux2_1)
                                         i_croc_soc/i_croc/i_dmi_jtag/i_dmi_jtag_tap.tck_n (net)
                  0.06    0.00   11.22 ^ clkbuf_0_i_croc_soc/i_croc/i_dmi_jtag/i_dmi_jtag_tap.tck_n/A (sg13g2_buf_8)
     2    0.02    0.03    0.08   11.30 ^ clkbuf_0_i_croc_soc/i_croc/i_dmi_jtag/i_dmi_jtag_tap.tck_n/X (sg13g2_buf_8)
                                         clknet_0_i_croc_soc/i_croc/i_dmi_jtag/i_dmi_jtag_tap.tck_n (net)
                  0.03    0.00   11.30 ^ clkbuf_1_0__f_i_croc_soc/i_croc/i_dmi_jtag/i_dmi_jtag_tap.tck_n/A (sg13g2_buf_8)
     1    0.00    0.02    0.06   11.36 ^ clkbuf_1_0__f_i_croc_soc/i_croc/i_dmi_jtag/i_dmi_jtag_tap.tck_n/X (sg13g2_buf_8)
                                         clknet_1_0__leaf_i_croc_soc/i_croc/i_dmi_jtag/i_dmi_jtag_tap.tck_n (net)
                  0.02    0.00   11.36 ^ i_croc_soc/i_croc/i_dmi_jtag/td_o_reg/CLK (sg13g2_dfrbp_2)
     1    0.12    0.26    0.38   11.74 ^ i_croc_soc/i_croc/i_dmi_jtag/td_o_reg/Q (sg13g2_dfrbp_2)
                                         soc_jtag_tdo_o (net)
                  0.36    0.04   11.78 ^ pad_jtag_tdo_o/c2p (sg13g2_IOPadOut16mA)
     1   15.00    3.55    3.26   15.04 ^ pad_jtag_tdo_o/pad (sg13g2_IOPadOut16mA)
                                         jtag_tdo_o (net)
                  2.66    0.00   15.04 ^ jtag_tdo_o (out)
                                 15.04   data arrival time

                         20.00   20.00   clock clk_jtg (rise edge)
                          0.00   20.00   clock network delay (propagated)
                         -0.10   19.90   clock uncertainty
                          0.00   19.90   clock reconvergence pessimism
                         -5.00   14.90   output external delay
                                 14.90   data required time
-----------------------------------------------------------------------------
                                 14.90   data required time
                                -15.04   data arrival time
-----------------------------------------------------------------------------
                                 -0.14   slack (VIOLATED)


Startpoint: i_croc_soc/i_croc/i_core_wrap/i_ibex.id_stage_i.controller_i.instr_i_21__reg
            (rising edge-triggered flip-flop clocked by clk_sys)
Endpoint: i_croc_soc/i_croc/i_core_wrap/i_ibex.crash_dump_o_95__reg
          (rising edge-triggered flip-flop clocked by clk_sys)
Path Group: clk_sys
Path Type: max
Corner: tt

Fanout     Cap    Slew   Delay    Time   Description
-----------------------------------------------------------------------------
                          0.00    0.00   clock clk_sys (rise edge)
                          0.00    0.00   clock source latency
     1    0.24    0.35    0.04    0.04 ^ clk_i (in)
                                         clk_i (net)
                  0.35    0.00    0.04 ^ pad_clk_i/pad (sg13g2_IOPadIn)
     1    0.09    0.17    0.12    0.16 ^ pad_clk_i/p2c (sg13g2_IOPadIn)
                                         soc_clk_i (net)
                  0.14    0.02    0.18 ^ clkbuf_0_soc_clk_i/A (sg13g2_buf_8)
     4    0.15    0.09    0.15    0.33 ^ clkbuf_0_soc_clk_i/X (sg13g2_buf_8)
                                         clknet_0_soc_clk_i (net)
                  0.10    0.02    0.35 ^ clkbuf_2_3_0_soc_clk_i/A (sg13g2_buf_16)
     4    0.13    0.04    0.11    0.46 ^ clkbuf_2_3_0_soc_clk_i/X (sg13g2_buf_16)
                                         clknet_2_3_0_soc_clk_i (net)
                  0.07    0.02    0.49 ^ clkbuf_4_12_0_soc_clk_i/A (sg13g2_buf_16)
     8    0.13    0.05    0.10    0.58 ^ clkbuf_4_12_0_soc_clk_i/X (sg13g2_buf_16)
                                         clknet_4_12_0_soc_clk_i (net)
                  0.05    0.00    0.59 ^ clkbuf_7_101__f_soc_clk_i/A (sg13g2_buf_8)
     7    0.13    0.08    0.11    0.70 ^ clkbuf_7_101__f_soc_clk_i/X (sg13g2_buf_8)
                                         clknet_7_101__leaf_soc_clk_i (net)
                  0.08    0.01    0.72 ^ clkbuf_leaf_511_soc_clk_i/A (sg13g2_buf_16)
     4    0.03    0.02    0.09    0.81 ^ clkbuf_leaf_511_soc_clk_i/X (sg13g2_buf_16)
                                         clknet_leaf_511_soc_clk_i (net)
                  0.02    0.00    0.81 ^ i_croc_soc/i_croc/i_core_wrap/i_ibex.id_stage_i.controller_i.instr_i_21__reg/CLK (sg13g2_dfrbp_2)
     3    0.06    0.13    0.31    1.12 ^ i_croc_soc/i_croc/i_core_wrap/i_ibex.id_stage_i.controller_i.instr_i_21__reg/Q (sg13g2_dfrbp_2)
                                         i_croc_soc/i_croc/i_core_wrap/i_ibex.id_stage_i.controller_i.instr_i_21_ (net)
                  0.13    0.01    1.14 ^ fanout1678/A (sg13g2_buf_8)
     8    0.05    0.04    0.12    1.26 ^ fanout1678/X (sg13g2_buf_8)
                                         net1678 (net)
                  0.04    0.00    1.26 ^ fanout1674/A (sg13g2_buf_4)
     8    0.06    0.08    0.13    1.39 ^ fanout1674/X (sg13g2_buf_4)
                                         net1674 (net)
                  0.08    0.01    1.40 ^ i_croc_soc/i_croc/i_core_wrap/i_ibex.register_file_i/_4987_/B (sg13g2_nor2_1)
     1    0.01    0.04    0.05    1.45 v i_croc_soc/i_croc/i_core_wrap/i_ibex.register_file_i/_4987_/Y (sg13g2_nor2_1)
                                         i_croc_soc/i_croc/i_core_wrap/i_ibex.register_file_i/_1916_ (net)
                  0.04    0.00    1.45 v fanout4248/A (sg13g2_buf_4)
     4    0.03    0.03    0.09    1.54 v fanout4248/X (sg13g2_buf_4)
                                         net4248 (net)
                  0.03    0.00    1.54 v fanout4242/A (sg13g2_buf_4)
     6    0.05    0.05    0.10    1.64 v fanout4242/X (sg13g2_buf_4)
                                         net4242 (net)
                  0.05    0.00    1.64 v fanout4241/A (sg13g2_buf_4)
     8    0.05    0.06    0.11    1.75 v fanout4241/X (sg13g2_buf_4)
                                         net4241 (net)
                  0.06    0.00    1.75 v i_croc_soc/i_croc/i_core_wrap/i_ibex.register_file_i/_5663_/A1 (sg13g2_a22oi_1)
     1    0.00    0.06    0.08    1.83 ^ i_croc_soc/i_croc/i_core_wrap/i_ibex.register_file_i/_5663_/Y (sg13g2_a22oi_1)
                                         i_croc_soc/i_croc/i_core_wrap/i_ibex.register_file_i/_2570_ (net)
                  0.06    0.00    1.83 ^ i_croc_soc/i_croc/i_core_wrap/i_ibex.register_file_i/_5667_/A1 (sg13g2_a21oi_1)
     1    0.01    0.06    0.07    1.91 v i_croc_soc/i_croc/i_core_wrap/i_ibex.register_file_i/_5667_/Y (sg13g2_a21oi_1)
                                         i_croc_soc/i_croc/i_core_wrap/i_ibex.register_file_i/_2574_ (net)
                  0.06    0.00    1.91 v i_croc_soc/i_croc/i_core_wrap/i_ibex.register_file_i/_5668_/C1 (sg13g2_a221oi_1)
     1    0.01    0.20    0.18    2.08 ^ i_croc_soc/i_croc/i_core_wrap/i_ibex.register_file_i/_5668_/Y (sg13g2_a221oi_1)
                                         i_croc_soc/i_croc/i_core_wrap/i_ibex.register_file_i/_2575_ (net)
                  0.20    0.00    2.08 ^ i_croc_soc/i_croc/i_core_wrap/i_ibex.register_file_i/_5669_/C (sg13g2_nand3_1)
     2    0.06    0.48    0.45    2.54 v i_croc_soc/i_croc/i_core_wrap/i_ibex.register_file_i/_5669_/Y (sg13g2_nand3_1)
                                         i_croc_soc/i_croc/i_core_wrap/i_ibex.ex_block_i.multdiv_operand_b_i_2_ (net)
                  0.48    0.01    2.55 v i_croc_soc/i_croc/i_core_wrap/_5656_/A (sg13g2_inv_2)
     3    0.03    0.16    0.17    2.73 ^ i_croc_soc/i_croc/i_core_wrap/_5656_/Y (sg13g2_inv_2)
                                         i_croc_soc/i_croc/i_core_wrap/_1002_ (net)
                  0.16    0.00    2.73 ^ i_croc_soc/i_croc/i_core_wrap/_5658_/A1 (sg13g2_a22oi_1)
     1    0.00    0.08    0.12    2.85 v i_croc_soc/i_croc/i_core_wrap/_5658_/Y (sg13g2_a22oi_1)
                                         i_croc_soc/i_croc/i_core_wrap/_1004_ (net)
                  0.08    0.00    2.85 v i_croc_soc/i_croc/i_core_wrap/_5659_/C (sg13g2_nand3_1)
     1    0.00    0.05    0.06    2.91 ^ i_croc_soc/i_croc/i_core_wrap/_5659_/Y (sg13g2_nand3_1)
                                         i_croc_soc/i_croc/i_core_wrap/_1005_ (net)
                  0.05    0.00    2.91 ^ i_croc_soc/i_croc/i_core_wrap/_5662_/A (sg13g2_nand3_1)
     1    0.01    0.10    0.10    3.01 v i_croc_soc/i_croc/i_core_wrap/_5662_/Y (sg13g2_nand3_1)
                                         i_croc_soc/i_croc/i_core_wrap/_1008_ (net)
                  0.10    0.00    3.01 v fanout3198/A (sg13g2_buf_2)
     5    0.03    0.06    0.13    3.15 v fanout3198/X (sg13g2_buf_2)
                                         net3198 (net)
                  0.06    0.00    3.15 v fanout3197/A (sg13g2_buf_2)
     8    0.03    0.06    0.12    3.27 v fanout3197/X (sg13g2_buf_2)
                                         net3197 (net)
                  0.06    0.00    3.27 v i_croc_soc/i_croc/i_core_wrap/_5750_/B (sg13g2_xnor2_1)
     3    0.01    0.10    0.14    3.42 v i_croc_soc/i_croc/i_core_wrap/_5750_/Y (sg13g2_xnor2_1)
                                         i_croc_soc/i_croc/i_core_wrap/_1092_ (net)
                  0.10    0.00    3.42 v i_croc_soc/i_croc/i_core_wrap/_5751_/C1 (sg13g2_a221oi_1)
     2    0.01    0.17    0.16    3.58 ^ i_croc_soc/i_croc/i_core_wrap/_5751_/Y (sg13g2_a221oi_1)
                                         i_croc_soc/i_croc/i_core_wrap/_1093_ (net)
                  0.17    0.00    3.58 ^ i_croc_soc/i_croc/i_core_wrap/_5754_/A (sg13g2_or2_1)
     1    0.00    0.03    0.12    3.70 ^ i_croc_soc/i_croc/i_core_wrap/_5754_/X (sg13g2_or2_1)
                                         i_croc_soc/i_croc/i_core_wrap/_1096_ (net)
                  0.03    0.00    3.70 ^ i_croc_soc/i_croc/i_core_wrap/_5755_/C (sg13g2_nand3_1)
     6    0.03    0.26    0.23    3.93 v i_croc_soc/i_croc/i_core_wrap/_5755_/Y (sg13g2_nand3_1)
                                         i_croc_soc/i_croc/i_core_wrap/_1097_ (net)
                  0.26    0.00    3.93 v i_croc_soc/i_croc/i_core_wrap/_5756_/B1 (sg13g2_o21ai_1)
     2    0.01    0.13    0.13    4.06 ^ i_croc_soc/i_croc/i_core_wrap/_5756_/Y (sg13g2_o21ai_1)
                                         i_croc_soc/i_croc/i_core_wrap/_1098_ (net)
                  0.13    0.00    4.06 ^ i_croc_soc/i_croc/i_core_wrap/_5927_/A1 (sg13g2_a221oi_1)
     2    0.02    0.16    0.18    4.23 v i_croc_soc/i_croc/i_core_wrap/_5927_/Y (sg13g2_a221oi_1)
                                         i_croc_soc/i_croc/i_core_wrap/_1262_ (net)
                  0.16    0.00    4.24 v fanout1075/A (sg13g2_buf_2)
     8    0.04    0.07    0.16    4.40 v fanout1075/X (sg13g2_buf_2)
                                         net1075 (net)
                  0.07    0.00    4.40 v fanout1074/A (sg13g2_buf_8)
     8    0.03    0.03    0.10    4.50 v fanout1074/X (sg13g2_buf_8)
                                         net1074 (net)
                  0.03    0.00    4.50 v i_croc_soc/i_croc/i_core_wrap/_6086_/C (sg13g2_and3_1)
     3    0.02    0.06    0.11    4.61 v i_croc_soc/i_croc/i_core_wrap/_6086_/X (sg13g2_and3_1)
                                         i_croc_soc/i_croc/i_core_wrap/_1412_ (net)
                  0.06    0.00    4.61 v i_croc_soc/i_croc/i_core_wrap/_6097_/A (sg13g2_nor2_2)
     2    0.01    0.07    0.09    4.70 ^ i_croc_soc/i_croc/i_core_wrap/_6097_/Y (sg13g2_nor2_2)
                                         i_croc_soc/i_croc/i_core_wrap/_1423_ (net)
                  0.07    0.00    4.70 ^ i_croc_soc/i_croc/i_core_wrap/_6114_/A1 (sg13g2_a21o_1)
     2    0.02    0.08    0.16    4.86 ^ i_croc_soc/i_croc/i_core_wrap/_6114_/X (sg13g2_a21o_1)
                                         i_croc_soc/i_croc/i_core_wrap/_1440_ (net)
                  0.08    0.00    4.86 ^ i_croc_soc/i_croc/i_core_wrap/_6115_/S (sg13g2_mux2_1)
     1    0.01    0.04    0.18    5.04 v i_croc_soc/i_croc/i_core_wrap/_6115_/X (sg13g2_mux2_1)
                                         i_croc_soc/i_croc/i_core_wrap/_1441_ (net)
                  0.04    0.00    5.04 v i_croc_soc/i_croc/i_core_wrap/_6116_/B (sg13g2_xor2_1)
     4    0.03    0.23    0.20    5.25 ^ i_croc_soc/i_croc/i_core_wrap/_6116_/X (sg13g2_xor2_1)
                                         i_croc_soc/i_croc/i_core_wrap/_1442_ (net)
                  0.23    0.00    5.25 ^ i_croc_soc/i_croc/i_core_wrap/_6117_/A (sg13g2_inv_4)
     7    0.07    0.12    0.13    5.38 v i_croc_soc/i_croc/i_core_wrap/_6117_/Y (sg13g2_inv_4)
                                         i_croc_soc/i_croc/core_data_obi_req_70_ (net)
                  0.12    0.00    5.38 v i_croc_soc/i_croc/i_core_wrap/_7397_/A1 (sg13g2_a221oi_1)
     1    0.01    0.14    0.19    5.57 ^ i_croc_soc/i_croc/i_core_wrap/_7397_/Y (sg13g2_a221oi_1)
                                         i_croc_soc/i_croc/i_core_wrap/_2553_ (net)
                  0.14    0.00    5.57 ^ i_croc_soc/i_croc/i_core_wrap/_7399_/A (sg13g2_nor2_2)
     4    0.03    0.08    0.12    5.69 v i_croc_soc/i_croc/i_core_wrap/_7399_/Y (sg13g2_nor2_2)
                                         i_croc_soc/i_croc/i_core_wrap/_2555_ (net)
                  0.08    0.00    5.69 v i_croc_soc/i_croc/i_core_wrap/_8618_/A_N (sg13g2_nand2b_1)
     3    0.01    0.08    0.14    5.83 v i_croc_soc/i_croc/i_core_wrap/_8618_/Y (sg13g2_nand2b_1)
                                         i_croc_soc/i_croc/i_core_wrap/_3617_ (net)
                  0.08    0.00    5.83 v i_croc_soc/i_croc/i_core_wrap/_8902_/A1 (sg13g2_mux2_2)
     5    0.04    0.11    0.22    6.05 v i_croc_soc/i_croc/i_core_wrap/_8902_/X (sg13g2_mux2_2)
                                         i_croc_soc/i_croc/core_instr_obi_req_70_ (net)
                  0.11    0.01    6.06 v i_croc_soc/i_croc/_3723_/A (sg13g2_nor2_2)
     4    0.02    0.10    0.13    6.18 ^ i_croc_soc/i_croc/_3723_/Y (sg13g2_nor2_2)
                                         i_croc_soc/i_croc/_0349_ (net)
                  0.10    0.00    6.18 ^ i_croc_soc/i_croc/_3730_/B (sg13g2_nand4_1)
     3    0.02    0.21    0.22    6.41 v i_croc_soc/i_croc/_3730_/Y (sg13g2_nand4_1)
                                         i_croc_soc/i_croc/_0356_ (net)
                  0.21    0.00    6.41 v i_croc_soc/i_croc/_3735_/A (sg13g2_nor2_2)
     6    0.03    0.18    0.20    6.61 ^ i_croc_soc/i_croc/_3735_/Y (sg13g2_nor2_2)
                                         i_croc_soc/i_croc/_0361_ (net)
                  0.18    0.00    6.61 ^ i_croc_soc/i_croc/_3743_/A2 (sg13g2_a21oi_2)
     2    0.01    0.06    0.11    6.72 v i_croc_soc/i_croc/_3743_/Y (sg13g2_a21oi_2)
                                         i_croc_soc/i_croc/_0369_ (net)
                  0.06    0.00    6.72 v i_croc_soc/i_croc/_3752_/A1 (sg13g2_o21ai_1)
     2    0.02    0.18    0.18    6.90 ^ i_croc_soc/i_croc/_3752_/Y (sg13g2_o21ai_1)
                                         i_croc_soc/i_croc/_0378_ (net)
                  0.18    0.00    6.90 ^ i_croc_soc/i_croc/_3755_/A2 (sg13g2_a21oi_2)
     7    0.04    0.14    0.18    7.09 v i_croc_soc/i_croc/_3755_/Y (sg13g2_a21oi_2)
                                         i_croc_soc/i_croc/_0381_ (net)
                  0.14    0.00    7.09 v i_croc_soc/i_croc/_3758_/A1 (sg13g2_a21oi_2)
     3    0.02    0.10    0.13    7.22 ^ i_croc_soc/i_croc/_3758_/Y (sg13g2_a21oi_2)
                                         i_croc_soc/i_croc/_0384_ (net)
                  0.10    0.00    7.22 ^ i_croc_soc/i_croc/_3759_/A (sg13g2_inv_2)
     6    0.02    0.05    0.07    7.29 v i_croc_soc/i_croc/_3759_/Y (sg13g2_inv_2)
                                         i_croc_soc/i_croc/i_main_xbar.gen_mux[1].i_mux.i_rr_arb.gen_arbiter.gen_int_rr.gen_lock.req_q_3__reg_D (net)
                  0.05    0.00    7.29 v i_croc_soc/i_croc/_3760_/A2 (sg13g2_o21ai_1)
     3    0.02    0.22    0.20    7.49 ^ i_croc_soc/i_croc/_3760_/Y (sg13g2_o21ai_1)
                                         i_croc_soc/i_croc/_0385_ (net)
                  0.22    0.00    7.49 ^ i_croc_soc/i_croc/_3782_/B (sg13g2_and2_2)
     3    0.02    0.06    0.18    7.67 ^ i_croc_soc/i_croc/_3782_/X (sg13g2_and2_2)
                                         i_croc_soc/i_croc/_0407_ (net)
                  0.06    0.00    7.67 ^ fanout2686/A (sg13g2_buf_8)
     8    0.05    0.04    0.09    7.76 ^ fanout2686/X (sg13g2_buf_8)
                                         net2686 (net)
                  0.04    0.00    7.77 ^ fanout2684/A (sg13g2_buf_2)
     8    0.03    0.07    0.11    7.88 ^ fanout2684/X (sg13g2_buf_2)
                                         net2684 (net)
                  0.07    0.00    7.88 ^ fanout2683/A (sg13g2_buf_2)
     5    0.02    0.05    0.11    7.99 ^ fanout2683/X (sg13g2_buf_2)
                                         net2683 (net)
                  0.05    0.00    7.99 ^ i_croc_soc/i_croc/_3913_/A (sg13g2_nand2_1)
     3    0.01    0.08    0.08    8.07 v i_croc_soc/i_croc/_3913_/Y (sg13g2_nand2_1)
                                         i_croc_soc/i_croc/_0538_ (net)
                  0.08    0.00    8.07 v i_croc_soc/i_croc/_3914_/B1 (sg13g2_a21o_1)
     5    0.02    0.07    0.17    8.24 v i_croc_soc/i_croc/_3914_/X (sg13g2_a21o_1)
                                         i_croc_soc/i_croc/_0539_ (net)
                  0.07    0.00    8.24 v i_croc_soc/i_croc/_3915_/C (sg13g2_and3_2)
     6    0.03    0.06    0.15    8.39 v i_croc_soc/i_croc/_3915_/X (sg13g2_and3_2)
                                         i_croc_soc/i_croc/_0540_ (net)
                  0.06    0.00    8.39 v i_croc_soc/i_croc/_3916_/B (sg13g2_xnor2_1)
     2    0.01    0.10    0.11    8.50 ^ i_croc_soc/i_croc/_3916_/Y (sg13g2_xnor2_1)
                                         i_croc_soc/i_croc/_0541_ (net)
                  0.10    0.00    8.50 ^ i_croc_soc/i_croc/_4631_/A2 (sg13g2_a21o_1)
     2    0.01    0.05    0.15    8.64 ^ i_croc_soc/i_croc/_4631_/X (sg13g2_a21o_1)
                                         i_croc_soc/i_croc/_1083_ (net)
                  0.05    0.00    8.65 ^ i_croc_soc/i_croc/_4634_/A (sg13g2_or2_1)
     4    0.01    0.07    0.11    8.76 ^ i_croc_soc/i_croc/_4634_/X (sg13g2_or2_1)
                                         i_croc_soc/i_croc/_1086_ (net)
                  0.07    0.00    8.76 ^ i_croc_soc/i_croc/_4636_/A_N (sg13g2_nand2b_1)
     1    0.01    0.07    0.09    8.85 ^ i_croc_soc/i_croc/_4636_/Y (sg13g2_nand2b_1)
                                         i_croc_soc/i_croc/_1088_ (net)
                  0.07    0.00    8.85 ^ fanout2483/A (sg13g2_buf_4)
     4    0.03    0.05    0.12    8.97 ^ fanout2483/X (sg13g2_buf_4)
                                         net2483 (net)
                  0.05    0.00    8.97 ^ fanout2478/A (sg13g2_buf_2)
     4    0.01    0.04    0.09    9.06 ^ fanout2478/X (sg13g2_buf_2)
                                         net2478 (net)
                  0.04    0.00    9.06 ^ fanout2475/A (sg13g2_buf_2)
     8    0.04    0.09    0.12    9.18 ^ fanout2475/X (sg13g2_buf_2)
                                         net2475 (net)
                  0.09    0.00    9.18 ^ i_croc_soc/i_croc/_4639_/B (sg13g2_nor2_1)
     1    0.00    0.04    0.05    9.24 v i_croc_soc/i_croc/_4639_/Y (sg13g2_nor2_1)
                                         i_croc_soc/i_croc/all_periph_obi_rsp_157_ (net)
                  0.04    0.00    9.24 v fanout2389/A (sg13g2_buf_2)
     4    0.02    0.04    0.09    9.33 v fanout2389/X (sg13g2_buf_2)
                                         net2389 (net)
                  0.04    0.00    9.33 v fanout2388/A (sg13g2_buf_2)
     5    0.02    0.04    0.09    9.43 v fanout2388/X (sg13g2_buf_2)
                                         net2388 (net)
                  0.04    0.00    9.43 v i_croc_soc/i_croc/i_gpio/_1354_/A (sg13g2_nand2_1)
     2    0.01    0.05    0.05    9.48 ^ i_croc_soc/i_croc/i_gpio/_1354_/Y (sg13g2_nand2_1)
                                         i_croc_soc/i_croc/i_gpio/_0150_ (net)
                  0.05    0.00    9.48 ^ i_croc_soc/i_croc/i_gpio/_1355_/B (sg13g2_nand3_1)
     1    0.00    0.06    0.08    9.56 v i_croc_soc/i_croc/i_gpio/_1355_/Y (sg13g2_nand3_1)
                                         i_croc_soc/i_croc/i_gpio/_0151_ (net)
                  0.06    0.00    9.56 v i_croc_soc/i_croc/i_gpio/_1356_/B1 (sg13g2_o21ai_1)
     1    0.01    0.11    0.06    9.62 ^ i_croc_soc/i_croc/i_gpio/_1356_/Y (sg13g2_o21ai_1)
                                         i_croc_soc/i_croc/all_periph_obi_rsp_159_ (net)
                  0.11    0.00    9.62 ^ i_croc_soc/i_croc/_5909_/A2 (sg13g2_a22oi_1)
     1    0.00    0.07    0.11    9.73 v i_croc_soc/i_croc/_5909_/Y (sg13g2_a22oi_1)
                                         i_croc_soc/i_croc/_2067_ (net)
                  0.07    0.00    9.73 v i_croc_soc/i_croc/_5911_/A2 (sg13g2_o21ai_1)
     4    0.06    0.56    0.45   10.18 ^ i_croc_soc/i_croc/_5911_/Y (sg13g2_o21ai_1)
                                         i_croc_soc/i_croc/_2069_ (net)
                  0.56    0.01   10.19 ^ i_croc_soc/i_croc/_6135_/A2 (sg13g2_a21oi_1)
     1    0.00    0.11    0.17   10.36 v i_croc_soc/i_croc/_6135_/Y (sg13g2_a21oi_1)
                                         i_croc_soc/i_croc/_2260_ (net)
                  0.11    0.00   10.36 v i_croc_soc/i_croc/_6136_/B (sg13g2_and2_1)
     1    0.01    0.03    0.11   10.48 v i_croc_soc/i_croc/_6136_/X (sg13g2_and2_1)
                                         i_croc_soc/i_croc/_2261_ (net)
                  0.03    0.00   10.48 v i_croc_soc/i_croc/_6137_/C (sg13g2_nor3_2)
     5    0.03    0.22    0.18   10.66 ^ i_croc_soc/i_croc/_6137_/Y (sg13g2_nor3_2)
                                         i_croc_soc/i_croc/core_instr_obi_rsp_3_ (net)
                  0.22    0.00   10.66 ^ i_croc_soc/i_croc/i_core_wrap/_6599_/B_N (sg13g2_nor2b_1)
     2    0.01    0.08    0.17   10.83 ^ i_croc_soc/i_croc/i_core_wrap/_6599_/Y (sg13g2_nor2b_1)
                                         i_croc_soc/i_croc/i_core_wrap/_1854_ (net)
                  0.08    0.00   10.83 ^ i_croc_soc/i_croc/i_core_wrap/_6600_/B1 (sg13g2_a21o_1)
     3    0.01    0.06    0.11   10.95 ^ i_croc_soc/i_croc/i_core_wrap/_6600_/X (sg13g2_a21o_1)
                                         i_croc_soc/i_croc/i_core_wrap/_1855_ (net)
                  0.06    0.00   10.95 ^ i_croc_soc/i_croc/i_core_wrap/_6945_/B (sg13g2_or3_2)
     3    0.02    0.06    0.13   11.08 ^ i_croc_soc/i_croc/i_core_wrap/_6945_/X (sg13g2_or3_2)
                                         i_croc_soc/i_croc/i_core_wrap/_2134_ (net)
                  0.06    0.00   11.08 ^ fanout2127/A (sg13g2_buf_1)
     4    0.02    0.10    0.13   11.21 ^ fanout2127/X (sg13g2_buf_1)
                                         net2127 (net)
                  0.10    0.00   11.22 ^ fanout2126/A (sg13g2_buf_2)
     8    0.03    0.08    0.15   11.36 ^ fanout2126/X (sg13g2_buf_2)
                                         net2126 (net)
                  0.08    0.00   11.36 ^ i_croc_soc/i_croc/i_core_wrap/_7147_/B (sg13g2_and3_1)
     2    0.01    0.05    0.15   11.51 ^ i_croc_soc/i_croc/i_core_wrap/_7147_/X (sg13g2_and3_1)
                                         i_croc_soc/i_croc/i_core_wrap/_2322_ (net)
                  0.05    0.00   11.51 ^ i_croc_soc/i_croc/i_core_wrap/_7163_/B (sg13g2_and2_1)
     2    0.01    0.05    0.11   11.62 ^ i_croc_soc/i_croc/i_core_wrap/_7163_/X (sg13g2_and2_1)
                                         i_croc_soc/i_croc/i_core_wrap/_2337_ (net)
                  0.05    0.00   11.62 ^ i_croc_soc/i_croc/i_core_wrap/_7182_/B (sg13g2_and2_1)
     2    0.01    0.05    0.11   11.73 ^ i_croc_soc/i_croc/i_core_wrap/_7182_/X (sg13g2_and2_1)
                                         i_croc_soc/i_croc/i_core_wrap/_2355_ (net)
                  0.05    0.00   11.73 ^ i_croc_soc/i_croc/i_core_wrap/_7212_/B (sg13g2_and2_1)
     2    0.01    0.06    0.12   11.85 ^ i_croc_soc/i_croc/i_core_wrap/_7212_/X (sg13g2_and2_1)
                                         i_croc_soc/i_croc/i_core_wrap/_2384_ (net)
                  0.06    0.00   11.85 ^ i_croc_soc/i_croc/i_core_wrap/_7215_/B (sg13g2_and2_2)
     8    0.04    0.09    0.16   12.01 ^ i_croc_soc/i_croc/i_core_wrap/_7215_/X (sg13g2_and2_2)
                                         i_croc_soc/i_croc/i_core_wrap/_2387_ (net)
                  0.09    0.00   12.01 ^ i_croc_soc/i_croc/i_core_wrap/_7315_/B (sg13g2_and3_1)
     2    0.01    0.05    0.15   12.16 ^ i_croc_soc/i_croc/i_core_wrap/_7315_/X (sg13g2_and3_1)
                                         i_croc_soc/i_croc/i_core_wrap/_2479_ (net)
                  0.05    0.00   12.16 ^ i_croc_soc/i_croc/i_core_wrap/_7325_/B (sg13g2_and2_1)
     2    0.01    0.04    0.10   12.26 ^ i_croc_soc/i_croc/i_core_wrap/_7325_/X (sg13g2_and2_1)
                                         i_croc_soc/i_croc/i_core_wrap/_2488_ (net)
                  0.04    0.00   12.27 ^ i_croc_soc/i_croc/i_core_wrap/_7338_/B (sg13g2_and2_1)
     3    0.01    0.06    0.11   12.38 ^ i_croc_soc/i_croc/i_core_wrap/_7338_/X (sg13g2_and2_1)
                                         i_croc_soc/i_croc/i_core_wrap/_2499_ (net)
                  0.06    0.00   12.38 ^ i_croc_soc/i_croc/i_core_wrap/_7370_/C (sg13g2_and3_1)
     4    0.02    0.08    0.17   12.55 ^ i_croc_soc/i_croc/i_core_wrap/_7370_/X (sg13g2_and3_1)
                                         i_croc_soc/i_croc/i_core_wrap/_2529_ (net)
                  0.08    0.00   12.55 ^ i_croc_soc/i_croc/i_core_wrap/_7400_/D (sg13g2_and4_1)
     2    0.01    0.06    0.19   12.74 ^ i_croc_soc/i_croc/i_core_wrap/_7400_/X (sg13g2_and4_1)
                                         i_croc_soc/i_croc/i_core_wrap/_2556_ (net)
                  0.06    0.00   12.74 ^ i_croc_soc/i_croc/i_core_wrap/_7402_/B (sg13g2_and2_1)
     3    0.01    0.06    0.12   12.87 ^ i_croc_soc/i_croc/i_core_wrap/_7402_/X (sg13g2_and2_1)
                                         i_croc_soc/i_croc/i_core_wrap/_2558_ (net)
                  0.06    0.00   12.87 ^ i_croc_soc/i_croc/i_core_wrap/_7414_/C (sg13g2_nand3_1)
     1    0.00    0.07    0.09   12.96 v i_croc_soc/i_croc/i_core_wrap/_7414_/Y (sg13g2_nand3_1)
                                         i_croc_soc/i_croc/i_core_wrap/_2569_ (net)
                  0.07    0.00   12.96 v i_croc_soc/i_croc/i_core_wrap/_7415_/A2 (sg13g2_a21oi_1)
     1    0.00    0.07    0.09   13.05 ^ i_croc_soc/i_croc/i_core_wrap/_7415_/Y (sg13g2_a21oi_1)
                                         i_croc_soc/i_croc/i_core_wrap/_2570_ (net)
                  0.07    0.00   13.05 ^ i_croc_soc/i_croc/i_core_wrap/_7416_/B1 (sg13g2_a21oi_1)
     1    0.00    0.05    0.05   13.10 v i_croc_soc/i_croc/i_core_wrap/_7416_/Y (sg13g2_a21oi_1)
                                         i_croc_soc/i_croc/i_core_wrap/_0090_ (net)
                  0.05    0.00   13.10 v i_croc_soc/i_croc/i_core_wrap/i_ibex.crash_dump_o_95__reg/D (sg13g2_dfrbp_2)
                                 13.10   data arrival time

                         12.50   12.50   clock clk_sys (rise edge)
                          0.00   12.50   clock source latency
     1    0.20    0.34    0.03   12.53 ^ clk_i (in)
                                         clk_i (net)
                  0.34    0.00   12.53 ^ pad_clk_i/pad (sg13g2_IOPadIn)
     1    0.09    0.17    0.12   12.65 ^ pad_clk_i/p2c (sg13g2_IOPadIn)
                                         soc_clk_i (net)
                  0.14    0.02   12.67 ^ clkbuf_0_soc_clk_i/A (sg13g2_buf_8)
     4    0.15    0.09    0.15   12.83 ^ clkbuf_0_soc_clk_i/X (sg13g2_buf_8)
                                         clknet_0_soc_clk_i (net)
                  0.10    0.02   12.85 ^ clkbuf_2_3_0_soc_clk_i/A (sg13g2_buf_16)
     4    0.13    0.04    0.11   12.96 ^ clkbuf_2_3_0_soc_clk_i/X (sg13g2_buf_16)
                                         clknet_2_3_0_soc_clk_i (net)
                  0.06    0.02   12.98 ^ clkbuf_4_13_0_soc_clk_i/A (sg13g2_buf_16)
     8    0.13    0.05    0.10   13.08 ^ clkbuf_4_13_0_soc_clk_i/X (sg13g2_buf_16)
                                         clknet_4_13_0_soc_clk_i (net)
                  0.05    0.01   13.09 ^ clkbuf_7_104__f_soc_clk_i/A (sg13g2_buf_8)
     7    0.15    0.09    0.12   13.21 ^ clkbuf_7_104__f_soc_clk_i/X (sg13g2_buf_8)
                                         clknet_7_104__leaf_soc_clk_i (net)
                  0.09    0.02   13.23 ^ clkbuf_leaf_559_soc_clk_i/A (sg13g2_buf_16)
     8    0.04    0.03    0.10   13.33 ^ clkbuf_leaf_559_soc_clk_i/X (sg13g2_buf_16)
                                         clknet_leaf_559_soc_clk_i (net)
                  0.03    0.00   13.33 ^ i_croc_soc/i_croc/i_core_wrap/i_ibex.crash_dump_o_95__reg/CLK (sg13g2_dfrbp_2)
                         -0.10   13.23   clock uncertainty
                          0.01   13.24   clock reconvergence pessimism
                         -0.13   13.11   library setup time
                                 13.11   data required time
-----------------------------------------------------------------------------
                                 13.11   data required time
                                -13.10   data arrival time
-----------------------------------------------------------------------------
                                  0.01   slack (MET)



==========================================================================
05_croc.grt_repaired report_check_types -max_slew -max_cap -max_fanout -violators
--------------------------------------------------------------------------

==========================================================================
05_croc.grt_repaired max_slew_check_slack
--------------------------------------------------------------------------
-2.4305672645568848

==========================================================================
05_croc.grt_repaired max_slew_check_limit
--------------------------------------------------------------------------
1.2000000476837158

==========================================================================
05_croc.grt_repaired max_slew_check_slack_limit
--------------------------------------------------------------------------
-2.0255

==========================================================================
05_croc.grt_repaired max_fanout_check_slack
--------------------------------------------------------------------------
-1.0

==========================================================================
05_croc.grt_repaired max_fanout_check_limit
--------------------------------------------------------------------------
8.0

==========================================================================
05_croc.grt_repaired max_fanout_check_slack_limit
--------------------------------------------------------------------------
-0.1250

==========================================================================
05_croc.grt_repaired max_capacitance_check_slack
--------------------------------------------------------------------------
-11.160959243774414

==========================================================================
05_croc.grt_repaired max_capacitance_check_limit
--------------------------------------------------------------------------
4.21304988861084

==========================================================================
05_croc.grt_repaired max_capacitance_check_slack_limit
--------------------------------------------------------------------------
-2.6491

==========================================================================
05_croc.grt_repaired max_slew_violation_count
--------------------------------------------------------------------------
max slew violation count 71

==========================================================================
05_croc.grt_repaired max_fanout_violation_count
--------------------------------------------------------------------------
max fanout violation count 158

==========================================================================
05_croc.grt_repaired max_cap_violation_count
--------------------------------------------------------------------------
max cap violation count 71

==========================================================================
05_croc.grt_repaired setup_violation_count
--------------------------------------------------------------------------
setup violation count 1

==========================================================================
05_croc.grt_repaired hold_violation_count
--------------------------------------------------------------------------
hold violation count 0

==========================================================================
05_croc.grt_repaired critical path delay
--------------------------------------------------------------------------
15.0450

==========================================================================
05_croc.grt_repaired critical path slack
--------------------------------------------------------------------------
-0.1450

==========================================================================
05_croc.grt_repaired slack div critical path delay
--------------------------------------------------------------------------
-0.963775

==========================================================================
05_croc.grt_repaired report_power tt
--------------------------------------------------------------------------
Group                  Internal  Switching    Leakage      Total
                          Power      Power      Power      Power (Watts)
----------------------------------------------------------------
Sequential             2.61e-02   5.45e-04   2.76e-06   2.67e-02  46.6%
Combinational          5.32e-03   5.17e-03   5.84e-06   1.05e-02  18.3%
Clock                  1.28e-02   5.72e-03   1.58e-06   1.85e-02  32.4%
Macro                  0.00e+00   0.00e+00   0.00e+00   0.00e+00   0.0%
Pad                    1.23e-04   1.39e-03   1.08e-07   1.51e-03   2.6%
----------------------------------------------------------------
Total                  4.44e-02   1.28e-02   1.03e-05   5.72e-02 100.0%
                          77.6%      22.4%       0.0%

==========================================================================
05_croc.grt_repaired report_design_area
--------------------------------------------------------------------------

==========================================================================
05_croc.grt_repaired area by hierarchy
--------------------------------------------------------------------------

--------------------------------------------------------------------------------
Design Area Summary
--------------------------------------------------------------------------------
Die Area:              3980025.0 um2
Core Area:             2442871.872 um2
Total Area:            2512676.976 um2
Total Active Area:     892276.976 um2

Core Utilization:      0.3652573785089618
Std Cell Utilization:  0.31283515514258897

--------------------------------------------------------------------------------
Hierarchical Area Report
--------------------------------------------------------------------------------
                                                                                Global Area (um^2)                                                              Global Instances                                                                Local Area (um^2)                                                               Local Instances
                                                                                ------------------------------------------------------------------------------- ------------------------------------------------------------------------------- ------------------------------------------------------------------------------- ----------------------------------------------------------------------------
Hierarchy Name                                                                  Total           StdCell         Macro           Cover           Pad             Total           StdCell         Macro           Cover           Pad             Total           StdCell         Macro           Cover           Pad             Total           StdCell         Macro           Cover           Pad             
-----------------------------------------------------------------------------------------------------------------------------------------------------------------------------------------------------------------------------------------------------------------------------------------------------------------------------------------------------------------------------------------------------------
<top>                                                                           2512676.976     705915.907      186361.069      313600.000      1306800.000     39134           38872           2               64              196             1738834.960     118434.960      0.000           313600.000      1306800.000     7363            7103            0               64              196             
  i_croc_soc                                                                    773842.016      587480.947      186361.069      0.000           0.000           31771           31769           2               0               0               195.955         195.955         0.000           0.000           0.000           5               5               0               0               0               
    i_croc                                                                      746090.768      559729.699      186361.069      0.000           0.000           30514           30512           2               0               0               47330.438       47330.438       0.000           0.000           0.000           4082            4082            0               0               0               
      gen_sram_bank\[0\].i_sram                                                 95022.150       1841.616        93180.534       0.000           0.000           186             185             1               0               0               95022.150       1841.616        93180.534       0.000           0.000           186             185             1               0               0               
      gen_sram_bank\[1\].i_sram                                                 95014.893       1834.358        93180.534       0.000           0.000           186             185             1               0               0               95014.893       1834.358        93180.534       0.000           0.000           186             185             1               0               0               
      i_core_wrap                                                               214496.554      214496.554      0.000           0.000           0.000           11696           11696           0               0               0               69105.053       69105.053       0.000           0.000           0.000           4908            4908            0               0               0               
        i_ibex.cs_registers_i                                                   54003.802       54003.802       0.000           0.000           0.000           3114            3114            0               0               0               54003.802       54003.802       0.000           0.000           0.000           3114            3114            0               0               0               
        i_ibex.register_file_i                                                  91387.699       91387.699       0.000           0.000           0.000           3674            3674            0               0               0               91387.699       91387.699       0.000           0.000           0.000           3674            3674            0               0               0               
      i_dm_top.i_dm_top                                                         73822.493       73822.493       0.000           0.000           0.000           4627            4627            0               0               0               73822.493       73822.493       0.000           0.000           0.000           4627            4627            0               0               0               
      i_dmi_jtag                                                                39007.786       39007.786       0.000           0.000           0.000           2180            2180            0               0               0               15260.918       15260.918       0.000           0.000           0.000           996             996             0               0               0               
        i_dmi_cdc.i_cdc_req                                                     12601.008       12601.008       0.000           0.000           0.000           614             614             0               0               0               246.758         246.758         0.000           0.000           0.000           8               8               0               0               0               
          i_cdc_reset_ctrlr                                                     4015.267        4015.267        0.000           0.000           0.000           251             251             0               0               0               0.000           0.000           0.000           0.000           0.000           0               0               0               0               0               
            i_cdc_reset_ctrlr_half_a                                            2012.170        2012.170        0.000           0.000           0.000           127             127             0               0               0               1023.322        1023.322        0.000           0.000           0.000           79              79              0               0               0               
              i_state_transition_cdc_dst                                        373.766         373.766         0.000           0.000           0.000           19              19              0               0               0               279.418         279.418         0.000           0.000           0.000           17              17              0               0               0               
                i_sync                                                          94.349          94.349          0.000           0.000           0.000           2               2               0               0               0               94.349          94.349          0.000           0.000           0.000           2               2               0               0               0               
              i_state_transition_cdc_src                                        615.082         615.082         0.000           0.000           0.000           29              29              0               0               0               513.475         513.475         0.000           0.000           0.000           27              27              0               0               0               
                i_sync                                                          101.606         101.606         0.000           0.000           0.000           2               2               0               0               0               101.606         101.606         0.000           0.000           0.000           2               2               0               0               0               
            i_cdc_reset_ctrlr_half_b                                            2003.098        2003.098        0.000           0.000           0.000           124             124             0               0               0               1014.250        1014.250        0.000           0.000           0.000           76              76              0               0               0               
              i_state_transition_cdc_dst                                        373.766         373.766         0.000           0.000           0.000           19              19              0               0               0               279.418         279.418         0.000           0.000           0.000           17              17              0               0               0               
                i_sync                                                          94.349          94.349          0.000           0.000           0.000           2               2               0               0               0               94.349          94.349          0.000           0.000           0.000           2               2               0               0               0               
              i_state_transition_cdc_src                                        615.082         615.082         0.000           0.000           0.000           29              29              0               0               0               513.475         513.475         0.000           0.000           0.000           27              27              0               0               0               
                i_sync                                                          101.606         101.606         0.000           0.000           0.000           2               2               0               0               0               101.606         101.606         0.000           0.000           0.000           2               2               0               0               0               
          i_dst                                                                 4209.408        4209.408        0.000           0.000           0.000           178             178             0               0               0               4067.885        4067.885        0.000           0.000           0.000           175             175             0               0               0               
            i_sync                                                              141.523         141.523         0.000           0.000           0.000           3               3               0               0               0               141.523         141.523         0.000           0.000           0.000           3               3               0               0               0               
          i_src                                                                 4129.574        4129.574        0.000           0.000           0.000           177             177             0               0               0               3988.051        3988.051        0.000           0.000           0.000           174             174             0               0               0               
            i_sync                                                              141.523         141.523         0.000           0.000           0.000           3               3               0               0               0               141.523         141.523         0.000           0.000           0.000           3               3               0               0               0               
        i_dmi_cdc.i_cdc_resp                                                    11115.014       11115.014       0.000           0.000           0.000           567             567             0               0               0               246.758         246.758         0.000           0.000           0.000           9               9               0               0               0               
          i_cdc_reset_ctrlr                                                     4066.070        4066.070        0.000           0.000           0.000           259             259             0               0               0               0.000           0.000           0.000           0.000           0.000           0               0               0               0               0               
            i_cdc_reset_ctrlr_half_a                                            2066.602        2066.602        0.000           0.000           0.000           133             133             0               0               0               1077.754        1077.754        0.000           0.000           0.000           85              85              0               0               0               
              i_state_transition_cdc_dst                                        373.766         373.766         0.000           0.000           0.000           19              19              0               0               0               279.418         279.418         0.000           0.000           0.000           17              17              0               0               0               
                i_sync                                                          94.349          94.349          0.000           0.000           0.000           2               2               0               0               0               94.349          94.349          0.000           0.000           0.000           2               2               0               0               0               
              i_state_transition_cdc_src                                        615.082         615.082         0.000           0.000           0.000           29              29              0               0               0               513.475         513.475         0.000           0.000           0.000           27              27              0               0               0               
                i_sync                                                          101.606         101.606         0.000           0.000           0.000           2               2               0               0               0               101.606         101.606         0.000           0.000           0.000           2               2               0               0               0               
            i_cdc_reset_ctrlr_half_b                                            1999.469        1999.469        0.000           0.000           0.000           126             126             0               0               0               1010.621        1010.621        0.000           0.000           0.000           78              78              0               0               0               
              i_state_transition_cdc_dst                                        373.766         373.766         0.000           0.000           0.000           19              19              0               0               0               279.418         279.418         0.000           0.000           0.000           17              17              0               0               0               
                i_sync                                                          94.349          94.349          0.000           0.000           0.000           2               2               0               0               0               94.349          94.349          0.000           0.000           0.000           2               2               0               0               0               
              i_state_transition_cdc_src                                        615.082         615.082         0.000           0.000           0.000           29              29              0               0               0               513.475         513.475         0.000           0.000           0.000           27              27              0               0               0               
                i_sync                                                          101.606         101.606         0.000           0.000           0.000           2               2               0               0               0               101.606         101.606         0.000           0.000           0.000           2               2               0               0               0               
          i_dst                                                                 3443.731        3443.731        0.000           0.000           0.000           150             150             0               0               0               3302.208        3302.208        0.000           0.000           0.000           147             147             0               0               0               
            i_sync                                                              141.523         141.523         0.000           0.000           0.000           3               3               0               0               0               141.523         141.523         0.000           0.000           0.000           3               3               0               0               0               
          i_src                                                                 3358.454        3358.454        0.000           0.000           0.000           149             149             0               0               0               3216.931        3216.931        0.000           0.000           0.000           146             146             0               0               0               
            i_sync                                                              141.523         141.523         0.000           0.000           0.000           3               3               0               0               0               141.523         141.523         0.000           0.000           0.000           3               3               0               0               0               
        i_dmi_jtag_tap.i_dft_tck_mux                                            25.402          25.402          0.000           0.000           0.000           2               2               0               0               0               25.402          25.402          0.000           0.000           0.000           2               2               0               0               0               
        i_dmi_jtag_tap.i_tck_inv                                                5.443           5.443           0.000           0.000           0.000           1               1               0               0               0               5.443           5.443           0.000           0.000           0.000           1               1               0               0               0               
      i_gpio                                                                    27455.501       27455.501       0.000           0.000           0.000           1347            1347            0               0               0               24298.445       24298.445       0.000           0.000           0.000           1283            1283            0               0               0               
        gen_gpios\[0\].i_sync                                                   94.349          94.349          0.000           0.000           0.000           2               2               0               0               0               94.349          94.349          0.000           0.000           0.000           2               2               0               0               0               
        gen_gpios\[10\].i_sync                                                  101.606         101.606         0.000           0.000           0.000           2               2               0               0               0               101.606         101.606         0.000           0.000           0.000           2               2               0               0               0               
        gen_gpios\[11\].i_sync                                                  101.606         101.606         0.000           0.000           0.000           2               2               0               0               0               101.606         101.606         0.000           0.000           0.000           2               2               0               0               0               
        gen_gpios\[12\].i_sync                                                  101.606         101.606         0.000           0.000           0.000           2               2               0               0               0               101.606         101.606         0.000           0.000           0.000           2               2               0               0               0               
        gen_gpios\[13\].i_sync                                                  94.349          94.349          0.000           0.000           0.000           2               2               0               0               0               94.349          94.349          0.000           0.000           0.000           2               2               0               0               0               
        gen_gpios\[14\].i_sync                                                  94.349          94.349          0.000           0.000           0.000           2               2               0               0               0               94.349          94.349          0.000           0.000           0.000           2               2               0               0               0               
        gen_gpios\[15\].i_sync                                                  101.606         101.606         0.000           0.000           0.000           2               2               0               0               0               101.606         101.606         0.000           0.000           0.000           2               2               0               0               0               
        gen_gpios\[16\].i_sync                                                  94.349          94.349          0.000           0.000           0.000           2               2               0               0               0               94.349          94.349          0.000           0.000           0.000           2               2               0               0               0               
        gen_gpios\[17\].i_sync                                                  94.349          94.349          0.000           0.000           0.000           2               2               0               0               0               94.349          94.349          0.000           0.000           0.000           2               2               0               0               0               
        gen_gpios\[18\].i_sync                                                  94.349          94.349          0.000           0.000           0.000           2               2               0               0               0               94.349          94.349          0.000           0.000           0.000           2               2               0               0               0               
        gen_gpios\[19\].i_sync                                                  94.349          94.349          0.000           0.000           0.000           2               2               0               0               0               94.349          94.349          0.000           0.000           0.000           2               2               0               0               0               
        gen_gpios\[1\].i_sync                                                   101.606         101.606         0.000           0.000           0.000           2               2               0               0               0               101.606         101.606         0.000           0.000           0.000           2               2               0               0               0               
        gen_gpios\[20\].i_sync                                                  94.349          94.349          0.000           0.000           0.000           2               2               0               0               0               94.349          94.349          0.000           0.000           0.000           2               2               0               0               0               
        gen_gpios\[21\].i_sync                                                  101.606         101.606         0.000           0.000           0.000           2               2               0               0               0               101.606         101.606         0.000           0.000           0.000           2               2               0               0               0               
        gen_gpios\[22\].i_sync                                                  94.349          94.349          0.000           0.000           0.000           2               2               0               0               0               94.349          94.349          0.000           0.000           0.000           2               2               0               0               0               
        gen_gpios\[23\].i_sync                                                  94.349          94.349          0.000           0.000           0.000           2               2               0               0               0               94.349          94.349          0.000           0.000           0.000           2               2               0               0               0               
        gen_gpios\[24\].i_sync                                                  101.606         101.606         0.000           0.000           0.000           2               2               0               0               0               101.606         101.606         0.000           0.000           0.000           2               2               0               0               0               
        gen_gpios\[25\].i_sync                                                  101.606         101.606         0.000           0.000           0.000           2               2               0               0               0               101.606         101.606         0.000           0.000           0.000           2               2               0               0               0               
        gen_gpios\[26\].i_sync                                                  101.606         101.606         0.000           0.000           0.000           2               2               0               0               0               101.606         101.606         0.000           0.000           0.000           2               2               0               0               0               
        gen_gpios\[27\].i_sync                                                  101.606         101.606         0.000           0.000           0.000           2               2               0               0               0               101.606         101.606         0.000           0.000           0.000           2               2               0               0               0               
        gen_gpios\[28\].i_sync                                                  101.606         101.606         0.000           0.000           0.000           2               2               0               0               0               101.606         101.606         0.000           0.000           0.000           2               2               0               0               0               
        gen_gpios\[29\].i_sync                                                  101.606         101.606         0.000           0.000           0.000           2               2               0               0               0               101.606         101.606         0.000           0.000           0.000           2               2               0               0               0               
        gen_gpios\[2\].i_sync                                                   101.606         101.606         0.000           0.000           0.000           2               2               0               0               0               101.606         101.606         0.000           0.000           0.000           2               2               0               0               0               
        gen_gpios\[30\].i_sync                                                  101.606         101.606         0.000           0.000           0.000           2               2               0               0               0               101.606         101.606         0.000           0.000           0.000           2               2               0               0               0               
        gen_gpios\[31\].i_sync                                                  101.606         101.606         0.000           0.000           0.000           2               2               0               0               0               101.606         101.606         0.000           0.000           0.000           2               2               0               0               0               
        gen_gpios\[3\].i_sync                                                   101.606         101.606         0.000           0.000           0.000           2               2               0               0               0               101.606         101.606         0.000           0.000           0.000           2               2               0               0               0               
        gen_gpios\[4\].i_sync                                                   101.606         101.606         0.000           0.000           0.000           2               2               0               0               0               101.606         101.606         0.000           0.000           0.000           2               2               0               0               0               
        gen_gpios\[5\].i_sync                                                   101.606         101.606         0.000           0.000           0.000           2               2               0               0               0               101.606         101.606         0.000           0.000           0.000           2               2               0               0               0               
        gen_gpios\[6\].i_sync                                                   101.606         101.606         0.000           0.000           0.000           2               2               0               0               0               101.606         101.606         0.000           0.000           0.000           2               2               0               0               0               
        gen_gpios\[7\].i_sync                                                   94.349          94.349          0.000           0.000           0.000           2               2               0               0               0               94.349          94.349          0.000           0.000           0.000           2               2               0               0               0               
        gen_gpios\[8\].i_sync                                                   94.349          94.349          0.000           0.000           0.000           2               2               0               0               0               94.349          94.349          0.000           0.000           0.000           2               2               0               0               0               
        gen_gpios\[9\].i_sync                                                   94.349          94.349          0.000           0.000           0.000           2               2               0               0               0               94.349          94.349          0.000           0.000           0.000           2               2               0               0               0               
      i_soc_ctrl                                                                5591.981        5591.981        0.000           0.000           0.000           239             239             0               0               0               5591.981        5591.981        0.000           0.000           0.000           239             239             0               0               0               
      i_timer                                                                   27927.245       27927.245       0.000           0.000           0.000           1592            1592            0               0               0               27927.245       27927.245       0.000           0.000           0.000           1592            1592            0               0               0               
      i_uart                                                                    120421.728      120421.728      0.000           0.000           0.000           4379            4379            0               0               0               120421.728      120421.728      0.000           0.000           0.000           4379            4379            0               0               0               
    i_ext_intr_sync                                                             101.606         101.606         0.000           0.000           0.000           2               2               0               0               0               101.606         101.606         0.000           0.000           0.000           2               2               0               0               0               
    i_rstgen.i_rstgen_bypass.i_tc_clk_mux2_init_no                              32.659          32.659          0.000           0.000           0.000           3               3               0               0               0               32.659          32.659          0.000           0.000           0.000           3               3               0               0               0               
    i_rstgen.i_rstgen_bypass.i_tc_clk_mux2_rst_n                                27.216          27.216          0.000           0.000           0.000           2               2               0               0               0               27.216          27.216          0.000           0.000           0.000           2               2               0               0               0               
    i_rstgen.i_rstgen_bypass.i_tc_clk_mux2_rst_no                               25.402          25.402          0.000           0.000           0.000           2               2               0               0               0               25.402          25.402          0.000           0.000           0.000           2               2               0               0               0               
    i_user                                                                      27368.410       27368.410       0.000           0.000           0.000           1243            1243            0               0               0               27368.410       27368.410       0.000           0.000           0.000           1243            1243            0               0               0               
