
==========================================================================
06_croc.drt check_setup
--------------------------------------------------------------------------
0

==========================================================================
06_croc.drt report_tns
--------------------------------------------------------------------------
tns -0.19

==========================================================================
06_croc.drt report_wns
--------------------------------------------------------------------------
wns -0.12

==========================================================================
06_croc.drt report_worst_slack
--------------------------------------------------------------------------
worst slack -0.12

==========================================================================
06_croc.drt report_checks -path_delay min
--------------------------------------------------------------------------
Startpoint: i_croc_soc/i_rstgen.i_rstgen_bypass.synch_regs_q_3__reg
            (rising edge-triggered flip-flop clocked by clk_sys)
Endpoint: i_croc_soc/i_croc/i_timer/s_ref_clk0_reg
          (removal check against rising-edge clock clk_sys)
Path Group: asynchronous
Path Type: min
Corner: ff

Fanout     Cap    Slew   Delay    Time   Description
-----------------------------------------------------------------------------
                          0.00    0.00   clock clk_sys (rise edge)
                          0.00    0.00   clock source latency
     1    0.20    0.25    0.02    0.02 ^ clk_i (in)
                                         clk_i (net)
                  0.25    0.00    0.02 ^ pad_clk_i/pad (sg13g2_IOPadIn)
     6    0.09    0.12    0.07    0.10 ^ pad_clk_i/p2c (sg13g2_IOPadIn)
                                         soc_clk_i (net)
                  0.10    0.03    0.12 ^ clkbuf_0_soc_clk_i/A (sg13g2_buf_8)
     4    0.15    0.06    0.10    0.22 ^ clkbuf_0_soc_clk_i/X (sg13g2_buf_8)
                                         clknet_0_soc_clk_i (net)
                  0.07    0.02    0.24 ^ clkbuf_2_0_0_soc_clk_i/A (sg13g2_buf_16)
     4    0.13    0.03    0.07    0.31 ^ clkbuf_2_0_0_soc_clk_i/X (sg13g2_buf_16)
                                         clknet_2_0_0_soc_clk_i (net)
                  0.04    0.02    0.33 ^ clkbuf_4_0_0_soc_clk_i/A (sg13g2_buf_16)
     8    0.14    0.03    0.06    0.39 ^ clkbuf_4_0_0_soc_clk_i/X (sg13g2_buf_16)
                                         clknet_4_0_0_soc_clk_i (net)
                  0.04    0.01    0.40 ^ clkbuf_7_2__f_soc_clk_i/A (sg13g2_buf_8)
     7    0.15    0.06    0.08    0.48 ^ clkbuf_7_2__f_soc_clk_i/X (sg13g2_buf_8)
                                         clknet_7_2__leaf_soc_clk_i (net)
                  0.06    0.01    0.49 ^ clkbuf_leaf_21_soc_clk_i/A (sg13g2_buf_16)
     8    0.04    0.02    0.06    0.55 ^ clkbuf_leaf_21_soc_clk_i/X (sg13g2_buf_16)
                                         clknet_leaf_21_soc_clk_i (net)
                  0.02    0.00    0.55 ^ i_croc_soc/i_rstgen.i_rstgen_bypass.synch_regs_q_3__reg/CLK (sg13g2_dfrbp_1)
     2    0.01    0.03    0.15    0.70 ^ i_croc_soc/i_rstgen.i_rstgen_bypass.synch_regs_q_3__reg/Q (sg13g2_dfrbp_1)
                                         i_croc_soc/i_rstgen.i_rstgen_bypass.synch_regs_q_3_ (net)
                  0.03    0.00    0.70 ^ i_croc_soc/i_rstgen.i_rstgen_bypass.i_tc_clk_mux2_rst_no/i_mux/A0 (sg13g2_mux2_1)
     1    0.01    0.04    0.07    0.77 ^ i_croc_soc/i_rstgen.i_rstgen_bypass.i_tc_clk_mux2_rst_no/i_mux/X (sg13g2_mux2_1)
                                         i_croc_soc/i_rstgen.i_rstgen_bypass.rst_no (net)
                  0.04    0.00    0.77 ^ fanout5056/A (sg13g2_buf_8)
    40    0.19    0.05    0.07    0.84 ^ fanout5056/X (sg13g2_buf_8)
                                         net5056 (net)
                  0.10    0.04    0.88 ^ fanout4323/A (sg13g2_buf_8)
     5    0.06    0.03    0.08    0.96 ^ fanout4323/X (sg13g2_buf_8)
                                         net4323 (net)
                  0.03    0.01    0.97 ^ i_croc_soc/i_croc/i_timer/s_ref_clk0_reg/RESET_B (sg13g2_dfrbp_2)
                                  0.97   data arrival time

                          0.00    0.00   clock clk_sys (rise edge)
                          0.00    0.00   clock source latency
     1    0.24    0.26    0.03    0.03 ^ clk_i (in)
                                         clk_i (net)
                  0.26    0.00    0.03 ^ pad_clk_i/pad (sg13g2_IOPadIn)
     6    0.09    0.12    0.07    0.10 ^ pad_clk_i/p2c (sg13g2_IOPadIn)
                                         soc_clk_i (net)
                  0.10    0.03    0.12 ^ clkbuf_0_soc_clk_i/A (sg13g2_buf_8)
     4    0.15    0.06    0.10    0.22 ^ clkbuf_0_soc_clk_i/X (sg13g2_buf_8)
                                         clknet_0_soc_clk_i (net)
                  0.07    0.02    0.24 ^ clkbuf_2_0_0_soc_clk_i/A (sg13g2_buf_16)
     4    0.13    0.03    0.07    0.31 ^ clkbuf_2_0_0_soc_clk_i/X (sg13g2_buf_16)
                                         clknet_2_0_0_soc_clk_i (net)
                  0.04    0.02    0.33 ^ clkbuf_4_0_0_soc_clk_i/A (sg13g2_buf_16)
     8    0.14    0.03    0.06    0.39 ^ clkbuf_4_0_0_soc_clk_i/X (sg13g2_buf_16)
                                         clknet_4_0_0_soc_clk_i (net)
                  0.04    0.01    0.41 ^ clkbuf_7_5__f_soc_clk_i/A (sg13g2_buf_8)
     7    0.17    0.07    0.09    0.49 ^ clkbuf_7_5__f_soc_clk_i/X (sg13g2_buf_8)
                                         clknet_7_5__leaf_soc_clk_i (net)
                  0.07    0.01    0.50 ^ i_croc_soc/i_croc/i_timer/s_ref_clk0_reg/CLK (sg13g2_dfrbp_2)
                          0.10    0.60   clock uncertainty
                          0.00    0.60   clock reconvergence pessimism
                         -0.07    0.53   library removal time
                                  0.53   data required time
-----------------------------------------------------------------------------
                                  0.53   data required time
                                 -0.97   data arrival time
-----------------------------------------------------------------------------
                                  0.44   slack (MET)


Startpoint: i_croc_soc/i_croc/i_dmi_jtag/dtmcs_q_15__reg
            (rising edge-triggered flip-flop clocked by clk_jtg)
Endpoint: i_croc_soc/i_croc/i_dmi_jtag/dtmcs_q_15__reg
          (rising edge-triggered flip-flop clocked by clk_jtg)
Path Group: clk_jtg
Path Type: min
Corner: ff

Fanout     Cap    Slew   Delay    Time   Description
-----------------------------------------------------------------------------
                          0.00    0.00   clock clk_jtg (rise edge)
                          0.00    0.00   clock source latency
     1    0.20    0.25    0.02    0.02 ^ jtag_tck_i (in)
                                         jtag_tck_i (net)
                  0.25    0.00    0.02 ^ pad_jtag_tck_i/pad (sg13g2_IOPadIn)
     1    0.07    0.10    0.07    0.09 ^ pad_jtag_tck_i/p2c (sg13g2_IOPadIn)
                                         soc_jtag_tck_i (net)
                  0.08    0.02    0.11 ^ clkbuf_0_soc_jtag_tck_i/A (sg13g2_buf_8)
     8    0.13    0.05    0.09    0.20 ^ clkbuf_0_soc_jtag_tck_i/X (sg13g2_buf_8)
                                         clknet_0_soc_jtag_tck_i (net)
                  0.06    0.01    0.21 ^ clkbuf_3_4__f_soc_jtag_tck_i/A (sg13g2_buf_8)
     5    0.11    0.05    0.08    0.29 ^ clkbuf_3_4__f_soc_jtag_tck_i/X (sg13g2_buf_8)
                                         clknet_3_4__leaf_soc_jtag_tck_i (net)
                  0.05    0.01    0.29 ^ clkbuf_leaf_8_soc_jtag_tck_i/A (sg13g2_buf_16)
     9    0.04    0.02    0.06    0.35 ^ clkbuf_leaf_8_soc_jtag_tck_i/X (sg13g2_buf_16)
                                         clknet_leaf_8_soc_jtag_tck_i (net)
                  0.02    0.00    0.35 ^ i_croc_soc/i_croc/i_dmi_jtag/dtmcs_q_15__reg/CLK (sg13g2_dfrbp_1)
     2    0.01    0.02    0.14    0.49 v i_croc_soc/i_croc/i_dmi_jtag/dtmcs_q_15__reg/Q (sg13g2_dfrbp_1)
                                         i_croc_soc/i_croc/i_dmi_jtag/dtmcs_q_15_ (net)
                  0.02    0.00    0.49 v i_croc_soc/i_croc/i_dmi_jtag/_1821_/B2 (sg13g2_a22oi_1)
     1    0.00    0.03    0.03    0.52 ^ i_croc_soc/i_croc/i_dmi_jtag/_1821_/Y (sg13g2_a22oi_1)
                                         i_croc_soc/i_croc/i_dmi_jtag/_0255_ (net)
                  0.03    0.00    0.52 ^ i_croc_soc/i_croc/i_dmi_jtag/_1822_/A (sg13g2_inv_1)
     1    0.00    0.01    0.02    0.54 v i_croc_soc/i_croc/i_dmi_jtag/_1822_/Y (sg13g2_inv_1)
                                         i_croc_soc/i_croc/i_dmi_jtag/dtmcs_d_15_ (net)
                  0.01    0.00    0.54 v i_croc_soc/i_croc/i_dmi_jtag/dtmcs_q_15__reg/D (sg13g2_dfrbp_1)
                                  0.54   data arrival time

                          0.00    0.00   clock clk_jtg (rise edge)
                          0.00    0.00   clock source latency
     1    0.24    0.26    0.03    0.03 ^ jtag_tck_i (in)
                                         jtag_tck_i (net)
                  0.26    0.00    0.03 ^ pad_jtag_tck_i/pad (sg13g2_IOPadIn)
     1    0.07    0.10    0.07    0.09 ^ pad_jtag_tck_i/p2c (sg13g2_IOPadIn)
                                         soc_jtag_tck_i (net)
                  0.08    0.02    0.11 ^ clkbuf_0_soc_jtag_tck_i/A (sg13g2_buf_8)
     8    0.13    0.05    0.09    0.20 ^ clkbuf_0_soc_jtag_tck_i/X (sg13g2_buf_8)
                                         clknet_0_soc_jtag_tck_i (net)
                  0.06    0.01    0.21 ^ clkbuf_3_4__f_soc_jtag_tck_i/A (sg13g2_buf_8)
     5    0.11    0.05    0.08    0.29 ^ clkbuf_3_4__f_soc_jtag_tck_i/X (sg13g2_buf_8)
                                         clknet_3_4__leaf_soc_jtag_tck_i (net)
                  0.05    0.01    0.30 ^ clkbuf_leaf_8_soc_jtag_tck_i/A (sg13g2_buf_16)
     9    0.04    0.02    0.06    0.35 ^ clkbuf_leaf_8_soc_jtag_tck_i/X (sg13g2_buf_16)
                                         clknet_leaf_8_soc_jtag_tck_i (net)
                  0.02    0.00    0.36 ^ i_croc_soc/i_croc/i_dmi_jtag/dtmcs_q_15__reg/CLK (sg13g2_dfrbp_1)
                          0.10    0.46   clock uncertainty
                          0.00    0.45   clock reconvergence pessimism
                         -0.02    0.43   library hold time
                                  0.43   data required time
-----------------------------------------------------------------------------
                                  0.43   data required time
                                 -0.54   data arrival time
-----------------------------------------------------------------------------
                                  0.11   slack (MET)


Startpoint: i_croc_soc/i_croc/i_gpio/i_reg_file.new_reg_252__reg
            (rising edge-triggered flip-flop clocked by clk_sys)
Endpoint: i_croc_soc/i_croc/i_gpio/i_reg_file.reg2hw_197__reg
          (rising edge-triggered flip-flop clocked by clk_sys)
Path Group: clk_sys
Path Type: min
Corner: ff

Fanout     Cap    Slew   Delay    Time   Description
-----------------------------------------------------------------------------
                          0.00    0.00   clock clk_sys (rise edge)
                          0.00    0.00   clock source latency
     1    0.20    0.25    0.02    0.02 ^ clk_i (in)
                                         clk_i (net)
                  0.25    0.00    0.02 ^ pad_clk_i/pad (sg13g2_IOPadIn)
     6    0.09    0.12    0.07    0.10 ^ pad_clk_i/p2c (sg13g2_IOPadIn)
                                         soc_clk_i (net)
                  0.10    0.03    0.12 ^ clkbuf_0_soc_clk_i/A (sg13g2_buf_8)
     4    0.15    0.06    0.10    0.22 ^ clkbuf_0_soc_clk_i/X (sg13g2_buf_8)
                                         clknet_0_soc_clk_i (net)
                  0.07    0.02    0.24 ^ clkbuf_2_3_0_soc_clk_i/A (sg13g2_buf_16)
     4    0.13    0.03    0.07    0.31 ^ clkbuf_2_3_0_soc_clk_i/X (sg13g2_buf_16)
                                         clknet_2_3_0_soc_clk_i (net)
                  0.06    0.03    0.33 ^ clkbuf_4_13_0_soc_clk_i/A (sg13g2_buf_16)
     8    0.13    0.03    0.07    0.40 ^ clkbuf_4_13_0_soc_clk_i/X (sg13g2_buf_16)
                                         clknet_4_13_0_soc_clk_i (net)
                  0.04    0.01    0.41 ^ clkbuf_7_111__f_soc_clk_i/A (sg13g2_buf_8)
     7    0.15    0.06    0.08    0.49 ^ clkbuf_7_111__f_soc_clk_i/X (sg13g2_buf_8)
                                         clknet_7_111__leaf_soc_clk_i (net)
                  0.06    0.01    0.50 ^ clkbuf_leaf_457_soc_clk_i/A (sg13g2_buf_16)
     9    0.04    0.02    0.06    0.56 ^ clkbuf_leaf_457_soc_clk_i/X (sg13g2_buf_16)
                                         clknet_leaf_457_soc_clk_i (net)
                  0.02    0.00    0.56 ^ i_croc_soc/i_croc/i_gpio/i_reg_file.new_reg_252__reg/CLK (sg13g2_dfrbp_1)
     2    0.01    0.03    0.11    0.68 v i_croc_soc/i_croc/i_gpio/i_reg_file.new_reg_252__reg/Q_N (sg13g2_dfrbp_1)
                                         i_croc_soc/i_croc/i_gpio/gen_gpios[28].is_input_$_AND__Y_B (net)
                  0.03    0.00    0.68 v i_croc_soc/i_croc/i_gpio/_1611_/B (sg13g2_nand3_1)
     1    0.00    0.02    0.03    0.71 ^ i_croc_soc/i_croc/i_gpio/_1611_/Y (sg13g2_nand3_1)
                                         i_croc_soc/i_croc/i_gpio/_0418_ (net)
                  0.02    0.00    0.71 ^ i_croc_soc/i_croc/i_gpio/_1613_/A2 (sg13g2_o21ai_1)
     1    0.00    0.02    0.03    0.74 v i_croc_soc/i_croc/i_gpio/_1613_/Y (sg13g2_o21ai_1)
                                         i_croc_soc/i_croc/i_gpio/i_reg_file.reg_d_60_ (net)
                  0.02    0.00    0.74 v i_croc_soc/i_croc/i_gpio/i_reg_file.reg2hw_197__reg/D (sg13g2_dfrbp_1)
                                  0.74   data arrival time

                          0.00    0.00   clock clk_sys (rise edge)
                          0.00    0.00   clock source latency
     1    0.24    0.26    0.03    0.03 ^ clk_i (in)
                                         clk_i (net)
                  0.26    0.00    0.03 ^ pad_clk_i/pad (sg13g2_IOPadIn)
     6    0.09    0.12    0.07    0.10 ^ pad_clk_i/p2c (sg13g2_IOPadIn)
                                         soc_clk_i (net)
                  0.10    0.03    0.12 ^ clkbuf_0_soc_clk_i/A (sg13g2_buf_8)
     4    0.15    0.06    0.10    0.22 ^ clkbuf_0_soc_clk_i/X (sg13g2_buf_8)
                                         clknet_0_soc_clk_i (net)
                  0.07    0.02    0.24 ^ clkbuf_2_3_0_soc_clk_i/A (sg13g2_buf_16)
     4    0.13    0.03    0.07    0.31 ^ clkbuf_2_3_0_soc_clk_i/X (sg13g2_buf_16)
                                         clknet_2_3_0_soc_clk_i (net)
                  0.06    0.03    0.34 ^ clkbuf_4_13_0_soc_clk_i/A (sg13g2_buf_16)
     8    0.13    0.03    0.07    0.41 ^ clkbuf_4_13_0_soc_clk_i/X (sg13g2_buf_16)
                                         clknet_4_13_0_soc_clk_i (net)
                  0.04    0.01    0.42 ^ clkbuf_7_111__f_soc_clk_i/A (sg13g2_buf_8)
     7    0.15    0.06    0.08    0.49 ^ clkbuf_7_111__f_soc_clk_i/X (sg13g2_buf_8)
                                         clknet_7_111__leaf_soc_clk_i (net)
                  0.06    0.01    0.51 ^ clkbuf_leaf_456_soc_clk_i/A (sg13g2_buf_16)
     8    0.04    0.02    0.06    0.57 ^ clkbuf_leaf_456_soc_clk_i/X (sg13g2_buf_16)
                                         clknet_leaf_456_soc_clk_i (net)
                  0.02    0.00    0.57 ^ i_croc_soc/i_croc/i_gpio/i_reg_file.reg2hw_197__reg/CLK (sg13g2_dfrbp_1)
                          0.10    0.67   clock uncertainty
                          0.00    0.66   clock reconvergence pessimism
                         -0.02    0.64   library hold time
                                  0.64   data required time
-----------------------------------------------------------------------------
                                  0.64   data required time
                                 -0.74   data arrival time
-----------------------------------------------------------------------------
                                  0.10   slack (MET)



==========================================================================
06_croc.drt report_checks -path_delay max
--------------------------------------------------------------------------
Startpoint: i_croc_soc/i_rstgen.i_rstgen_bypass.synch_regs_q_3__reg
            (rising edge-triggered flip-flop clocked by clk_sys)
Endpoint: i_croc_soc/i_croc/i_timer/counter_hi_i.counter_value_o_24__reg
          (recovery check against rising-edge clock clk_sys)
Path Group: asynchronous
Path Type: max
Corner: tt

Fanout     Cap    Slew   Delay    Time   Description
-----------------------------------------------------------------------------
                          0.00    0.00   clock clk_sys (rise edge)
                          0.00    0.00   clock source latency
     1    0.24    0.35    0.04    0.04 ^ clk_i (in)
                                         clk_i (net)
                  0.35    0.00    0.04 ^ pad_clk_i/pad (sg13g2_IOPadIn)
     6    0.09    0.18    0.12    0.16 ^ pad_clk_i/p2c (sg13g2_IOPadIn)
                                         soc_clk_i (net)
                  0.14    0.03    0.18 ^ clkbuf_0_soc_clk_i/A (sg13g2_buf_8)
     4    0.15    0.09    0.16    0.34 ^ clkbuf_0_soc_clk_i/X (sg13g2_buf_8)
                                         clknet_0_soc_clk_i (net)
                  0.10    0.02    0.36 ^ clkbuf_2_0_0_soc_clk_i/A (sg13g2_buf_16)
     4    0.13    0.05    0.11    0.47 ^ clkbuf_2_0_0_soc_clk_i/X (sg13g2_buf_16)
                                         clknet_2_0_0_soc_clk_i (net)
                  0.06    0.02    0.48 ^ clkbuf_4_0_0_soc_clk_i/A (sg13g2_buf_16)
     8    0.14    0.05    0.10    0.58 ^ clkbuf_4_0_0_soc_clk_i/X (sg13g2_buf_16)
                                         clknet_4_0_0_soc_clk_i (net)
                  0.05    0.01    0.59 ^ clkbuf_7_2__f_soc_clk_i/A (sg13g2_buf_8)
     7    0.14    0.08    0.12    0.71 ^ clkbuf_7_2__f_soc_clk_i/X (sg13g2_buf_8)
                                         clknet_7_2__leaf_soc_clk_i (net)
                  0.09    0.01    0.72 ^ clkbuf_leaf_21_soc_clk_i/A (sg13g2_buf_16)
     8    0.03    0.03    0.09    0.81 ^ clkbuf_leaf_21_soc_clk_i/X (sg13g2_buf_16)
                                         clknet_leaf_21_soc_clk_i (net)
                  0.03    0.00    0.81 ^ i_croc_soc/i_rstgen.i_rstgen_bypass.synch_regs_q_3__reg/CLK (sg13g2_dfrbp_1)
     2    0.01    0.05    0.22    1.03 ^ i_croc_soc/i_rstgen.i_rstgen_bypass.synch_regs_q_3__reg/Q (sg13g2_dfrbp_1)
                                         i_croc_soc/i_rstgen.i_rstgen_bypass.synch_regs_q_3_ (net)
                  0.05    0.00    1.03 ^ i_croc_soc/i_rstgen.i_rstgen_bypass.i_tc_clk_mux2_rst_no/i_mux/A0 (sg13g2_mux2_1)
     1    0.01    0.05    0.11    1.15 ^ i_croc_soc/i_rstgen.i_rstgen_bypass.i_tc_clk_mux2_rst_no/i_mux/X (sg13g2_mux2_1)
                                         i_croc_soc/i_rstgen.i_rstgen_bypass.rst_no (net)
                  0.05    0.00    1.15 ^ fanout5056/A (sg13g2_buf_8)
    40    0.19    0.09    0.11    1.26 ^ fanout5056/X (sg13g2_buf_8)
                                         net5056 (net)
                  0.16    0.06    1.32 ^ fanout4859/A (sg13g2_buf_4)
     4    0.03    0.05    0.16    1.48 ^ fanout4859/X (sg13g2_buf_4)
                                         net4859 (net)
                  0.05    0.00    1.49 ^ fanout4858/A (sg13g2_buf_4)
     4    0.06    0.08    0.14    1.62 ^ fanout4858/X (sg13g2_buf_4)
                                         net4858 (net)
                  0.09    0.01    1.64 ^ fanout4857/A (sg13g2_buf_4)
     4    0.04    0.05    0.13    1.77 ^ fanout4857/X (sg13g2_buf_4)
                                         net4857 (net)
                  0.05    0.00    1.77 ^ fanout4828/A (sg13g2_buf_2)
     4    0.03    0.07    0.12    1.89 ^ fanout4828/X (sg13g2_buf_2)
                                         net4828 (net)
                  0.07    0.00    1.89 ^ fanout4809/A (sg13g2_buf_4)
     6    0.04    0.05    0.13    2.02 ^ fanout4809/X (sg13g2_buf_4)
                                         net4809 (net)
                  0.05    0.00    2.02 ^ fanout4791/A (sg13g2_buf_2)
     6    0.04    0.10    0.13    2.16 ^ fanout4791/X (sg13g2_buf_2)
                                         net4791 (net)
                  0.10    0.00    2.16 ^ fanout4788/A (sg13g2_buf_4)
     8    0.07    0.08    0.16    2.33 ^ fanout4788/X (sg13g2_buf_4)
                                         net4788 (net)
                  0.08    0.00    2.33 ^ fanout4787/A (sg13g2_buf_4)
     8    0.06    0.08    0.16    2.48 ^ fanout4787/X (sg13g2_buf_4)
                                         net4787 (net)
                  0.08    0.00    2.49 ^ i_croc_soc/i_croc/i_timer/counter_hi_i.counter_value_o_24__reg/RESET_B (sg13g2_dfrbp_2)
                                  2.49   data arrival time

                         12.50   12.50   clock clk_sys (rise edge)
                          0.00   12.50   clock source latency
     1    0.20    0.34    0.03   12.53 ^ clk_i (in)
                                         clk_i (net)
                  0.34    0.00   12.53 ^ pad_clk_i/pad (sg13g2_IOPadIn)
     6    0.09    0.18    0.12   12.65 ^ pad_clk_i/p2c (sg13g2_IOPadIn)
                                         soc_clk_i (net)
                  0.14    0.03   12.68 ^ clkbuf_0_soc_clk_i/A (sg13g2_buf_8)
     4    0.15    0.09    0.16   12.83 ^ clkbuf_0_soc_clk_i/X (sg13g2_buf_8)
                                         clknet_0_soc_clk_i (net)
                  0.10    0.02   12.85 ^ clkbuf_2_2_0_soc_clk_i/A (sg13g2_buf_16)
     4    0.13    0.04    0.11   12.96 ^ clkbuf_2_2_0_soc_clk_i/X (sg13g2_buf_16)
                                         clknet_2_2_0_soc_clk_i (net)
                  0.07    0.02   12.98 ^ clkbuf_4_10_0_soc_clk_i/A (sg13g2_buf_16)
     8    0.13    0.05    0.10   13.08 ^ clkbuf_4_10_0_soc_clk_i/X (sg13g2_buf_16)
                                         clknet_4_10_0_soc_clk_i (net)
                  0.05    0.01   13.09 ^ clkbuf_7_86__f_soc_clk_i/A (sg13g2_buf_8)
     7    0.14    0.09    0.12   13.21 ^ clkbuf_7_86__f_soc_clk_i/X (sg13g2_buf_8)
                                         clknet_7_86__leaf_soc_clk_i (net)
                  0.09    0.01   13.22 ^ clkbuf_leaf_570_soc_clk_i/A (sg13g2_buf_16)
     5    0.03    0.02    0.09   13.31 ^ clkbuf_leaf_570_soc_clk_i/X (sg13g2_buf_16)
                                         clknet_leaf_570_soc_clk_i (net)
                  0.02    0.00   13.32 ^ i_croc_soc/i_croc/i_timer/counter_hi_i.counter_value_o_24__reg/CLK (sg13g2_dfrbp_2)
                         -0.10   13.22   clock uncertainty
                          0.01   13.22   clock reconvergence pessimism
                         -0.14   13.08   library recovery time
                                 13.08   data required time
-----------------------------------------------------------------------------
                                 13.08   data required time
                                 -2.49   data arrival time
-----------------------------------------------------------------------------
                                 10.59   slack (MET)


Startpoint: i_croc_soc/i_croc/i_dmi_jtag/i_dmi_cdc.i_cdc_req/i_dst/async_ack_o_reg
            (rising edge-triggered flip-flop clocked by clk_sys)
Endpoint: i_croc_soc/i_croc/i_dm_top.i_dm_top/i_dm_csrs.progbuf_o_83__reg
          (rising edge-triggered flip-flop clocked by clk_sys)
Path Group: path delay
Path Type: max
Corner: tt

Fanout     Cap    Slew   Delay    Time   Description
-----------------------------------------------------------------------------
                  0.03    0.00    0.00 ^ i_croc_soc/i_croc/i_dmi_jtag/i_dmi_cdc.i_cdc_req/i_dst/async_ack_o_reg/CLK (sg13g2_dfrbp_2)
     6    0.03    0.08    0.29    0.29 ^ i_croc_soc/i_croc/i_dmi_jtag/i_dmi_cdc.i_cdc_req/i_dst/async_ack_o_reg/Q (sg13g2_dfrbp_2)
                                         i_croc_soc/i_croc/i_dmi_jtag/i_dmi_cdc.i_cdc_req/async_ack (net)
                  0.08    0.00    0.29 ^ i_croc_soc/i_croc/i_dmi_jtag/i_dmi_cdc.i_cdc_req/i_dst/_199_/A (sg13g2_xor2_1)
     1    0.00    0.07    0.12    0.41 ^ i_croc_soc/i_croc/i_dmi_jtag/i_dmi_cdc.i_cdc_req/i_dst/_199_/X (sg13g2_xor2_1)
                                         i_croc_soc/i_croc/i_dmi_jtag/i_dmi_cdc.i_cdc_req/s_dst_valid (net)
                  0.07    0.00    0.41 ^ i_croc_soc/i_croc/i_dmi_jtag/i_dmi_cdc.i_cdc_req/_5_/B_N (sg13g2_nor2b_2)
     5    0.02    0.13    0.17    0.58 ^ i_croc_soc/i_croc/i_dmi_jtag/i_dmi_cdc.i_cdc_req/_5_/Y (sg13g2_nor2b_2)
                                         i_croc_soc/i_croc/dmi_req_valid (net)
                  0.13    0.00    0.58 ^ i_croc_soc/i_croc/i_dm_top.i_dm_top/_4810_/A (sg13g2_and2_1)
     4    0.02    0.11    0.18    0.76 ^ i_croc_soc/i_croc/i_dm_top.i_dm_top/_4810_/X (sg13g2_and2_1)
                                         i_croc_soc/i_croc/i_dm_top.i_dm_top/_0614_ (net)
                  0.11    0.00    0.76 ^ i_croc_soc/i_croc/i_dm_top.i_dm_top/_4811_/B (sg13g2_nand3b_1)
     6    0.05    0.41    0.38    1.13 v i_croc_soc/i_croc/i_dm_top.i_dm_top/_4811_/Y (sg13g2_nand3b_1)
                                         i_croc_soc/i_croc/i_dm_top.i_dm_top/_0615_ (net)
                  0.41    0.01    1.14 v i_croc_soc/i_croc/i_dm_top.i_dm_top/_4965_/A (sg13g2_nor2_1)
     3    0.01    0.18    0.22    1.36 ^ i_croc_soc/i_croc/i_dm_top.i_dm_top/_4965_/Y (sg13g2_nor2_1)
                                         i_croc_soc/i_croc/i_dm_top.i_dm_top/_0739_ (net)
                  0.18    0.00    1.36 ^ i_croc_soc/i_croc/i_dm_top.i_dm_top/_6324_/A1 (sg13g2_a21oi_2)
     8    0.05    0.17    0.21    1.57 v i_croc_soc/i_croc/i_dm_top.i_dm_top/_6324_/Y (sg13g2_a21oi_2)
                                         i_croc_soc/i_croc/i_dm_top.i_dm_top/_1909_ (net)
                  0.17    0.00    1.57 v i_croc_soc/i_croc/i_dm_top.i_dm_top/_7070_/A (sg13g2_nor2_2)
     3    0.02    0.11    0.14    1.72 ^ i_croc_soc/i_croc/i_dm_top.i_dm_top/_7070_/Y (sg13g2_nor2_2)
                                         i_croc_soc/i_croc/i_dm_top.i_dm_top/_2439_ (net)
                  0.11    0.00    1.72 ^ fanout2980/A (sg13g2_buf_2)
     8    0.04    0.09    0.16    1.87 ^ fanout2980/X (sg13g2_buf_2)
                                         net2980 (net)
                  0.09    0.00    1.88 ^ fanout2979/A (sg13g2_buf_2)
     7    0.04    0.09    0.15    2.02 ^ fanout2979/X (sg13g2_buf_2)
                                         net2979 (net)
                  0.09    0.00    2.02 ^ fanout2978/A (sg13g2_buf_2)
     7    0.03    0.08    0.14    2.16 ^ fanout2978/X (sg13g2_buf_2)
                                         net2978 (net)
                  0.08    0.00    2.16 ^ fanout2977/A (sg13g2_buf_2)
     8    0.04    0.09    0.15    2.31 ^ fanout2977/X (sg13g2_buf_2)
                                         net2977 (net)
                  0.09    0.00    2.31 ^ i_croc_soc/i_croc/i_dm_top.i_dm_top/_7142_/C (sg13g2_nand3_1)
     1    0.00    0.07    0.10    2.42 v i_croc_soc/i_croc/i_dm_top.i_dm_top/_7142_/Y (sg13g2_nand3_1)
                                         i_croc_soc/i_croc/i_dm_top.i_dm_top/_2490_ (net)
                  0.07    0.00    2.42 v i_croc_soc/i_croc/i_dm_top.i_dm_top/_7143_/B1 (sg13g2_o21ai_1)
     1    0.00    0.07    0.05    2.47 ^ i_croc_soc/i_croc/i_dm_top.i_dm_top/_7143_/Y (sg13g2_o21ai_1)
                                         i_croc_soc/i_croc/i_dm_top.i_dm_top/_0419_ (net)
                  0.07    0.00    2.47 ^ i_croc_soc/i_croc/i_dm_top.i_dm_top/i_dm_csrs.progbuf_o_83__reg/D (sg13g2_dfrbp_1)
                                  2.47   data arrival time

                          4.38    4.38   max_delay
                         -0.12    4.25   library setup time
                                  4.25   data required time
-----------------------------------------------------------------------------
                                  4.25   data required time
                                 -2.47   data arrival time
-----------------------------------------------------------------------------
                                  1.78   slack (MET)


Startpoint: i_croc_soc/i_croc/i_dmi_jtag/td_o_reg
            (rising edge-triggered flip-flop clocked by clk_jtg')
Endpoint: jtag_tdo_o (output port clocked by clk_jtg)
Path Group: clk_jtg
Path Type: max
Corner: tt

Fanout     Cap    Slew   Delay    Time   Description
-----------------------------------------------------------------------------
                         10.00   10.00   clock clk_jtg' (rise edge)
                          0.00   10.00   clock source latency
     1    0.23    0.49    0.03   10.03 v jtag_tck_i (in)
                                         jtag_tck_i (net)
                  0.49    0.00   10.03 v pad_jtag_tck_i/pad (sg13g2_IOPadIn)
     1    0.07    0.19    0.66   10.69 v pad_jtag_tck_i/p2c (sg13g2_IOPadIn)
                                         soc_jtag_tck_i (net)
                  0.14    0.02   10.70 v clkbuf_0_soc_jtag_tck_i/A (sg13g2_buf_8)
     8    0.12    0.07    0.15   10.86 v clkbuf_0_soc_jtag_tck_i/X (sg13g2_buf_8)
                                         clknet_0_soc_jtag_tck_i (net)
                  0.07    0.01   10.87 v clkbuf_3_4__f_soc_jtag_tck_i/A (sg13g2_buf_8)
     5    0.10    0.06    0.12   10.98 v clkbuf_3_4__f_soc_jtag_tck_i/X (sg13g2_buf_8)
                                         clknet_3_4__leaf_soc_jtag_tck_i (net)
                  0.06    0.01   10.99 v clkbuf_leaf_7_soc_jtag_tck_i/A (sg13g2_buf_16)
     8    0.03    0.02    0.09   11.08 v clkbuf_leaf_7_soc_jtag_tck_i/X (sg13g2_buf_16)
                                         clknet_leaf_7_soc_jtag_tck_i (net)
                  0.02    0.00   11.08 v i_croc_soc/i_croc/i_dmi_jtag/i_dmi_jtag_tap.i_tck_inv/i_inv_6001/A (sg13g2_inv_1)
     1    0.00    0.03    0.03   11.11 ^ i_croc_soc/i_croc/i_dmi_jtag/i_dmi_jtag_tap.i_tck_inv/i_inv_6001/Y (sg13g2_inv_1)
                                         net6001 (net)
                  0.03    0.00   11.11 ^ i_croc_soc/i_croc/i_dmi_jtag/i_dmi_jtag_tap.i_dft_tck_mux/i_mux/A0 (sg13g2_mux2_1)
     1    0.01    0.06    0.11   11.22 ^ i_croc_soc/i_croc/i_dmi_jtag/i_dmi_jtag_tap.i_dft_tck_mux/i_mux/X (sg13g2_mux2_1)
                                         i_croc_soc/i_croc/i_dmi_jtag/i_dmi_jtag_tap.tck_n (net)
                  0.06    0.00   11.22 ^ clkbuf_0_i_croc_soc/i_croc/i_dmi_jtag/i_dmi_jtag_tap.tck_n/A (sg13g2_buf_8)
     2    0.02    0.03    0.08   11.30 ^ clkbuf_0_i_croc_soc/i_croc/i_dmi_jtag/i_dmi_jtag_tap.tck_n/X (sg13g2_buf_8)
                                         clknet_0_i_croc_soc/i_croc/i_dmi_jtag/i_dmi_jtag_tap.tck_n (net)
                  0.03    0.00   11.30 ^ clkbuf_1_1__f_i_croc_soc/i_croc/i_dmi_jtag/i_dmi_jtag_tap.tck_n/A (sg13g2_buf_8)
     1    0.00    0.02    0.06   11.36 ^ clkbuf_1_1__f_i_croc_soc/i_croc/i_dmi_jtag/i_dmi_jtag_tap.tck_n/X (sg13g2_buf_8)
                                         clknet_1_1__leaf_i_croc_soc/i_croc/i_dmi_jtag/i_dmi_jtag_tap.tck_n (net)
                  0.02    0.00   11.36 ^ i_croc_soc/i_croc/i_dmi_jtag/td_o_reg/CLK (sg13g2_dfrbp_2)
     1    0.11    0.23    0.37   11.73 ^ i_croc_soc/i_croc/i_dmi_jtag/td_o_reg/Q (sg13g2_dfrbp_2)
                                         soc_jtag_tdo_o (net)
                  0.32    0.03   11.77 ^ pad_jtag_tdo_o/c2p (sg13g2_IOPadOut16mA)
     1   15.00    3.55    3.25   15.02 ^ pad_jtag_tdo_o/pad (sg13g2_IOPadOut16mA)
                                         jtag_tdo_o (net)
                  2.66    0.00   15.02 ^ jtag_tdo_o (out)
                                 15.02   data arrival time

                         20.00   20.00   clock clk_jtg (rise edge)
                          0.00   20.00   clock network delay (propagated)
                         -0.10   19.90   clock uncertainty
                          0.00   19.90   clock reconvergence pessimism
                         -5.00   14.90   output external delay
                                 14.90   data required time
-----------------------------------------------------------------------------
                                 14.90   data required time
                                -15.02   data arrival time
-----------------------------------------------------------------------------
                                 -0.12   slack (VIOLATED)


Startpoint: i_croc_soc/i_croc/i_core_wrap/i_ibex.id_stage_i.controller_i.instr_i_15__reg
            (rising edge-triggered flip-flop clocked by clk_sys)
Endpoint: i_croc_soc/i_croc/i_core_wrap/i_ibex.cs_registers_i/mhpmcounter_1919__reg
          (rising edge-triggered flip-flop clocked by clk_sys)
Path Group: clk_sys
Path Type: max
Corner: tt

Fanout     Cap    Slew   Delay    Time   Description
-----------------------------------------------------------------------------
                          0.00    0.00   clock clk_sys (rise edge)
                          0.00    0.00   clock source latency
     1    0.24    0.35    0.04    0.04 ^ clk_i (in)
                                         clk_i (net)
                  0.35    0.00    0.04 ^ pad_clk_i/pad (sg13g2_IOPadIn)
     6    0.09    0.18    0.12    0.16 ^ pad_clk_i/p2c (sg13g2_IOPadIn)
                                         soc_clk_i (net)
                  0.14    0.03    0.18 ^ clkbuf_0_soc_clk_i/A (sg13g2_buf_8)
     4    0.15    0.09    0.16    0.34 ^ clkbuf_0_soc_clk_i/X (sg13g2_buf_8)
                                         clknet_0_soc_clk_i (net)
                  0.10    0.02    0.36 ^ clkbuf_2_3_0_soc_clk_i/A (sg13g2_buf_16)
     4    0.13    0.04    0.11    0.47 ^ clkbuf_2_3_0_soc_clk_i/X (sg13g2_buf_16)
                                         clknet_2_3_0_soc_clk_i (net)
                  0.07    0.03    0.49 ^ clkbuf_4_13_0_soc_clk_i/A (sg13g2_buf_16)
     8    0.13    0.05    0.10    0.59 ^ clkbuf_4_13_0_soc_clk_i/X (sg13g2_buf_16)
                                         clknet_4_13_0_soc_clk_i (net)
                  0.05    0.01    0.60 ^ clkbuf_7_110__f_soc_clk_i/A (sg13g2_buf_8)
     7    0.14    0.08    0.12    0.72 ^ clkbuf_7_110__f_soc_clk_i/X (sg13g2_buf_8)
                                         clknet_7_110__leaf_soc_clk_i (net)
                  0.08    0.01    0.73 ^ clkbuf_leaf_408_soc_clk_i/A (sg13g2_buf_16)
     8    0.03    0.03    0.09    0.82 ^ clkbuf_leaf_408_soc_clk_i/X (sg13g2_buf_16)
                                         clknet_leaf_408_soc_clk_i (net)
                  0.03    0.00    0.82 ^ i_croc_soc/i_croc/i_core_wrap/i_ibex.id_stage_i.controller_i.instr_i_15__reg/CLK (sg13g2_dfrbp_1)
     1    0.01    0.05    0.22    1.05 ^ i_croc_soc/i_croc/i_core_wrap/i_ibex.id_stage_i.controller_i.instr_i_15__reg/Q (sg13g2_dfrbp_1)
                                         i_croc_soc/i_croc/i_core_wrap/i_ibex.id_stage_i.controller_i.instr_i_15_ (net)
                  0.05    0.00    1.05 ^ fanout5939/A (sg13g2_buf_8)
     7    0.12    0.07    0.10    1.15 ^ fanout5939/X (sg13g2_buf_8)
                                         net5939 (net)
                  0.11    0.04    1.19 ^ fanout5897/A (sg13g2_buf_8)
     5    0.06    0.04    0.12    1.30 ^ fanout5897/X (sg13g2_buf_8)
                                         net5897 (net)
                  0.05    0.01    1.31 ^ fanout5881/A (sg13g2_buf_4)
     4    0.04    0.05    0.12    1.43 ^ fanout5881/X (sg13g2_buf_4)
                                         net5881 (net)
                  0.05    0.00    1.43 ^ fanout5880/A (sg13g2_buf_8)
     7    0.06    0.04    0.09    1.53 ^ fanout5880/X (sg13g2_buf_8)
                                         net5880 (net)
                  0.05    0.00    1.53 ^ fanout5879/A (sg13g2_buf_8)
     8    0.08    0.05    0.10    1.63 ^ fanout5879/X (sg13g2_buf_8)
                                         net5879 (net)
                  0.06    0.01    1.63 ^ i_croc_soc/i_croc/i_core_wrap/i_ibex.register_file_i/_4813_/S (sg13g2_mux2_1)
     1    0.00    0.04    0.17    1.80 v i_croc_soc/i_croc/i_core_wrap/i_ibex.register_file_i/_4813_/X (sg13g2_mux2_1)
                                         i_croc_soc/i_croc/i_core_wrap/i_ibex.register_file_i/_1746_ (net)
                  0.04    0.00    1.80 v i_croc_soc/i_croc/i_core_wrap/i_ibex.register_file_i/_4814_/B1 (sg13g2_a22oi_1)
     1    0.00    0.05    0.06    1.86 ^ i_croc_soc/i_croc/i_core_wrap/i_ibex.register_file_i/_4814_/Y (sg13g2_a22oi_1)
                                         i_croc_soc/i_croc/i_core_wrap/i_ibex.register_file_i/_1747_ (net)
                  0.05    0.00    1.86 ^ i_croc_soc/i_croc/i_core_wrap/i_ibex.register_file_i/_4815_/A2 (sg13g2_a21oi_1)
     1    0.01    0.06    0.08    1.94 v i_croc_soc/i_croc/i_core_wrap/i_ibex.register_file_i/_4815_/Y (sg13g2_a21oi_1)
                                         i_croc_soc/i_croc/i_core_wrap/i_ibex.register_file_i/_1748_ (net)
                  0.06    0.00    1.94 v i_croc_soc/i_croc/i_core_wrap/i_ibex.register_file_i/_4816_/C1 (sg13g2_a221oi_1)
     1    0.01    0.18    0.16    2.10 ^ i_croc_soc/i_croc/i_core_wrap/i_ibex.register_file_i/_4816_/Y (sg13g2_a221oi_1)
                                         i_croc_soc/i_croc/i_core_wrap/i_ibex.register_file_i/_1749_ (net)
                  0.18    0.00    2.10 ^ i_croc_soc/i_croc/i_core_wrap/i_ibex.register_file_i/_4817_/C (sg13g2_nand3_1)
     6    0.05    0.44    0.42    2.52 v i_croc_soc/i_croc/i_core_wrap/i_ibex.register_file_i/_4817_/Y (sg13g2_nand3_1)
                                         i_croc_soc/i_croc/i_core_wrap/i_ibex.ex_block_i.multdiv_operand_a_i_0_ (net)
                  0.44    0.01    2.53 v i_croc_soc/i_croc/i_core_wrap/_5655_/A0 (sg13g2_mux2_1)
     1    0.00    0.05    0.21    2.74 v i_croc_soc/i_croc/i_core_wrap/_5655_/X (sg13g2_mux2_1)
                                         i_croc_soc/i_croc/i_core_wrap/_1205_ (net)
                  0.05    0.00    2.74 v i_croc_soc/i_croc/i_core_wrap/_5658_/B1 (sg13g2_a221oi_1)
     2    0.01    0.24    0.23    2.97 ^ i_croc_soc/i_croc/i_core_wrap/_5658_/Y (sg13g2_a221oi_1)
                                         i_croc_soc/i_croc/i_core_wrap/_1208_ (net)
                  0.24    0.00    2.97 ^ fanout3168/A (sg13g2_buf_2)
     8    0.04    0.10    0.20    3.17 ^ fanout3168/X (sg13g2_buf_2)
                                         net3168 (net)
                  0.10    0.00    3.17 ^ i_croc_soc/i_croc/i_core_wrap/_5668_/A2 (sg13g2_o21ai_1)
     2    0.01    0.11    0.10    3.27 v i_croc_soc/i_croc/i_core_wrap/_5668_/Y (sg13g2_o21ai_1)
                                         i_croc_soc/i_croc/i_core_wrap/_1218_ (net)
                  0.11    0.00    3.27 v i_croc_soc/i_croc/i_core_wrap/_5670_/B2 (sg13g2_a221oi_1)
     3    0.01    0.21    0.24    3.51 ^ i_croc_soc/i_croc/i_core_wrap/_5670_/Y (sg13g2_a221oi_1)
                                         i_croc_soc/i_croc/i_core_wrap/_1220_ (net)
                  0.21    0.00    3.51 ^ i_croc_soc/i_croc/i_core_wrap/_5694_/A2 (sg13g2_o21ai_1)
     3    0.01    0.12    0.16    3.66 v i_croc_soc/i_croc/i_core_wrap/_5694_/Y (sg13g2_o21ai_1)
                                         i_croc_soc/i_croc/i_core_wrap/_1244_ (net)
                  0.12    0.00    3.66 v i_croc_soc/i_croc/i_core_wrap/_5711_/A_N (sg13g2_nand2b_1)
     1    0.00    0.04    0.11    3.77 v i_croc_soc/i_croc/i_core_wrap/_5711_/Y (sg13g2_nand2b_1)
                                         i_croc_soc/i_croc/i_core_wrap/_1260_ (net)
                  0.04    0.00    3.78 v i_croc_soc/i_croc/i_core_wrap/_5761_/A1 (sg13g2_a21o_1)
     2    0.01    0.06    0.13    3.91 v i_croc_soc/i_croc/i_core_wrap/_5761_/X (sg13g2_a21o_1)
                                         i_croc_soc/i_croc/i_core_wrap/_1305_ (net)
                  0.06    0.00    3.91 v i_croc_soc/i_croc/i_core_wrap/_5768_/B2 (sg13g2_a221oi_1)
     2    0.02    0.32    0.30    4.21 ^ i_croc_soc/i_croc/i_core_wrap/_5768_/Y (sg13g2_a221oi_1)
                                         i_croc_soc/i_croc/i_core_wrap/_1312_ (net)
                  0.32    0.00    4.21 ^ i_croc_soc/i_croc/i_core_wrap/_5987_/B (sg13g2_nand2_2)
     5    0.03    0.14    0.18    4.39 v i_croc_soc/i_croc/i_core_wrap/_5987_/Y (sg13g2_nand2_2)
                                         i_croc_soc/i_croc/i_core_wrap/_1524_ (net)
                  0.14    0.00    4.39 v i_croc_soc/i_croc/i_core_wrap/_6145_/A1 (sg13g2_a21oi_2)
     1    0.01    0.06    0.09    4.48 ^ i_croc_soc/i_croc/i_core_wrap/_6145_/Y (sg13g2_a21oi_2)
                                         i_croc_soc/i_croc/i_core_wrap/_1664_ (net)
                  0.06    0.00    4.48 ^ i_croc_soc/i_croc/i_core_wrap/_6146_/B1 (sg13g2_o21ai_1)
     2    0.01    0.10    0.11    4.59 v i_croc_soc/i_croc/i_core_wrap/_6146_/Y (sg13g2_o21ai_1)
                                         i_croc_soc/i_croc/i_core_wrap/_1665_ (net)
                  0.10    0.00    4.59 v i_croc_soc/i_croc/i_core_wrap/_6147_/S (sg13g2_mux2_1)
     1    0.01    0.04    0.16    4.75 v i_croc_soc/i_croc/i_core_wrap/_6147_/X (sg13g2_mux2_1)
                                         i_croc_soc/i_croc/i_core_wrap/_1666_ (net)
                  0.04    0.00    4.75 v i_croc_soc/i_croc/i_core_wrap/_6148_/B (sg13g2_xnor2_1)
     3    0.02    0.21    0.19    4.94 ^ i_croc_soc/i_croc/i_core_wrap/_6148_/Y (sg13g2_xnor2_1)
                                         i_croc_soc/i_croc/i_core_wrap/_1667_ (net)
                  0.21    0.00    4.94 ^ i_croc_soc/i_croc/i_core_wrap/_6149_/A (sg13g2_inv_4)
     6    0.05    0.09    0.10    5.04 v i_croc_soc/i_croc/i_core_wrap/_6149_/Y (sg13g2_inv_4)
                                         i_croc_soc/i_croc/core_data_obi_req_66_ (net)
                  0.09    0.00    5.04 v i_croc_soc/i_croc/i_core_wrap/_7032_/A1 (sg13g2_a221oi_1)
     1    0.01    0.16    0.19    5.24 ^ i_croc_soc/i_croc/i_core_wrap/_7032_/Y (sg13g2_a221oi_1)
                                         i_croc_soc/i_croc/i_core_wrap/_2411_ (net)
                  0.16    0.00    5.24 ^ i_croc_soc/i_croc/i_core_wrap/_7033_/C (sg13g2_nor3_2)
     2    0.02    0.07    0.10    5.34 v i_croc_soc/i_croc/i_core_wrap/_7033_/Y (sg13g2_nor3_2)
                                         i_croc_soc/i_croc/i_core_wrap/_2412_ (net)
                  0.07    0.00    5.34 v i_croc_soc/i_croc/i_core_wrap/_8190_/B1 (sg13g2_a21o_1)
     4    0.02    0.07    0.16    5.50 v i_croc_soc/i_croc/i_core_wrap/_8190_/X (sg13g2_a21o_1)
                                         i_croc_soc/i_croc/i_core_wrap/_3415_ (net)
                  0.07    0.00    5.50 v i_croc_soc/i_croc/i_core_wrap/_8500_/A1 (sg13g2_mux2_2)
     5    0.03    0.08    0.19    5.69 v i_croc_soc/i_croc/i_core_wrap/_8500_/X (sg13g2_mux2_2)
                                         i_croc_soc/i_croc/core_instr_obi_req_66_ (net)
                  0.08    0.00    5.69 v i_croc_soc/i_croc/_3889_/C (sg13g2_nor4_2)
     1    0.00    0.11    0.13    5.83 ^ i_croc_soc/i_croc/_3889_/Y (sg13g2_nor4_2)
                                         i_croc_soc/i_croc/_0348_ (net)
                  0.11    0.00    5.83 ^ i_croc_soc/i_croc/_3890_/B (sg13g2_and2_2)
     2    0.01    0.05    0.15    5.97 ^ i_croc_soc/i_croc/_3890_/X (sg13g2_and2_2)
                                         i_croc_soc/i_croc/_0349_ (net)
                  0.05    0.00    5.98 ^ i_croc_soc/i_croc/_3896_/B (sg13g2_nand4_1)
     4    0.02    0.29    0.26    6.24 v i_croc_soc/i_croc/_3896_/Y (sg13g2_nand4_1)
                                         i_croc_soc/i_croc/_0355_ (net)
                  0.29    0.00    6.24 v i_croc_soc/i_croc/_3933_/B2 (sg13g2_a221oi_1)
     5    0.03    0.43    0.44    6.68 ^ i_croc_soc/i_croc/_3933_/Y (sg13g2_a221oi_1)
                                         i_croc_soc/i_croc/_0391_ (net)
                  0.43    0.00    6.68 ^ i_croc_soc/i_croc/_3935_/A2 (sg13g2_a21oi_2)
     3    0.01    0.10    0.16    6.85 v i_croc_soc/i_croc/_3935_/Y (sg13g2_a21oi_2)
                                         i_croc_soc/i_croc/_0393_ (net)
                  0.10    0.00    6.85 v i_croc_soc/i_croc/_3942_/B1 (sg13g2_a221oi_1)
     4    0.02    0.34    0.32    7.17 ^ i_croc_soc/i_croc/_3942_/Y (sg13g2_a221oi_1)
                                         i_croc_soc/i_croc/_0400_ (net)
                  0.34    0.00    7.17 ^ i_croc_soc/i_croc/_3967_/A_N (sg13g2_nand2b_2)
     4    0.02    0.07    0.21    7.38 ^ i_croc_soc/i_croc/_3967_/Y (sg13g2_nand2b_2)
                                         i_croc_soc/i_croc/_0425_ (net)
                  0.07    0.00    7.38 ^ i_croc_soc/i_croc/_3968_/B (sg13g2_nand2_2)
     3    0.02    0.08    0.09    7.47 v i_croc_soc/i_croc/_3968_/Y (sg13g2_nand2_2)
                                         i_croc_soc/i_croc/_0426_ (net)
                  0.08    0.00    7.47 v fanout1021/A (sg13g2_buf_8)
     8    0.09    0.05    0.12    7.59 v fanout1021/X (sg13g2_buf_8)
                                         net1021 (net)
                  0.06    0.02    7.60 v fanout1020/A (sg13g2_buf_16)
     8    0.05    0.03    0.09    7.69 v fanout1020/X (sg13g2_buf_16)
                                         net1020 (net)
                  0.03    0.01    7.70 v i_croc_soc/i_croc/_4258_/A (sg13g2_nand3_1)
     1    0.01    0.05    0.04    7.74 ^ i_croc_soc/i_croc/_4258_/Y (sg13g2_nand3_1)
                                         i_croc_soc/i_croc/_0715_ (net)
                  0.05    0.00    7.75 ^ i_croc_soc/i_croc/_4260_/B (sg13g2_nand3_1)
     1    0.00    0.07    0.09    7.83 v i_croc_soc/i_croc/_4260_/Y (sg13g2_nand3_1)
                                         i_croc_soc/i_croc/_0717_ (net)
                  0.07    0.00    7.83 v i_croc_soc/i_croc/_4261_/C1 (sg13g2_a221oi_1)
     6    0.03    0.45    0.36    8.19 ^ i_croc_soc/i_croc/_4261_/Y (sg13g2_a221oi_1)
                                         i_croc_soc/i_croc/_0718_ (net)
                  0.45    0.00    8.20 ^ i_croc_soc/i_croc/_4262_/B (sg13g2_xnor2_1)
     1    0.01    0.10    0.16    8.36 v i_croc_soc/i_croc/_4262_/Y (sg13g2_xnor2_1)
                                         i_croc_soc/i_croc/_0719_ (net)
                  0.10    0.00    8.36 v i_croc_soc/i_croc/_4263_/D (sg13g2_nor4_2)
     1    0.00    0.10    0.10    8.46 ^ i_croc_soc/i_croc/_4263_/Y (sg13g2_nor4_2)
                                         i_croc_soc/i_croc/_0720_ (net)
                  0.10    0.00    8.46 ^ i_croc_soc/i_croc/_4264_/D (sg13g2_nand4_1)
     3    0.01    0.16    0.20    8.66 v i_croc_soc/i_croc/_4264_/Y (sg13g2_nand4_1)
                                         i_croc_soc/i_croc/_0721_ (net)
                  0.16    0.00    8.66 v i_croc_soc/i_croc/_4265_/B (sg13g2_and2_2)
     5    0.02    0.05    0.17    8.83 v i_croc_soc/i_croc/_4265_/X (sg13g2_and2_2)
                                         i_croc_soc/i_croc/_0722_ (net)
                  0.05    0.00    8.83 v i_croc_soc/i_croc/_4997_/B (sg13g2_nor3_2)
     2    0.01    0.14    0.14    8.97 ^ i_croc_soc/i_croc/_4997_/Y (sg13g2_nor3_2)
                                         i_croc_soc/i_croc/_1278_ (net)
                  0.14    0.00    8.97 ^ i_croc_soc/i_croc/_4998_/B (sg13g2_nand2b_2)
     3    0.03    0.13    0.14    9.12 v i_croc_soc/i_croc/_4998_/Y (sg13g2_nand2b_2)
                                         i_croc_soc/i_croc/_1279_ (net)
                  0.13    0.00    9.12 v fanout2288/A (sg13g2_buf_8)
     5    0.05    0.04    0.12    9.24 v fanout2288/X (sg13g2_buf_8)
                                         net2288 (net)
                  0.04    0.00    9.25 v fanout2287/A (sg13g2_buf_16)
     8    0.04    0.02    0.08    9.32 v fanout2287/X (sg13g2_buf_16)
                                         net2287 (net)
                  0.02    0.00    9.32 v i_croc_soc/i_croc/_5000_/B (sg13g2_nor2_2)
     5    0.03    0.16    0.13    9.45 ^ i_croc_soc/i_croc/_5000_/Y (sg13g2_nor2_2)
                                         i_croc_soc/i_croc/all_periph_obi_rsp_157_ (net)
                  0.16    0.00    9.45 ^ i_croc_soc/i_croc/i_gpio/_1285_/A (sg13g2_nand2_2)
     2    0.01    0.06    0.08    9.53 v i_croc_soc/i_croc/i_gpio/_1285_/Y (sg13g2_nand2_2)
                                         i_croc_soc/i_croc/i_gpio/_0153_ (net)
                  0.06    0.00    9.53 v i_croc_soc/i_croc/i_gpio/_1286_/B (sg13g2_nand3_1)
     1    0.00    0.05    0.05    9.58 ^ i_croc_soc/i_croc/i_gpio/_1286_/Y (sg13g2_nand3_1)
                                         i_croc_soc/i_croc/i_gpio/_0154_ (net)
                  0.05    0.00    9.58 ^ i_croc_soc/i_croc/i_gpio/_1287_/B1 (sg13g2_o21ai_1)
     1    0.01    0.07    0.08    9.66 v i_croc_soc/i_croc/i_gpio/_1287_/Y (sg13g2_o21ai_1)
                                         i_croc_soc/i_croc/all_periph_obi_rsp_159_ (net)
                  0.07    0.00    9.66 v i_croc_soc/i_croc/_6260_/A2 (sg13g2_a22oi_1)
     1    0.01    0.07    0.10    9.76 ^ i_croc_soc/i_croc/_6260_/Y (sg13g2_a22oi_1)
                                         i_croc_soc/i_croc/_2245_ (net)
                  0.07    0.00    9.76 ^ i_croc_soc/i_croc/_6262_/A2 (sg13g2_o21ai_1)
     1    0.01    0.08    0.09    9.85 v i_croc_soc/i_croc/_6262_/Y (sg13g2_o21ai_1)
                                         i_croc_soc/i_croc/_2247_ (net)
                  0.08    0.00    9.85 v rebuffer6006/A (sg13g2_buf_8)
     4    0.05    0.04    0.11    9.96 v rebuffer6006/X (sg13g2_buf_8)
                                         net6006 (net)
                  0.04    0.01    9.97 v i_croc_soc/i_croc/_6263_/A2 (sg13g2_a21oi_2)
     1    0.00    0.05    0.07   10.04 ^ i_croc_soc/i_croc/_6263_/Y (sg13g2_a21oi_2)
                                         i_croc_soc/i_croc/_2248_ (net)
                  0.05    0.00   10.04 ^ i_croc_soc/i_croc/_6266_/A2 (sg13g2_a21o_1)
     1    0.01    0.04    0.12   10.15 ^ i_croc_soc/i_croc/_6266_/X (sg13g2_a21o_1)
                                         i_croc_soc/i_croc/_2251_ (net)
                  0.04    0.00   10.15 ^ i_croc_soc/i_croc/_6267_/B (sg13g2_nor2_2)
     4    0.02    0.06    0.06   10.21 v i_croc_soc/i_croc/_6267_/Y (sg13g2_nor2_2)
                                         i_croc_soc/i_croc/core_data_obi_rsp_3_ (net)
                  0.06    0.00   10.22 v i_croc_soc/i_croc/i_core_wrap/_6506_/A1 (sg13g2_o21ai_1)
     1    0.00    0.08    0.10   10.32 ^ i_croc_soc/i_croc/i_core_wrap/_6506_/Y (sg13g2_o21ai_1)
                                         i_croc_soc/i_croc/i_core_wrap/_1977_ (net)
                  0.08    0.00   10.32 ^ i_croc_soc/i_croc/i_core_wrap/_6507_/B_N (sg13g2_nor2b_2)
     3    0.02    0.11    0.17   10.49 ^ i_croc_soc/i_croc/i_core_wrap/_6507_/Y (sg13g2_nor2b_2)
                                         i_croc_soc/i_croc/i_core_wrap/_1978_ (net)
                  0.11    0.00   10.49 ^ i_croc_soc/i_croc/i_core_wrap/_6508_/B1 (sg13g2_a21oi_2)
     2    0.03    0.11    0.09   10.58 v i_croc_soc/i_croc/i_core_wrap/_6508_/Y (sg13g2_a21oi_2)
                                         i_croc_soc/i_croc/i_core_wrap/_1979_ (net)
                  0.11    0.00   10.59 v i_croc_soc/i_croc/i_core_wrap/_8627_/A2 (sg13g2_a21oi_2)
     1    0.01    0.05    0.09   10.68 ^ i_croc_soc/i_croc/i_core_wrap/_8627_/Y (sg13g2_a21oi_2)
                                         i_croc_soc/i_croc/i_core_wrap/_3635_ (net)
                  0.05    0.00   10.68 ^ i_croc_soc/i_croc/i_core_wrap/_8628_/B1 (sg13g2_o21ai_1)
     1    0.01    0.06    0.07   10.75 v i_croc_soc/i_croc/i_core_wrap/_8628_/Y (sg13g2_o21ai_1)
                                         i_croc_soc/i_croc/i_core_wrap/_3636_ (net)
                  0.06    0.00   10.75 v i_croc_soc/i_croc/i_core_wrap/_8629_/D (sg13g2_nor4_2)
     7    0.04    0.36    0.29   11.05 ^ i_croc_soc/i_croc/i_core_wrap/_8629_/Y (sg13g2_nor4_2)
                                         i_croc_soc/i_croc/i_core_wrap/i_ibex.perf_instr_ret_wb (net)
                  0.36    0.01   11.05 ^ i_croc_soc/i_croc/i_core_wrap/i_ibex.cs_registers_i/_5437_/C (sg13g2_nand4_1)
     6    0.03    0.38    0.43   11.48 v i_croc_soc/i_croc/i_core_wrap/i_ibex.cs_registers_i/_5437_/Y (sg13g2_nand4_1)
                                         i_croc_soc/i_croc/i_core_wrap/i_ibex.cs_registers_i/_2298_ (net)
                  0.38    0.00   11.49 v i_croc_soc/i_croc/i_core_wrap/i_ibex.cs_registers_i/_5546_/A (sg13g2_nor3_2)
     2    0.02    0.17    0.22   11.71 ^ i_croc_soc/i_croc/i_core_wrap/i_ibex.cs_registers_i/_5546_/Y (sg13g2_nor3_2)
                                         i_croc_soc/i_croc/i_core_wrap/i_ibex.cs_registers_i/_2390_ (net)
                  0.17    0.00   11.71 ^ i_croc_soc/i_croc/i_core_wrap/i_ibex.cs_registers_i/_5576_/B (sg13g2_nand3_1)
     5    0.03    0.25    0.28   11.99 v i_croc_soc/i_croc/i_core_wrap/i_ibex.cs_registers_i/_5576_/Y (sg13g2_nand3_1)
                                         i_croc_soc/i_croc/i_core_wrap/i_ibex.cs_registers_i/_2415_ (net)
                  0.25    0.00   11.99 v i_croc_soc/i_croc/i_core_wrap/i_ibex.cs_registers_i/_5760_/A (sg13g2_nor4_2)
     4    0.02    0.21    0.26   12.25 ^ i_croc_soc/i_croc/i_core_wrap/i_ibex.cs_registers_i/_5760_/Y (sg13g2_nor4_2)
                                         i_croc_soc/i_croc/i_core_wrap/i_ibex.cs_registers_i/_2568_ (net)
                  0.21    0.00   12.25 ^ i_croc_soc/i_croc/i_core_wrap/i_ibex.cs_registers_i/_5778_/D (sg13g2_nand4_1)
     4    0.02    0.22    0.27   12.52 v i_croc_soc/i_croc/i_core_wrap/i_ibex.cs_registers_i/_5778_/Y (sg13g2_nand4_1)
                                         i_croc_soc/i_croc/i_core_wrap/i_ibex.cs_registers_i/_2583_ (net)
                  0.22    0.00   12.52 v i_croc_soc/i_croc/i_core_wrap/i_ibex.cs_registers_i/_5789_/A (sg13g2_nor2b_1)
     2    0.01    0.14    0.16   12.68 ^ i_croc_soc/i_croc/i_core_wrap/i_ibex.cs_registers_i/_5789_/Y (sg13g2_nor2b_1)
                                         i_croc_soc/i_croc/i_core_wrap/i_ibex.cs_registers_i/_2592_ (net)
                  0.14    0.00   12.68 ^ i_croc_soc/i_croc/i_core_wrap/i_ibex.cs_registers_i/_5795_/B (sg13g2_and2_2)
     3    0.01    0.05    0.16   12.84 ^ i_croc_soc/i_croc/i_core_wrap/i_ibex.cs_registers_i/_5795_/X (sg13g2_and2_2)
                                         i_croc_soc/i_croc/i_core_wrap/i_ibex.cs_registers_i/_2597_ (net)
                  0.05    0.00   12.84 ^ i_croc_soc/i_croc/i_core_wrap/i_ibex.cs_registers_i/_5805_/D (sg13g2_nand4_1)
     2    0.01    0.13    0.15   12.99 v i_croc_soc/i_croc/i_core_wrap/i_ibex.cs_registers_i/_5805_/Y (sg13g2_nand4_1)
                                         i_croc_soc/i_croc/i_core_wrap/i_ibex.cs_registers_i/_2605_ (net)
                  0.13    0.00   12.99 v i_croc_soc/i_croc/i_core_wrap/i_ibex.cs_registers_i/_5807_/A2 (sg13g2_o21ai_1)
     1    0.00    0.08    0.11   13.11 ^ i_croc_soc/i_croc/i_core_wrap/i_ibex.cs_registers_i/_5807_/Y (sg13g2_o21ai_1)
                                         i_croc_soc/i_croc/i_core_wrap/i_ibex.cs_registers_i/_2607_ (net)
                  0.08    0.00   13.11 ^ i_croc_soc/i_croc/i_core_wrap/i_ibex.cs_registers_i/_5809_/A_N (sg13g2_nand2b_1)
     1    0.00    0.04    0.09   13.19 ^ i_croc_soc/i_croc/i_core_wrap/i_ibex.cs_registers_i/_5809_/Y (sg13g2_nand2b_1)
                                         i_croc_soc/i_croc/i_core_wrap/i_ibex.cs_registers_i/_0374_ (net)
                  0.04    0.00   13.19 ^ i_croc_soc/i_croc/i_core_wrap/i_ibex.cs_registers_i/mhpmcounter_1919__reg/D (sg13g2_dfrbp_1)
                                 13.19   data arrival time

                         12.50   12.50   clock clk_sys (rise edge)
                          0.00   12.50   clock source latency
     1    0.20    0.34    0.03   12.53 ^ clk_i (in)
                                         clk_i (net)
                  0.34    0.00   12.53 ^ pad_clk_i/pad (sg13g2_IOPadIn)
     6    0.09    0.18    0.12   12.65 ^ pad_clk_i/p2c (sg13g2_IOPadIn)
                                         soc_clk_i (net)
                  0.14    0.03   12.68 ^ clkbuf_0_soc_clk_i/A (sg13g2_buf_8)
     4    0.15    0.09    0.16   12.83 ^ clkbuf_0_soc_clk_i/X (sg13g2_buf_8)
                                         clknet_0_soc_clk_i (net)
                  0.10    0.02   12.85 ^ clkbuf_2_3_0_soc_clk_i/A (sg13g2_buf_16)
     4    0.13    0.04    0.11   12.96 ^ clkbuf_2_3_0_soc_clk_i/X (sg13g2_buf_16)
                                         clknet_2_3_0_soc_clk_i (net)
                  0.06    0.02   12.98 ^ clkbuf_4_14_0_soc_clk_i/A (sg13g2_buf_16)
     8    0.13    0.05    0.09   13.07 ^ clkbuf_4_14_0_soc_clk_i/X (sg13g2_buf_16)
                                         clknet_4_14_0_soc_clk_i (net)
                  0.06    0.02   13.09 ^ clkbuf_7_117__f_soc_clk_i/A (sg13g2_buf_8)
     7    0.15    0.09    0.13   13.22 ^ clkbuf_7_117__f_soc_clk_i/X (sg13g2_buf_8)
                                         clknet_7_117__leaf_soc_clk_i (net)
                  0.09    0.01   13.23 ^ clkbuf_leaf_494_soc_clk_i/A (sg13g2_buf_16)
     4    0.03    0.02    0.10   13.32 ^ clkbuf_leaf_494_soc_clk_i/X (sg13g2_buf_16)
                                         clknet_leaf_494_soc_clk_i (net)
                  0.02    0.00   13.32 ^ i_croc_soc/i_croc/i_core_wrap/i_ibex.cs_registers_i/mhpmcounter_1919__reg/CLK (sg13g2_dfrbp_1)
                         -0.10   13.22   clock uncertainty
                          0.01   13.23   clock reconvergence pessimism
                         -0.11   13.12   library setup time
                                 13.12   data required time
-----------------------------------------------------------------------------
                                 13.12   data required time
                                -13.19   data arrival time
-----------------------------------------------------------------------------
                                 -0.07   slack (VIOLATED)



==========================================================================
06_croc.drt report_checks -unconstrained
--------------------------------------------------------------------------
Startpoint: i_croc_soc/i_rstgen.i_rstgen_bypass.synch_regs_q_3__reg
            (rising edge-triggered flip-flop clocked by clk_sys)
Endpoint: i_croc_soc/i_croc/i_timer/counter_hi_i.counter_value_o_24__reg
          (recovery check against rising-edge clock clk_sys)
Path Group: asynchronous
Path Type: max
Corner: tt

Fanout     Cap    Slew   Delay    Time   Description
-----------------------------------------------------------------------------
                          0.00    0.00   clock clk_sys (rise edge)
                          0.00    0.00   clock source latency
     1    0.24    0.35    0.04    0.04 ^ clk_i (in)
                                         clk_i (net)
                  0.35    0.00    0.04 ^ pad_clk_i/pad (sg13g2_IOPadIn)
     6    0.09    0.18    0.12    0.16 ^ pad_clk_i/p2c (sg13g2_IOPadIn)
                                         soc_clk_i (net)
                  0.14    0.03    0.18 ^ clkbuf_0_soc_clk_i/A (sg13g2_buf_8)
     4    0.15    0.09    0.16    0.34 ^ clkbuf_0_soc_clk_i/X (sg13g2_buf_8)
                                         clknet_0_soc_clk_i (net)
                  0.10    0.02    0.36 ^ clkbuf_2_0_0_soc_clk_i/A (sg13g2_buf_16)
     4    0.13    0.05    0.11    0.47 ^ clkbuf_2_0_0_soc_clk_i/X (sg13g2_buf_16)
                                         clknet_2_0_0_soc_clk_i (net)
                  0.06    0.02    0.48 ^ clkbuf_4_0_0_soc_clk_i/A (sg13g2_buf_16)
     8    0.14    0.05    0.10    0.58 ^ clkbuf_4_0_0_soc_clk_i/X (sg13g2_buf_16)
                                         clknet_4_0_0_soc_clk_i (net)
                  0.05    0.01    0.59 ^ clkbuf_7_2__f_soc_clk_i/A (sg13g2_buf_8)
     7    0.14    0.08    0.12    0.71 ^ clkbuf_7_2__f_soc_clk_i/X (sg13g2_buf_8)
                                         clknet_7_2__leaf_soc_clk_i (net)
                  0.09    0.01    0.72 ^ clkbuf_leaf_21_soc_clk_i/A (sg13g2_buf_16)
     8    0.03    0.03    0.09    0.81 ^ clkbuf_leaf_21_soc_clk_i/X (sg13g2_buf_16)
                                         clknet_leaf_21_soc_clk_i (net)
                  0.03    0.00    0.81 ^ i_croc_soc/i_rstgen.i_rstgen_bypass.synch_regs_q_3__reg/CLK (sg13g2_dfrbp_1)
     2    0.01    0.05    0.22    1.03 ^ i_croc_soc/i_rstgen.i_rstgen_bypass.synch_regs_q_3__reg/Q (sg13g2_dfrbp_1)
                                         i_croc_soc/i_rstgen.i_rstgen_bypass.synch_regs_q_3_ (net)
                  0.05    0.00    1.03 ^ i_croc_soc/i_rstgen.i_rstgen_bypass.i_tc_clk_mux2_rst_no/i_mux/A0 (sg13g2_mux2_1)
     1    0.01    0.05    0.11    1.15 ^ i_croc_soc/i_rstgen.i_rstgen_bypass.i_tc_clk_mux2_rst_no/i_mux/X (sg13g2_mux2_1)
                                         i_croc_soc/i_rstgen.i_rstgen_bypass.rst_no (net)
                  0.05    0.00    1.15 ^ fanout5056/A (sg13g2_buf_8)
    40    0.19    0.09    0.11    1.26 ^ fanout5056/X (sg13g2_buf_8)
                                         net5056 (net)
                  0.16    0.06    1.32 ^ fanout4859/A (sg13g2_buf_4)
     4    0.03    0.05    0.16    1.48 ^ fanout4859/X (sg13g2_buf_4)
                                         net4859 (net)
                  0.05    0.00    1.49 ^ fanout4858/A (sg13g2_buf_4)
     4    0.06    0.08    0.14    1.62 ^ fanout4858/X (sg13g2_buf_4)
                                         net4858 (net)
                  0.09    0.01    1.64 ^ fanout4857/A (sg13g2_buf_4)
     4    0.04    0.05    0.13    1.77 ^ fanout4857/X (sg13g2_buf_4)
                                         net4857 (net)
                  0.05    0.00    1.77 ^ fanout4828/A (sg13g2_buf_2)
     4    0.03    0.07    0.12    1.89 ^ fanout4828/X (sg13g2_buf_2)
                                         net4828 (net)
                  0.07    0.00    1.89 ^ fanout4809/A (sg13g2_buf_4)
     6    0.04    0.05    0.13    2.02 ^ fanout4809/X (sg13g2_buf_4)
                                         net4809 (net)
                  0.05    0.00    2.02 ^ fanout4791/A (sg13g2_buf_2)
     6    0.04    0.10    0.13    2.16 ^ fanout4791/X (sg13g2_buf_2)
                                         net4791 (net)
                  0.10    0.00    2.16 ^ fanout4788/A (sg13g2_buf_4)
     8    0.07    0.08    0.16    2.33 ^ fanout4788/X (sg13g2_buf_4)
                                         net4788 (net)
                  0.08    0.00    2.33 ^ fanout4787/A (sg13g2_buf_4)
     8    0.06    0.08    0.16    2.48 ^ fanout4787/X (sg13g2_buf_4)
                                         net4787 (net)
                  0.08    0.00    2.49 ^ i_croc_soc/i_croc/i_timer/counter_hi_i.counter_value_o_24__reg/RESET_B (sg13g2_dfrbp_2)
                                  2.49   data arrival time

                         12.50   12.50   clock clk_sys (rise edge)
                          0.00   12.50   clock source latency
     1    0.20    0.34    0.03   12.53 ^ clk_i (in)
                                         clk_i (net)
                  0.34    0.00   12.53 ^ pad_clk_i/pad (sg13g2_IOPadIn)
     6    0.09    0.18    0.12   12.65 ^ pad_clk_i/p2c (sg13g2_IOPadIn)
                                         soc_clk_i (net)
                  0.14    0.03   12.68 ^ clkbuf_0_soc_clk_i/A (sg13g2_buf_8)
     4    0.15    0.09    0.16   12.83 ^ clkbuf_0_soc_clk_i/X (sg13g2_buf_8)
                                         clknet_0_soc_clk_i (net)
                  0.10    0.02   12.85 ^ clkbuf_2_2_0_soc_clk_i/A (sg13g2_buf_16)
     4    0.13    0.04    0.11   12.96 ^ clkbuf_2_2_0_soc_clk_i/X (sg13g2_buf_16)
                                         clknet_2_2_0_soc_clk_i (net)
                  0.07    0.02   12.98 ^ clkbuf_4_10_0_soc_clk_i/A (sg13g2_buf_16)
     8    0.13    0.05    0.10   13.08 ^ clkbuf_4_10_0_soc_clk_i/X (sg13g2_buf_16)
                                         clknet_4_10_0_soc_clk_i (net)
                  0.05    0.01   13.09 ^ clkbuf_7_86__f_soc_clk_i/A (sg13g2_buf_8)
     7    0.14    0.09    0.12   13.21 ^ clkbuf_7_86__f_soc_clk_i/X (sg13g2_buf_8)
                                         clknet_7_86__leaf_soc_clk_i (net)
                  0.09    0.01   13.22 ^ clkbuf_leaf_570_soc_clk_i/A (sg13g2_buf_16)
     5    0.03    0.02    0.09   13.31 ^ clkbuf_leaf_570_soc_clk_i/X (sg13g2_buf_16)
                                         clknet_leaf_570_soc_clk_i (net)
                  0.02    0.00   13.32 ^ i_croc_soc/i_croc/i_timer/counter_hi_i.counter_value_o_24__reg/CLK (sg13g2_dfrbp_2)
                         -0.10   13.22   clock uncertainty
                          0.01   13.22   clock reconvergence pessimism
                         -0.14   13.08   library recovery time
                                 13.08   data required time
-----------------------------------------------------------------------------
                                 13.08   data required time
                                 -2.49   data arrival time
-----------------------------------------------------------------------------
                                 10.59   slack (MET)


Startpoint: i_croc_soc/i_croc/i_dmi_jtag/i_dmi_cdc.i_cdc_req/i_dst/async_ack_o_reg
            (rising edge-triggered flip-flop clocked by clk_sys)
Endpoint: i_croc_soc/i_croc/i_dm_top.i_dm_top/i_dm_csrs.progbuf_o_83__reg
          (rising edge-triggered flip-flop clocked by clk_sys)
Path Group: path delay
Path Type: max
Corner: tt

Fanout     Cap    Slew   Delay    Time   Description
-----------------------------------------------------------------------------
                  0.03    0.00    0.00 ^ i_croc_soc/i_croc/i_dmi_jtag/i_dmi_cdc.i_cdc_req/i_dst/async_ack_o_reg/CLK (sg13g2_dfrbp_2)
     6    0.03    0.08    0.29    0.29 ^ i_croc_soc/i_croc/i_dmi_jtag/i_dmi_cdc.i_cdc_req/i_dst/async_ack_o_reg/Q (sg13g2_dfrbp_2)
                                         i_croc_soc/i_croc/i_dmi_jtag/i_dmi_cdc.i_cdc_req/async_ack (net)
                  0.08    0.00    0.29 ^ i_croc_soc/i_croc/i_dmi_jtag/i_dmi_cdc.i_cdc_req/i_dst/_199_/A (sg13g2_xor2_1)
     1    0.00    0.07    0.12    0.41 ^ i_croc_soc/i_croc/i_dmi_jtag/i_dmi_cdc.i_cdc_req/i_dst/_199_/X (sg13g2_xor2_1)
                                         i_croc_soc/i_croc/i_dmi_jtag/i_dmi_cdc.i_cdc_req/s_dst_valid (net)
                  0.07    0.00    0.41 ^ i_croc_soc/i_croc/i_dmi_jtag/i_dmi_cdc.i_cdc_req/_5_/B_N (sg13g2_nor2b_2)
     5    0.02    0.13    0.17    0.58 ^ i_croc_soc/i_croc/i_dmi_jtag/i_dmi_cdc.i_cdc_req/_5_/Y (sg13g2_nor2b_2)
                                         i_croc_soc/i_croc/dmi_req_valid (net)
                  0.13    0.00    0.58 ^ i_croc_soc/i_croc/i_dm_top.i_dm_top/_4810_/A (sg13g2_and2_1)
     4    0.02    0.11    0.18    0.76 ^ i_croc_soc/i_croc/i_dm_top.i_dm_top/_4810_/X (sg13g2_and2_1)
                                         i_croc_soc/i_croc/i_dm_top.i_dm_top/_0614_ (net)
                  0.11    0.00    0.76 ^ i_croc_soc/i_croc/i_dm_top.i_dm_top/_4811_/B (sg13g2_nand3b_1)
     6    0.05    0.41    0.38    1.13 v i_croc_soc/i_croc/i_dm_top.i_dm_top/_4811_/Y (sg13g2_nand3b_1)
                                         i_croc_soc/i_croc/i_dm_top.i_dm_top/_0615_ (net)
                  0.41    0.01    1.14 v i_croc_soc/i_croc/i_dm_top.i_dm_top/_4965_/A (sg13g2_nor2_1)
     3    0.01    0.18    0.22    1.36 ^ i_croc_soc/i_croc/i_dm_top.i_dm_top/_4965_/Y (sg13g2_nor2_1)
                                         i_croc_soc/i_croc/i_dm_top.i_dm_top/_0739_ (net)
                  0.18    0.00    1.36 ^ i_croc_soc/i_croc/i_dm_top.i_dm_top/_6324_/A1 (sg13g2_a21oi_2)
     8    0.05    0.17    0.21    1.57 v i_croc_soc/i_croc/i_dm_top.i_dm_top/_6324_/Y (sg13g2_a21oi_2)
                                         i_croc_soc/i_croc/i_dm_top.i_dm_top/_1909_ (net)
                  0.17    0.00    1.57 v i_croc_soc/i_croc/i_dm_top.i_dm_top/_7070_/A (sg13g2_nor2_2)
     3    0.02    0.11    0.14    1.72 ^ i_croc_soc/i_croc/i_dm_top.i_dm_top/_7070_/Y (sg13g2_nor2_2)
                                         i_croc_soc/i_croc/i_dm_top.i_dm_top/_2439_ (net)
                  0.11    0.00    1.72 ^ fanout2980/A (sg13g2_buf_2)
     8    0.04    0.09    0.16    1.87 ^ fanout2980/X (sg13g2_buf_2)
                                         net2980 (net)
                  0.09    0.00    1.88 ^ fanout2979/A (sg13g2_buf_2)
     7    0.04    0.09    0.15    2.02 ^ fanout2979/X (sg13g2_buf_2)
                                         net2979 (net)
                  0.09    0.00    2.02 ^ fanout2978/A (sg13g2_buf_2)
     7    0.03    0.08    0.14    2.16 ^ fanout2978/X (sg13g2_buf_2)
                                         net2978 (net)
                  0.08    0.00    2.16 ^ fanout2977/A (sg13g2_buf_2)
     8    0.04    0.09    0.15    2.31 ^ fanout2977/X (sg13g2_buf_2)
                                         net2977 (net)
                  0.09    0.00    2.31 ^ i_croc_soc/i_croc/i_dm_top.i_dm_top/_7142_/C (sg13g2_nand3_1)
     1    0.00    0.07    0.10    2.42 v i_croc_soc/i_croc/i_dm_top.i_dm_top/_7142_/Y (sg13g2_nand3_1)
                                         i_croc_soc/i_croc/i_dm_top.i_dm_top/_2490_ (net)
                  0.07    0.00    2.42 v i_croc_soc/i_croc/i_dm_top.i_dm_top/_7143_/B1 (sg13g2_o21ai_1)
     1    0.00    0.07    0.05    2.47 ^ i_croc_soc/i_croc/i_dm_top.i_dm_top/_7143_/Y (sg13g2_o21ai_1)
                                         i_croc_soc/i_croc/i_dm_top.i_dm_top/_0419_ (net)
                  0.07    0.00    2.47 ^ i_croc_soc/i_croc/i_dm_top.i_dm_top/i_dm_csrs.progbuf_o_83__reg/D (sg13g2_dfrbp_1)
                                  2.47   data arrival time

                          4.38    4.38   max_delay
                         -0.12    4.25   library setup time
                                  4.25   data required time
-----------------------------------------------------------------------------
                                  4.25   data required time
                                 -2.47   data arrival time
-----------------------------------------------------------------------------
                                  1.78   slack (MET)


Startpoint: i_croc_soc/i_croc/i_dmi_jtag/td_o_reg
            (rising edge-triggered flip-flop clocked by clk_jtg')
Endpoint: jtag_tdo_o (output port clocked by clk_jtg)
Path Group: clk_jtg
Path Type: max
Corner: tt

Fanout     Cap    Slew   Delay    Time   Description
-----------------------------------------------------------------------------
                         10.00   10.00   clock clk_jtg' (rise edge)
                          0.00   10.00   clock source latency
     1    0.23    0.49    0.03   10.03 v jtag_tck_i (in)
                                         jtag_tck_i (net)
                  0.49    0.00   10.03 v pad_jtag_tck_i/pad (sg13g2_IOPadIn)
     1    0.07    0.19    0.66   10.69 v pad_jtag_tck_i/p2c (sg13g2_IOPadIn)
                                         soc_jtag_tck_i (net)
                  0.14    0.02   10.70 v clkbuf_0_soc_jtag_tck_i/A (sg13g2_buf_8)
     8    0.12    0.07    0.15   10.86 v clkbuf_0_soc_jtag_tck_i/X (sg13g2_buf_8)
                                         clknet_0_soc_jtag_tck_i (net)
                  0.07    0.01   10.87 v clkbuf_3_4__f_soc_jtag_tck_i/A (sg13g2_buf_8)
     5    0.10    0.06    0.12   10.98 v clkbuf_3_4__f_soc_jtag_tck_i/X (sg13g2_buf_8)
                                         clknet_3_4__leaf_soc_jtag_tck_i (net)
                  0.06    0.01   10.99 v clkbuf_leaf_7_soc_jtag_tck_i/A (sg13g2_buf_16)
     8    0.03    0.02    0.09   11.08 v clkbuf_leaf_7_soc_jtag_tck_i/X (sg13g2_buf_16)
                                         clknet_leaf_7_soc_jtag_tck_i (net)
                  0.02    0.00   11.08 v i_croc_soc/i_croc/i_dmi_jtag/i_dmi_jtag_tap.i_tck_inv/i_inv_6001/A (sg13g2_inv_1)
     1    0.00    0.03    0.03   11.11 ^ i_croc_soc/i_croc/i_dmi_jtag/i_dmi_jtag_tap.i_tck_inv/i_inv_6001/Y (sg13g2_inv_1)
                                         net6001 (net)
                  0.03    0.00   11.11 ^ i_croc_soc/i_croc/i_dmi_jtag/i_dmi_jtag_tap.i_dft_tck_mux/i_mux/A0 (sg13g2_mux2_1)
     1    0.01    0.06    0.11   11.22 ^ i_croc_soc/i_croc/i_dmi_jtag/i_dmi_jtag_tap.i_dft_tck_mux/i_mux/X (sg13g2_mux2_1)
                                         i_croc_soc/i_croc/i_dmi_jtag/i_dmi_jtag_tap.tck_n (net)
                  0.06    0.00   11.22 ^ clkbuf_0_i_croc_soc/i_croc/i_dmi_jtag/i_dmi_jtag_tap.tck_n/A (sg13g2_buf_8)
     2    0.02    0.03    0.08   11.30 ^ clkbuf_0_i_croc_soc/i_croc/i_dmi_jtag/i_dmi_jtag_tap.tck_n/X (sg13g2_buf_8)
                                         clknet_0_i_croc_soc/i_croc/i_dmi_jtag/i_dmi_jtag_tap.tck_n (net)
                  0.03    0.00   11.30 ^ clkbuf_1_1__f_i_croc_soc/i_croc/i_dmi_jtag/i_dmi_jtag_tap.tck_n/A (sg13g2_buf_8)
     1    0.00    0.02    0.06   11.36 ^ clkbuf_1_1__f_i_croc_soc/i_croc/i_dmi_jtag/i_dmi_jtag_tap.tck_n/X (sg13g2_buf_8)
                                         clknet_1_1__leaf_i_croc_soc/i_croc/i_dmi_jtag/i_dmi_jtag_tap.tck_n (net)
                  0.02    0.00   11.36 ^ i_croc_soc/i_croc/i_dmi_jtag/td_o_reg/CLK (sg13g2_dfrbp_2)
     1    0.11    0.23    0.37   11.73 ^ i_croc_soc/i_croc/i_dmi_jtag/td_o_reg/Q (sg13g2_dfrbp_2)
                                         soc_jtag_tdo_o (net)
                  0.32    0.03   11.77 ^ pad_jtag_tdo_o/c2p (sg13g2_IOPadOut16mA)
     1   15.00    3.55    3.25   15.02 ^ pad_jtag_tdo_o/pad (sg13g2_IOPadOut16mA)
                                         jtag_tdo_o (net)
                  2.66    0.00   15.02 ^ jtag_tdo_o (out)
                                 15.02   data arrival time

                         20.00   20.00   clock clk_jtg (rise edge)
                          0.00   20.00   clock network delay (propagated)
                         -0.10   19.90   clock uncertainty
                          0.00   19.90   clock reconvergence pessimism
                         -5.00   14.90   output external delay
                                 14.90   data required time
-----------------------------------------------------------------------------
                                 14.90   data required time
                                -15.02   data arrival time
-----------------------------------------------------------------------------
                                 -0.12   slack (VIOLATED)


Startpoint: i_croc_soc/i_croc/i_core_wrap/i_ibex.id_stage_i.controller_i.instr_i_15__reg
            (rising edge-triggered flip-flop clocked by clk_sys)
Endpoint: i_croc_soc/i_croc/i_core_wrap/i_ibex.cs_registers_i/mhpmcounter_1919__reg
          (rising edge-triggered flip-flop clocked by clk_sys)
Path Group: clk_sys
Path Type: max
Corner: tt

Fanout     Cap    Slew   Delay    Time   Description
-----------------------------------------------------------------------------
                          0.00    0.00   clock clk_sys (rise edge)
                          0.00    0.00   clock source latency
     1    0.24    0.35    0.04    0.04 ^ clk_i (in)
                                         clk_i (net)
                  0.35    0.00    0.04 ^ pad_clk_i/pad (sg13g2_IOPadIn)
     6    0.09    0.18    0.12    0.16 ^ pad_clk_i/p2c (sg13g2_IOPadIn)
                                         soc_clk_i (net)
                  0.14    0.03    0.18 ^ clkbuf_0_soc_clk_i/A (sg13g2_buf_8)
     4    0.15    0.09    0.16    0.34 ^ clkbuf_0_soc_clk_i/X (sg13g2_buf_8)
                                         clknet_0_soc_clk_i (net)
                  0.10    0.02    0.36 ^ clkbuf_2_3_0_soc_clk_i/A (sg13g2_buf_16)
     4    0.13    0.04    0.11    0.47 ^ clkbuf_2_3_0_soc_clk_i/X (sg13g2_buf_16)
                                         clknet_2_3_0_soc_clk_i (net)
                  0.07    0.03    0.49 ^ clkbuf_4_13_0_soc_clk_i/A (sg13g2_buf_16)
     8    0.13    0.05    0.10    0.59 ^ clkbuf_4_13_0_soc_clk_i/X (sg13g2_buf_16)
                                         clknet_4_13_0_soc_clk_i (net)
                  0.05    0.01    0.60 ^ clkbuf_7_110__f_soc_clk_i/A (sg13g2_buf_8)
     7    0.14    0.08    0.12    0.72 ^ clkbuf_7_110__f_soc_clk_i/X (sg13g2_buf_8)
                                         clknet_7_110__leaf_soc_clk_i (net)
                  0.08    0.01    0.73 ^ clkbuf_leaf_408_soc_clk_i/A (sg13g2_buf_16)
     8    0.03    0.03    0.09    0.82 ^ clkbuf_leaf_408_soc_clk_i/X (sg13g2_buf_16)
                                         clknet_leaf_408_soc_clk_i (net)
                  0.03    0.00    0.82 ^ i_croc_soc/i_croc/i_core_wrap/i_ibex.id_stage_i.controller_i.instr_i_15__reg/CLK (sg13g2_dfrbp_1)
     1    0.01    0.05    0.22    1.05 ^ i_croc_soc/i_croc/i_core_wrap/i_ibex.id_stage_i.controller_i.instr_i_15__reg/Q (sg13g2_dfrbp_1)
                                         i_croc_soc/i_croc/i_core_wrap/i_ibex.id_stage_i.controller_i.instr_i_15_ (net)
                  0.05    0.00    1.05 ^ fanout5939/A (sg13g2_buf_8)
     7    0.12    0.07    0.10    1.15 ^ fanout5939/X (sg13g2_buf_8)
                                         net5939 (net)
                  0.11    0.04    1.19 ^ fanout5897/A (sg13g2_buf_8)
     5    0.06    0.04    0.12    1.30 ^ fanout5897/X (sg13g2_buf_8)
                                         net5897 (net)
                  0.05    0.01    1.31 ^ fanout5881/A (sg13g2_buf_4)
     4    0.04    0.05    0.12    1.43 ^ fanout5881/X (sg13g2_buf_4)
                                         net5881 (net)
                  0.05    0.00    1.43 ^ fanout5880/A (sg13g2_buf_8)
     7    0.06    0.04    0.09    1.53 ^ fanout5880/X (sg13g2_buf_8)
                                         net5880 (net)
                  0.05    0.00    1.53 ^ fanout5879/A (sg13g2_buf_8)
     8    0.08    0.05    0.10    1.63 ^ fanout5879/X (sg13g2_buf_8)
                                         net5879 (net)
                  0.06    0.01    1.63 ^ i_croc_soc/i_croc/i_core_wrap/i_ibex.register_file_i/_4813_/S (sg13g2_mux2_1)
     1    0.00    0.04    0.17    1.80 v i_croc_soc/i_croc/i_core_wrap/i_ibex.register_file_i/_4813_/X (sg13g2_mux2_1)
                                         i_croc_soc/i_croc/i_core_wrap/i_ibex.register_file_i/_1746_ (net)
                  0.04    0.00    1.80 v i_croc_soc/i_croc/i_core_wrap/i_ibex.register_file_i/_4814_/B1 (sg13g2_a22oi_1)
     1    0.00    0.05    0.06    1.86 ^ i_croc_soc/i_croc/i_core_wrap/i_ibex.register_file_i/_4814_/Y (sg13g2_a22oi_1)
                                         i_croc_soc/i_croc/i_core_wrap/i_ibex.register_file_i/_1747_ (net)
                  0.05    0.00    1.86 ^ i_croc_soc/i_croc/i_core_wrap/i_ibex.register_file_i/_4815_/A2 (sg13g2_a21oi_1)
     1    0.01    0.06    0.08    1.94 v i_croc_soc/i_croc/i_core_wrap/i_ibex.register_file_i/_4815_/Y (sg13g2_a21oi_1)
                                         i_croc_soc/i_croc/i_core_wrap/i_ibex.register_file_i/_1748_ (net)
                  0.06    0.00    1.94 v i_croc_soc/i_croc/i_core_wrap/i_ibex.register_file_i/_4816_/C1 (sg13g2_a221oi_1)
     1    0.01    0.18    0.16    2.10 ^ i_croc_soc/i_croc/i_core_wrap/i_ibex.register_file_i/_4816_/Y (sg13g2_a221oi_1)
                                         i_croc_soc/i_croc/i_core_wrap/i_ibex.register_file_i/_1749_ (net)
                  0.18    0.00    2.10 ^ i_croc_soc/i_croc/i_core_wrap/i_ibex.register_file_i/_4817_/C (sg13g2_nand3_1)
     6    0.05    0.44    0.42    2.52 v i_croc_soc/i_croc/i_core_wrap/i_ibex.register_file_i/_4817_/Y (sg13g2_nand3_1)
                                         i_croc_soc/i_croc/i_core_wrap/i_ibex.ex_block_i.multdiv_operand_a_i_0_ (net)
                  0.44    0.01    2.53 v i_croc_soc/i_croc/i_core_wrap/_5655_/A0 (sg13g2_mux2_1)
     1    0.00    0.05    0.21    2.74 v i_croc_soc/i_croc/i_core_wrap/_5655_/X (sg13g2_mux2_1)
                                         i_croc_soc/i_croc/i_core_wrap/_1205_ (net)
                  0.05    0.00    2.74 v i_croc_soc/i_croc/i_core_wrap/_5658_/B1 (sg13g2_a221oi_1)
     2    0.01    0.24    0.23    2.97 ^ i_croc_soc/i_croc/i_core_wrap/_5658_/Y (sg13g2_a221oi_1)
                                         i_croc_soc/i_croc/i_core_wrap/_1208_ (net)
                  0.24    0.00    2.97 ^ fanout3168/A (sg13g2_buf_2)
     8    0.04    0.10    0.20    3.17 ^ fanout3168/X (sg13g2_buf_2)
                                         net3168 (net)
                  0.10    0.00    3.17 ^ i_croc_soc/i_croc/i_core_wrap/_5668_/A2 (sg13g2_o21ai_1)
     2    0.01    0.11    0.10    3.27 v i_croc_soc/i_croc/i_core_wrap/_5668_/Y (sg13g2_o21ai_1)
                                         i_croc_soc/i_croc/i_core_wrap/_1218_ (net)
                  0.11    0.00    3.27 v i_croc_soc/i_croc/i_core_wrap/_5670_/B2 (sg13g2_a221oi_1)
     3    0.01    0.21    0.24    3.51 ^ i_croc_soc/i_croc/i_core_wrap/_5670_/Y (sg13g2_a221oi_1)
                                         i_croc_soc/i_croc/i_core_wrap/_1220_ (net)
                  0.21    0.00    3.51 ^ i_croc_soc/i_croc/i_core_wrap/_5694_/A2 (sg13g2_o21ai_1)
     3    0.01    0.12    0.16    3.66 v i_croc_soc/i_croc/i_core_wrap/_5694_/Y (sg13g2_o21ai_1)
                                         i_croc_soc/i_croc/i_core_wrap/_1244_ (net)
                  0.12    0.00    3.66 v i_croc_soc/i_croc/i_core_wrap/_5711_/A_N (sg13g2_nand2b_1)
     1    0.00    0.04    0.11    3.77 v i_croc_soc/i_croc/i_core_wrap/_5711_/Y (sg13g2_nand2b_1)
                                         i_croc_soc/i_croc/i_core_wrap/_1260_ (net)
                  0.04    0.00    3.78 v i_croc_soc/i_croc/i_core_wrap/_5761_/A1 (sg13g2_a21o_1)
     2    0.01    0.06    0.13    3.91 v i_croc_soc/i_croc/i_core_wrap/_5761_/X (sg13g2_a21o_1)
                                         i_croc_soc/i_croc/i_core_wrap/_1305_ (net)
                  0.06    0.00    3.91 v i_croc_soc/i_croc/i_core_wrap/_5768_/B2 (sg13g2_a221oi_1)
     2    0.02    0.32    0.30    4.21 ^ i_croc_soc/i_croc/i_core_wrap/_5768_/Y (sg13g2_a221oi_1)
                                         i_croc_soc/i_croc/i_core_wrap/_1312_ (net)
                  0.32    0.00    4.21 ^ i_croc_soc/i_croc/i_core_wrap/_5987_/B (sg13g2_nand2_2)
     5    0.03    0.14    0.18    4.39 v i_croc_soc/i_croc/i_core_wrap/_5987_/Y (sg13g2_nand2_2)
                                         i_croc_soc/i_croc/i_core_wrap/_1524_ (net)
                  0.14    0.00    4.39 v i_croc_soc/i_croc/i_core_wrap/_6145_/A1 (sg13g2_a21oi_2)
     1    0.01    0.06    0.09    4.48 ^ i_croc_soc/i_croc/i_core_wrap/_6145_/Y (sg13g2_a21oi_2)
                                         i_croc_soc/i_croc/i_core_wrap/_1664_ (net)
                  0.06    0.00    4.48 ^ i_croc_soc/i_croc/i_core_wrap/_6146_/B1 (sg13g2_o21ai_1)
     2    0.01    0.10    0.11    4.59 v i_croc_soc/i_croc/i_core_wrap/_6146_/Y (sg13g2_o21ai_1)
                                         i_croc_soc/i_croc/i_core_wrap/_1665_ (net)
                  0.10    0.00    4.59 v i_croc_soc/i_croc/i_core_wrap/_6147_/S (sg13g2_mux2_1)
     1    0.01    0.04    0.16    4.75 v i_croc_soc/i_croc/i_core_wrap/_6147_/X (sg13g2_mux2_1)
                                         i_croc_soc/i_croc/i_core_wrap/_1666_ (net)
                  0.04    0.00    4.75 v i_croc_soc/i_croc/i_core_wrap/_6148_/B (sg13g2_xnor2_1)
     3    0.02    0.21    0.19    4.94 ^ i_croc_soc/i_croc/i_core_wrap/_6148_/Y (sg13g2_xnor2_1)
                                         i_croc_soc/i_croc/i_core_wrap/_1667_ (net)
                  0.21    0.00    4.94 ^ i_croc_soc/i_croc/i_core_wrap/_6149_/A (sg13g2_inv_4)
     6    0.05    0.09    0.10    5.04 v i_croc_soc/i_croc/i_core_wrap/_6149_/Y (sg13g2_inv_4)
                                         i_croc_soc/i_croc/core_data_obi_req_66_ (net)
                  0.09    0.00    5.04 v i_croc_soc/i_croc/i_core_wrap/_7032_/A1 (sg13g2_a221oi_1)
     1    0.01    0.16    0.19    5.24 ^ i_croc_soc/i_croc/i_core_wrap/_7032_/Y (sg13g2_a221oi_1)
                                         i_croc_soc/i_croc/i_core_wrap/_2411_ (net)
                  0.16    0.00    5.24 ^ i_croc_soc/i_croc/i_core_wrap/_7033_/C (sg13g2_nor3_2)
     2    0.02    0.07    0.10    5.34 v i_croc_soc/i_croc/i_core_wrap/_7033_/Y (sg13g2_nor3_2)
                                         i_croc_soc/i_croc/i_core_wrap/_2412_ (net)
                  0.07    0.00    5.34 v i_croc_soc/i_croc/i_core_wrap/_8190_/B1 (sg13g2_a21o_1)
     4    0.02    0.07    0.16    5.50 v i_croc_soc/i_croc/i_core_wrap/_8190_/X (sg13g2_a21o_1)
                                         i_croc_soc/i_croc/i_core_wrap/_3415_ (net)
                  0.07    0.00    5.50 v i_croc_soc/i_croc/i_core_wrap/_8500_/A1 (sg13g2_mux2_2)
     5    0.03    0.08    0.19    5.69 v i_croc_soc/i_croc/i_core_wrap/_8500_/X (sg13g2_mux2_2)
                                         i_croc_soc/i_croc/core_instr_obi_req_66_ (net)
                  0.08    0.00    5.69 v i_croc_soc/i_croc/_3889_/C (sg13g2_nor4_2)
     1    0.00    0.11    0.13    5.83 ^ i_croc_soc/i_croc/_3889_/Y (sg13g2_nor4_2)
                                         i_croc_soc/i_croc/_0348_ (net)
                  0.11    0.00    5.83 ^ i_croc_soc/i_croc/_3890_/B (sg13g2_and2_2)
     2    0.01    0.05    0.15    5.97 ^ i_croc_soc/i_croc/_3890_/X (sg13g2_and2_2)
                                         i_croc_soc/i_croc/_0349_ (net)
                  0.05    0.00    5.98 ^ i_croc_soc/i_croc/_3896_/B (sg13g2_nand4_1)
     4    0.02    0.29    0.26    6.24 v i_croc_soc/i_croc/_3896_/Y (sg13g2_nand4_1)
                                         i_croc_soc/i_croc/_0355_ (net)
                  0.29    0.00    6.24 v i_croc_soc/i_croc/_3933_/B2 (sg13g2_a221oi_1)
     5    0.03    0.43    0.44    6.68 ^ i_croc_soc/i_croc/_3933_/Y (sg13g2_a221oi_1)
                                         i_croc_soc/i_croc/_0391_ (net)
                  0.43    0.00    6.68 ^ i_croc_soc/i_croc/_3935_/A2 (sg13g2_a21oi_2)
     3    0.01    0.10    0.16    6.85 v i_croc_soc/i_croc/_3935_/Y (sg13g2_a21oi_2)
                                         i_croc_soc/i_croc/_0393_ (net)
                  0.10    0.00    6.85 v i_croc_soc/i_croc/_3942_/B1 (sg13g2_a221oi_1)
     4    0.02    0.34    0.32    7.17 ^ i_croc_soc/i_croc/_3942_/Y (sg13g2_a221oi_1)
                                         i_croc_soc/i_croc/_0400_ (net)
                  0.34    0.00    7.17 ^ i_croc_soc/i_croc/_3967_/A_N (sg13g2_nand2b_2)
     4    0.02    0.07    0.21    7.38 ^ i_croc_soc/i_croc/_3967_/Y (sg13g2_nand2b_2)
                                         i_croc_soc/i_croc/_0425_ (net)
                  0.07    0.00    7.38 ^ i_croc_soc/i_croc/_3968_/B (sg13g2_nand2_2)
     3    0.02    0.08    0.09    7.47 v i_croc_soc/i_croc/_3968_/Y (sg13g2_nand2_2)
                                         i_croc_soc/i_croc/_0426_ (net)
                  0.08    0.00    7.47 v fanout1021/A (sg13g2_buf_8)
     8    0.09    0.05    0.12    7.59 v fanout1021/X (sg13g2_buf_8)
                                         net1021 (net)
                  0.06    0.02    7.60 v fanout1020/A (sg13g2_buf_16)
     8    0.05    0.03    0.09    7.69 v fanout1020/X (sg13g2_buf_16)
                                         net1020 (net)
                  0.03    0.01    7.70 v i_croc_soc/i_croc/_4258_/A (sg13g2_nand3_1)
     1    0.01    0.05    0.04    7.74 ^ i_croc_soc/i_croc/_4258_/Y (sg13g2_nand3_1)
                                         i_croc_soc/i_croc/_0715_ (net)
                  0.05    0.00    7.75 ^ i_croc_soc/i_croc/_4260_/B (sg13g2_nand3_1)
     1    0.00    0.07    0.09    7.83 v i_croc_soc/i_croc/_4260_/Y (sg13g2_nand3_1)
                                         i_croc_soc/i_croc/_0717_ (net)
                  0.07    0.00    7.83 v i_croc_soc/i_croc/_4261_/C1 (sg13g2_a221oi_1)
     6    0.03    0.45    0.36    8.19 ^ i_croc_soc/i_croc/_4261_/Y (sg13g2_a221oi_1)
                                         i_croc_soc/i_croc/_0718_ (net)
                  0.45    0.00    8.20 ^ i_croc_soc/i_croc/_4262_/B (sg13g2_xnor2_1)
     1    0.01    0.10    0.16    8.36 v i_croc_soc/i_croc/_4262_/Y (sg13g2_xnor2_1)
                                         i_croc_soc/i_croc/_0719_ (net)
                  0.10    0.00    8.36 v i_croc_soc/i_croc/_4263_/D (sg13g2_nor4_2)
     1    0.00    0.10    0.10    8.46 ^ i_croc_soc/i_croc/_4263_/Y (sg13g2_nor4_2)
                                         i_croc_soc/i_croc/_0720_ (net)
                  0.10    0.00    8.46 ^ i_croc_soc/i_croc/_4264_/D (sg13g2_nand4_1)
     3    0.01    0.16    0.20    8.66 v i_croc_soc/i_croc/_4264_/Y (sg13g2_nand4_1)
                                         i_croc_soc/i_croc/_0721_ (net)
                  0.16    0.00    8.66 v i_croc_soc/i_croc/_4265_/B (sg13g2_and2_2)
     5    0.02    0.05    0.17    8.83 v i_croc_soc/i_croc/_4265_/X (sg13g2_and2_2)
                                         i_croc_soc/i_croc/_0722_ (net)
                  0.05    0.00    8.83 v i_croc_soc/i_croc/_4997_/B (sg13g2_nor3_2)
     2    0.01    0.14    0.14    8.97 ^ i_croc_soc/i_croc/_4997_/Y (sg13g2_nor3_2)
                                         i_croc_soc/i_croc/_1278_ (net)
                  0.14    0.00    8.97 ^ i_croc_soc/i_croc/_4998_/B (sg13g2_nand2b_2)
     3    0.03    0.13    0.14    9.12 v i_croc_soc/i_croc/_4998_/Y (sg13g2_nand2b_2)
                                         i_croc_soc/i_croc/_1279_ (net)
                  0.13    0.00    9.12 v fanout2288/A (sg13g2_buf_8)
     5    0.05    0.04    0.12    9.24 v fanout2288/X (sg13g2_buf_8)
                                         net2288 (net)
                  0.04    0.00    9.25 v fanout2287/A (sg13g2_buf_16)
     8    0.04    0.02    0.08    9.32 v fanout2287/X (sg13g2_buf_16)
                                         net2287 (net)
                  0.02    0.00    9.32 v i_croc_soc/i_croc/_5000_/B (sg13g2_nor2_2)
     5    0.03    0.16    0.13    9.45 ^ i_croc_soc/i_croc/_5000_/Y (sg13g2_nor2_2)
                                         i_croc_soc/i_croc/all_periph_obi_rsp_157_ (net)
                  0.16    0.00    9.45 ^ i_croc_soc/i_croc/i_gpio/_1285_/A (sg13g2_nand2_2)
     2    0.01    0.06    0.08    9.53 v i_croc_soc/i_croc/i_gpio/_1285_/Y (sg13g2_nand2_2)
                                         i_croc_soc/i_croc/i_gpio/_0153_ (net)
                  0.06    0.00    9.53 v i_croc_soc/i_croc/i_gpio/_1286_/B (sg13g2_nand3_1)
     1    0.00    0.05    0.05    9.58 ^ i_croc_soc/i_croc/i_gpio/_1286_/Y (sg13g2_nand3_1)
                                         i_croc_soc/i_croc/i_gpio/_0154_ (net)
                  0.05    0.00    9.58 ^ i_croc_soc/i_croc/i_gpio/_1287_/B1 (sg13g2_o21ai_1)
     1    0.01    0.07    0.08    9.66 v i_croc_soc/i_croc/i_gpio/_1287_/Y (sg13g2_o21ai_1)
                                         i_croc_soc/i_croc/all_periph_obi_rsp_159_ (net)
                  0.07    0.00    9.66 v i_croc_soc/i_croc/_6260_/A2 (sg13g2_a22oi_1)
     1    0.01    0.07    0.10    9.76 ^ i_croc_soc/i_croc/_6260_/Y (sg13g2_a22oi_1)
                                         i_croc_soc/i_croc/_2245_ (net)
                  0.07    0.00    9.76 ^ i_croc_soc/i_croc/_6262_/A2 (sg13g2_o21ai_1)
     1    0.01    0.08    0.09    9.85 v i_croc_soc/i_croc/_6262_/Y (sg13g2_o21ai_1)
                                         i_croc_soc/i_croc/_2247_ (net)
                  0.08    0.00    9.85 v rebuffer6006/A (sg13g2_buf_8)
     4    0.05    0.04    0.11    9.96 v rebuffer6006/X (sg13g2_buf_8)
                                         net6006 (net)
                  0.04    0.01    9.97 v i_croc_soc/i_croc/_6263_/A2 (sg13g2_a21oi_2)
     1    0.00    0.05    0.07   10.04 ^ i_croc_soc/i_croc/_6263_/Y (sg13g2_a21oi_2)
                                         i_croc_soc/i_croc/_2248_ (net)
                  0.05    0.00   10.04 ^ i_croc_soc/i_croc/_6266_/A2 (sg13g2_a21o_1)
     1    0.01    0.04    0.12   10.15 ^ i_croc_soc/i_croc/_6266_/X (sg13g2_a21o_1)
                                         i_croc_soc/i_croc/_2251_ (net)
                  0.04    0.00   10.15 ^ i_croc_soc/i_croc/_6267_/B (sg13g2_nor2_2)
     4    0.02    0.06    0.06   10.21 v i_croc_soc/i_croc/_6267_/Y (sg13g2_nor2_2)
                                         i_croc_soc/i_croc/core_data_obi_rsp_3_ (net)
                  0.06    0.00   10.22 v i_croc_soc/i_croc/i_core_wrap/_6506_/A1 (sg13g2_o21ai_1)
     1    0.00    0.08    0.10   10.32 ^ i_croc_soc/i_croc/i_core_wrap/_6506_/Y (sg13g2_o21ai_1)
                                         i_croc_soc/i_croc/i_core_wrap/_1977_ (net)
                  0.08    0.00   10.32 ^ i_croc_soc/i_croc/i_core_wrap/_6507_/B_N (sg13g2_nor2b_2)
     3    0.02    0.11    0.17   10.49 ^ i_croc_soc/i_croc/i_core_wrap/_6507_/Y (sg13g2_nor2b_2)
                                         i_croc_soc/i_croc/i_core_wrap/_1978_ (net)
                  0.11    0.00   10.49 ^ i_croc_soc/i_croc/i_core_wrap/_6508_/B1 (sg13g2_a21oi_2)
     2    0.03    0.11    0.09   10.58 v i_croc_soc/i_croc/i_core_wrap/_6508_/Y (sg13g2_a21oi_2)
                                         i_croc_soc/i_croc/i_core_wrap/_1979_ (net)
                  0.11    0.00   10.59 v i_croc_soc/i_croc/i_core_wrap/_8627_/A2 (sg13g2_a21oi_2)
     1    0.01    0.05    0.09   10.68 ^ i_croc_soc/i_croc/i_core_wrap/_8627_/Y (sg13g2_a21oi_2)
                                         i_croc_soc/i_croc/i_core_wrap/_3635_ (net)
                  0.05    0.00   10.68 ^ i_croc_soc/i_croc/i_core_wrap/_8628_/B1 (sg13g2_o21ai_1)
     1    0.01    0.06    0.07   10.75 v i_croc_soc/i_croc/i_core_wrap/_8628_/Y (sg13g2_o21ai_1)
                                         i_croc_soc/i_croc/i_core_wrap/_3636_ (net)
                  0.06    0.00   10.75 v i_croc_soc/i_croc/i_core_wrap/_8629_/D (sg13g2_nor4_2)
     7    0.04    0.36    0.29   11.05 ^ i_croc_soc/i_croc/i_core_wrap/_8629_/Y (sg13g2_nor4_2)
                                         i_croc_soc/i_croc/i_core_wrap/i_ibex.perf_instr_ret_wb (net)
                  0.36    0.01   11.05 ^ i_croc_soc/i_croc/i_core_wrap/i_ibex.cs_registers_i/_5437_/C (sg13g2_nand4_1)
     6    0.03    0.38    0.43   11.48 v i_croc_soc/i_croc/i_core_wrap/i_ibex.cs_registers_i/_5437_/Y (sg13g2_nand4_1)
                                         i_croc_soc/i_croc/i_core_wrap/i_ibex.cs_registers_i/_2298_ (net)
                  0.38    0.00   11.49 v i_croc_soc/i_croc/i_core_wrap/i_ibex.cs_registers_i/_5546_/A (sg13g2_nor3_2)
     2    0.02    0.17    0.22   11.71 ^ i_croc_soc/i_croc/i_core_wrap/i_ibex.cs_registers_i/_5546_/Y (sg13g2_nor3_2)
                                         i_croc_soc/i_croc/i_core_wrap/i_ibex.cs_registers_i/_2390_ (net)
                  0.17    0.00   11.71 ^ i_croc_soc/i_croc/i_core_wrap/i_ibex.cs_registers_i/_5576_/B (sg13g2_nand3_1)
     5    0.03    0.25    0.28   11.99 v i_croc_soc/i_croc/i_core_wrap/i_ibex.cs_registers_i/_5576_/Y (sg13g2_nand3_1)
                                         i_croc_soc/i_croc/i_core_wrap/i_ibex.cs_registers_i/_2415_ (net)
                  0.25    0.00   11.99 v i_croc_soc/i_croc/i_core_wrap/i_ibex.cs_registers_i/_5760_/A (sg13g2_nor4_2)
     4    0.02    0.21    0.26   12.25 ^ i_croc_soc/i_croc/i_core_wrap/i_ibex.cs_registers_i/_5760_/Y (sg13g2_nor4_2)
                                         i_croc_soc/i_croc/i_core_wrap/i_ibex.cs_registers_i/_2568_ (net)
                  0.21    0.00   12.25 ^ i_croc_soc/i_croc/i_core_wrap/i_ibex.cs_registers_i/_5778_/D (sg13g2_nand4_1)
     4    0.02    0.22    0.27   12.52 v i_croc_soc/i_croc/i_core_wrap/i_ibex.cs_registers_i/_5778_/Y (sg13g2_nand4_1)
                                         i_croc_soc/i_croc/i_core_wrap/i_ibex.cs_registers_i/_2583_ (net)
                  0.22    0.00   12.52 v i_croc_soc/i_croc/i_core_wrap/i_ibex.cs_registers_i/_5789_/A (sg13g2_nor2b_1)
     2    0.01    0.14    0.16   12.68 ^ i_croc_soc/i_croc/i_core_wrap/i_ibex.cs_registers_i/_5789_/Y (sg13g2_nor2b_1)
                                         i_croc_soc/i_croc/i_core_wrap/i_ibex.cs_registers_i/_2592_ (net)
                  0.14    0.00   12.68 ^ i_croc_soc/i_croc/i_core_wrap/i_ibex.cs_registers_i/_5795_/B (sg13g2_and2_2)
     3    0.01    0.05    0.16   12.84 ^ i_croc_soc/i_croc/i_core_wrap/i_ibex.cs_registers_i/_5795_/X (sg13g2_and2_2)
                                         i_croc_soc/i_croc/i_core_wrap/i_ibex.cs_registers_i/_2597_ (net)
                  0.05    0.00   12.84 ^ i_croc_soc/i_croc/i_core_wrap/i_ibex.cs_registers_i/_5805_/D (sg13g2_nand4_1)
     2    0.01    0.13    0.15   12.99 v i_croc_soc/i_croc/i_core_wrap/i_ibex.cs_registers_i/_5805_/Y (sg13g2_nand4_1)
                                         i_croc_soc/i_croc/i_core_wrap/i_ibex.cs_registers_i/_2605_ (net)
                  0.13    0.00   12.99 v i_croc_soc/i_croc/i_core_wrap/i_ibex.cs_registers_i/_5807_/A2 (sg13g2_o21ai_1)
     1    0.00    0.08    0.11   13.11 ^ i_croc_soc/i_croc/i_core_wrap/i_ibex.cs_registers_i/_5807_/Y (sg13g2_o21ai_1)
                                         i_croc_soc/i_croc/i_core_wrap/i_ibex.cs_registers_i/_2607_ (net)
                  0.08    0.00   13.11 ^ i_croc_soc/i_croc/i_core_wrap/i_ibex.cs_registers_i/_5809_/A_N (sg13g2_nand2b_1)
     1    0.00    0.04    0.09   13.19 ^ i_croc_soc/i_croc/i_core_wrap/i_ibex.cs_registers_i/_5809_/Y (sg13g2_nand2b_1)
                                         i_croc_soc/i_croc/i_core_wrap/i_ibex.cs_registers_i/_0374_ (net)
                  0.04    0.00   13.19 ^ i_croc_soc/i_croc/i_core_wrap/i_ibex.cs_registers_i/mhpmcounter_1919__reg/D (sg13g2_dfrbp_1)
                                 13.19   data arrival time

                         12.50   12.50   clock clk_sys (rise edge)
                          0.00   12.50   clock source latency
     1    0.20    0.34    0.03   12.53 ^ clk_i (in)
                                         clk_i (net)
                  0.34    0.00   12.53 ^ pad_clk_i/pad (sg13g2_IOPadIn)
     6    0.09    0.18    0.12   12.65 ^ pad_clk_i/p2c (sg13g2_IOPadIn)
                                         soc_clk_i (net)
                  0.14    0.03   12.68 ^ clkbuf_0_soc_clk_i/A (sg13g2_buf_8)
     4    0.15    0.09    0.16   12.83 ^ clkbuf_0_soc_clk_i/X (sg13g2_buf_8)
                                         clknet_0_soc_clk_i (net)
                  0.10    0.02   12.85 ^ clkbuf_2_3_0_soc_clk_i/A (sg13g2_buf_16)
     4    0.13    0.04    0.11   12.96 ^ clkbuf_2_3_0_soc_clk_i/X (sg13g2_buf_16)
                                         clknet_2_3_0_soc_clk_i (net)
                  0.06    0.02   12.98 ^ clkbuf_4_14_0_soc_clk_i/A (sg13g2_buf_16)
     8    0.13    0.05    0.09   13.07 ^ clkbuf_4_14_0_soc_clk_i/X (sg13g2_buf_16)
                                         clknet_4_14_0_soc_clk_i (net)
                  0.06    0.02   13.09 ^ clkbuf_7_117__f_soc_clk_i/A (sg13g2_buf_8)
     7    0.15    0.09    0.13   13.22 ^ clkbuf_7_117__f_soc_clk_i/X (sg13g2_buf_8)
                                         clknet_7_117__leaf_soc_clk_i (net)
                  0.09    0.01   13.23 ^ clkbuf_leaf_494_soc_clk_i/A (sg13g2_buf_16)
     4    0.03    0.02    0.10   13.32 ^ clkbuf_leaf_494_soc_clk_i/X (sg13g2_buf_16)
                                         clknet_leaf_494_soc_clk_i (net)
                  0.02    0.00   13.32 ^ i_croc_soc/i_croc/i_core_wrap/i_ibex.cs_registers_i/mhpmcounter_1919__reg/CLK (sg13g2_dfrbp_1)
                         -0.10   13.22   clock uncertainty
                          0.01   13.23   clock reconvergence pessimism
                         -0.11   13.12   library setup time
                                 13.12   data required time
-----------------------------------------------------------------------------
                                 13.12   data required time
                                -13.19   data arrival time
-----------------------------------------------------------------------------
                                 -0.07   slack (VIOLATED)



==========================================================================
06_croc.drt report_check_types -max_slew -max_cap -max_fanout -violators
--------------------------------------------------------------------------

==========================================================================
06_croc.drt max_slew_check_slack
--------------------------------------------------------------------------
-2.4305672645568848

==========================================================================
06_croc.drt max_slew_check_limit
--------------------------------------------------------------------------
1.2000000476837158

==========================================================================
06_croc.drt max_slew_check_slack_limit
--------------------------------------------------------------------------
-2.0255

==========================================================================
06_croc.drt max_fanout_check_slack
--------------------------------------------------------------------------
-95.0

==========================================================================
06_croc.drt max_fanout_check_limit
--------------------------------------------------------------------------
8.0

==========================================================================
06_croc.drt max_fanout_check_slack_limit
--------------------------------------------------------------------------
-11.8750

==========================================================================
06_croc.drt max_capacitance_check_slack
--------------------------------------------------------------------------
-11.160959243774414

==========================================================================
06_croc.drt max_capacitance_check_limit
--------------------------------------------------------------------------
4.21304988861084

==========================================================================
06_croc.drt max_capacitance_check_slack_limit
--------------------------------------------------------------------------
-2.6491

==========================================================================
06_croc.drt max_slew_violation_count
--------------------------------------------------------------------------
max slew violation count 71

==========================================================================
06_croc.drt max_fanout_violation_count
--------------------------------------------------------------------------
max fanout violation count 288

==========================================================================
06_croc.drt max_cap_violation_count
--------------------------------------------------------------------------
max cap violation count 71

==========================================================================
06_croc.drt setup_violation_count
--------------------------------------------------------------------------
setup violation count 2

==========================================================================
06_croc.drt hold_violation_count
--------------------------------------------------------------------------
hold violation count 0

==========================================================================
06_croc.drt critical path delay
--------------------------------------------------------------------------
15.0155

==========================================================================
06_croc.drt critical path slack
--------------------------------------------------------------------------
-0.1155

==========================================================================
06_croc.drt slack div critical path delay
--------------------------------------------------------------------------
-0.769205

==========================================================================
06_croc.drt report_power tt
--------------------------------------------------------------------------
Group                  Internal  Switching    Leakage      Total
                          Power      Power      Power      Power (Watts)
----------------------------------------------------------------
Sequential             2.65e-02   6.25e-04   2.76e-06   2.71e-02  45.0%
Combinational          6.67e-03   6.36e-03   5.81e-06   1.30e-02  21.7%
Clock                  1.29e-02   5.74e-03   1.59e-06   1.87e-02  31.0%
Macro                  0.00e+00   0.00e+00   0.00e+00   0.00e+00   0.0%
Pad                    1.12e-04   1.26e-03   1.08e-07   1.37e-03   2.3%
----------------------------------------------------------------
Total                  4.62e-02   1.40e-02   1.03e-05   6.02e-02 100.0%
                          76.7%      23.2%       0.0%

==========================================================================
06_croc.drt report_design_area
--------------------------------------------------------------------------

==========================================================================
06_croc.drt area by hierarchy
--------------------------------------------------------------------------

--------------------------------------------------------------------------------
Design Area Summary
--------------------------------------------------------------------------------
Die Area:              3980025.0 um2
Core Area:             2442871.872 um2
Total Area:            2527366.3584 um2
Total Active Area:     906966.3584 um2

Core Utilization:      0.3712705397264487
Std Cell Utilization:  0.3193449322636064

--------------------------------------------------------------------------------
Hierarchical Area Report
--------------------------------------------------------------------------------
                                                                                Global Area (um^2)                                                              Global Instances                                                                Local Area (um^2)                                                               Local Instances
                                                                                ------------------------------------------------------------------------------- ------------------------------------------------------------------------------- ------------------------------------------------------------------------------- ----------------------------------------------------------------------------
Hierarchy Name                                                                  Total           StdCell         Macro           Cover           Pad             Total           StdCell         Macro           Cover           Pad             Total           StdCell         Macro           Cover           Pad             Total           StdCell         Macro           Cover           Pad             
-----------------------------------------------------------------------------------------------------------------------------------------------------------------------------------------------------------------------------------------------------------------------------------------------------------------------------------------------------------------------------------------------------------
<top>                                                                           2527366.358     720605.290      186361.069      313600.000      1306800.000     42053           41791           2               64              196             1754888.771     134488.771      0.000           313600.000      1306800.000     10402           10142           0               64              196             
  i_croc_soc                                                                    772477.587      586116.518      186361.069      0.000           0.000           31651           31649           2               0               0               195.955         195.955         0.000           0.000           0.000           5               5               0               0               0               
    i_croc                                                                      745798.650      559437.581      186361.069      0.000           0.000           30460           30458           2               0               0               48890.822       48890.822       0.000           0.000           0.000           4271            4271            0               0               0               
      gen_sram_bank\[0\].i_sram                                                 95022.150       1841.616        93180.534       0.000           0.000           186             185             1               0               0               95022.150       1841.616        93180.534       0.000           0.000           186             185             1               0               0               
      gen_sram_bank\[1\].i_sram                                                 95016.707       1836.173        93180.534       0.000           0.000           186             185             1               0               0               95016.707       1836.173        93180.534       0.000           0.000           186             185             1               0               0               
      i_core_wrap                                                               212943.427      212943.427      0.000           0.000           0.000           11563           11563           0               0               0               67472.093       67472.093       0.000           0.000           0.000           4728            4728            0               0               0               
        i_ibex.cs_registers_i                                                   53931.226       53931.226       0.000           0.000           0.000           3160            3160            0               0               0               53931.226       53931.226       0.000           0.000           0.000           3160            3160            0               0               0               
        i_ibex.register_file_i                                                  91540.109       91540.109       0.000           0.000           0.000           3675            3675            0               0               0               91540.109       91540.109       0.000           0.000           0.000           3675            3675            0               0               0               
      i_dm_top.i_dm_top                                                         72458.064       72458.064       0.000           0.000           0.000           4635            4635            0               0               0               72458.064       72458.064       0.000           0.000           0.000           4635            4635            0               0               0               
      i_dmi_jtag                                                                40481.078       40481.078       0.000           0.000           0.000           2239            2239            0               0               0               16806.787       16806.787       0.000           0.000           0.000           1044            1044            0               0               0               
        i_dmi_cdc.i_cdc_req                                                     12526.618       12526.618       0.000           0.000           0.000           626             626             0               0               0               246.758         246.758         0.000           0.000           0.000           8               8               0               0               0               
          i_cdc_reset_ctrlr                                                     4069.699        4069.699        0.000           0.000           0.000           263             263             0               0               0               0.000           0.000           0.000           0.000           0.000           0               0               0               0               0               
            i_cdc_reset_ctrlr_half_a                                            2004.912        2004.912        0.000           0.000           0.000           127             127             0               0               0               1016.064        1016.064        0.000           0.000           0.000           79              79              0               0               0               
              i_state_transition_cdc_dst                                        373.766         373.766         0.000           0.000           0.000           19              19              0               0               0               279.418         279.418         0.000           0.000           0.000           17              17              0               0               0               
                i_sync                                                          94.349          94.349          0.000           0.000           0.000           2               2               0               0               0               94.349          94.349          0.000           0.000           0.000           2               2               0               0               0               
              i_state_transition_cdc_src                                        615.082         615.082         0.000           0.000           0.000           29              29              0               0               0               513.475         513.475         0.000           0.000           0.000           27              27              0               0               0               
                i_sync                                                          101.606         101.606         0.000           0.000           0.000           2               2               0               0               0               101.606         101.606         0.000           0.000           0.000           2               2               0               0               0               
            i_cdc_reset_ctrlr_half_b                                            2064.787        2064.787        0.000           0.000           0.000           136             136             0               0               0               1075.939        1075.939        0.000           0.000           0.000           88              88              0               0               0               
              i_state_transition_cdc_dst                                        373.766         373.766         0.000           0.000           0.000           19              19              0               0               0               279.418         279.418         0.000           0.000           0.000           17              17              0               0               0               
                i_sync                                                          94.349          94.349          0.000           0.000           0.000           2               2               0               0               0               94.349          94.349          0.000           0.000           0.000           2               2               0               0               0               
              i_state_transition_cdc_src                                        615.082         615.082         0.000           0.000           0.000           29              29              0               0               0               513.475         513.475         0.000           0.000           0.000           27              27              0               0               0               
                i_sync                                                          101.606         101.606         0.000           0.000           0.000           2               2               0               0               0               101.606         101.606         0.000           0.000           0.000           2               2               0               0               0               
          i_dst                                                                 4122.317        4122.317        0.000           0.000           0.000           178             178             0               0               0               3980.794        3980.794        0.000           0.000           0.000           175             175             0               0               0               
            i_sync                                                              141.523         141.523         0.000           0.000           0.000           3               3               0               0               0               141.523         141.523         0.000           0.000           0.000           3               3               0               0               0               
          i_src                                                                 4087.843        4087.843        0.000           0.000           0.000           177             177             0               0               0               3946.320        3946.320        0.000           0.000           0.000           174             174             0               0               0               
            i_sync                                                              141.523         141.523         0.000           0.000           0.000           3               3               0               0               0               141.523         141.523         0.000           0.000           0.000           3               3               0               0               0               
        i_dmi_cdc.i_cdc_resp                                                    11116.829       11116.829       0.000           0.000           0.000           566             566             0               0               0               246.758         246.758         0.000           0.000           0.000           9               9               0               0               0               
          i_cdc_reset_ctrlr                                                     4060.627        4060.627        0.000           0.000           0.000           258             258             0               0               0               0.000           0.000           0.000           0.000           0.000           0               0               0               0               0               
            i_cdc_reset_ctrlr_half_a                                            2061.158        2061.158        0.000           0.000           0.000           134             134             0               0               0               1072.310        1072.310        0.000           0.000           0.000           86              86              0               0               0               
              i_state_transition_cdc_dst                                        373.766         373.766         0.000           0.000           0.000           19              19              0               0               0               279.418         279.418         0.000           0.000           0.000           17              17              0               0               0               
                i_sync                                                          94.349          94.349          0.000           0.000           0.000           2               2               0               0               0               94.349          94.349          0.000           0.000           0.000           2               2               0               0               0               
              i_state_transition_cdc_src                                        615.082         615.082         0.000           0.000           0.000           29              29              0               0               0               513.475         513.475         0.000           0.000           0.000           27              27              0               0               0               
                i_sync                                                          101.606         101.606         0.000           0.000           0.000           2               2               0               0               0               101.606         101.606         0.000           0.000           0.000           2               2               0               0               0               
            i_cdc_reset_ctrlr_half_b                                            1999.469        1999.469        0.000           0.000           0.000           124             124             0               0               0               1010.621        1010.621        0.000           0.000           0.000           76              76              0               0               0               
              i_state_transition_cdc_dst                                        373.766         373.766         0.000           0.000           0.000           19              19              0               0               0               279.418         279.418         0.000           0.000           0.000           17              17              0               0               0               
                i_sync                                                          94.349          94.349          0.000           0.000           0.000           2               2               0               0               0               94.349          94.349          0.000           0.000           0.000           2               2               0               0               0               
              i_state_transition_cdc_src                                        615.082         615.082         0.000           0.000           0.000           29              29              0               0               0               513.475         513.475         0.000           0.000           0.000           27              27              0               0               0               
                i_sync                                                          101.606         101.606         0.000           0.000           0.000           2               2               0               0               0               101.606         101.606         0.000           0.000           0.000           2               2               0               0               0               
          i_dst                                                                 3450.989        3450.989        0.000           0.000           0.000           150             150             0               0               0               3309.466        3309.466        0.000           0.000           0.000           147             147             0               0               0               
            i_sync                                                              141.523         141.523         0.000           0.000           0.000           3               3               0               0               0               141.523         141.523         0.000           0.000           0.000           3               3               0               0               0               
          i_src                                                                 3358.454        3358.454        0.000           0.000           0.000           149             149             0               0               0               3216.931        3216.931        0.000           0.000           0.000           146             146             0               0               0               
            i_sync                                                              141.523         141.523         0.000           0.000           0.000           3               3               0               0               0               141.523         141.523         0.000           0.000           0.000           3               3               0               0               0               
        i_dmi_jtag_tap.i_dft_tck_mux                                            25.402          25.402          0.000           0.000           0.000           2               2               0               0               0               25.402          25.402          0.000           0.000           0.000           2               2               0               0               0               
        i_dmi_jtag_tap.i_tck_inv                                                5.443           5.443           0.000           0.000           0.000           1               1               0               0               0               5.443           5.443           0.000           0.000           0.000           1               1               0               0               0               
      i_gpio                                                                    26838.605       26838.605       0.000           0.000           0.000           1253            1253            0               0               0               23667.034       23667.034       0.000           0.000           0.000           1189            1189            0               0               0               
        gen_gpios\[0\].i_sync                                                   94.349          94.349          0.000           0.000           0.000           2               2               0               0               0               94.349          94.349          0.000           0.000           0.000           2               2               0               0               0               
        gen_gpios\[10\].i_sync                                                  94.349          94.349          0.000           0.000           0.000           2               2               0               0               0               94.349          94.349          0.000           0.000           0.000           2               2               0               0               0               
        gen_gpios\[11\].i_sync                                                  94.349          94.349          0.000           0.000           0.000           2               2               0               0               0               94.349          94.349          0.000           0.000           0.000           2               2               0               0               0               
        gen_gpios\[12\].i_sync                                                  94.349          94.349          0.000           0.000           0.000           2               2               0               0               0               94.349          94.349          0.000           0.000           0.000           2               2               0               0               0               
        gen_gpios\[13\].i_sync                                                  94.349          94.349          0.000           0.000           0.000           2               2               0               0               0               94.349          94.349          0.000           0.000           0.000           2               2               0               0               0               
        gen_gpios\[14\].i_sync                                                  94.349          94.349          0.000           0.000           0.000           2               2               0               0               0               94.349          94.349          0.000           0.000           0.000           2               2               0               0               0               
        gen_gpios\[15\].i_sync                                                  101.606         101.606         0.000           0.000           0.000           2               2               0               0               0               101.606         101.606         0.000           0.000           0.000           2               2               0               0               0               
        gen_gpios\[16\].i_sync                                                  101.606         101.606         0.000           0.000           0.000           2               2               0               0               0               101.606         101.606         0.000           0.000           0.000           2               2               0               0               0               
        gen_gpios\[17\].i_sync                                                  101.606         101.606         0.000           0.000           0.000           2               2               0               0               0               101.606         101.606         0.000           0.000           0.000           2               2               0               0               0               
        gen_gpios\[18\].i_sync                                                  101.606         101.606         0.000           0.000           0.000           2               2               0               0               0               101.606         101.606         0.000           0.000           0.000           2               2               0               0               0               
        gen_gpios\[19\].i_sync                                                  94.349          94.349          0.000           0.000           0.000           2               2               0               0               0               94.349          94.349          0.000           0.000           0.000           2               2               0               0               0               
        gen_gpios\[1\].i_sync                                                   101.606         101.606         0.000           0.000           0.000           2               2               0               0               0               101.606         101.606         0.000           0.000           0.000           2               2               0               0               0               
        gen_gpios\[20\].i_sync                                                  94.349          94.349          0.000           0.000           0.000           2               2               0               0               0               94.349          94.349          0.000           0.000           0.000           2               2               0               0               0               
        gen_gpios\[21\].i_sync                                                  101.606         101.606         0.000           0.000           0.000           2               2               0               0               0               101.606         101.606         0.000           0.000           0.000           2               2               0               0               0               
        gen_gpios\[22\].i_sync                                                  101.606         101.606         0.000           0.000           0.000           2               2               0               0               0               101.606         101.606         0.000           0.000           0.000           2               2               0               0               0               
        gen_gpios\[23\].i_sync                                                  94.349          94.349          0.000           0.000           0.000           2               2               0               0               0               94.349          94.349          0.000           0.000           0.000           2               2               0               0               0               
        gen_gpios\[24\].i_sync                                                  101.606         101.606         0.000           0.000           0.000           2               2               0               0               0               101.606         101.606         0.000           0.000           0.000           2               2               0               0               0               
        gen_gpios\[25\].i_sync                                                  101.606         101.606         0.000           0.000           0.000           2               2               0               0               0               101.606         101.606         0.000           0.000           0.000           2               2               0               0               0               
        gen_gpios\[26\].i_sync                                                  101.606         101.606         0.000           0.000           0.000           2               2               0               0               0               101.606         101.606         0.000           0.000           0.000           2               2               0               0               0               
        gen_gpios\[27\].i_sync                                                  101.606         101.606         0.000           0.000           0.000           2               2               0               0               0               101.606         101.606         0.000           0.000           0.000           2               2               0               0               0               
        gen_gpios\[28\].i_sync                                                  101.606         101.606         0.000           0.000           0.000           2               2               0               0               0               101.606         101.606         0.000           0.000           0.000           2               2               0               0               0               
        gen_gpios\[29\].i_sync                                                  101.606         101.606         0.000           0.000           0.000           2               2               0               0               0               101.606         101.606         0.000           0.000           0.000           2               2               0               0               0               
        gen_gpios\[2\].i_sync                                                   101.606         101.606         0.000           0.000           0.000           2               2               0               0               0               101.606         101.606         0.000           0.000           0.000           2               2               0               0               0               
        gen_gpios\[30\].i_sync                                                  101.606         101.606         0.000           0.000           0.000           2               2               0               0               0               101.606         101.606         0.000           0.000           0.000           2               2               0               0               0               
        gen_gpios\[31\].i_sync                                                  101.606         101.606         0.000           0.000           0.000           2               2               0               0               0               101.606         101.606         0.000           0.000           0.000           2               2               0               0               0               
        gen_gpios\[3\].i_sync                                                   101.606         101.606         0.000           0.000           0.000           2               2               0               0               0               101.606         101.606         0.000           0.000           0.000           2               2               0               0               0               
        gen_gpios\[4\].i_sync                                                   101.606         101.606         0.000           0.000           0.000           2               2               0               0               0               101.606         101.606         0.000           0.000           0.000           2               2               0               0               0               
        gen_gpios\[5\].i_sync                                                   101.606         101.606         0.000           0.000           0.000           2               2               0               0               0               101.606         101.606         0.000           0.000           0.000           2               2               0               0               0               
        gen_gpios\[6\].i_sync                                                   101.606         101.606         0.000           0.000           0.000           2               2               0               0               0               101.606         101.606         0.000           0.000           0.000           2               2               0               0               0               
        gen_gpios\[7\].i_sync                                                   101.606         101.606         0.000           0.000           0.000           2               2               0               0               0               101.606         101.606         0.000           0.000           0.000           2               2               0               0               0               
        gen_gpios\[8\].i_sync                                                   94.349          94.349          0.000           0.000           0.000           2               2               0               0               0               94.349          94.349          0.000           0.000           0.000           2               2               0               0               0               
        gen_gpios\[9\].i_sync                                                   94.349          94.349          0.000           0.000           0.000           2               2               0               0               0               94.349          94.349          0.000           0.000           0.000           2               2               0               0               0               
      i_soc_ctrl                                                                5642.784        5642.784        0.000           0.000           0.000           250             250             0               0               0               5642.784        5642.784        0.000           0.000           0.000           250             250             0               0               0               
      i_timer                                                                   27950.832       27950.832       0.000           0.000           0.000           1592            1592            0               0               0               27950.832       27950.832       0.000           0.000           0.000           1592            1592            0               0               0               
      i_uart                                                                    120554.179      120554.179      0.000           0.000           0.000           4285            4285            0               0               0               120554.179      120554.179      0.000           0.000           0.000           4285            4285            0               0               0               
    i_ext_intr_sync                                                             101.606         101.606         0.000           0.000           0.000           2               2               0               0               0               101.606         101.606         0.000           0.000           0.000           2               2               0               0               0               
    i_rstgen.i_rstgen_bypass.i_tc_clk_mux2_init_no                              32.659          32.659          0.000           0.000           0.000           3               3               0               0               0               32.659          32.659          0.000           0.000           0.000           3               3               0               0               0               
    i_rstgen.i_rstgen_bypass.i_tc_clk_mux2_rst_n                                27.216          27.216          0.000           0.000           0.000           2               2               0               0               0               27.216          27.216          0.000           0.000           0.000           2               2               0               0               0               
    i_rstgen.i_rstgen_bypass.i_tc_clk_mux2_rst_no                               25.402          25.402          0.000           0.000           0.000           2               2               0               0               0               25.402          25.402          0.000           0.000           0.000           2               2               0               0               0               
    i_user                                                                      26296.099       26296.099       0.000           0.000           0.000           1177            1177            0               0               0               26296.099       26296.099       0.000           0.000           0.000           1177            1177            0               0               0               
