
==========================================================================
07_croc_after_parasitics.final check_setup
--------------------------------------------------------------------------
0

==========================================================================
07_croc_after_parasitics.final report_tns
--------------------------------------------------------------------------
tns -1712.02

==========================================================================
07_croc_after_parasitics.final report_wns
--------------------------------------------------------------------------
wns -2.32

==========================================================================
07_croc_after_parasitics.final report_worst_slack
--------------------------------------------------------------------------
worst slack -2.32

==========================================================================
07_croc_after_parasitics.final report_checks -path_delay min
--------------------------------------------------------------------------
Startpoint: i_croc_soc/i_rstgen.i_rstgen_bypass.synch_regs_q_3__reg
            (rising edge-triggered flip-flop clocked by clk_sys)
Endpoint: i_croc_soc/i_croc/i_uart/i_apb_uart.UART_TXFF.iFIFOMem_133__reg
          (removal check against rising-edge clock clk_sys)
Path Group: asynchronous
Path Type: min
Corner: ff

Fanout     Cap    Slew   Delay    Time   Description
-----------------------------------------------------------------------------
                          0.00    0.00   clock clk_sys (rise edge)
                          0.00    0.00   clock source latency
     1    0.20    0.25    0.02    0.02 ^ clk_i (in)
                                         clk_i (net)
                  0.25    0.00    0.02 ^ pad_clk_i/pad (sg13g2_IOPadIn)
     6    0.09    0.12    0.08    0.10 ^ pad_clk_i/p2c (sg13g2_IOPadIn)
                                         soc_clk_i (net)
                  0.10    0.02    0.12 ^ clkbuf_0_soc_clk_i/A (sg13g2_buf_8)
     4    0.20    0.07    0.10    0.23 ^ clkbuf_0_soc_clk_i/X (sg13g2_buf_8)
                                         clknet_0_soc_clk_i (net)
                  0.09    0.03    0.25 ^ clkbuf_2_0_0_soc_clk_i/A (sg13g2_buf_16)
     4    0.14    0.03    0.08    0.33 ^ clkbuf_2_0_0_soc_clk_i/X (sg13g2_buf_16)
                                         clknet_2_0_0_soc_clk_i (net)
                  0.04    0.01    0.35 ^ clkbuf_4_1_0_soc_clk_i/A (sg13g2_buf_16)
     8    0.16    0.03    0.06    0.41 ^ clkbuf_4_1_0_soc_clk_i/X (sg13g2_buf_16)
                                         clknet_4_1_0_soc_clk_i (net)
                  0.05    0.02    0.42 ^ clkbuf_7_10__f_soc_clk_i/A (sg13g2_buf_8)
     7    0.15    0.06    0.08    0.50 ^ clkbuf_7_10__f_soc_clk_i/X (sg13g2_buf_8)
                                         clknet_7_10__leaf_soc_clk_i (net)
                  0.07    0.01    0.52 ^ clkbuf_leaf_175_soc_clk_i/A (sg13g2_buf_16)
     6    0.03    0.02    0.06    0.58 ^ clkbuf_leaf_175_soc_clk_i/X (sg13g2_buf_16)
                                         clknet_leaf_175_soc_clk_i (net)
                  0.02    0.00    0.58 ^ i_croc_soc/i_rstgen.i_rstgen_bypass.synch_regs_q_3__reg/CLK (sg13g2_dfrbp_1)
     2    0.01    0.03    0.14    0.73 ^ i_croc_soc/i_rstgen.i_rstgen_bypass.synch_regs_q_3__reg/Q (sg13g2_dfrbp_1)
                                         i_croc_soc/i_rstgen.i_rstgen_bypass.synch_regs_q_3_ (net)
                  0.03    0.00    0.73 ^ i_croc_soc/i_rstgen.i_rstgen_bypass.i_tc_clk_mux2_rst_no/i_mux/A0 (sg13g2_mux2_1)
     1    0.01    0.04    0.07    0.80 ^ i_croc_soc/i_rstgen.i_rstgen_bypass.i_tc_clk_mux2_rst_no/i_mux/X (sg13g2_mux2_1)
                                         i_croc_soc/i_rstgen.i_rstgen_bypass.rst_no (net)
                  0.04    0.00    0.80 ^ fanout5341/A (sg13g2_buf_8)
    21    0.36    0.06    0.08    0.88 ^ fanout5341/X (sg13g2_buf_8)
                                         net5341 (net)
                  0.11    0.03    0.92 ^ fanout4608/A (sg13g2_buf_8)
     5    0.08    0.04    0.09    1.01 ^ fanout4608/X (sg13g2_buf_8)
                                         net4608 (net)
                  0.04    0.00    1.01 ^ fanout4566/A (sg13g2_buf_4)
     8    0.09    0.07    0.09    1.10 ^ fanout4566/X (sg13g2_buf_4)
                                         net4566 (net)
                  0.07    0.00    1.11 ^ i_croc_soc/i_croc/i_uart/i_apb_uart.UART_TXFF.iFIFOMem_133__reg/RESET_B (sg13g2_dfrbp_1)
                                  1.11   data arrival time

                          0.00    0.00   clock clk_sys (rise edge)
                          0.00    0.00   clock source latency
     1    0.24    0.26    0.03    0.03 ^ clk_i (in)
                                         clk_i (net)
                  0.26    0.00    0.03 ^ pad_clk_i/pad (sg13g2_IOPadIn)
     6    0.09    0.12    0.08    0.10 ^ pad_clk_i/p2c (sg13g2_IOPadIn)
                                         soc_clk_i (net)
                  0.10    0.02    0.13 ^ clkbuf_0_soc_clk_i/A (sg13g2_buf_8)
     4    0.20    0.07    0.10    0.23 ^ clkbuf_0_soc_clk_i/X (sg13g2_buf_8)
                                         clknet_0_soc_clk_i (net)
                  0.09    0.03    0.26 ^ clkbuf_2_0_0_soc_clk_i/A (sg13g2_buf_16)
     4    0.14    0.03    0.08    0.34 ^ clkbuf_2_0_0_soc_clk_i/X (sg13g2_buf_16)
                                         clknet_2_0_0_soc_clk_i (net)
                  0.05    0.02    0.35 ^ clkbuf_4_0_0_soc_clk_i/A (sg13g2_buf_16)
     8    0.17    0.04    0.07    0.42 ^ clkbuf_4_0_0_soc_clk_i/X (sg13g2_buf_16)
                                         clknet_4_0_0_soc_clk_i (net)
                  0.05    0.01    0.43 ^ clkbuf_7_7__f_soc_clk_i/A (sg13g2_buf_8)
     7    0.16    0.06    0.08    0.51 ^ clkbuf_7_7__f_soc_clk_i/X (sg13g2_buf_8)
                                         clknet_7_7__leaf_soc_clk_i (net)
                  0.07    0.02    0.53 ^ clkbuf_leaf_54_soc_clk_i/A (sg13g2_buf_16)
     8    0.04    0.02    0.06    0.59 ^ clkbuf_leaf_54_soc_clk_i/X (sg13g2_buf_16)
                                         clknet_leaf_54_soc_clk_i (net)
                  0.02    0.00    0.59 ^ i_croc_soc/i_croc/i_uart/i_apb_uart.UART_TXFF.iFIFOMem_133__reg/CLK (sg13g2_dfrbp_1)
                          0.10    0.69   clock uncertainty
                          0.00    0.69   clock reconvergence pessimism
                         -0.08    0.61   library removal time
                                  0.61   data required time
-----------------------------------------------------------------------------
                                  0.61   data required time
                                 -1.11   data arrival time
-----------------------------------------------------------------------------
                                  0.49   slack (MET)


Startpoint: i_croc_soc/i_croc/i_dmi_jtag/i_dmi_jtag_tap.idcode_q_14__reg
            (rising edge-triggered flip-flop clocked by clk_jtg)
Endpoint: i_croc_soc/i_croc/i_dmi_jtag/i_dmi_jtag_tap.idcode_q_13__reg
          (rising edge-triggered flip-flop clocked by clk_jtg)
Path Group: clk_jtg
Path Type: min
Corner: ff

Fanout     Cap    Slew   Delay    Time   Description
-----------------------------------------------------------------------------
                          0.00    0.00   clock clk_jtg (rise edge)
                          0.00    0.00   clock source latency
     1    0.20    0.25    0.02    0.02 ^ jtag_tck_i (in)
                                         jtag_tck_i (net)
                  0.25    0.00    0.02 ^ pad_jtag_tck_i/pad (sg13g2_IOPadIn)
     1    0.06    0.08    0.07    0.09 ^ pad_jtag_tck_i/p2c (sg13g2_IOPadIn)
                                         soc_jtag_tck_i (net)
                  0.06    0.01    0.10 ^ clkbuf_0_soc_jtag_tck_i/A (sg13g2_buf_8)
     8    0.14    0.06    0.09    0.18 ^ clkbuf_0_soc_jtag_tck_i/X (sg13g2_buf_8)
                                         clknet_0_soc_jtag_tck_i (net)
                  0.06    0.01    0.19 ^ clkbuf_3_4__f_soc_jtag_tck_i/A (sg13g2_buf_8)
     7    0.16    0.06    0.09    0.28 ^ clkbuf_3_4__f_soc_jtag_tck_i/X (sg13g2_buf_8)
                                         clknet_3_4__leaf_soc_jtag_tck_i (net)
                  0.06    0.01    0.29 ^ clkbuf_leaf_4_soc_jtag_tck_i/A (sg13g2_buf_16)
     8    0.04    0.02    0.06    0.35 ^ clkbuf_leaf_4_soc_jtag_tck_i/X (sg13g2_buf_16)
                                         clknet_leaf_4_soc_jtag_tck_i (net)
                  0.02    0.00    0.35 ^ i_croc_soc/i_croc/i_dmi_jtag/i_dmi_jtag_tap.idcode_q_14__reg/CLK (sg13g2_dfrbp_1)
     2    0.01    0.04    0.12    0.47 v i_croc_soc/i_croc/i_dmi_jtag/i_dmi_jtag_tap.idcode_q_14__reg/Q_N (sg13g2_dfrbp_1)
                                         i_croc_soc/i_croc/i_dmi_jtag/i_dmi_jtag_tap.idcode_q_14_ (net)
                  0.04    0.00    0.47 v i_croc_soc/i_croc/i_dmi_jtag/_1754_/B2 (sg13g2_a22oi_1)
     1    0.00    0.03    0.04    0.51 ^ i_croc_soc/i_croc/i_dmi_jtag/_1754_/Y (sg13g2_a22oi_1)
                                         i_croc_soc/i_croc/i_dmi_jtag/_0230_ (net)
                  0.03    0.00    0.51 ^ i_croc_soc/i_croc/i_dmi_jtag/_1755_/B (sg13g2_nor2_1)
     1    0.00    0.01    0.02    0.53 v i_croc_soc/i_croc/i_dmi_jtag/_1755_/Y (sg13g2_nor2_1)
                                         i_croc_soc/i_croc/i_dmi_jtag/i_dmi_jtag_tap.idcode_d_13_ (net)
                  0.01    0.00    0.53 v i_croc_soc/i_croc/i_dmi_jtag/i_dmi_jtag_tap.idcode_q_13__reg/D (sg13g2_dfrbp_1)
                                  0.53   data arrival time

                          0.00    0.00   clock clk_jtg (rise edge)
                          0.00    0.00   clock source latency
     1    0.24    0.26    0.03    0.03 ^ jtag_tck_i (in)
                                         jtag_tck_i (net)
                  0.26    0.00    0.03 ^ pad_jtag_tck_i/pad (sg13g2_IOPadIn)
     1    0.06    0.08    0.07    0.09 ^ pad_jtag_tck_i/p2c (sg13g2_IOPadIn)
                                         soc_jtag_tck_i (net)
                  0.06    0.01    0.10 ^ clkbuf_0_soc_jtag_tck_i/A (sg13g2_buf_8)
     8    0.14    0.06    0.09    0.19 ^ clkbuf_0_soc_jtag_tck_i/X (sg13g2_buf_8)
                                         clknet_0_soc_jtag_tck_i (net)
                  0.06    0.01    0.19 ^ clkbuf_3_4__f_soc_jtag_tck_i/A (sg13g2_buf_8)
     7    0.16    0.06    0.09    0.28 ^ clkbuf_3_4__f_soc_jtag_tck_i/X (sg13g2_buf_8)
                                         clknet_3_4__leaf_soc_jtag_tck_i (net)
                  0.06    0.01    0.29 ^ clkbuf_leaf_5_soc_jtag_tck_i/A (sg13g2_buf_16)
     8    0.04    0.02    0.06    0.36 ^ clkbuf_leaf_5_soc_jtag_tck_i/X (sg13g2_buf_16)
                                         clknet_leaf_5_soc_jtag_tck_i (net)
                  0.02    0.00    0.36 ^ i_croc_soc/i_croc/i_dmi_jtag/i_dmi_jtag_tap.idcode_q_13__reg/CLK (sg13g2_dfrbp_1)
                          0.10    0.46   clock uncertainty
                          0.00    0.45   clock reconvergence pessimism
                         -0.02    0.43   library hold time
                                  0.43   data required time
-----------------------------------------------------------------------------
                                  0.43   data required time
                                 -0.53   data arrival time
-----------------------------------------------------------------------------
                                  0.10   slack (MET)


Startpoint: i_croc_soc/i_croc/i_gpio/i_reg_file.new_reg_253__reg
            (rising edge-triggered flip-flop clocked by clk_sys)
Endpoint: i_croc_soc/i_croc/i_gpio/i_reg_file.reg2hw_204__reg
          (rising edge-triggered flip-flop clocked by clk_sys)
Path Group: clk_sys
Path Type: min
Corner: ff

Fanout     Cap    Slew   Delay    Time   Description
-----------------------------------------------------------------------------
                          0.00    0.00   clock clk_sys (rise edge)
                          0.00    0.00   clock source latency
     1    0.20    0.25    0.02    0.02 ^ clk_i (in)
                                         clk_i (net)
                  0.25    0.00    0.02 ^ pad_clk_i/pad (sg13g2_IOPadIn)
     6    0.09    0.12    0.08    0.10 ^ pad_clk_i/p2c (sg13g2_IOPadIn)
                                         soc_clk_i (net)
                  0.10    0.02    0.12 ^ clkbuf_0_soc_clk_i/A (sg13g2_buf_8)
     4    0.20    0.07    0.10    0.23 ^ clkbuf_0_soc_clk_i/X (sg13g2_buf_8)
                                         clknet_0_soc_clk_i (net)
                  0.09    0.03    0.25 ^ clkbuf_2_3_0_soc_clk_i/A (sg13g2_buf_16)
     4    0.16    0.03    0.08    0.33 ^ clkbuf_2_3_0_soc_clk_i/X (sg13g2_buf_16)
                                         clknet_2_3_0_soc_clk_i (net)
                  0.06    0.02    0.35 ^ clkbuf_4_13_0_soc_clk_i/A (sg13g2_buf_16)
     8    0.17    0.04    0.07    0.42 ^ clkbuf_4_13_0_soc_clk_i/X (sg13g2_buf_16)
                                         clknet_4_13_0_soc_clk_i (net)
                  0.06    0.02    0.44 ^ clkbuf_7_109__f_soc_clk_i/A (sg13g2_buf_8)
     7    0.16    0.06    0.09    0.53 ^ clkbuf_7_109__f_soc_clk_i/X (sg13g2_buf_8)
                                         clknet_7_109__leaf_soc_clk_i (net)
                  0.06    0.01    0.54 ^ clkbuf_leaf_450_soc_clk_i/A (sg13g2_buf_16)
     9    0.04    0.02    0.06    0.60 ^ clkbuf_leaf_450_soc_clk_i/X (sg13g2_buf_16)
                                         clknet_leaf_450_soc_clk_i (net)
                  0.02    0.00    0.60 ^ i_croc_soc/i_croc/i_gpio/i_reg_file.new_reg_253__reg/CLK (sg13g2_dfrbp_1)
     2    0.01    0.03    0.11    0.72 v i_croc_soc/i_croc/i_gpio/i_reg_file.new_reg_253__reg/Q_N (sg13g2_dfrbp_1)
                                         i_croc_soc/i_croc/i_gpio/gen_gpios[29].is_input_$_AND__Y_B (net)
                  0.03    0.00    0.72 v i_croc_soc/i_croc/i_gpio/_1788_/B (sg13g2_nand3_1)
     1    0.00    0.02    0.03    0.75 ^ i_croc_soc/i_croc/i_gpio/_1788_/Y (sg13g2_nand3_1)
                                         i_croc_soc/i_croc/i_gpio/_0522_ (net)
                  0.02    0.00    0.75 ^ i_croc_soc/i_croc/i_gpio/_1790_/A2 (sg13g2_o21ai_1)
     1    0.00    0.02    0.03    0.78 v i_croc_soc/i_croc/i_gpio/_1790_/Y (sg13g2_o21ai_1)
                                         i_croc_soc/i_croc/i_gpio/i_reg_file.reg_d_61_ (net)
                  0.02    0.00    0.78 v i_croc_soc/i_croc/i_gpio/i_reg_file.reg2hw_204__reg/D (sg13g2_dfrbp_1)
                                  0.78   data arrival time

                          0.00    0.00   clock clk_sys (rise edge)
                          0.00    0.00   clock source latency
     1    0.24    0.26    0.03    0.03 ^ clk_i (in)
                                         clk_i (net)
                  0.26    0.00    0.03 ^ pad_clk_i/pad (sg13g2_IOPadIn)
     6    0.09    0.12    0.08    0.10 ^ pad_clk_i/p2c (sg13g2_IOPadIn)
                                         soc_clk_i (net)
                  0.10    0.02    0.13 ^ clkbuf_0_soc_clk_i/A (sg13g2_buf_8)
     4    0.20    0.07    0.10    0.23 ^ clkbuf_0_soc_clk_i/X (sg13g2_buf_8)
                                         clknet_0_soc_clk_i (net)
                  0.09    0.03    0.26 ^ clkbuf_2_3_0_soc_clk_i/A (sg13g2_buf_16)
     4    0.16    0.03    0.08    0.33 ^ clkbuf_2_3_0_soc_clk_i/X (sg13g2_buf_16)
                                         clknet_2_3_0_soc_clk_i (net)
                  0.06    0.02    0.36 ^ clkbuf_4_13_0_soc_clk_i/A (sg13g2_buf_16)
     8    0.17    0.04    0.07    0.43 ^ clkbuf_4_13_0_soc_clk_i/X (sg13g2_buf_16)
                                         clknet_4_13_0_soc_clk_i (net)
                  0.06    0.02    0.45 ^ clkbuf_7_109__f_soc_clk_i/A (sg13g2_buf_8)
     7    0.16    0.06    0.09    0.54 ^ clkbuf_7_109__f_soc_clk_i/X (sg13g2_buf_8)
                                         clknet_7_109__leaf_soc_clk_i (net)
                  0.07    0.01    0.55 ^ clkbuf_leaf_451_soc_clk_i/A (sg13g2_buf_16)
     8    0.04    0.02    0.06    0.61 ^ clkbuf_leaf_451_soc_clk_i/X (sg13g2_buf_16)
                                         clknet_leaf_451_soc_clk_i (net)
                  0.02    0.00    0.62 ^ i_croc_soc/i_croc/i_gpio/i_reg_file.reg2hw_204__reg/CLK (sg13g2_dfrbp_1)
                          0.10    0.72   clock uncertainty
                          0.00    0.71   clock reconvergence pessimism
                         -0.02    0.69   library hold time
                                  0.69   data required time
-----------------------------------------------------------------------------
                                  0.69   data required time
                                 -0.78   data arrival time
-----------------------------------------------------------------------------
                                  0.09   slack (MET)



==========================================================================
07_croc_after_parasitics.final report_checks -path_delay max
--------------------------------------------------------------------------
Startpoint: i_croc_soc/i_rstgen.i_rstgen_bypass.synch_regs_q_3__reg
            (rising edge-triggered flip-flop clocked by clk_sys)
Endpoint: i_croc_soc/i_croc/i_dm_top.i_dm_top/i_dm_csrs.progbuf_o_247__reg
          (recovery check against rising-edge clock clk_sys)
Path Group: asynchronous
Path Type: max
Corner: tt

Fanout     Cap    Slew   Delay    Time   Description
-----------------------------------------------------------------------------
                          0.00    0.00   clock clk_sys (rise edge)
                          0.00    0.00   clock source latency
     1    0.24    0.35    0.04    0.04 ^ clk_i (in)
                                         clk_i (net)
                  0.35    0.00    0.04 ^ pad_clk_i/pad (sg13g2_IOPadIn)
     6    0.09    0.18    0.13    0.16 ^ pad_clk_i/p2c (sg13g2_IOPadIn)
                                         soc_clk_i (net)
                  0.14    0.02    0.18 ^ clkbuf_0_soc_clk_i/A (sg13g2_buf_8)
     4    0.20    0.11    0.17    0.35 ^ clkbuf_0_soc_clk_i/X (sg13g2_buf_8)
                                         clknet_0_soc_clk_i (net)
                  0.13    0.03    0.38 ^ clkbuf_2_0_0_soc_clk_i/A (sg13g2_buf_16)
     4    0.14    0.05    0.12    0.51 ^ clkbuf_2_0_0_soc_clk_i/X (sg13g2_buf_16)
                                         clknet_2_0_0_soc_clk_i (net)
                  0.06    0.01    0.52 ^ clkbuf_4_1_0_soc_clk_i/A (sg13g2_buf_16)
     8    0.16    0.05    0.10    0.62 ^ clkbuf_4_1_0_soc_clk_i/X (sg13g2_buf_16)
                                         clknet_4_1_0_soc_clk_i (net)
                  0.06    0.02    0.63 ^ clkbuf_7_10__f_soc_clk_i/A (sg13g2_buf_8)
     7    0.15    0.09    0.13    0.76 ^ clkbuf_7_10__f_soc_clk_i/X (sg13g2_buf_8)
                                         clknet_7_10__leaf_soc_clk_i (net)
                  0.09    0.01    0.78 ^ clkbuf_leaf_175_soc_clk_i/A (sg13g2_buf_16)
     6    0.03    0.03    0.10    0.87 ^ clkbuf_leaf_175_soc_clk_i/X (sg13g2_buf_16)
                                         clknet_leaf_175_soc_clk_i (net)
                  0.03    0.00    0.88 ^ i_croc_soc/i_rstgen.i_rstgen_bypass.synch_regs_q_3__reg/CLK (sg13g2_dfrbp_1)
     2    0.01    0.05    0.22    1.10 ^ i_croc_soc/i_rstgen.i_rstgen_bypass.synch_regs_q_3__reg/Q (sg13g2_dfrbp_1)
                                         i_croc_soc/i_rstgen.i_rstgen_bypass.synch_regs_q_3_ (net)
                  0.05    0.00    1.10 ^ i_croc_soc/i_rstgen.i_rstgen_bypass.i_tc_clk_mux2_rst_no/i_mux/A0 (sg13g2_mux2_1)
     1    0.01    0.06    0.11    1.21 ^ i_croc_soc/i_rstgen.i_rstgen_bypass.i_tc_clk_mux2_rst_no/i_mux/X (sg13g2_mux2_1)
                                         i_croc_soc/i_rstgen.i_rstgen_bypass.rst_no (net)
                  0.06    0.00    1.21 ^ fanout5341/A (sg13g2_buf_8)
    21    0.36    0.14    0.13    1.34 ^ fanout5341/X (sg13g2_buf_8)
                                         net5341 (net)
                  0.37    0.17    1.52 ^ fanout5148/A (sg13g2_buf_4)
     4    0.08    0.11    0.27    1.78 ^ fanout5148/X (sg13g2_buf_4)
                                         net5148 (net)
                  0.11    0.01    1.79 ^ fanout4990/A (sg13g2_buf_4)
     4    0.05    0.07    0.15    1.94 ^ fanout4990/X (sg13g2_buf_4)
                                         net4990 (net)
                  0.07    0.01    1.95 ^ fanout4956/A (sg13g2_buf_4)
     4    0.06    0.08    0.15    2.10 ^ fanout4956/X (sg13g2_buf_4)
                                         net4956 (net)
                  0.08    0.00    2.10 ^ fanout4955/A (sg13g2_buf_2)
     5    0.04    0.09    0.14    2.24 ^ fanout4955/X (sg13g2_buf_2)
                                         net4955 (net)
                  0.09    0.00    2.24 ^ fanout4950/A (sg13g2_buf_4)
     7    0.05    0.07    0.15    2.39 ^ fanout4950/X (sg13g2_buf_4)
                                         net4950 (net)
                  0.07    0.01    2.40 ^ fanout4947/A (sg13g2_buf_4)
     8    0.08    0.10    0.16    2.56 ^ fanout4947/X (sg13g2_buf_4)
                                         net4947 (net)
                  0.10    0.00    2.56 ^ fanout4946/A (sg13g2_buf_4)
     8    0.07    0.09    0.17    2.73 ^ fanout4946/X (sg13g2_buf_4)
                                         net4946 (net)
                  0.09    0.00    2.73 ^ i_croc_soc/i_croc/i_dm_top.i_dm_top/i_dm_csrs.progbuf_o_247__reg/RESET_B (sg13g2_dfrbp_1)
                                  2.73   data arrival time

                         12.50   12.50   clock clk_sys (rise edge)
                          0.00   12.50   clock source latency
     1    0.20    0.34    0.03   12.53 ^ clk_i (in)
                                         clk_i (net)
                  0.34    0.00   12.53 ^ pad_clk_i/pad (sg13g2_IOPadIn)
     6    0.09    0.18    0.13   12.65 ^ pad_clk_i/p2c (sg13g2_IOPadIn)
                                         soc_clk_i (net)
                  0.14    0.02   12.68 ^ clkbuf_0_soc_clk_i/A (sg13g2_buf_8)
     4    0.20    0.11    0.17   12.85 ^ clkbuf_0_soc_clk_i/X (sg13g2_buf_8)
                                         clknet_0_soc_clk_i (net)
                  0.12    0.03   12.87 ^ clkbuf_2_2_0_soc_clk_i/A (sg13g2_buf_16)
     4    0.15    0.05    0.12   12.99 ^ clkbuf_2_2_0_soc_clk_i/X (sg13g2_buf_16)
                                         clknet_2_2_0_soc_clk_i (net)
                  0.08    0.03   13.02 ^ clkbuf_4_8_0_soc_clk_i/A (sg13g2_buf_16)
     8    0.16    0.05    0.10   13.12 ^ clkbuf_4_8_0_soc_clk_i/X (sg13g2_buf_16)
                                         clknet_4_8_0_soc_clk_i (net)
                  0.07    0.02   13.15 ^ clkbuf_7_70__f_soc_clk_i/A (sg13g2_buf_8)
     7    0.17    0.10    0.14   13.29 ^ clkbuf_7_70__f_soc_clk_i/X (sg13g2_buf_8)
                                         clknet_7_70__leaf_soc_clk_i (net)
                  0.10    0.01   13.30 ^ clkbuf_leaf_662_soc_clk_i/A (sg13g2_buf_16)
     8    0.04    0.03    0.10   13.40 ^ clkbuf_leaf_662_soc_clk_i/X (sg13g2_buf_16)
                                         clknet_leaf_662_soc_clk_i (net)
                  0.03    0.00   13.41 ^ i_croc_soc/i_croc/i_dm_top.i_dm_top/i_dm_csrs.progbuf_o_247__reg/CLK (sg13g2_dfrbp_1)
                         -0.10   13.31   clock uncertainty
                          0.01   13.31   clock reconvergence pessimism
                         -0.13   13.18   library recovery time
                                 13.18   data required time
-----------------------------------------------------------------------------
                                 13.18   data required time
                                 -2.73   data arrival time
-----------------------------------------------------------------------------
                                 10.45   slack (MET)


Startpoint: i_croc_soc/i_croc/i_dmi_jtag/i_dmi_cdc.i_cdc_req/i_dst/async_ack_o_reg
            (rising edge-triggered flip-flop clocked by clk_sys)
Endpoint: i_croc_soc/i_croc/i_dm_top.i_dm_top/i_dm_csrs.progbuf_o_239__reg
          (rising edge-triggered flip-flop clocked by clk_sys)
Path Group: path delay
Path Type: max
Corner: tt

Fanout     Cap    Slew   Delay    Time   Description
-----------------------------------------------------------------------------
                  0.03    0.00    0.00 ^ i_croc_soc/i_croc/i_dmi_jtag/i_dmi_cdc.i_cdc_req/i_dst/async_ack_o_reg/CLK (sg13g2_dfrbp_2)
     6    0.04    0.09    0.29    0.29 ^ i_croc_soc/i_croc/i_dmi_jtag/i_dmi_cdc.i_cdc_req/i_dst/async_ack_o_reg/Q (sg13g2_dfrbp_2)
                                         i_croc_soc/i_croc/i_dmi_jtag/i_dmi_cdc.i_cdc_req/async_ack (net)
                  0.09    0.00    0.29 ^ i_croc_soc/i_croc/i_dmi_jtag/i_dmi_cdc.i_cdc_req/i_dst/_199_/A (sg13g2_xor2_1)
     1    0.00    0.06    0.12    0.41 ^ i_croc_soc/i_croc/i_dmi_jtag/i_dmi_cdc.i_cdc_req/i_dst/_199_/X (sg13g2_xor2_1)
                                         i_croc_soc/i_croc/i_dmi_jtag/i_dmi_cdc.i_cdc_req/s_dst_valid (net)
                  0.06    0.00    0.41 ^ i_croc_soc/i_croc/i_dmi_jtag/i_dmi_cdc.i_cdc_req/_5_/B_N (sg13g2_nor2b_2)
     5    0.03    0.16    0.18    0.60 ^ i_croc_soc/i_croc/i_dmi_jtag/i_dmi_cdc.i_cdc_req/_5_/Y (sg13g2_nor2b_2)
                                         i_croc_soc/i_croc/dmi_req_valid (net)
                  0.16    0.00    0.60 ^ i_croc_soc/i_croc/i_dm_top.i_dm_top/_4825_/A (sg13g2_and2_2)
     6    0.07    0.15    0.24    0.84 ^ i_croc_soc/i_croc/i_dm_top.i_dm_top/_4825_/X (sg13g2_and2_2)
                                         i_croc_soc/i_croc/i_dm_top.i_dm_top/_0602_ (net)
                  0.15    0.02    0.86 ^ i_croc_soc/i_croc/i_dm_top.i_dm_top/_4839_/A (sg13g2_nand2_1)
     2    0.01    0.09    0.12    0.97 v i_croc_soc/i_croc/i_dm_top.i_dm_top/_4839_/Y (sg13g2_nand2_1)
                                         i_croc_soc/i_croc/i_dm_top.i_dm_top/_0615_ (net)
                  0.09    0.00    0.97 v fanout3609/A (sg13g2_buf_2)
     8    0.05    0.09    0.16    1.14 v fanout3609/X (sg13g2_buf_2)
                                         net3609 (net)
                  0.09    0.01    1.14 v i_croc_soc/i_croc/i_dm_top.i_dm_top/_4844_/A (sg13g2_nor2_2)
     7    0.04    0.19    0.18    1.33 ^ i_croc_soc/i_croc/i_dm_top.i_dm_top/_4844_/Y (sg13g2_nor2_2)
                                         i_croc_soc/i_croc/i_dm_top.i_dm_top/_0620_ (net)
                  0.19    0.00    1.33 ^ i_croc_soc/i_croc/i_dm_top.i_dm_top/_6488_/A1 (sg13g2_a21oi_2)
     8    0.04    0.16    0.19    1.52 v i_croc_soc/i_croc/i_dm_top.i_dm_top/_6488_/Y (sg13g2_a21oi_2)
                                         i_croc_soc/i_croc/i_dm_top.i_dm_top/_2045_ (net)
                  0.16    0.00    1.53 v i_croc_soc/i_croc/i_dm_top.i_dm_top/_6962_/B1 (sg13g2_a21oi_1)
     1    0.02    0.17    0.19    1.71 ^ i_croc_soc/i_croc/i_dm_top.i_dm_top/_6962_/Y (sg13g2_a21oi_1)
                                         i_croc_soc/i_croc/i_dm_top.i_dm_top/_2381_ (net)
                  0.17    0.00    1.71 ^ fanout3261/A (sg13g2_buf_4)
     5    0.06    0.08    0.18    1.90 ^ fanout3261/X (sg13g2_buf_4)
                                         net3261 (net)
                  0.08    0.01    1.90 ^ fanout3259/A (sg13g2_buf_2)
     4    0.04    0.10    0.15    2.05 ^ fanout3259/X (sg13g2_buf_2)
                                         net3259 (net)
                  0.10    0.01    2.06 ^ fanout3256/A (sg13g2_buf_4)
     8    0.07    0.08    0.16    2.22 ^ fanout3256/X (sg13g2_buf_4)
                                         net3256 (net)
                  0.08    0.00    2.22 ^ fanout3255/A (sg13g2_buf_2)
     8    0.05    0.12    0.17    2.39 ^ fanout3255/X (sg13g2_buf_2)
                                         net3255 (net)
                  0.12    0.00    2.39 ^ i_croc_soc/i_croc/i_dm_top.i_dm_top/_7017_/C (sg13g2_nand3_1)
     1    0.00    0.08    0.11    2.51 v i_croc_soc/i_croc/i_dm_top.i_dm_top/_7017_/Y (sg13g2_nand3_1)
                                         i_croc_soc/i_croc/i_dm_top.i_dm_top/_2420_ (net)
                  0.08    0.00    2.51 v i_croc_soc/i_croc/i_dm_top.i_dm_top/_7018_/B1 (sg13g2_o21ai_1)
     1    0.00    0.08    0.05    2.56 ^ i_croc_soc/i_croc/i_dm_top.i_dm_top/_7018_/Y (sg13g2_o21ai_1)
                                         i_croc_soc/i_croc/i_dm_top.i_dm_top/_0336_ (net)
                  0.08    0.00    2.56 ^ i_croc_soc/i_croc/i_dm_top.i_dm_top/i_dm_csrs.progbuf_o_239__reg/D (sg13g2_dfrbp_1)
                                  2.56   data arrival time

                          4.38    4.38   max_delay
                         -0.13    4.25   library setup time
                                  4.25   data required time
-----------------------------------------------------------------------------
                                  4.25   data required time
                                 -2.56   data arrival time
-----------------------------------------------------------------------------
                                  1.69   slack (MET)


Startpoint: i_croc_soc/i_croc/i_dmi_jtag/td_o_reg
            (rising edge-triggered flip-flop clocked by clk_jtg')
Endpoint: jtag_tdo_o (output port clocked by clk_jtg)
Path Group: clk_jtg
Path Type: max
Corner: tt

Fanout     Cap    Slew   Delay    Time   Description
-----------------------------------------------------------------------------
                         10.00   10.00   clock clk_jtg' (rise edge)
                          0.00   10.00   clock source latency
     1    0.23    0.49    0.03   10.03 v jtag_tck_i (in)
                                         jtag_tck_i (net)
                  0.49    0.00   10.03 v pad_jtag_tck_i/pad (sg13g2_IOPadIn)
     1    0.06    0.17    0.65   10.68 v pad_jtag_tck_i/p2c (sg13g2_IOPadIn)
                                         soc_jtag_tck_i (net)
                  0.13    0.01   10.69 v clkbuf_0_soc_jtag_tck_i/A (sg13g2_buf_8)
     8    0.14    0.07    0.15   10.84 v clkbuf_0_soc_jtag_tck_i/X (sg13g2_buf_8)
                                         clknet_0_soc_jtag_tck_i (net)
                  0.07    0.01   10.85 v clkbuf_3_5__f_soc_jtag_tck_i/A (sg13g2_buf_8)
     7    0.15    0.08    0.13   10.98 v clkbuf_3_5__f_soc_jtag_tck_i/X (sg13g2_buf_8)
                                         clknet_3_5__leaf_soc_jtag_tck_i (net)
                  0.08    0.01   10.99 v clkbuf_leaf_3_soc_jtag_tck_i/A (sg13g2_buf_16)
     8    0.03    0.02    0.10   11.09 v clkbuf_leaf_3_soc_jtag_tck_i/X (sg13g2_buf_16)
                                         clknet_leaf_3_soc_jtag_tck_i (net)
                  0.02    0.00   11.09 v i_croc_soc/i_croc/i_dmi_jtag/i_dmi_jtag_tap.i_tck_inv/i_inv_6091/A (sg13g2_inv_1)
     1    0.00    0.03    0.03   11.12 ^ i_croc_soc/i_croc/i_dmi_jtag/i_dmi_jtag_tap.i_tck_inv/i_inv_6091/Y (sg13g2_inv_1)
                                         net6091 (net)
                  0.03    0.00   11.12 ^ i_croc_soc/i_croc/i_dmi_jtag/i_dmi_jtag_tap.i_dft_tck_mux/i_mux/A0 (sg13g2_mux2_1)
     1    0.01    0.06    0.11   11.23 ^ i_croc_soc/i_croc/i_dmi_jtag/i_dmi_jtag_tap.i_dft_tck_mux/i_mux/X (sg13g2_mux2_1)
                                         i_croc_soc/i_croc/i_dmi_jtag/i_dmi_jtag_tap.tck_n (net)
                  0.06    0.00   11.23 ^ clkbuf_0_i_croc_soc/i_croc/i_dmi_jtag/i_dmi_jtag_tap.tck_n/A (sg13g2_buf_8)
     2    0.02    0.03    0.08   11.31 ^ clkbuf_0_i_croc_soc/i_croc/i_dmi_jtag/i_dmi_jtag_tap.tck_n/X (sg13g2_buf_8)
                                         clknet_0_i_croc_soc/i_croc/i_dmi_jtag/i_dmi_jtag_tap.tck_n (net)
                  0.03    0.00   11.31 ^ clkbuf_1_0__f_i_croc_soc/i_croc/i_dmi_jtag/i_dmi_jtag_tap.tck_n/A (sg13g2_buf_8)
     1    0.00    0.02    0.06   11.37 ^ clkbuf_1_0__f_i_croc_soc/i_croc/i_dmi_jtag/i_dmi_jtag_tap.tck_n/X (sg13g2_buf_8)
                                         clknet_1_0__leaf_i_croc_soc/i_croc/i_dmi_jtag/i_dmi_jtag_tap.tck_n (net)
                  0.02    0.00   11.37 ^ i_croc_soc/i_croc/i_dmi_jtag/td_o_reg/CLK (sg13g2_dfrbp_2)
     1    0.12    0.25    0.37   11.74 ^ i_croc_soc/i_croc/i_dmi_jtag/td_o_reg/Q (sg13g2_dfrbp_2)
                                         soc_jtag_tdo_o (net)
                  0.35    0.04   11.79 ^ pad_jtag_tdo_o/c2p (sg13g2_IOPadOut16mA)
     1   15.00    3.55    3.26   15.05 ^ pad_jtag_tdo_o/pad (sg13g2_IOPadOut16mA)
                                         jtag_tdo_o (net)
                  2.66    0.00   15.05 ^ jtag_tdo_o (out)
                                 15.05   data arrival time

                         20.00   20.00   clock clk_jtg (rise edge)
                          0.00   20.00   clock network delay (propagated)
                         -0.10   19.90   clock uncertainty
                          0.00   19.90   clock reconvergence pessimism
                         -5.00   14.90   output external delay
                                 14.90   data required time
-----------------------------------------------------------------------------
                                 14.90   data required time
                                -15.05   data arrival time
-----------------------------------------------------------------------------
                                 -0.15   slack (VIOLATED)


Startpoint: i_croc_soc/i_croc/i_core_wrap/i_ibex.id_stage_i.controller_i.instr_i_21__reg
            (rising edge-triggered flip-flop clocked by clk_sys)
Endpoint: i_croc_soc/i_croc/i_core_wrap/i_ibex.crash_dump_o_95__reg
          (rising edge-triggered flip-flop clocked by clk_sys)
Path Group: clk_sys
Path Type: max
Corner: tt

Fanout     Cap    Slew   Delay    Time   Description
-----------------------------------------------------------------------------
                          0.00    0.00   clock clk_sys (rise edge)
                          0.00    0.00   clock source latency
     1    0.24    0.35    0.04    0.04 ^ clk_i (in)
                                         clk_i (net)
                  0.35    0.00    0.04 ^ pad_clk_i/pad (sg13g2_IOPadIn)
     6    0.09    0.18    0.13    0.16 ^ pad_clk_i/p2c (sg13g2_IOPadIn)
                                         soc_clk_i (net)
                  0.14    0.02    0.18 ^ clkbuf_0_soc_clk_i/A (sg13g2_buf_8)
     4    0.20    0.11    0.17    0.35 ^ clkbuf_0_soc_clk_i/X (sg13g2_buf_8)
                                         clknet_0_soc_clk_i (net)
                  0.13    0.03    0.38 ^ clkbuf_2_3_0_soc_clk_i/A (sg13g2_buf_16)
     4    0.16    0.05    0.12    0.50 ^ clkbuf_2_3_0_soc_clk_i/X (sg13g2_buf_16)
                                         clknet_2_3_0_soc_clk_i (net)
                  0.07    0.02    0.53 ^ clkbuf_4_12_0_soc_clk_i/A (sg13g2_buf_16)
     8    0.18    0.06    0.11    0.64 ^ clkbuf_4_12_0_soc_clk_i/X (sg13g2_buf_16)
                                         clknet_4_12_0_soc_clk_i (net)
                  0.06    0.01    0.64 ^ clkbuf_7_101__f_soc_clk_i/A (sg13g2_buf_8)
     7    0.16    0.09    0.13    0.77 ^ clkbuf_7_101__f_soc_clk_i/X (sg13g2_buf_8)
                                         clknet_7_101__leaf_soc_clk_i (net)
                  0.10    0.01    0.78 ^ clkbuf_leaf_511_soc_clk_i/A (sg13g2_buf_16)
     4    0.04    0.03    0.10    0.88 ^ clkbuf_leaf_511_soc_clk_i/X (sg13g2_buf_16)
                                         clknet_leaf_511_soc_clk_i (net)
                  0.03    0.00    0.88 ^ i_croc_soc/i_croc/i_core_wrap/i_ibex.id_stage_i.controller_i.instr_i_21__reg/CLK (sg13g2_dfrbp_2)
     3    0.10    0.22    0.37    1.25 ^ i_croc_soc/i_croc/i_core_wrap/i_ibex.id_stage_i.controller_i.instr_i_21__reg/Q (sg13g2_dfrbp_2)
                                         i_croc_soc/i_croc/i_core_wrap/i_ibex.id_stage_i.controller_i.instr_i_21_ (net)
                  0.22    0.02    1.27 ^ fanout1678/A (sg13g2_buf_8)
     8    0.06    0.05    0.15    1.42 ^ fanout1678/X (sg13g2_buf_8)
                                         net1678 (net)
                  0.05    0.00    1.43 ^ fanout1674/A (sg13g2_buf_4)
     8    0.09    0.11    0.15    1.58 ^ fanout1674/X (sg13g2_buf_4)
                                         net1674 (net)
                  0.11    0.01    1.58 ^ i_croc_soc/i_croc/i_core_wrap/i_ibex.register_file_i/_4987_/B (sg13g2_nor2_1)
     1    0.00    0.04    0.06    1.64 v i_croc_soc/i_croc/i_core_wrap/i_ibex.register_file_i/_4987_/Y (sg13g2_nor2_1)
                                         i_croc_soc/i_croc/i_core_wrap/i_ibex.register_file_i/_1916_ (net)
                  0.04    0.00    1.64 v fanout4248/A (sg13g2_buf_4)
     4    0.04    0.04    0.10    1.74 v fanout4248/X (sg13g2_buf_4)
                                         net4248 (net)
                  0.04    0.00    1.74 v fanout4242/A (sg13g2_buf_4)
     6    0.08    0.08    0.12    1.86 v fanout4242/X (sg13g2_buf_4)
                                         net4242 (net)
                  0.08    0.01    1.87 v fanout4241/A (sg13g2_buf_4)
     8    0.08    0.08    0.14    2.00 v fanout4241/X (sg13g2_buf_4)
                                         net4241 (net)
                  0.08    0.01    2.01 v fanout4239/A (sg13g2_buf_4)
     8    0.07    0.07    0.13    2.14 v fanout4239/X (sg13g2_buf_4)
                                         net4239 (net)
                  0.07    0.01    2.14 v i_croc_soc/i_croc/i_core_wrap/i_ibex.register_file_i/_5715_/A1 (sg13g2_a22oi_1)
     1    0.01    0.09    0.11    2.26 ^ i_croc_soc/i_croc/i_core_wrap/i_ibex.register_file_i/_5715_/Y (sg13g2_a22oi_1)
                                         i_croc_soc/i_croc/i_core_wrap/i_ibex.register_file_i/_2620_ (net)
                  0.09    0.00    2.26 ^ i_croc_soc/i_croc/i_core_wrap/i_ibex.register_file_i/_5719_/A1 (sg13g2_a21oi_1)
     1    0.01    0.08    0.11    2.36 v i_croc_soc/i_croc/i_core_wrap/i_ibex.register_file_i/_5719_/Y (sg13g2_a21oi_1)
                                         i_croc_soc/i_croc/i_core_wrap/i_ibex.register_file_i/_2624_ (net)
                  0.08    0.00    2.37 v i_croc_soc/i_croc/i_core_wrap/i_ibex.register_file_i/_5720_/C1 (sg13g2_a221oi_1)
     1    0.02    0.25    0.22    2.59 ^ i_croc_soc/i_croc/i_core_wrap/i_ibex.register_file_i/_5720_/Y (sg13g2_a221oi_1)
                                         i_croc_soc/i_croc/i_core_wrap/i_ibex.register_file_i/_2625_ (net)
                  0.25    0.00    2.59 ^ i_croc_soc/i_croc/i_core_wrap/i_ibex.register_file_i/_5721_/C (sg13g2_nand3_1)
    19    0.15    1.25    1.01    3.60 v i_croc_soc/i_croc/i_core_wrap/i_ibex.register_file_i/_5721_/Y (sg13g2_nand3_1)
                                         i_croc_soc/i_croc/i_core_wrap/i_ibex.ex_block_i.multdiv_operand_b_i_1_ (net)
                  1.25    0.05    3.65 v i_croc_soc/i_croc/i_core_wrap/_5624_/A1 (sg13g2_o21ai_1)
     1    0.01    0.23    0.31    3.96 ^ i_croc_soc/i_croc/i_core_wrap/_5624_/Y (sg13g2_o21ai_1)
                                         i_croc_soc/i_croc/i_core_wrap/_0971_ (net)
                  0.23    0.00    3.96 ^ i_croc_soc/i_croc/i_core_wrap/_5641_/A1 (sg13g2_o21ai_1)
     4    0.03    0.20    0.25    4.21 v i_croc_soc/i_croc/i_core_wrap/_5641_/Y (sg13g2_o21ai_1)
                                         i_croc_soc/i_croc/i_core_wrap/_0988_ (net)
                  0.20    0.00    4.21 v i_croc_soc/i_croc/i_core_wrap/_5721_/B (sg13g2_nand2_2)
     6    0.04    0.13    0.16    4.37 ^ i_croc_soc/i_croc/i_core_wrap/_5721_/Y (sg13g2_nand2_2)
                                         i_croc_soc/i_croc/i_core_wrap/_1064_ (net)
                  0.13    0.00    4.37 ^ i_croc_soc/i_croc/i_core_wrap/_5735_/B1 (sg13g2_a21oi_1)
     3    0.01    0.12    0.10    4.47 v i_croc_soc/i_croc/i_core_wrap/_5735_/Y (sg13g2_a21oi_1)
                                         i_croc_soc/i_croc/i_core_wrap/_1077_ (net)
                  0.12    0.00    4.47 v i_croc_soc/i_croc/i_core_wrap/_5738_/A1 (sg13g2_o21ai_1)
     4    0.02    0.20    0.22    4.69 ^ i_croc_soc/i_croc/i_core_wrap/_5738_/Y (sg13g2_o21ai_1)
                                         i_croc_soc/i_croc/i_core_wrap/_1080_ (net)
                  0.20    0.00    4.69 ^ i_croc_soc/i_croc/i_core_wrap/_5755_/B (sg13g2_nand3_1)
     6    0.04    0.32    0.34    5.03 v i_croc_soc/i_croc/i_core_wrap/_5755_/Y (sg13g2_nand3_1)
                                         i_croc_soc/i_croc/i_core_wrap/_1097_ (net)
                  0.32    0.00    5.03 v i_croc_soc/i_croc/i_core_wrap/_5756_/B1 (sg13g2_o21ai_1)
     2    0.01    0.14    0.15    5.18 ^ i_croc_soc/i_croc/i_core_wrap/_5756_/Y (sg13g2_o21ai_1)
                                         i_croc_soc/i_croc/i_core_wrap/_1098_ (net)
                  0.14    0.00    5.18 ^ i_croc_soc/i_croc/i_core_wrap/_5927_/A1 (sg13g2_a221oi_1)
     2    0.02    0.17    0.19    5.38 v i_croc_soc/i_croc/i_core_wrap/_5927_/Y (sg13g2_a221oi_1)
                                         i_croc_soc/i_croc/i_core_wrap/_1262_ (net)
                  0.17    0.00    5.38 v fanout1075/A (sg13g2_buf_2)
     8    0.04    0.08    0.18    5.56 v fanout1075/X (sg13g2_buf_2)
                                         net1075 (net)
                  0.08    0.00    5.56 v fanout1073/A (sg13g2_buf_2)
     8    0.05    0.09    0.16    5.72 v fanout1073/X (sg13g2_buf_2)
                                         net1073 (net)
                  0.09    0.00    5.72 v i_croc_soc/i_croc/i_core_wrap/_6454_/A1 (sg13g2_o21ai_1)
     1    0.01    0.13    0.14    5.86 ^ i_croc_soc/i_croc/i_core_wrap/_6454_/Y (sg13g2_o21ai_1)
                                         i_croc_soc/i_croc/i_core_wrap/_1752_ (net)
                  0.13    0.00    5.86 ^ i_croc_soc/i_croc/i_core_wrap/_6455_/B1 (sg13g2_a22oi_1)
     7    0.09    0.55    0.46    6.32 v i_croc_soc/i_croc/i_core_wrap/_6455_/Y (sg13g2_a22oi_1)
                                         i_croc_soc/i_croc/core_data_obi_req_63_ (net)
                  0.55    0.01    6.34 v i_croc_soc/i_croc/i_core_wrap/_7321_/A1 (sg13g2_a221oi_1)
     1    0.00    0.14    0.23    6.57 ^ i_croc_soc/i_croc/i_core_wrap/_7321_/Y (sg13g2_a221oi_1)
                                         i_croc_soc/i_croc/i_core_wrap/_2485_ (net)
                  0.14    0.00    6.57 ^ i_croc_soc/i_croc/i_core_wrap/_7323_/A (sg13g2_or2_2)
     4    0.04    0.09    0.19    6.76 ^ i_croc_soc/i_croc/i_core_wrap/_7323_/X (sg13g2_or2_2)
                                         i_croc_soc/i_croc/i_core_wrap/_2487_ (net)
                  0.09    0.00    6.76 ^ i_croc_soc/i_croc/i_core_wrap/_8561_/A (sg13g2_nand2_1)
     3    0.02    0.12    0.14    6.90 v i_croc_soc/i_croc/i_core_wrap/_8561_/Y (sg13g2_nand2_1)
                                         i_croc_soc/i_croc/i_core_wrap/_3568_ (net)
                  0.12    0.00    6.90 v i_croc_soc/i_croc/i_core_wrap/_8882_/A1 (sg13g2_mux2_2)
     4    0.04    0.10    0.23    7.13 v i_croc_soc/i_croc/i_core_wrap/_8882_/X (sg13g2_mux2_2)
                                         i_croc_soc/i_croc/core_instr_obi_req_63_ (net)
                  0.11    0.01    7.14 v i_croc_soc/i_croc/_3729_/B (sg13g2_nor4_1)
     1    0.02    0.38    0.36    7.50 ^ i_croc_soc/i_croc/_3729_/Y (sg13g2_nor4_1)
                                         i_croc_soc/i_croc/_0355_ (net)
                  0.38    0.00    7.50 ^ i_croc_soc/i_croc/_3730_/D (sg13g2_nand4_1)
     3    0.02    0.23    0.30    7.81 v i_croc_soc/i_croc/_3730_/Y (sg13g2_nand4_1)
                                         i_croc_soc/i_croc/_0356_ (net)
                  0.23    0.00    7.81 v i_croc_soc/i_croc/_3735_/A (sg13g2_nor2_2)
     6    0.04    0.22    0.23    8.03 ^ i_croc_soc/i_croc/_3735_/Y (sg13g2_nor2_2)
                                         i_croc_soc/i_croc/_0361_ (net)
                  0.22    0.00    8.04 ^ i_croc_soc/i_croc/_3743_/A2 (sg13g2_a21oi_2)
     2    0.01    0.07    0.12    8.16 v i_croc_soc/i_croc/_3743_/Y (sg13g2_a21oi_2)
                                         i_croc_soc/i_croc/_0369_ (net)
                  0.07    0.00    8.16 v i_croc_soc/i_croc/_3752_/A1 (sg13g2_o21ai_1)
     2    0.02    0.20    0.20    8.37 ^ i_croc_soc/i_croc/_3752_/Y (sg13g2_o21ai_1)
                                         i_croc_soc/i_croc/_0378_ (net)
                  0.20    0.00    8.37 ^ i_croc_soc/i_croc/_3755_/A2 (sg13g2_a21oi_2)
     7    0.05    0.17    0.22    8.59 v i_croc_soc/i_croc/_3755_/Y (sg13g2_a21oi_2)
                                         i_croc_soc/i_croc/_0381_ (net)
                  0.17    0.00    8.59 v i_croc_soc/i_croc/_3758_/A1 (sg13g2_a21oi_2)
     3    0.02    0.11    0.15    8.74 ^ i_croc_soc/i_croc/_3758_/Y (sg13g2_a21oi_2)
                                         i_croc_soc/i_croc/_0384_ (net)
                  0.11    0.00    8.74 ^ i_croc_soc/i_croc/_3759_/A (sg13g2_inv_2)
     6    0.03    0.06    0.08    8.82 v i_croc_soc/i_croc/_3759_/Y (sg13g2_inv_2)
                                         i_croc_soc/i_croc/i_main_xbar.gen_mux[1].i_mux.i_rr_arb.gen_arbiter.gen_int_rr.gen_lock.req_q_3__reg_D (net)
                  0.06    0.00    8.82 v i_croc_soc/i_croc/_3760_/A2 (sg13g2_o21ai_1)
     3    0.03    0.29    0.26    9.08 ^ i_croc_soc/i_croc/_3760_/Y (sg13g2_o21ai_1)
                                         i_croc_soc/i_croc/_0385_ (net)
                  0.29    0.00    9.08 ^ i_croc_soc/i_croc/_3761_/B (sg13g2_nand2_1)
     1    0.01    0.07    0.12    9.20 v i_croc_soc/i_croc/_3761_/Y (sg13g2_nand2_1)
                                         i_croc_soc/i_croc/_0386_ (net)
                  0.07    0.00    9.20 v fanout2693/A (sg13g2_buf_4)
     7    0.04    0.05    0.11    9.31 v fanout2693/X (sg13g2_buf_4)
                                         net2693 (net)
                  0.05    0.00    9.32 v fanout2692/A (sg13g2_buf_4)
     8    0.04    0.04    0.10    9.42 v fanout2692/X (sg13g2_buf_4)
                                         net2692 (net)
                  0.04    0.00    9.42 v fanout1008/A (sg13g2_buf_4)
     8    0.07    0.07    0.12    9.54 v fanout1008/X (sg13g2_buf_4)
                                         net1008 (net)
                  0.07    0.01    9.54 v i_croc_soc/i_croc/_3871_/C1 (sg13g2_a221oi_1)
     2    0.02    0.28    0.24    9.78 ^ i_croc_soc/i_croc/_3871_/Y (sg13g2_a221oi_1)
                                         i_croc_soc/i_croc/_0496_ (net)
                  0.28    0.00    9.78 ^ i_croc_soc/i_croc/_3878_/B1 (sg13g2_a21oi_2)
     8    0.04    0.15    0.18    9.96 v i_croc_soc/i_croc/_3878_/Y (sg13g2_a21oi_2)
                                         i_croc_soc/i_croc/_0503_ (net)
                  0.15    0.00    9.96 v i_croc_soc/i_croc/_3881_/B (sg13g2_nand4_1)
     1    0.00    0.06    0.08   10.04 ^ i_croc_soc/i_croc/_3881_/Y (sg13g2_nand4_1)
                                         i_croc_soc/i_croc/_0506_ (net)
                  0.06    0.00   10.04 ^ i_croc_soc/i_croc/_3882_/B (sg13g2_and2_1)
     2    0.01    0.05    0.11   10.15 ^ i_croc_soc/i_croc/_3882_/X (sg13g2_and2_1)
                                         i_croc_soc/i_croc/_0507_ (net)
                  0.05    0.00   10.16 ^ i_croc_soc/i_croc/_4546_/B (sg13g2_and2_1)
     3    0.01    0.07    0.13   10.28 ^ i_croc_soc/i_croc/_4546_/X (sg13g2_and2_1)
                                         i_croc_soc/i_croc/_1065_ (net)
                  0.07    0.00   10.28 ^ i_croc_soc/i_croc/_4631_/B1 (sg13g2_a21o_1)
     2    0.01    0.06    0.10   10.38 ^ i_croc_soc/i_croc/_4631_/X (sg13g2_a21o_1)
                                         i_croc_soc/i_croc/_1083_ (net)
                  0.06    0.00   10.38 ^ i_croc_soc/i_croc/_4634_/A (sg13g2_or2_1)
     4    0.02    0.08    0.12   10.50 ^ i_croc_soc/i_croc/_4634_/X (sg13g2_or2_1)
                                         i_croc_soc/i_croc/_1086_ (net)
                  0.08    0.00   10.51 ^ i_croc_soc/i_croc/_4636_/A_N (sg13g2_nand2b_1)
     1    0.01    0.08    0.09   10.60 ^ i_croc_soc/i_croc/_4636_/Y (sg13g2_nand2b_1)
                                         i_croc_soc/i_croc/_1088_ (net)
                  0.08    0.00   10.60 ^ fanout2483/A (sg13g2_buf_4)
     4    0.04    0.05    0.13   10.73 ^ fanout2483/X (sg13g2_buf_4)
                                         net2483 (net)
                  0.05    0.00   10.73 ^ fanout2478/A (sg13g2_buf_2)
     4    0.01    0.04    0.09   10.82 ^ fanout2478/X (sg13g2_buf_2)
                                         net2478 (net)
                  0.04    0.00   10.83 ^ fanout2475/A (sg13g2_buf_2)
     8    0.05    0.10    0.13   10.96 ^ fanout2475/X (sg13g2_buf_2)
                                         net2475 (net)
                  0.11    0.01   10.97 ^ i_croc_soc/i_croc/_4639_/B (sg13g2_nor2_1)
     1    0.01    0.05    0.06   11.03 v i_croc_soc/i_croc/_4639_/Y (sg13g2_nor2_1)
                                         i_croc_soc/i_croc/all_periph_obi_rsp_157_ (net)
                  0.05    0.00   11.03 v fanout2389/A (sg13g2_buf_2)
     4    0.03    0.05    0.11   11.14 v fanout2389/X (sg13g2_buf_2)
                                         net2389 (net)
                  0.05    0.00   11.14 v fanout2388/A (sg13g2_buf_2)
     5    0.02    0.04    0.10   11.24 v fanout2388/X (sg13g2_buf_2)
                                         net2388 (net)
                  0.04    0.00   11.24 v i_croc_soc/i_croc/i_gpio/_1354_/A (sg13g2_nand2_1)
     2    0.01    0.05    0.05   11.30 ^ i_croc_soc/i_croc/i_gpio/_1354_/Y (sg13g2_nand2_1)
                                         i_croc_soc/i_croc/i_gpio/_0150_ (net)
                  0.05    0.00   11.30 ^ i_croc_soc/i_croc/i_gpio/_1355_/B (sg13g2_nand3_1)
     1    0.01    0.07    0.09   11.39 v i_croc_soc/i_croc/i_gpio/_1355_/Y (sg13g2_nand3_1)
                                         i_croc_soc/i_croc/i_gpio/_0151_ (net)
                  0.07    0.00   11.39 v i_croc_soc/i_croc/i_gpio/_1356_/B1 (sg13g2_o21ai_1)
     1    0.01    0.12    0.07   11.45 ^ i_croc_soc/i_croc/i_gpio/_1356_/Y (sg13g2_o21ai_1)
                                         i_croc_soc/i_croc/all_periph_obi_rsp_159_ (net)
                  0.12    0.00   11.45 ^ i_croc_soc/i_croc/_5909_/A2 (sg13g2_a22oi_1)
     1    0.00    0.06    0.11   11.56 v i_croc_soc/i_croc/_5909_/Y (sg13g2_a22oi_1)
                                         i_croc_soc/i_croc/_2067_ (net)
                  0.06    0.00   11.56 v i_croc_soc/i_croc/_5911_/A2 (sg13g2_o21ai_1)
     4    0.10    0.95    0.72   12.28 ^ i_croc_soc/i_croc/_5911_/Y (sg13g2_o21ai_1)
                                         i_croc_soc/i_croc/_2069_ (net)
                  0.95    0.02   12.30 ^ i_croc_soc/i_croc/_6135_/A2 (sg13g2_a21oi_1)
     1    0.00    0.15    0.22   12.52 v i_croc_soc/i_croc/_6135_/Y (sg13g2_a21oi_1)
                                         i_croc_soc/i_croc/_2260_ (net)
                  0.15    0.00   12.52 v i_croc_soc/i_croc/_6136_/B (sg13g2_and2_1)
     1    0.01    0.04    0.13   12.65 v i_croc_soc/i_croc/_6136_/X (sg13g2_and2_1)
                                         i_croc_soc/i_croc/_2261_ (net)
                  0.04    0.00   12.65 v i_croc_soc/i_croc/_6137_/C (sg13g2_nor3_2)
     5    0.04    0.29    0.24   12.89 ^ i_croc_soc/i_croc/_6137_/Y (sg13g2_nor3_2)
                                         i_croc_soc/i_croc/core_instr_obi_rsp_3_ (net)
                  0.29    0.00   12.89 ^ i_croc_soc/i_croc/i_core_wrap/_6599_/B_N (sg13g2_nor2b_1)
     2    0.01    0.08    0.18   13.08 ^ i_croc_soc/i_croc/i_core_wrap/_6599_/Y (sg13g2_nor2b_1)
                                         i_croc_soc/i_croc/i_core_wrap/_1854_ (net)
                  0.08    0.00   13.08 ^ i_croc_soc/i_croc/i_core_wrap/_6600_/B1 (sg13g2_a21o_1)
     3    0.01    0.06    0.11   13.19 ^ i_croc_soc/i_croc/i_core_wrap/_6600_/X (sg13g2_a21o_1)
                                         i_croc_soc/i_croc/i_core_wrap/_1855_ (net)
                  0.06    0.00   13.19 ^ i_croc_soc/i_croc/i_core_wrap/_6945_/B (sg13g2_or3_2)
     3    0.04    0.09    0.15   13.34 ^ i_croc_soc/i_croc/i_core_wrap/_6945_/X (sg13g2_or3_2)
                                         i_croc_soc/i_croc/i_core_wrap/_2134_ (net)
                  0.09    0.00   13.34 ^ fanout2127/A (sg13g2_buf_1)
     4    0.03    0.13    0.16   13.50 ^ fanout2127/X (sg13g2_buf_1)
                                         net2127 (net)
                  0.13    0.00   13.50 ^ fanout2126/A (sg13g2_buf_2)
     8    0.04    0.09    0.16   13.66 ^ fanout2126/X (sg13g2_buf_2)
                                         net2126 (net)
                  0.09    0.00   13.67 ^ i_croc_soc/i_croc/i_core_wrap/_7147_/B (sg13g2_and3_1)
     2    0.01    0.05    0.15   13.81 ^ i_croc_soc/i_croc/i_core_wrap/_7147_/X (sg13g2_and3_1)
                                         i_croc_soc/i_croc/i_core_wrap/_2322_ (net)
                  0.05    0.00   13.81 ^ i_croc_soc/i_croc/i_core_wrap/_7163_/B (sg13g2_and2_1)
     2    0.01    0.05    0.11   13.92 ^ i_croc_soc/i_croc/i_core_wrap/_7163_/X (sg13g2_and2_1)
                                         i_croc_soc/i_croc/i_core_wrap/_2337_ (net)
                  0.05    0.00   13.92 ^ i_croc_soc/i_croc/i_core_wrap/_7182_/B (sg13g2_and2_1)
     2    0.01    0.06    0.11   14.04 ^ i_croc_soc/i_croc/i_core_wrap/_7182_/X (sg13g2_and2_1)
                                         i_croc_soc/i_croc/i_core_wrap/_2355_ (net)
                  0.06    0.00   14.04 ^ i_croc_soc/i_croc/i_core_wrap/_7212_/B (sg13g2_and2_1)
     2    0.02    0.08    0.14   14.18 ^ i_croc_soc/i_croc/i_core_wrap/_7212_/X (sg13g2_and2_1)
                                         i_croc_soc/i_croc/i_core_wrap/_2384_ (net)
                  0.08    0.00   14.18 ^ i_croc_soc/i_croc/i_core_wrap/_7215_/B (sg13g2_and2_2)
     8    0.05    0.11    0.19   14.36 ^ i_croc_soc/i_croc/i_core_wrap/_7215_/X (sg13g2_and2_2)
                                         i_croc_soc/i_croc/i_core_wrap/_2387_ (net)
                  0.11    0.01   14.37 ^ i_croc_soc/i_croc/i_core_wrap/_7315_/B (sg13g2_and3_1)
     2    0.01    0.05    0.16   14.53 ^ i_croc_soc/i_croc/i_core_wrap/_7315_/X (sg13g2_and3_1)
                                         i_croc_soc/i_croc/i_core_wrap/_2479_ (net)
                  0.05    0.00   14.53 ^ i_croc_soc/i_croc/i_core_wrap/_7325_/B (sg13g2_and2_1)
     2    0.01    0.05    0.10   14.63 ^ i_croc_soc/i_croc/i_core_wrap/_7325_/X (sg13g2_and2_1)
                                         i_croc_soc/i_croc/i_core_wrap/_2488_ (net)
                  0.05    0.00   14.63 ^ i_croc_soc/i_croc/i_core_wrap/_7338_/B (sg13g2_and2_1)
     3    0.01    0.06    0.12   14.75 ^ i_croc_soc/i_croc/i_core_wrap/_7338_/X (sg13g2_and2_1)
                                         i_croc_soc/i_croc/i_core_wrap/_2499_ (net)
                  0.06    0.00   14.75 ^ i_croc_soc/i_croc/i_core_wrap/_7370_/C (sg13g2_and3_1)
     4    0.02    0.09    0.18   14.93 ^ i_croc_soc/i_croc/i_core_wrap/_7370_/X (sg13g2_and3_1)
                                         i_croc_soc/i_croc/i_core_wrap/_2529_ (net)
                  0.09    0.00   14.93 ^ i_croc_soc/i_croc/i_core_wrap/_7400_/D (sg13g2_and4_1)
     2    0.01    0.06    0.20   15.13 ^ i_croc_soc/i_croc/i_core_wrap/_7400_/X (sg13g2_and4_1)
                                         i_croc_soc/i_croc/i_core_wrap/_2556_ (net)
                  0.06    0.00   15.13 ^ i_croc_soc/i_croc/i_core_wrap/_7402_/B (sg13g2_and2_1)
     3    0.02    0.07    0.13   15.26 ^ i_croc_soc/i_croc/i_core_wrap/_7402_/X (sg13g2_and2_1)
                                         i_croc_soc/i_croc/i_core_wrap/_2558_ (net)
                  0.07    0.00   15.26 ^ i_croc_soc/i_croc/i_core_wrap/_7414_/C (sg13g2_nand3_1)
     1    0.00    0.08    0.10   15.36 v i_croc_soc/i_croc/i_core_wrap/_7414_/Y (sg13g2_nand3_1)
                                         i_croc_soc/i_croc/i_core_wrap/_2569_ (net)
                  0.08    0.00   15.36 v i_croc_soc/i_croc/i_core_wrap/_7415_/A2 (sg13g2_a21oi_1)
     1    0.00    0.08    0.10   15.46 ^ i_croc_soc/i_croc/i_core_wrap/_7415_/Y (sg13g2_a21oi_1)
                                         i_croc_soc/i_croc/i_core_wrap/_2570_ (net)
                  0.08    0.00   15.46 ^ i_croc_soc/i_croc/i_core_wrap/_7416_/B1 (sg13g2_a21oi_1)
     1    0.00    0.05    0.05   15.51 v i_croc_soc/i_croc/i_core_wrap/_7416_/Y (sg13g2_a21oi_1)
                                         i_croc_soc/i_croc/i_core_wrap/_0090_ (net)
                  0.05    0.00   15.51 v i_croc_soc/i_croc/i_core_wrap/i_ibex.crash_dump_o_95__reg/D (sg13g2_dfrbp_2)
                                 15.51   data arrival time

                         12.50   12.50   clock clk_sys (rise edge)
                          0.00   12.50   clock source latency
     1    0.20    0.34    0.03   12.53 ^ clk_i (in)
                                         clk_i (net)
                  0.34    0.00   12.53 ^ pad_clk_i/pad (sg13g2_IOPadIn)
     6    0.09    0.18    0.13   12.65 ^ pad_clk_i/p2c (sg13g2_IOPadIn)
                                         soc_clk_i (net)
                  0.14    0.02   12.68 ^ clkbuf_0_soc_clk_i/A (sg13g2_buf_8)
     4    0.20    0.11    0.17   12.85 ^ clkbuf_0_soc_clk_i/X (sg13g2_buf_8)
                                         clknet_0_soc_clk_i (net)
                  0.13    0.03   12.87 ^ clkbuf_2_3_0_soc_clk_i/A (sg13g2_buf_16)
     4    0.16    0.05    0.12   13.00 ^ clkbuf_2_3_0_soc_clk_i/X (sg13g2_buf_16)
                                         clknet_2_3_0_soc_clk_i (net)
                  0.07    0.02   13.02 ^ clkbuf_4_13_0_soc_clk_i/A (sg13g2_buf_16)
     8    0.17    0.06    0.11   13.13 ^ clkbuf_4_13_0_soc_clk_i/X (sg13g2_buf_16)
                                         clknet_4_13_0_soc_clk_i (net)
                  0.07    0.02   13.14 ^ clkbuf_7_104__f_soc_clk_i/A (sg13g2_buf_8)
     7    0.18    0.11    0.14   13.29 ^ clkbuf_7_104__f_soc_clk_i/X (sg13g2_buf_8)
                                         clknet_7_104__leaf_soc_clk_i (net)
                  0.11    0.01   13.30 ^ clkbuf_leaf_559_soc_clk_i/A (sg13g2_buf_16)
     8    0.04    0.03    0.11   13.40 ^ clkbuf_leaf_559_soc_clk_i/X (sg13g2_buf_16)
                                         clknet_leaf_559_soc_clk_i (net)
                  0.03    0.00   13.41 ^ i_croc_soc/i_croc/i_core_wrap/i_ibex.crash_dump_o_95__reg/CLK (sg13g2_dfrbp_2)
                         -0.10   13.31   clock uncertainty
                          0.01   13.31   clock reconvergence pessimism
                         -0.13   13.18   library setup time
                                 13.18   data required time
-----------------------------------------------------------------------------
                                 13.18   data required time
                                -15.51   data arrival time
-----------------------------------------------------------------------------
                                 -2.32   slack (VIOLATED)



==========================================================================
07_croc_after_parasitics.final report_checks -unconstrained
--------------------------------------------------------------------------
Startpoint: i_croc_soc/i_rstgen.i_rstgen_bypass.synch_regs_q_3__reg
            (rising edge-triggered flip-flop clocked by clk_sys)
Endpoint: i_croc_soc/i_croc/i_dm_top.i_dm_top/i_dm_csrs.progbuf_o_247__reg
          (recovery check against rising-edge clock clk_sys)
Path Group: asynchronous
Path Type: max
Corner: tt

Fanout     Cap    Slew   Delay    Time   Description
-----------------------------------------------------------------------------
                          0.00    0.00   clock clk_sys (rise edge)
                          0.00    0.00   clock source latency
     1    0.24    0.35    0.04    0.04 ^ clk_i (in)
                                         clk_i (net)
                  0.35    0.00    0.04 ^ pad_clk_i/pad (sg13g2_IOPadIn)
     6    0.09    0.18    0.13    0.16 ^ pad_clk_i/p2c (sg13g2_IOPadIn)
                                         soc_clk_i (net)
                  0.14    0.02    0.18 ^ clkbuf_0_soc_clk_i/A (sg13g2_buf_8)
     4    0.20    0.11    0.17    0.35 ^ clkbuf_0_soc_clk_i/X (sg13g2_buf_8)
                                         clknet_0_soc_clk_i (net)
                  0.13    0.03    0.38 ^ clkbuf_2_0_0_soc_clk_i/A (sg13g2_buf_16)
     4    0.14    0.05    0.12    0.51 ^ clkbuf_2_0_0_soc_clk_i/X (sg13g2_buf_16)
                                         clknet_2_0_0_soc_clk_i (net)
                  0.06    0.01    0.52 ^ clkbuf_4_1_0_soc_clk_i/A (sg13g2_buf_16)
     8    0.16    0.05    0.10    0.62 ^ clkbuf_4_1_0_soc_clk_i/X (sg13g2_buf_16)
                                         clknet_4_1_0_soc_clk_i (net)
                  0.06    0.02    0.63 ^ clkbuf_7_10__f_soc_clk_i/A (sg13g2_buf_8)
     7    0.15    0.09    0.13    0.76 ^ clkbuf_7_10__f_soc_clk_i/X (sg13g2_buf_8)
                                         clknet_7_10__leaf_soc_clk_i (net)
                  0.09    0.01    0.78 ^ clkbuf_leaf_175_soc_clk_i/A (sg13g2_buf_16)
     6    0.03    0.03    0.10    0.87 ^ clkbuf_leaf_175_soc_clk_i/X (sg13g2_buf_16)
                                         clknet_leaf_175_soc_clk_i (net)
                  0.03    0.00    0.88 ^ i_croc_soc/i_rstgen.i_rstgen_bypass.synch_regs_q_3__reg/CLK (sg13g2_dfrbp_1)
     2    0.01    0.05    0.22    1.10 ^ i_croc_soc/i_rstgen.i_rstgen_bypass.synch_regs_q_3__reg/Q (sg13g2_dfrbp_1)
                                         i_croc_soc/i_rstgen.i_rstgen_bypass.synch_regs_q_3_ (net)
                  0.05    0.00    1.10 ^ i_croc_soc/i_rstgen.i_rstgen_bypass.i_tc_clk_mux2_rst_no/i_mux/A0 (sg13g2_mux2_1)
     1    0.01    0.06    0.11    1.21 ^ i_croc_soc/i_rstgen.i_rstgen_bypass.i_tc_clk_mux2_rst_no/i_mux/X (sg13g2_mux2_1)
                                         i_croc_soc/i_rstgen.i_rstgen_bypass.rst_no (net)
                  0.06    0.00    1.21 ^ fanout5341/A (sg13g2_buf_8)
    21    0.36    0.14    0.13    1.34 ^ fanout5341/X (sg13g2_buf_8)
                                         net5341 (net)
                  0.37    0.17    1.52 ^ fanout5148/A (sg13g2_buf_4)
     4    0.08    0.11    0.27    1.78 ^ fanout5148/X (sg13g2_buf_4)
                                         net5148 (net)
                  0.11    0.01    1.79 ^ fanout4990/A (sg13g2_buf_4)
     4    0.05    0.07    0.15    1.94 ^ fanout4990/X (sg13g2_buf_4)
                                         net4990 (net)
                  0.07    0.01    1.95 ^ fanout4956/A (sg13g2_buf_4)
     4    0.06    0.08    0.15    2.10 ^ fanout4956/X (sg13g2_buf_4)
                                         net4956 (net)
                  0.08    0.00    2.10 ^ fanout4955/A (sg13g2_buf_2)
     5    0.04    0.09    0.14    2.24 ^ fanout4955/X (sg13g2_buf_2)
                                         net4955 (net)
                  0.09    0.00    2.24 ^ fanout4950/A (sg13g2_buf_4)
     7    0.05    0.07    0.15    2.39 ^ fanout4950/X (sg13g2_buf_4)
                                         net4950 (net)
                  0.07    0.01    2.40 ^ fanout4947/A (sg13g2_buf_4)
     8    0.08    0.10    0.16    2.56 ^ fanout4947/X (sg13g2_buf_4)
                                         net4947 (net)
                  0.10    0.00    2.56 ^ fanout4946/A (sg13g2_buf_4)
     8    0.07    0.09    0.17    2.73 ^ fanout4946/X (sg13g2_buf_4)
                                         net4946 (net)
                  0.09    0.00    2.73 ^ i_croc_soc/i_croc/i_dm_top.i_dm_top/i_dm_csrs.progbuf_o_247__reg/RESET_B (sg13g2_dfrbp_1)
                                  2.73   data arrival time

                         12.50   12.50   clock clk_sys (rise edge)
                          0.00   12.50   clock source latency
     1    0.20    0.34    0.03   12.53 ^ clk_i (in)
                                         clk_i (net)
                  0.34    0.00   12.53 ^ pad_clk_i/pad (sg13g2_IOPadIn)
     6    0.09    0.18    0.13   12.65 ^ pad_clk_i/p2c (sg13g2_IOPadIn)
                                         soc_clk_i (net)
                  0.14    0.02   12.68 ^ clkbuf_0_soc_clk_i/A (sg13g2_buf_8)
     4    0.20    0.11    0.17   12.85 ^ clkbuf_0_soc_clk_i/X (sg13g2_buf_8)
                                         clknet_0_soc_clk_i (net)
                  0.12    0.03   12.87 ^ clkbuf_2_2_0_soc_clk_i/A (sg13g2_buf_16)
     4    0.15    0.05    0.12   12.99 ^ clkbuf_2_2_0_soc_clk_i/X (sg13g2_buf_16)
                                         clknet_2_2_0_soc_clk_i (net)
                  0.08    0.03   13.02 ^ clkbuf_4_8_0_soc_clk_i/A (sg13g2_buf_16)
     8    0.16    0.05    0.10   13.12 ^ clkbuf_4_8_0_soc_clk_i/X (sg13g2_buf_16)
                                         clknet_4_8_0_soc_clk_i (net)
                  0.07    0.02   13.15 ^ clkbuf_7_70__f_soc_clk_i/A (sg13g2_buf_8)
     7    0.17    0.10    0.14   13.29 ^ clkbuf_7_70__f_soc_clk_i/X (sg13g2_buf_8)
                                         clknet_7_70__leaf_soc_clk_i (net)
                  0.10    0.01   13.30 ^ clkbuf_leaf_662_soc_clk_i/A (sg13g2_buf_16)
     8    0.04    0.03    0.10   13.40 ^ clkbuf_leaf_662_soc_clk_i/X (sg13g2_buf_16)
                                         clknet_leaf_662_soc_clk_i (net)
                  0.03    0.00   13.41 ^ i_croc_soc/i_croc/i_dm_top.i_dm_top/i_dm_csrs.progbuf_o_247__reg/CLK (sg13g2_dfrbp_1)
                         -0.10   13.31   clock uncertainty
                          0.01   13.31   clock reconvergence pessimism
                         -0.13   13.18   library recovery time
                                 13.18   data required time
-----------------------------------------------------------------------------
                                 13.18   data required time
                                 -2.73   data arrival time
-----------------------------------------------------------------------------
                                 10.45   slack (MET)


Startpoint: i_croc_soc/i_croc/i_dmi_jtag/i_dmi_cdc.i_cdc_req/i_dst/async_ack_o_reg
            (rising edge-triggered flip-flop clocked by clk_sys)
Endpoint: i_croc_soc/i_croc/i_dm_top.i_dm_top/i_dm_csrs.progbuf_o_239__reg
          (rising edge-triggered flip-flop clocked by clk_sys)
Path Group: path delay
Path Type: max
Corner: tt

Fanout     Cap    Slew   Delay    Time   Description
-----------------------------------------------------------------------------
                  0.03    0.00    0.00 ^ i_croc_soc/i_croc/i_dmi_jtag/i_dmi_cdc.i_cdc_req/i_dst/async_ack_o_reg/CLK (sg13g2_dfrbp_2)
     6    0.04    0.09    0.29    0.29 ^ i_croc_soc/i_croc/i_dmi_jtag/i_dmi_cdc.i_cdc_req/i_dst/async_ack_o_reg/Q (sg13g2_dfrbp_2)
                                         i_croc_soc/i_croc/i_dmi_jtag/i_dmi_cdc.i_cdc_req/async_ack (net)
                  0.09    0.00    0.29 ^ i_croc_soc/i_croc/i_dmi_jtag/i_dmi_cdc.i_cdc_req/i_dst/_199_/A (sg13g2_xor2_1)
     1    0.00    0.06    0.12    0.41 ^ i_croc_soc/i_croc/i_dmi_jtag/i_dmi_cdc.i_cdc_req/i_dst/_199_/X (sg13g2_xor2_1)
                                         i_croc_soc/i_croc/i_dmi_jtag/i_dmi_cdc.i_cdc_req/s_dst_valid (net)
                  0.06    0.00    0.41 ^ i_croc_soc/i_croc/i_dmi_jtag/i_dmi_cdc.i_cdc_req/_5_/B_N (sg13g2_nor2b_2)
     5    0.03    0.16    0.18    0.60 ^ i_croc_soc/i_croc/i_dmi_jtag/i_dmi_cdc.i_cdc_req/_5_/Y (sg13g2_nor2b_2)
                                         i_croc_soc/i_croc/dmi_req_valid (net)
                  0.16    0.00    0.60 ^ i_croc_soc/i_croc/i_dm_top.i_dm_top/_4825_/A (sg13g2_and2_2)
     6    0.07    0.15    0.24    0.84 ^ i_croc_soc/i_croc/i_dm_top.i_dm_top/_4825_/X (sg13g2_and2_2)
                                         i_croc_soc/i_croc/i_dm_top.i_dm_top/_0602_ (net)
                  0.15    0.02    0.86 ^ i_croc_soc/i_croc/i_dm_top.i_dm_top/_4839_/A (sg13g2_nand2_1)
     2    0.01    0.09    0.12    0.97 v i_croc_soc/i_croc/i_dm_top.i_dm_top/_4839_/Y (sg13g2_nand2_1)
                                         i_croc_soc/i_croc/i_dm_top.i_dm_top/_0615_ (net)
                  0.09    0.00    0.97 v fanout3609/A (sg13g2_buf_2)
     8    0.05    0.09    0.16    1.14 v fanout3609/X (sg13g2_buf_2)
                                         net3609 (net)
                  0.09    0.01    1.14 v i_croc_soc/i_croc/i_dm_top.i_dm_top/_4844_/A (sg13g2_nor2_2)
     7    0.04    0.19    0.18    1.33 ^ i_croc_soc/i_croc/i_dm_top.i_dm_top/_4844_/Y (sg13g2_nor2_2)
                                         i_croc_soc/i_croc/i_dm_top.i_dm_top/_0620_ (net)
                  0.19    0.00    1.33 ^ i_croc_soc/i_croc/i_dm_top.i_dm_top/_6488_/A1 (sg13g2_a21oi_2)
     8    0.04    0.16    0.19    1.52 v i_croc_soc/i_croc/i_dm_top.i_dm_top/_6488_/Y (sg13g2_a21oi_2)
                                         i_croc_soc/i_croc/i_dm_top.i_dm_top/_2045_ (net)
                  0.16    0.00    1.53 v i_croc_soc/i_croc/i_dm_top.i_dm_top/_6962_/B1 (sg13g2_a21oi_1)
     1    0.02    0.17    0.19    1.71 ^ i_croc_soc/i_croc/i_dm_top.i_dm_top/_6962_/Y (sg13g2_a21oi_1)
                                         i_croc_soc/i_croc/i_dm_top.i_dm_top/_2381_ (net)
                  0.17    0.00    1.71 ^ fanout3261/A (sg13g2_buf_4)
     5    0.06    0.08    0.18    1.90 ^ fanout3261/X (sg13g2_buf_4)
                                         net3261 (net)
                  0.08    0.01    1.90 ^ fanout3259/A (sg13g2_buf_2)
     4    0.04    0.10    0.15    2.05 ^ fanout3259/X (sg13g2_buf_2)
                                         net3259 (net)
                  0.10    0.01    2.06 ^ fanout3256/A (sg13g2_buf_4)
     8    0.07    0.08    0.16    2.22 ^ fanout3256/X (sg13g2_buf_4)
                                         net3256 (net)
                  0.08    0.00    2.22 ^ fanout3255/A (sg13g2_buf_2)
     8    0.05    0.12    0.17    2.39 ^ fanout3255/X (sg13g2_buf_2)
                                         net3255 (net)
                  0.12    0.00    2.39 ^ i_croc_soc/i_croc/i_dm_top.i_dm_top/_7017_/C (sg13g2_nand3_1)
     1    0.00    0.08    0.11    2.51 v i_croc_soc/i_croc/i_dm_top.i_dm_top/_7017_/Y (sg13g2_nand3_1)
                                         i_croc_soc/i_croc/i_dm_top.i_dm_top/_2420_ (net)
                  0.08    0.00    2.51 v i_croc_soc/i_croc/i_dm_top.i_dm_top/_7018_/B1 (sg13g2_o21ai_1)
     1    0.00    0.08    0.05    2.56 ^ i_croc_soc/i_croc/i_dm_top.i_dm_top/_7018_/Y (sg13g2_o21ai_1)
                                         i_croc_soc/i_croc/i_dm_top.i_dm_top/_0336_ (net)
                  0.08    0.00    2.56 ^ i_croc_soc/i_croc/i_dm_top.i_dm_top/i_dm_csrs.progbuf_o_239__reg/D (sg13g2_dfrbp_1)
                                  2.56   data arrival time

                          4.38    4.38   max_delay
                         -0.13    4.25   library setup time
                                  4.25   data required time
-----------------------------------------------------------------------------
                                  4.25   data required time
                                 -2.56   data arrival time
-----------------------------------------------------------------------------
                                  1.69   slack (MET)


Startpoint: i_croc_soc/i_croc/i_dmi_jtag/td_o_reg
            (rising edge-triggered flip-flop clocked by clk_jtg')
Endpoint: jtag_tdo_o (output port clocked by clk_jtg)
Path Group: clk_jtg
Path Type: max
Corner: tt

Fanout     Cap    Slew   Delay    Time   Description
-----------------------------------------------------------------------------
                         10.00   10.00   clock clk_jtg' (rise edge)
                          0.00   10.00   clock source latency
     1    0.23    0.49    0.03   10.03 v jtag_tck_i (in)
                                         jtag_tck_i (net)
                  0.49    0.00   10.03 v pad_jtag_tck_i/pad (sg13g2_IOPadIn)
     1    0.06    0.17    0.65   10.68 v pad_jtag_tck_i/p2c (sg13g2_IOPadIn)
                                         soc_jtag_tck_i (net)
                  0.13    0.01   10.69 v clkbuf_0_soc_jtag_tck_i/A (sg13g2_buf_8)
     8    0.14    0.07    0.15   10.84 v clkbuf_0_soc_jtag_tck_i/X (sg13g2_buf_8)
                                         clknet_0_soc_jtag_tck_i (net)
                  0.07    0.01   10.85 v clkbuf_3_5__f_soc_jtag_tck_i/A (sg13g2_buf_8)
     7    0.15    0.08    0.13   10.98 v clkbuf_3_5__f_soc_jtag_tck_i/X (sg13g2_buf_8)
                                         clknet_3_5__leaf_soc_jtag_tck_i (net)
                  0.08    0.01   10.99 v clkbuf_leaf_3_soc_jtag_tck_i/A (sg13g2_buf_16)
     8    0.03    0.02    0.10   11.09 v clkbuf_leaf_3_soc_jtag_tck_i/X (sg13g2_buf_16)
                                         clknet_leaf_3_soc_jtag_tck_i (net)
                  0.02    0.00   11.09 v i_croc_soc/i_croc/i_dmi_jtag/i_dmi_jtag_tap.i_tck_inv/i_inv_6091/A (sg13g2_inv_1)
     1    0.00    0.03    0.03   11.12 ^ i_croc_soc/i_croc/i_dmi_jtag/i_dmi_jtag_tap.i_tck_inv/i_inv_6091/Y (sg13g2_inv_1)
                                         net6091 (net)
                  0.03    0.00   11.12 ^ i_croc_soc/i_croc/i_dmi_jtag/i_dmi_jtag_tap.i_dft_tck_mux/i_mux/A0 (sg13g2_mux2_1)
     1    0.01    0.06    0.11   11.23 ^ i_croc_soc/i_croc/i_dmi_jtag/i_dmi_jtag_tap.i_dft_tck_mux/i_mux/X (sg13g2_mux2_1)
                                         i_croc_soc/i_croc/i_dmi_jtag/i_dmi_jtag_tap.tck_n (net)
                  0.06    0.00   11.23 ^ clkbuf_0_i_croc_soc/i_croc/i_dmi_jtag/i_dmi_jtag_tap.tck_n/A (sg13g2_buf_8)
     2    0.02    0.03    0.08   11.31 ^ clkbuf_0_i_croc_soc/i_croc/i_dmi_jtag/i_dmi_jtag_tap.tck_n/X (sg13g2_buf_8)
                                         clknet_0_i_croc_soc/i_croc/i_dmi_jtag/i_dmi_jtag_tap.tck_n (net)
                  0.03    0.00   11.31 ^ clkbuf_1_0__f_i_croc_soc/i_croc/i_dmi_jtag/i_dmi_jtag_tap.tck_n/A (sg13g2_buf_8)
     1    0.00    0.02    0.06   11.37 ^ clkbuf_1_0__f_i_croc_soc/i_croc/i_dmi_jtag/i_dmi_jtag_tap.tck_n/X (sg13g2_buf_8)
                                         clknet_1_0__leaf_i_croc_soc/i_croc/i_dmi_jtag/i_dmi_jtag_tap.tck_n (net)
                  0.02    0.00   11.37 ^ i_croc_soc/i_croc/i_dmi_jtag/td_o_reg/CLK (sg13g2_dfrbp_2)
     1    0.12    0.25    0.37   11.74 ^ i_croc_soc/i_croc/i_dmi_jtag/td_o_reg/Q (sg13g2_dfrbp_2)
                                         soc_jtag_tdo_o (net)
                  0.35    0.04   11.79 ^ pad_jtag_tdo_o/c2p (sg13g2_IOPadOut16mA)
     1   15.00    3.55    3.26   15.05 ^ pad_jtag_tdo_o/pad (sg13g2_IOPadOut16mA)
                                         jtag_tdo_o (net)
                  2.66    0.00   15.05 ^ jtag_tdo_o (out)
                                 15.05   data arrival time

                         20.00   20.00   clock clk_jtg (rise edge)
                          0.00   20.00   clock network delay (propagated)
                         -0.10   19.90   clock uncertainty
                          0.00   19.90   clock reconvergence pessimism
                         -5.00   14.90   output external delay
                                 14.90   data required time
-----------------------------------------------------------------------------
                                 14.90   data required time
                                -15.05   data arrival time
-----------------------------------------------------------------------------
                                 -0.15   slack (VIOLATED)


Startpoint: i_croc_soc/i_croc/i_core_wrap/i_ibex.id_stage_i.controller_i.instr_i_21__reg
            (rising edge-triggered flip-flop clocked by clk_sys)
Endpoint: i_croc_soc/i_croc/i_core_wrap/i_ibex.crash_dump_o_95__reg
          (rising edge-triggered flip-flop clocked by clk_sys)
Path Group: clk_sys
Path Type: max
Corner: tt

Fanout     Cap    Slew   Delay    Time   Description
-----------------------------------------------------------------------------
                          0.00    0.00   clock clk_sys (rise edge)
                          0.00    0.00   clock source latency
     1    0.24    0.35    0.04    0.04 ^ clk_i (in)
                                         clk_i (net)
                  0.35    0.00    0.04 ^ pad_clk_i/pad (sg13g2_IOPadIn)
     6    0.09    0.18    0.13    0.16 ^ pad_clk_i/p2c (sg13g2_IOPadIn)
                                         soc_clk_i (net)
                  0.14    0.02    0.18 ^ clkbuf_0_soc_clk_i/A (sg13g2_buf_8)
     4    0.20    0.11    0.17    0.35 ^ clkbuf_0_soc_clk_i/X (sg13g2_buf_8)
                                         clknet_0_soc_clk_i (net)
                  0.13    0.03    0.38 ^ clkbuf_2_3_0_soc_clk_i/A (sg13g2_buf_16)
     4    0.16    0.05    0.12    0.50 ^ clkbuf_2_3_0_soc_clk_i/X (sg13g2_buf_16)
                                         clknet_2_3_0_soc_clk_i (net)
                  0.07    0.02    0.53 ^ clkbuf_4_12_0_soc_clk_i/A (sg13g2_buf_16)
     8    0.18    0.06    0.11    0.64 ^ clkbuf_4_12_0_soc_clk_i/X (sg13g2_buf_16)
                                         clknet_4_12_0_soc_clk_i (net)
                  0.06    0.01    0.64 ^ clkbuf_7_101__f_soc_clk_i/A (sg13g2_buf_8)
     7    0.16    0.09    0.13    0.77 ^ clkbuf_7_101__f_soc_clk_i/X (sg13g2_buf_8)
                                         clknet_7_101__leaf_soc_clk_i (net)
                  0.10    0.01    0.78 ^ clkbuf_leaf_511_soc_clk_i/A (sg13g2_buf_16)
     4    0.04    0.03    0.10    0.88 ^ clkbuf_leaf_511_soc_clk_i/X (sg13g2_buf_16)
                                         clknet_leaf_511_soc_clk_i (net)
                  0.03    0.00    0.88 ^ i_croc_soc/i_croc/i_core_wrap/i_ibex.id_stage_i.controller_i.instr_i_21__reg/CLK (sg13g2_dfrbp_2)
     3    0.10    0.22    0.37    1.25 ^ i_croc_soc/i_croc/i_core_wrap/i_ibex.id_stage_i.controller_i.instr_i_21__reg/Q (sg13g2_dfrbp_2)
                                         i_croc_soc/i_croc/i_core_wrap/i_ibex.id_stage_i.controller_i.instr_i_21_ (net)
                  0.22    0.02    1.27 ^ fanout1678/A (sg13g2_buf_8)
     8    0.06    0.05    0.15    1.42 ^ fanout1678/X (sg13g2_buf_8)
                                         net1678 (net)
                  0.05    0.00    1.43 ^ fanout1674/A (sg13g2_buf_4)
     8    0.09    0.11    0.15    1.58 ^ fanout1674/X (sg13g2_buf_4)
                                         net1674 (net)
                  0.11    0.01    1.58 ^ i_croc_soc/i_croc/i_core_wrap/i_ibex.register_file_i/_4987_/B (sg13g2_nor2_1)
     1    0.00    0.04    0.06    1.64 v i_croc_soc/i_croc/i_core_wrap/i_ibex.register_file_i/_4987_/Y (sg13g2_nor2_1)
                                         i_croc_soc/i_croc/i_core_wrap/i_ibex.register_file_i/_1916_ (net)
                  0.04    0.00    1.64 v fanout4248/A (sg13g2_buf_4)
     4    0.04    0.04    0.10    1.74 v fanout4248/X (sg13g2_buf_4)
                                         net4248 (net)
                  0.04    0.00    1.74 v fanout4242/A (sg13g2_buf_4)
     6    0.08    0.08    0.12    1.86 v fanout4242/X (sg13g2_buf_4)
                                         net4242 (net)
                  0.08    0.01    1.87 v fanout4241/A (sg13g2_buf_4)
     8    0.08    0.08    0.14    2.00 v fanout4241/X (sg13g2_buf_4)
                                         net4241 (net)
                  0.08    0.01    2.01 v fanout4239/A (sg13g2_buf_4)
     8    0.07    0.07    0.13    2.14 v fanout4239/X (sg13g2_buf_4)
                                         net4239 (net)
                  0.07    0.01    2.14 v i_croc_soc/i_croc/i_core_wrap/i_ibex.register_file_i/_5715_/A1 (sg13g2_a22oi_1)
     1    0.01    0.09    0.11    2.26 ^ i_croc_soc/i_croc/i_core_wrap/i_ibex.register_file_i/_5715_/Y (sg13g2_a22oi_1)
                                         i_croc_soc/i_croc/i_core_wrap/i_ibex.register_file_i/_2620_ (net)
                  0.09    0.00    2.26 ^ i_croc_soc/i_croc/i_core_wrap/i_ibex.register_file_i/_5719_/A1 (sg13g2_a21oi_1)
     1    0.01    0.08    0.11    2.36 v i_croc_soc/i_croc/i_core_wrap/i_ibex.register_file_i/_5719_/Y (sg13g2_a21oi_1)
                                         i_croc_soc/i_croc/i_core_wrap/i_ibex.register_file_i/_2624_ (net)
                  0.08    0.00    2.37 v i_croc_soc/i_croc/i_core_wrap/i_ibex.register_file_i/_5720_/C1 (sg13g2_a221oi_1)
     1    0.02    0.25    0.22    2.59 ^ i_croc_soc/i_croc/i_core_wrap/i_ibex.register_file_i/_5720_/Y (sg13g2_a221oi_1)
                                         i_croc_soc/i_croc/i_core_wrap/i_ibex.register_file_i/_2625_ (net)
                  0.25    0.00    2.59 ^ i_croc_soc/i_croc/i_core_wrap/i_ibex.register_file_i/_5721_/C (sg13g2_nand3_1)
    19    0.15    1.25    1.01    3.60 v i_croc_soc/i_croc/i_core_wrap/i_ibex.register_file_i/_5721_/Y (sg13g2_nand3_1)
                                         i_croc_soc/i_croc/i_core_wrap/i_ibex.ex_block_i.multdiv_operand_b_i_1_ (net)
                  1.25    0.05    3.65 v i_croc_soc/i_croc/i_core_wrap/_5624_/A1 (sg13g2_o21ai_1)
     1    0.01    0.23    0.31    3.96 ^ i_croc_soc/i_croc/i_core_wrap/_5624_/Y (sg13g2_o21ai_1)
                                         i_croc_soc/i_croc/i_core_wrap/_0971_ (net)
                  0.23    0.00    3.96 ^ i_croc_soc/i_croc/i_core_wrap/_5641_/A1 (sg13g2_o21ai_1)
     4    0.03    0.20    0.25    4.21 v i_croc_soc/i_croc/i_core_wrap/_5641_/Y (sg13g2_o21ai_1)
                                         i_croc_soc/i_croc/i_core_wrap/_0988_ (net)
                  0.20    0.00    4.21 v i_croc_soc/i_croc/i_core_wrap/_5721_/B (sg13g2_nand2_2)
     6    0.04    0.13    0.16    4.37 ^ i_croc_soc/i_croc/i_core_wrap/_5721_/Y (sg13g2_nand2_2)
                                         i_croc_soc/i_croc/i_core_wrap/_1064_ (net)
                  0.13    0.00    4.37 ^ i_croc_soc/i_croc/i_core_wrap/_5735_/B1 (sg13g2_a21oi_1)
     3    0.01    0.12    0.10    4.47 v i_croc_soc/i_croc/i_core_wrap/_5735_/Y (sg13g2_a21oi_1)
                                         i_croc_soc/i_croc/i_core_wrap/_1077_ (net)
                  0.12    0.00    4.47 v i_croc_soc/i_croc/i_core_wrap/_5738_/A1 (sg13g2_o21ai_1)
     4    0.02    0.20    0.22    4.69 ^ i_croc_soc/i_croc/i_core_wrap/_5738_/Y (sg13g2_o21ai_1)
                                         i_croc_soc/i_croc/i_core_wrap/_1080_ (net)
                  0.20    0.00    4.69 ^ i_croc_soc/i_croc/i_core_wrap/_5755_/B (sg13g2_nand3_1)
     6    0.04    0.32    0.34    5.03 v i_croc_soc/i_croc/i_core_wrap/_5755_/Y (sg13g2_nand3_1)
                                         i_croc_soc/i_croc/i_core_wrap/_1097_ (net)
                  0.32    0.00    5.03 v i_croc_soc/i_croc/i_core_wrap/_5756_/B1 (sg13g2_o21ai_1)
     2    0.01    0.14    0.15    5.18 ^ i_croc_soc/i_croc/i_core_wrap/_5756_/Y (sg13g2_o21ai_1)
                                         i_croc_soc/i_croc/i_core_wrap/_1098_ (net)
                  0.14    0.00    5.18 ^ i_croc_soc/i_croc/i_core_wrap/_5927_/A1 (sg13g2_a221oi_1)
     2    0.02    0.17    0.19    5.38 v i_croc_soc/i_croc/i_core_wrap/_5927_/Y (sg13g2_a221oi_1)
                                         i_croc_soc/i_croc/i_core_wrap/_1262_ (net)
                  0.17    0.00    5.38 v fanout1075/A (sg13g2_buf_2)
     8    0.04    0.08    0.18    5.56 v fanout1075/X (sg13g2_buf_2)
                                         net1075 (net)
                  0.08    0.00    5.56 v fanout1073/A (sg13g2_buf_2)
     8    0.05    0.09    0.16    5.72 v fanout1073/X (sg13g2_buf_2)
                                         net1073 (net)
                  0.09    0.00    5.72 v i_croc_soc/i_croc/i_core_wrap/_6454_/A1 (sg13g2_o21ai_1)
     1    0.01    0.13    0.14    5.86 ^ i_croc_soc/i_croc/i_core_wrap/_6454_/Y (sg13g2_o21ai_1)
                                         i_croc_soc/i_croc/i_core_wrap/_1752_ (net)
                  0.13    0.00    5.86 ^ i_croc_soc/i_croc/i_core_wrap/_6455_/B1 (sg13g2_a22oi_1)
     7    0.09    0.55    0.46    6.32 v i_croc_soc/i_croc/i_core_wrap/_6455_/Y (sg13g2_a22oi_1)
                                         i_croc_soc/i_croc/core_data_obi_req_63_ (net)
                  0.55    0.01    6.34 v i_croc_soc/i_croc/i_core_wrap/_7321_/A1 (sg13g2_a221oi_1)
     1    0.00    0.14    0.23    6.57 ^ i_croc_soc/i_croc/i_core_wrap/_7321_/Y (sg13g2_a221oi_1)
                                         i_croc_soc/i_croc/i_core_wrap/_2485_ (net)
                  0.14    0.00    6.57 ^ i_croc_soc/i_croc/i_core_wrap/_7323_/A (sg13g2_or2_2)
     4    0.04    0.09    0.19    6.76 ^ i_croc_soc/i_croc/i_core_wrap/_7323_/X (sg13g2_or2_2)
                                         i_croc_soc/i_croc/i_core_wrap/_2487_ (net)
                  0.09    0.00    6.76 ^ i_croc_soc/i_croc/i_core_wrap/_8561_/A (sg13g2_nand2_1)
     3    0.02    0.12    0.14    6.90 v i_croc_soc/i_croc/i_core_wrap/_8561_/Y (sg13g2_nand2_1)
                                         i_croc_soc/i_croc/i_core_wrap/_3568_ (net)
                  0.12    0.00    6.90 v i_croc_soc/i_croc/i_core_wrap/_8882_/A1 (sg13g2_mux2_2)
     4    0.04    0.10    0.23    7.13 v i_croc_soc/i_croc/i_core_wrap/_8882_/X (sg13g2_mux2_2)
                                         i_croc_soc/i_croc/core_instr_obi_req_63_ (net)
                  0.11    0.01    7.14 v i_croc_soc/i_croc/_3729_/B (sg13g2_nor4_1)
     1    0.02    0.38    0.36    7.50 ^ i_croc_soc/i_croc/_3729_/Y (sg13g2_nor4_1)
                                         i_croc_soc/i_croc/_0355_ (net)
                  0.38    0.00    7.50 ^ i_croc_soc/i_croc/_3730_/D (sg13g2_nand4_1)
     3    0.02    0.23    0.30    7.81 v i_croc_soc/i_croc/_3730_/Y (sg13g2_nand4_1)
                                         i_croc_soc/i_croc/_0356_ (net)
                  0.23    0.00    7.81 v i_croc_soc/i_croc/_3735_/A (sg13g2_nor2_2)
     6    0.04    0.22    0.23    8.03 ^ i_croc_soc/i_croc/_3735_/Y (sg13g2_nor2_2)
                                         i_croc_soc/i_croc/_0361_ (net)
                  0.22    0.00    8.04 ^ i_croc_soc/i_croc/_3743_/A2 (sg13g2_a21oi_2)
     2    0.01    0.07    0.12    8.16 v i_croc_soc/i_croc/_3743_/Y (sg13g2_a21oi_2)
                                         i_croc_soc/i_croc/_0369_ (net)
                  0.07    0.00    8.16 v i_croc_soc/i_croc/_3752_/A1 (sg13g2_o21ai_1)
     2    0.02    0.20    0.20    8.37 ^ i_croc_soc/i_croc/_3752_/Y (sg13g2_o21ai_1)
                                         i_croc_soc/i_croc/_0378_ (net)
                  0.20    0.00    8.37 ^ i_croc_soc/i_croc/_3755_/A2 (sg13g2_a21oi_2)
     7    0.05    0.17    0.22    8.59 v i_croc_soc/i_croc/_3755_/Y (sg13g2_a21oi_2)
                                         i_croc_soc/i_croc/_0381_ (net)
                  0.17    0.00    8.59 v i_croc_soc/i_croc/_3758_/A1 (sg13g2_a21oi_2)
     3    0.02    0.11    0.15    8.74 ^ i_croc_soc/i_croc/_3758_/Y (sg13g2_a21oi_2)
                                         i_croc_soc/i_croc/_0384_ (net)
                  0.11    0.00    8.74 ^ i_croc_soc/i_croc/_3759_/A (sg13g2_inv_2)
     6    0.03    0.06    0.08    8.82 v i_croc_soc/i_croc/_3759_/Y (sg13g2_inv_2)
                                         i_croc_soc/i_croc/i_main_xbar.gen_mux[1].i_mux.i_rr_arb.gen_arbiter.gen_int_rr.gen_lock.req_q_3__reg_D (net)
                  0.06    0.00    8.82 v i_croc_soc/i_croc/_3760_/A2 (sg13g2_o21ai_1)
     3    0.03    0.29    0.26    9.08 ^ i_croc_soc/i_croc/_3760_/Y (sg13g2_o21ai_1)
                                         i_croc_soc/i_croc/_0385_ (net)
                  0.29    0.00    9.08 ^ i_croc_soc/i_croc/_3761_/B (sg13g2_nand2_1)
     1    0.01    0.07    0.12    9.20 v i_croc_soc/i_croc/_3761_/Y (sg13g2_nand2_1)
                                         i_croc_soc/i_croc/_0386_ (net)
                  0.07    0.00    9.20 v fanout2693/A (sg13g2_buf_4)
     7    0.04    0.05    0.11    9.31 v fanout2693/X (sg13g2_buf_4)
                                         net2693 (net)
                  0.05    0.00    9.32 v fanout2692/A (sg13g2_buf_4)
     8    0.04    0.04    0.10    9.42 v fanout2692/X (sg13g2_buf_4)
                                         net2692 (net)
                  0.04    0.00    9.42 v fanout1008/A (sg13g2_buf_4)
     8    0.07    0.07    0.12    9.54 v fanout1008/X (sg13g2_buf_4)
                                         net1008 (net)
                  0.07    0.01    9.54 v i_croc_soc/i_croc/_3871_/C1 (sg13g2_a221oi_1)
     2    0.02    0.28    0.24    9.78 ^ i_croc_soc/i_croc/_3871_/Y (sg13g2_a221oi_1)
                                         i_croc_soc/i_croc/_0496_ (net)
                  0.28    0.00    9.78 ^ i_croc_soc/i_croc/_3878_/B1 (sg13g2_a21oi_2)
     8    0.04    0.15    0.18    9.96 v i_croc_soc/i_croc/_3878_/Y (sg13g2_a21oi_2)
                                         i_croc_soc/i_croc/_0503_ (net)
                  0.15    0.00    9.96 v i_croc_soc/i_croc/_3881_/B (sg13g2_nand4_1)
     1    0.00    0.06    0.08   10.04 ^ i_croc_soc/i_croc/_3881_/Y (sg13g2_nand4_1)
                                         i_croc_soc/i_croc/_0506_ (net)
                  0.06    0.00   10.04 ^ i_croc_soc/i_croc/_3882_/B (sg13g2_and2_1)
     2    0.01    0.05    0.11   10.15 ^ i_croc_soc/i_croc/_3882_/X (sg13g2_and2_1)
                                         i_croc_soc/i_croc/_0507_ (net)
                  0.05    0.00   10.16 ^ i_croc_soc/i_croc/_4546_/B (sg13g2_and2_1)
     3    0.01    0.07    0.13   10.28 ^ i_croc_soc/i_croc/_4546_/X (sg13g2_and2_1)
                                         i_croc_soc/i_croc/_1065_ (net)
                  0.07    0.00   10.28 ^ i_croc_soc/i_croc/_4631_/B1 (sg13g2_a21o_1)
     2    0.01    0.06    0.10   10.38 ^ i_croc_soc/i_croc/_4631_/X (sg13g2_a21o_1)
                                         i_croc_soc/i_croc/_1083_ (net)
                  0.06    0.00   10.38 ^ i_croc_soc/i_croc/_4634_/A (sg13g2_or2_1)
     4    0.02    0.08    0.12   10.50 ^ i_croc_soc/i_croc/_4634_/X (sg13g2_or2_1)
                                         i_croc_soc/i_croc/_1086_ (net)
                  0.08    0.00   10.51 ^ i_croc_soc/i_croc/_4636_/A_N (sg13g2_nand2b_1)
     1    0.01    0.08    0.09   10.60 ^ i_croc_soc/i_croc/_4636_/Y (sg13g2_nand2b_1)
                                         i_croc_soc/i_croc/_1088_ (net)
                  0.08    0.00   10.60 ^ fanout2483/A (sg13g2_buf_4)
     4    0.04    0.05    0.13   10.73 ^ fanout2483/X (sg13g2_buf_4)
                                         net2483 (net)
                  0.05    0.00   10.73 ^ fanout2478/A (sg13g2_buf_2)
     4    0.01    0.04    0.09   10.82 ^ fanout2478/X (sg13g2_buf_2)
                                         net2478 (net)
                  0.04    0.00   10.83 ^ fanout2475/A (sg13g2_buf_2)
     8    0.05    0.10    0.13   10.96 ^ fanout2475/X (sg13g2_buf_2)
                                         net2475 (net)
                  0.11    0.01   10.97 ^ i_croc_soc/i_croc/_4639_/B (sg13g2_nor2_1)
     1    0.01    0.05    0.06   11.03 v i_croc_soc/i_croc/_4639_/Y (sg13g2_nor2_1)
                                         i_croc_soc/i_croc/all_periph_obi_rsp_157_ (net)
                  0.05    0.00   11.03 v fanout2389/A (sg13g2_buf_2)
     4    0.03    0.05    0.11   11.14 v fanout2389/X (sg13g2_buf_2)
                                         net2389 (net)
                  0.05    0.00   11.14 v fanout2388/A (sg13g2_buf_2)
     5    0.02    0.04    0.10   11.24 v fanout2388/X (sg13g2_buf_2)
                                         net2388 (net)
                  0.04    0.00   11.24 v i_croc_soc/i_croc/i_gpio/_1354_/A (sg13g2_nand2_1)
     2    0.01    0.05    0.05   11.30 ^ i_croc_soc/i_croc/i_gpio/_1354_/Y (sg13g2_nand2_1)
                                         i_croc_soc/i_croc/i_gpio/_0150_ (net)
                  0.05    0.00   11.30 ^ i_croc_soc/i_croc/i_gpio/_1355_/B (sg13g2_nand3_1)
     1    0.01    0.07    0.09   11.39 v i_croc_soc/i_croc/i_gpio/_1355_/Y (sg13g2_nand3_1)
                                         i_croc_soc/i_croc/i_gpio/_0151_ (net)
                  0.07    0.00   11.39 v i_croc_soc/i_croc/i_gpio/_1356_/B1 (sg13g2_o21ai_1)
     1    0.01    0.12    0.07   11.45 ^ i_croc_soc/i_croc/i_gpio/_1356_/Y (sg13g2_o21ai_1)
                                         i_croc_soc/i_croc/all_periph_obi_rsp_159_ (net)
                  0.12    0.00   11.45 ^ i_croc_soc/i_croc/_5909_/A2 (sg13g2_a22oi_1)
     1    0.00    0.06    0.11   11.56 v i_croc_soc/i_croc/_5909_/Y (sg13g2_a22oi_1)
                                         i_croc_soc/i_croc/_2067_ (net)
                  0.06    0.00   11.56 v i_croc_soc/i_croc/_5911_/A2 (sg13g2_o21ai_1)
     4    0.10    0.95    0.72   12.28 ^ i_croc_soc/i_croc/_5911_/Y (sg13g2_o21ai_1)
                                         i_croc_soc/i_croc/_2069_ (net)
                  0.95    0.02   12.30 ^ i_croc_soc/i_croc/_6135_/A2 (sg13g2_a21oi_1)
     1    0.00    0.15    0.22   12.52 v i_croc_soc/i_croc/_6135_/Y (sg13g2_a21oi_1)
                                         i_croc_soc/i_croc/_2260_ (net)
                  0.15    0.00   12.52 v i_croc_soc/i_croc/_6136_/B (sg13g2_and2_1)
     1    0.01    0.04    0.13   12.65 v i_croc_soc/i_croc/_6136_/X (sg13g2_and2_1)
                                         i_croc_soc/i_croc/_2261_ (net)
                  0.04    0.00   12.65 v i_croc_soc/i_croc/_6137_/C (sg13g2_nor3_2)
     5    0.04    0.29    0.24   12.89 ^ i_croc_soc/i_croc/_6137_/Y (sg13g2_nor3_2)
                                         i_croc_soc/i_croc/core_instr_obi_rsp_3_ (net)
                  0.29    0.00   12.89 ^ i_croc_soc/i_croc/i_core_wrap/_6599_/B_N (sg13g2_nor2b_1)
     2    0.01    0.08    0.18   13.08 ^ i_croc_soc/i_croc/i_core_wrap/_6599_/Y (sg13g2_nor2b_1)
                                         i_croc_soc/i_croc/i_core_wrap/_1854_ (net)
                  0.08    0.00   13.08 ^ i_croc_soc/i_croc/i_core_wrap/_6600_/B1 (sg13g2_a21o_1)
     3    0.01    0.06    0.11   13.19 ^ i_croc_soc/i_croc/i_core_wrap/_6600_/X (sg13g2_a21o_1)
                                         i_croc_soc/i_croc/i_core_wrap/_1855_ (net)
                  0.06    0.00   13.19 ^ i_croc_soc/i_croc/i_core_wrap/_6945_/B (sg13g2_or3_2)
     3    0.04    0.09    0.15   13.34 ^ i_croc_soc/i_croc/i_core_wrap/_6945_/X (sg13g2_or3_2)
                                         i_croc_soc/i_croc/i_core_wrap/_2134_ (net)
                  0.09    0.00   13.34 ^ fanout2127/A (sg13g2_buf_1)
     4    0.03    0.13    0.16   13.50 ^ fanout2127/X (sg13g2_buf_1)
                                         net2127 (net)
                  0.13    0.00   13.50 ^ fanout2126/A (sg13g2_buf_2)
     8    0.04    0.09    0.16   13.66 ^ fanout2126/X (sg13g2_buf_2)
                                         net2126 (net)
                  0.09    0.00   13.67 ^ i_croc_soc/i_croc/i_core_wrap/_7147_/B (sg13g2_and3_1)
     2    0.01    0.05    0.15   13.81 ^ i_croc_soc/i_croc/i_core_wrap/_7147_/X (sg13g2_and3_1)
                                         i_croc_soc/i_croc/i_core_wrap/_2322_ (net)
                  0.05    0.00   13.81 ^ i_croc_soc/i_croc/i_core_wrap/_7163_/B (sg13g2_and2_1)
     2    0.01    0.05    0.11   13.92 ^ i_croc_soc/i_croc/i_core_wrap/_7163_/X (sg13g2_and2_1)
                                         i_croc_soc/i_croc/i_core_wrap/_2337_ (net)
                  0.05    0.00   13.92 ^ i_croc_soc/i_croc/i_core_wrap/_7182_/B (sg13g2_and2_1)
     2    0.01    0.06    0.11   14.04 ^ i_croc_soc/i_croc/i_core_wrap/_7182_/X (sg13g2_and2_1)
                                         i_croc_soc/i_croc/i_core_wrap/_2355_ (net)
                  0.06    0.00   14.04 ^ i_croc_soc/i_croc/i_core_wrap/_7212_/B (sg13g2_and2_1)
     2    0.02    0.08    0.14   14.18 ^ i_croc_soc/i_croc/i_core_wrap/_7212_/X (sg13g2_and2_1)
                                         i_croc_soc/i_croc/i_core_wrap/_2384_ (net)
                  0.08    0.00   14.18 ^ i_croc_soc/i_croc/i_core_wrap/_7215_/B (sg13g2_and2_2)
     8    0.05    0.11    0.19   14.36 ^ i_croc_soc/i_croc/i_core_wrap/_7215_/X (sg13g2_and2_2)
                                         i_croc_soc/i_croc/i_core_wrap/_2387_ (net)
                  0.11    0.01   14.37 ^ i_croc_soc/i_croc/i_core_wrap/_7315_/B (sg13g2_and3_1)
     2    0.01    0.05    0.16   14.53 ^ i_croc_soc/i_croc/i_core_wrap/_7315_/X (sg13g2_and3_1)
                                         i_croc_soc/i_croc/i_core_wrap/_2479_ (net)
                  0.05    0.00   14.53 ^ i_croc_soc/i_croc/i_core_wrap/_7325_/B (sg13g2_and2_1)
     2    0.01    0.05    0.10   14.63 ^ i_croc_soc/i_croc/i_core_wrap/_7325_/X (sg13g2_and2_1)
                                         i_croc_soc/i_croc/i_core_wrap/_2488_ (net)
                  0.05    0.00   14.63 ^ i_croc_soc/i_croc/i_core_wrap/_7338_/B (sg13g2_and2_1)
     3    0.01    0.06    0.12   14.75 ^ i_croc_soc/i_croc/i_core_wrap/_7338_/X (sg13g2_and2_1)
                                         i_croc_soc/i_croc/i_core_wrap/_2499_ (net)
                  0.06    0.00   14.75 ^ i_croc_soc/i_croc/i_core_wrap/_7370_/C (sg13g2_and3_1)
     4    0.02    0.09    0.18   14.93 ^ i_croc_soc/i_croc/i_core_wrap/_7370_/X (sg13g2_and3_1)
                                         i_croc_soc/i_croc/i_core_wrap/_2529_ (net)
                  0.09    0.00   14.93 ^ i_croc_soc/i_croc/i_core_wrap/_7400_/D (sg13g2_and4_1)
     2    0.01    0.06    0.20   15.13 ^ i_croc_soc/i_croc/i_core_wrap/_7400_/X (sg13g2_and4_1)
                                         i_croc_soc/i_croc/i_core_wrap/_2556_ (net)
                  0.06    0.00   15.13 ^ i_croc_soc/i_croc/i_core_wrap/_7402_/B (sg13g2_and2_1)
     3    0.02    0.07    0.13   15.26 ^ i_croc_soc/i_croc/i_core_wrap/_7402_/X (sg13g2_and2_1)
                                         i_croc_soc/i_croc/i_core_wrap/_2558_ (net)
                  0.07    0.00   15.26 ^ i_croc_soc/i_croc/i_core_wrap/_7414_/C (sg13g2_nand3_1)
     1    0.00    0.08    0.10   15.36 v i_croc_soc/i_croc/i_core_wrap/_7414_/Y (sg13g2_nand3_1)
                                         i_croc_soc/i_croc/i_core_wrap/_2569_ (net)
                  0.08    0.00   15.36 v i_croc_soc/i_croc/i_core_wrap/_7415_/A2 (sg13g2_a21oi_1)
     1    0.00    0.08    0.10   15.46 ^ i_croc_soc/i_croc/i_core_wrap/_7415_/Y (sg13g2_a21oi_1)
                                         i_croc_soc/i_croc/i_core_wrap/_2570_ (net)
                  0.08    0.00   15.46 ^ i_croc_soc/i_croc/i_core_wrap/_7416_/B1 (sg13g2_a21oi_1)
     1    0.00    0.05    0.05   15.51 v i_croc_soc/i_croc/i_core_wrap/_7416_/Y (sg13g2_a21oi_1)
                                         i_croc_soc/i_croc/i_core_wrap/_0090_ (net)
                  0.05    0.00   15.51 v i_croc_soc/i_croc/i_core_wrap/i_ibex.crash_dump_o_95__reg/D (sg13g2_dfrbp_2)
                                 15.51   data arrival time

                         12.50   12.50   clock clk_sys (rise edge)
                          0.00   12.50   clock source latency
     1    0.20    0.34    0.03   12.53 ^ clk_i (in)
                                         clk_i (net)
                  0.34    0.00   12.53 ^ pad_clk_i/pad (sg13g2_IOPadIn)
     6    0.09    0.18    0.13   12.65 ^ pad_clk_i/p2c (sg13g2_IOPadIn)
                                         soc_clk_i (net)
                  0.14    0.02   12.68 ^ clkbuf_0_soc_clk_i/A (sg13g2_buf_8)
     4    0.20    0.11    0.17   12.85 ^ clkbuf_0_soc_clk_i/X (sg13g2_buf_8)
                                         clknet_0_soc_clk_i (net)
                  0.13    0.03   12.87 ^ clkbuf_2_3_0_soc_clk_i/A (sg13g2_buf_16)
     4    0.16    0.05    0.12   13.00 ^ clkbuf_2_3_0_soc_clk_i/X (sg13g2_buf_16)
                                         clknet_2_3_0_soc_clk_i (net)
                  0.07    0.02   13.02 ^ clkbuf_4_13_0_soc_clk_i/A (sg13g2_buf_16)
     8    0.17    0.06    0.11   13.13 ^ clkbuf_4_13_0_soc_clk_i/X (sg13g2_buf_16)
                                         clknet_4_13_0_soc_clk_i (net)
                  0.07    0.02   13.14 ^ clkbuf_7_104__f_soc_clk_i/A (sg13g2_buf_8)
     7    0.18    0.11    0.14   13.29 ^ clkbuf_7_104__f_soc_clk_i/X (sg13g2_buf_8)
                                         clknet_7_104__leaf_soc_clk_i (net)
                  0.11    0.01   13.30 ^ clkbuf_leaf_559_soc_clk_i/A (sg13g2_buf_16)
     8    0.04    0.03    0.11   13.40 ^ clkbuf_leaf_559_soc_clk_i/X (sg13g2_buf_16)
                                         clknet_leaf_559_soc_clk_i (net)
                  0.03    0.00   13.41 ^ i_croc_soc/i_croc/i_core_wrap/i_ibex.crash_dump_o_95__reg/CLK (sg13g2_dfrbp_2)
                         -0.10   13.31   clock uncertainty
                          0.01   13.31   clock reconvergence pessimism
                         -0.13   13.18   library setup time
                                 13.18   data required time
-----------------------------------------------------------------------------
                                 13.18   data required time
                                -15.51   data arrival time
-----------------------------------------------------------------------------
                                 -2.32   slack (VIOLATED)



==========================================================================
07_croc_after_parasitics.final report_check_types -max_slew -max_cap -max_fanout -violators
--------------------------------------------------------------------------

==========================================================================
07_croc_after_parasitics.final max_slew_check_slack
--------------------------------------------------------------------------
-2.4305672645568848

==========================================================================
07_croc_after_parasitics.final max_slew_check_limit
--------------------------------------------------------------------------
1.2000000476837158

==========================================================================
07_croc_after_parasitics.final max_slew_check_slack_limit
--------------------------------------------------------------------------
-2.0255

==========================================================================
07_croc_after_parasitics.final max_fanout_check_slack
--------------------------------------------------------------------------
-112.0

==========================================================================
07_croc_after_parasitics.final max_fanout_check_limit
--------------------------------------------------------------------------
8.0

==========================================================================
07_croc_after_parasitics.final max_fanout_check_slack_limit
--------------------------------------------------------------------------
-14.0000

==========================================================================
07_croc_after_parasitics.final max_capacitance_check_slack
--------------------------------------------------------------------------
-11.160959243774414

==========================================================================
07_croc_after_parasitics.final max_capacitance_check_limit
--------------------------------------------------------------------------
4.21304988861084

==========================================================================
07_croc_after_parasitics.final max_capacitance_check_slack_limit
--------------------------------------------------------------------------
-2.6491

==========================================================================
07_croc_after_parasitics.final max_slew_violation_count
--------------------------------------------------------------------------
max slew violation count 79

==========================================================================
07_croc_after_parasitics.final max_fanout_violation_count
--------------------------------------------------------------------------
max fanout violation count 285

==========================================================================
07_croc_after_parasitics.final max_cap_violation_count
--------------------------------------------------------------------------
max cap violation count 71

==========================================================================
07_croc_after_parasitics.final setup_violation_count
--------------------------------------------------------------------------
setup violation count 1582

==========================================================================
07_croc_after_parasitics.final hold_violation_count
--------------------------------------------------------------------------
hold violation count 0

==========================================================================
07_croc_after_parasitics.final critical path delay
--------------------------------------------------------------------------
15.5074

==========================================================================
07_croc_after_parasitics.final critical path slack
--------------------------------------------------------------------------
-2.3236

==========================================================================
07_croc_after_parasitics.final slack div critical path delay
--------------------------------------------------------------------------
-14.983814

==========================================================================
07_croc_after_parasitics.final report_power tt
--------------------------------------------------------------------------
Group                  Internal  Switching    Leakage      Total
                          Power      Power      Power      Power (Watts)
----------------------------------------------------------------
Sequential             2.63e-02   6.97e-04   2.76e-06   2.70e-02  45.1%
Combinational          5.34e-03   6.70e-03   5.84e-06   1.20e-02  20.1%
Clock                  1.28e-02   6.46e-03   1.59e-06   1.93e-02  32.2%
Macro                  0.00e+00   0.00e+00   0.00e+00   0.00e+00   0.0%
Pad                    1.23e-04   1.39e-03   1.08e-07   1.51e-03   2.5%
----------------------------------------------------------------
Total                  4.45e-02   1.52e-02   1.03e-05   5.98e-02 100.0%
                          74.5%      25.5%       0.0%

==========================================================================
07_croc_after_parasitics.final report_design_area
--------------------------------------------------------------------------

==========================================================================
07_croc_after_parasitics.final area by hierarchy
--------------------------------------------------------------------------

--------------------------------------------------------------------------------
Design Area Summary
--------------------------------------------------------------------------------
Die Area:              3980025.0 um2
Core Area:             2442871.872 um2
Total Area:            2534814.4704 um2
Total Active Area:     914414.4704 um2

Core Utilization:      0.37431945607992984
Std Cell Utilization:  0.3226456529999918

--------------------------------------------------------------------------------
Hierarchical Area Report
--------------------------------------------------------------------------------
                                                                                Global Area (um^2)                                                              Global Instances                                                                Local Area (um^2)                                                               Local Instances
                                                                                ------------------------------------------------------------------------------- ------------------------------------------------------------------------------- ------------------------------------------------------------------------------- ----------------------------------------------------------------------------
Hierarchy Name                                                                  Total           StdCell         Macro           Cover           Pad             Total           StdCell         Macro           Cover           Pad             Total           StdCell         Macro           Cover           Pad             Total           StdCell         Macro           Cover           Pad             
-----------------------------------------------------------------------------------------------------------------------------------------------------------------------------------------------------------------------------------------------------------------------------------------------------------------------------------------------------------------------------------------------------------
<top>                                                                           2534814.470     728053.402      186361.069      313600.000      1306800.000     43201           42939           2               64              196             1760972.454     140572.454      0.000           313600.000      1306800.000     11430           11170           0               64              196             
  i_croc_soc                                                                    773842.016      587480.947      186361.069      0.000           0.000           31771           31769           2               0               0               195.955         195.955         0.000           0.000           0.000           5               5               0               0               0               
    i_croc                                                                      746090.768      559729.699      186361.069      0.000           0.000           30514           30512           2               0               0               47330.438       47330.438       0.000           0.000           0.000           4082            4082            0               0               0               
      gen_sram_bank\[0\].i_sram                                                 95022.150       1841.616        93180.534       0.000           0.000           186             185             1               0               0               95022.150       1841.616        93180.534       0.000           0.000           186             185             1               0               0               
      gen_sram_bank\[1\].i_sram                                                 95014.893       1834.358        93180.534       0.000           0.000           186             185             1               0               0               95014.893       1834.358        93180.534       0.000           0.000           186             185             1               0               0               
      i_core_wrap                                                               214496.554      214496.554      0.000           0.000           0.000           11696           11696           0               0               0               69105.053       69105.053       0.000           0.000           0.000           4908            4908            0               0               0               
        i_ibex.cs_registers_i                                                   54003.802       54003.802       0.000           0.000           0.000           3114            3114            0               0               0               54003.802       54003.802       0.000           0.000           0.000           3114            3114            0               0               0               
        i_ibex.register_file_i                                                  91387.699       91387.699       0.000           0.000           0.000           3674            3674            0               0               0               91387.699       91387.699       0.000           0.000           0.000           3674            3674            0               0               0               
      i_dm_top.i_dm_top                                                         73822.493       73822.493       0.000           0.000           0.000           4627            4627            0               0               0               73822.493       73822.493       0.000           0.000           0.000           4627            4627            0               0               0               
      i_dmi_jtag                                                                39007.786       39007.786       0.000           0.000           0.000           2180            2180            0               0               0               15260.918       15260.918       0.000           0.000           0.000           996             996             0               0               0               
        i_dmi_cdc.i_cdc_req                                                     12601.008       12601.008       0.000           0.000           0.000           614             614             0               0               0               246.758         246.758         0.000           0.000           0.000           8               8               0               0               0               
          i_cdc_reset_ctrlr                                                     4015.267        4015.267        0.000           0.000           0.000           251             251             0               0               0               0.000           0.000           0.000           0.000           0.000           0               0               0               0               0               
            i_cdc_reset_ctrlr_half_a                                            2012.170        2012.170        0.000           0.000           0.000           127             127             0               0               0               1023.322        1023.322        0.000           0.000           0.000           79              79              0               0               0               
              i_state_transition_cdc_dst                                        373.766         373.766         0.000           0.000           0.000           19              19              0               0               0               279.418         279.418         0.000           0.000           0.000           17              17              0               0               0               
                i_sync                                                          94.349          94.349          0.000           0.000           0.000           2               2               0               0               0               94.349          94.349          0.000           0.000           0.000           2               2               0               0               0               
              i_state_transition_cdc_src                                        615.082         615.082         0.000           0.000           0.000           29              29              0               0               0               513.475         513.475         0.000           0.000           0.000           27              27              0               0               0               
                i_sync                                                          101.606         101.606         0.000           0.000           0.000           2               2               0               0               0               101.606         101.606         0.000           0.000           0.000           2               2               0               0               0               
            i_cdc_reset_ctrlr_half_b                                            2003.098        2003.098        0.000           0.000           0.000           124             124             0               0               0               1014.250        1014.250        0.000           0.000           0.000           76              76              0               0               0               
              i_state_transition_cdc_dst                                        373.766         373.766         0.000           0.000           0.000           19              19              0               0               0               279.418         279.418         0.000           0.000           0.000           17              17              0               0               0               
                i_sync                                                          94.349          94.349          0.000           0.000           0.000           2               2               0               0               0               94.349          94.349          0.000           0.000           0.000           2               2               0               0               0               
              i_state_transition_cdc_src                                        615.082         615.082         0.000           0.000           0.000           29              29              0               0               0               513.475         513.475         0.000           0.000           0.000           27              27              0               0               0               
                i_sync                                                          101.606         101.606         0.000           0.000           0.000           2               2               0               0               0               101.606         101.606         0.000           0.000           0.000           2               2               0               0               0               
          i_dst                                                                 4209.408        4209.408        0.000           0.000           0.000           178             178             0               0               0               4067.885        4067.885        0.000           0.000           0.000           175             175             0               0               0               
            i_sync                                                              141.523         141.523         0.000           0.000           0.000           3               3               0               0               0               141.523         141.523         0.000           0.000           0.000           3               3               0               0               0               
          i_src                                                                 4129.574        4129.574        0.000           0.000           0.000           177             177             0               0               0               3988.051        3988.051        0.000           0.000           0.000           174             174             0               0               0               
            i_sync                                                              141.523         141.523         0.000           0.000           0.000           3               3               0               0               0               141.523         141.523         0.000           0.000           0.000           3               3               0               0               0               
        i_dmi_cdc.i_cdc_resp                                                    11115.014       11115.014       0.000           0.000           0.000           567             567             0               0               0               246.758         246.758         0.000           0.000           0.000           9               9               0               0               0               
          i_cdc_reset_ctrlr                                                     4066.070        4066.070        0.000           0.000           0.000           259             259             0               0               0               0.000           0.000           0.000           0.000           0.000           0               0               0               0               0               
            i_cdc_reset_ctrlr_half_a                                            2066.602        2066.602        0.000           0.000           0.000           133             133             0               0               0               1077.754        1077.754        0.000           0.000           0.000           85              85              0               0               0               
              i_state_transition_cdc_dst                                        373.766         373.766         0.000           0.000           0.000           19              19              0               0               0               279.418         279.418         0.000           0.000           0.000           17              17              0               0               0               
                i_sync                                                          94.349          94.349          0.000           0.000           0.000           2               2               0               0               0               94.349          94.349          0.000           0.000           0.000           2               2               0               0               0               
              i_state_transition_cdc_src                                        615.082         615.082         0.000           0.000           0.000           29              29              0               0               0               513.475         513.475         0.000           0.000           0.000           27              27              0               0               0               
                i_sync                                                          101.606         101.606         0.000           0.000           0.000           2               2               0               0               0               101.606         101.606         0.000           0.000           0.000           2               2               0               0               0               
            i_cdc_reset_ctrlr_half_b                                            1999.469        1999.469        0.000           0.000           0.000           126             126             0               0               0               1010.621        1010.621        0.000           0.000           0.000           78              78              0               0               0               
              i_state_transition_cdc_dst                                        373.766         373.766         0.000           0.000           0.000           19              19              0               0               0               279.418         279.418         0.000           0.000           0.000           17              17              0               0               0               
                i_sync                                                          94.349          94.349          0.000           0.000           0.000           2               2               0               0               0               94.349          94.349          0.000           0.000           0.000           2               2               0               0               0               
              i_state_transition_cdc_src                                        615.082         615.082         0.000           0.000           0.000           29              29              0               0               0               513.475         513.475         0.000           0.000           0.000           27              27              0               0               0               
                i_sync                                                          101.606         101.606         0.000           0.000           0.000           2               2               0               0               0               101.606         101.606         0.000           0.000           0.000           2               2               0               0               0               
          i_dst                                                                 3443.731        3443.731        0.000           0.000           0.000           150             150             0               0               0               3302.208        3302.208        0.000           0.000           0.000           147             147             0               0               0               
            i_sync                                                              141.523         141.523         0.000           0.000           0.000           3               3               0               0               0               141.523         141.523         0.000           0.000           0.000           3               3               0               0               0               
          i_src                                                                 3358.454        3358.454        0.000           0.000           0.000           149             149             0               0               0               3216.931        3216.931        0.000           0.000           0.000           146             146             0               0               0               
            i_sync                                                              141.523         141.523         0.000           0.000           0.000           3               3               0               0               0               141.523         141.523         0.000           0.000           0.000           3               3               0               0               0               
        i_dmi_jtag_tap.i_dft_tck_mux                                            25.402          25.402          0.000           0.000           0.000           2               2               0               0               0               25.402          25.402          0.000           0.000           0.000           2               2               0               0               0               
        i_dmi_jtag_tap.i_tck_inv                                                5.443           5.443           0.000           0.000           0.000           1               1               0               0               0               5.443           5.443           0.000           0.000           0.000           1               1               0               0               0               
      i_gpio                                                                    27455.501       27455.501       0.000           0.000           0.000           1347            1347            0               0               0               24298.445       24298.445       0.000           0.000           0.000           1283            1283            0               0               0               
        gen_gpios\[0\].i_sync                                                   94.349          94.349          0.000           0.000           0.000           2               2               0               0               0               94.349          94.349          0.000           0.000           0.000           2               2               0               0               0               
        gen_gpios\[10\].i_sync                                                  101.606         101.606         0.000           0.000           0.000           2               2               0               0               0               101.606         101.606         0.000           0.000           0.000           2               2               0               0               0               
        gen_gpios\[11\].i_sync                                                  101.606         101.606         0.000           0.000           0.000           2               2               0               0               0               101.606         101.606         0.000           0.000           0.000           2               2               0               0               0               
        gen_gpios\[12\].i_sync                                                  101.606         101.606         0.000           0.000           0.000           2               2               0               0               0               101.606         101.606         0.000           0.000           0.000           2               2               0               0               0               
        gen_gpios\[13\].i_sync                                                  94.349          94.349          0.000           0.000           0.000           2               2               0               0               0               94.349          94.349          0.000           0.000           0.000           2               2               0               0               0               
        gen_gpios\[14\].i_sync                                                  94.349          94.349          0.000           0.000           0.000           2               2               0               0               0               94.349          94.349          0.000           0.000           0.000           2               2               0               0               0               
        gen_gpios\[15\].i_sync                                                  101.606         101.606         0.000           0.000           0.000           2               2               0               0               0               101.606         101.606         0.000           0.000           0.000           2               2               0               0               0               
        gen_gpios\[16\].i_sync                                                  94.349          94.349          0.000           0.000           0.000           2               2               0               0               0               94.349          94.349          0.000           0.000           0.000           2               2               0               0               0               
        gen_gpios\[17\].i_sync                                                  94.349          94.349          0.000           0.000           0.000           2               2               0               0               0               94.349          94.349          0.000           0.000           0.000           2               2               0               0               0               
        gen_gpios\[18\].i_sync                                                  94.349          94.349          0.000           0.000           0.000           2               2               0               0               0               94.349          94.349          0.000           0.000           0.000           2               2               0               0               0               
        gen_gpios\[19\].i_sync                                                  94.349          94.349          0.000           0.000           0.000           2               2               0               0               0               94.349          94.349          0.000           0.000           0.000           2               2               0               0               0               
        gen_gpios\[1\].i_sync                                                   101.606         101.606         0.000           0.000           0.000           2               2               0               0               0               101.606         101.606         0.000           0.000           0.000           2               2               0               0               0               
        gen_gpios\[20\].i_sync                                                  94.349          94.349          0.000           0.000           0.000           2               2               0               0               0               94.349          94.349          0.000           0.000           0.000           2               2               0               0               0               
        gen_gpios\[21\].i_sync                                                  101.606         101.606         0.000           0.000           0.000           2               2               0               0               0               101.606         101.606         0.000           0.000           0.000           2               2               0               0               0               
        gen_gpios\[22\].i_sync                                                  94.349          94.349          0.000           0.000           0.000           2               2               0               0               0               94.349          94.349          0.000           0.000           0.000           2               2               0               0               0               
        gen_gpios\[23\].i_sync                                                  94.349          94.349          0.000           0.000           0.000           2               2               0               0               0               94.349          94.349          0.000           0.000           0.000           2               2               0               0               0               
        gen_gpios\[24\].i_sync                                                  101.606         101.606         0.000           0.000           0.000           2               2               0               0               0               101.606         101.606         0.000           0.000           0.000           2               2               0               0               0               
        gen_gpios\[25\].i_sync                                                  101.606         101.606         0.000           0.000           0.000           2               2               0               0               0               101.606         101.606         0.000           0.000           0.000           2               2               0               0               0               
        gen_gpios\[26\].i_sync                                                  101.606         101.606         0.000           0.000           0.000           2               2               0               0               0               101.606         101.606         0.000           0.000           0.000           2               2               0               0               0               
        gen_gpios\[27\].i_sync                                                  101.606         101.606         0.000           0.000           0.000           2               2               0               0               0               101.606         101.606         0.000           0.000           0.000           2               2               0               0               0               
        gen_gpios\[28\].i_sync                                                  101.606         101.606         0.000           0.000           0.000           2               2               0               0               0               101.606         101.606         0.000           0.000           0.000           2               2               0               0               0               
        gen_gpios\[29\].i_sync                                                  101.606         101.606         0.000           0.000           0.000           2               2               0               0               0               101.606         101.606         0.000           0.000           0.000           2               2               0               0               0               
        gen_gpios\[2\].i_sync                                                   101.606         101.606         0.000           0.000           0.000           2               2               0               0               0               101.606         101.606         0.000           0.000           0.000           2               2               0               0               0               
        gen_gpios\[30\].i_sync                                                  101.606         101.606         0.000           0.000           0.000           2               2               0               0               0               101.606         101.606         0.000           0.000           0.000           2               2               0               0               0               
        gen_gpios\[31\].i_sync                                                  101.606         101.606         0.000           0.000           0.000           2               2               0               0               0               101.606         101.606         0.000           0.000           0.000           2               2               0               0               0               
        gen_gpios\[3\].i_sync                                                   101.606         101.606         0.000           0.000           0.000           2               2               0               0               0               101.606         101.606         0.000           0.000           0.000           2               2               0               0               0               
        gen_gpios\[4\].i_sync                                                   101.606         101.606         0.000           0.000           0.000           2               2               0               0               0               101.606         101.606         0.000           0.000           0.000           2               2               0               0               0               
        gen_gpios\[5\].i_sync                                                   101.606         101.606         0.000           0.000           0.000           2               2               0               0               0               101.606         101.606         0.000           0.000           0.000           2               2               0               0               0               
        gen_gpios\[6\].i_sync                                                   101.606         101.606         0.000           0.000           0.000           2               2               0               0               0               101.606         101.606         0.000           0.000           0.000           2               2               0               0               0               
        gen_gpios\[7\].i_sync                                                   94.349          94.349          0.000           0.000           0.000           2               2               0               0               0               94.349          94.349          0.000           0.000           0.000           2               2               0               0               0               
        gen_gpios\[8\].i_sync                                                   94.349          94.349          0.000           0.000           0.000           2               2               0               0               0               94.349          94.349          0.000           0.000           0.000           2               2               0               0               0               
        gen_gpios\[9\].i_sync                                                   94.349          94.349          0.000           0.000           0.000           2               2               0               0               0               94.349          94.349          0.000           0.000           0.000           2               2               0               0               0               
      i_soc_ctrl                                                                5591.981        5591.981        0.000           0.000           0.000           239             239             0               0               0               5591.981        5591.981        0.000           0.000           0.000           239             239             0               0               0               
      i_timer                                                                   27927.245       27927.245       0.000           0.000           0.000           1592            1592            0               0               0               27927.245       27927.245       0.000           0.000           0.000           1592            1592            0               0               0               
      i_uart                                                                    120421.728      120421.728      0.000           0.000           0.000           4379            4379            0               0               0               120421.728      120421.728      0.000           0.000           0.000           4379            4379            0               0               0               
    i_ext_intr_sync                                                             101.606         101.606         0.000           0.000           0.000           2               2               0               0               0               101.606         101.606         0.000           0.000           0.000           2               2               0               0               0               
    i_rstgen.i_rstgen_bypass.i_tc_clk_mux2_init_no                              32.659          32.659          0.000           0.000           0.000           3               3               0               0               0               32.659          32.659          0.000           0.000           0.000           3               3               0               0               0               
    i_rstgen.i_rstgen_bypass.i_tc_clk_mux2_rst_n                                27.216          27.216          0.000           0.000           0.000           2               2               0               0               0               27.216          27.216          0.000           0.000           0.000           2               2               0               0               0               
    i_rstgen.i_rstgen_bypass.i_tc_clk_mux2_rst_no                               25.402          25.402          0.000           0.000           0.000           2               2               0               0               0               25.402          25.402          0.000           0.000           0.000           2               2               0               0               0               
    i_user                                                                      27368.410       27368.410       0.000           0.000           0.000           1243            1243            0               0               0               27368.410       27368.410       0.000           0.000           0.000           1243            1243            0               0               0               
