
==========================================================================
04_croc.cts check_setup
--------------------------------------------------------------------------
0

==========================================================================
04_croc.cts report_tns
--------------------------------------------------------------------------
tns -0.08

==========================================================================
04_croc.cts report_wns
--------------------------------------------------------------------------
wns -0.08

==========================================================================
04_croc.cts report_worst_slack
--------------------------------------------------------------------------
worst slack -0.08

==========================================================================
04_croc.cts report_checks -path_delay min
--------------------------------------------------------------------------
Startpoint: i_croc_soc/i_rstgen.i_rstgen_bypass.synch_regs_q_3__reg
            (rising edge-triggered flip-flop clocked by clk_sys)
Endpoint: i_croc_soc/i_croc/i_timer/s_ref_clk0_reg
          (removal check against rising-edge clock clk_sys)
Path Group: asynchronous
Path Type: min
Corner: ff

Fanout     Cap    Slew   Delay    Time   Description
-----------------------------------------------------------------------------
                          0.00    0.00   clock clk_sys (rise edge)
                          0.00    0.00   clock source latency
     1    0.20    0.25    0.02    0.02 ^ clk_i (in)
                                         clk_i (net)
                  0.25    0.00    0.02 ^ pad_clk_i/pad (sg13g2_IOPadIn)
     1    0.09    0.11    0.08    0.10 ^ pad_clk_i/p2c (sg13g2_IOPadIn)
                                         soc_clk_i (net)
                  0.09    0.02    0.12 ^ clkbuf_0_soc_clk_i/A (sg13g2_buf_8)
     4    0.15    0.06    0.10    0.22 ^ clkbuf_0_soc_clk_i/X (sg13g2_buf_8)
                                         clknet_0_soc_clk_i (net)
                  0.06    0.01    0.23 ^ clkbuf_2_0_0_soc_clk_i/A (sg13g2_buf_16)
     4    0.13    0.03    0.07    0.30 ^ clkbuf_2_0_0_soc_clk_i/X (sg13g2_buf_16)
                                         clknet_2_0_0_soc_clk_i (net)
                  0.04    0.01    0.31 ^ clkbuf_4_0_0_soc_clk_i/A (sg13g2_buf_16)
     8    0.14    0.03    0.06    0.38 ^ clkbuf_4_0_0_soc_clk_i/X (sg13g2_buf_16)
                                         clknet_4_0_0_soc_clk_i (net)
                  0.03    0.00    0.38 ^ clkbuf_7_2__f_soc_clk_i/A (sg13g2_buf_8)
     7    0.15    0.06    0.08    0.46 ^ clkbuf_7_2__f_soc_clk_i/X (sg13g2_buf_8)
                                         clknet_7_2__leaf_soc_clk_i (net)
                  0.06    0.00    0.46 ^ clkbuf_leaf_21_soc_clk_i/A (sg13g2_buf_16)
     8    0.03    0.02    0.06    0.52 ^ clkbuf_leaf_21_soc_clk_i/X (sg13g2_buf_16)
                                         clknet_leaf_21_soc_clk_i (net)
                  0.02    0.00    0.52 ^ i_croc_soc/i_rstgen.i_rstgen_bypass.synch_regs_q_3__reg/CLK (sg13g2_dfrbp_1)
     2    0.01    0.03    0.14    0.67 ^ i_croc_soc/i_rstgen.i_rstgen_bypass.synch_regs_q_3__reg/Q (sg13g2_dfrbp_1)
                                         i_croc_soc/i_rstgen.i_rstgen_bypass.synch_regs_q_3_ (net)
                  0.03    0.00    0.67 ^ i_croc_soc/i_rstgen.i_rstgen_bypass.i_tc_clk_mux2_rst_no/i_mux/A0 (sg13g2_mux2_1)
     1    0.01    0.04    0.07    0.74 ^ i_croc_soc/i_rstgen.i_rstgen_bypass.i_tc_clk_mux2_rst_no/i_mux/X (sg13g2_mux2_1)
                                         i_croc_soc/i_rstgen.i_rstgen_bypass.rst_no (net)
                  0.04    0.00    0.74 ^ fanout5056/A (sg13g2_buf_8)
     4    0.19    0.05    0.07    0.81 ^ fanout5056/X (sg13g2_buf_8)
                                         net5056 (net)
                  0.09    0.03    0.84 ^ fanout4323/A (sg13g2_buf_8)
     5    0.06    0.03    0.08    0.93 ^ fanout4323/X (sg13g2_buf_8)
                                         net4323 (net)
                  0.03    0.00    0.93 ^ i_croc_soc/i_croc/i_timer/s_ref_clk0_reg/RESET_B (sg13g2_dfrbp_2)
                                  0.93   data arrival time

                          0.00    0.00   clock clk_sys (rise edge)
                          0.00    0.00   clock source latency
     1    0.24    0.26    0.03    0.03 ^ clk_i (in)
                                         clk_i (net)
                  0.26    0.00    0.03 ^ pad_clk_i/pad (sg13g2_IOPadIn)
     1    0.09    0.11    0.08    0.10 ^ pad_clk_i/p2c (sg13g2_IOPadIn)
                                         soc_clk_i (net)
                  0.09    0.02    0.12 ^ clkbuf_0_soc_clk_i/A (sg13g2_buf_8)
     4    0.15    0.06    0.10    0.22 ^ clkbuf_0_soc_clk_i/X (sg13g2_buf_8)
                                         clknet_0_soc_clk_i (net)
                  0.06    0.01    0.24 ^ clkbuf_2_0_0_soc_clk_i/A (sg13g2_buf_16)
     4    0.13    0.03    0.07    0.31 ^ clkbuf_2_0_0_soc_clk_i/X (sg13g2_buf_16)
                                         clknet_2_0_0_soc_clk_i (net)
                  0.04    0.01    0.32 ^ clkbuf_4_0_0_soc_clk_i/A (sg13g2_buf_16)
     8    0.14    0.03    0.06    0.38 ^ clkbuf_4_0_0_soc_clk_i/X (sg13g2_buf_16)
                                         clknet_4_0_0_soc_clk_i (net)
                  0.03    0.00    0.38 ^ clkbuf_7_5__f_soc_clk_i/A (sg13g2_buf_8)
     7    0.17    0.06    0.09    0.47 ^ clkbuf_7_5__f_soc_clk_i/X (sg13g2_buf_8)
                                         clknet_7_5__leaf_soc_clk_i (net)
                  0.06    0.00    0.47 ^ i_croc_soc/i_croc/i_timer/s_ref_clk0_reg/CLK (sg13g2_dfrbp_2)
                          0.10    0.57   clock uncertainty
                          0.00    0.57   clock reconvergence pessimism
                         -0.07    0.50   library removal time
                                  0.50   data required time
-----------------------------------------------------------------------------
                                  0.50   data required time
                                 -0.93   data arrival time
-----------------------------------------------------------------------------
                                  0.43   slack (MET)


Startpoint: i_croc_soc/i_croc/i_dmi_jtag/i_dmi_cdc.i_cdc_resp/i_dst/i_sync/reg_q_1__reg
            (rising edge-triggered flip-flop clocked by clk_jtg)
Endpoint: i_croc_soc/i_croc/i_dmi_jtag/i_dmi_cdc.i_cdc_resp/i_dst/i_sync/serial_o_reg
          (rising edge-triggered flip-flop clocked by clk_jtg)
Path Group: clk_jtg
Path Type: min
Corner: ff

Fanout     Cap    Slew   Delay    Time   Description
-----------------------------------------------------------------------------
                          0.00    0.00   clock clk_jtg (rise edge)
                          0.00    0.00   clock source latency
     1    0.20    0.25    0.02    0.02 ^ jtag_tck_i (in)
                                         jtag_tck_i (net)
                  0.25    0.00    0.02 ^ pad_jtag_tck_i/pad (sg13g2_IOPadIn)
     1    0.07    0.09    0.07    0.09 ^ pad_jtag_tck_i/p2c (sg13g2_IOPadIn)
                                         soc_jtag_tck_i (net)
                  0.07    0.01    0.10 ^ clkbuf_0_soc_jtag_tck_i/A (sg13g2_buf_8)
     8    0.13    0.05    0.09    0.20 ^ clkbuf_0_soc_jtag_tck_i/X (sg13g2_buf_8)
                                         clknet_0_soc_jtag_tck_i (net)
                  0.05    0.00    0.20 ^ clkbuf_3_0__f_soc_jtag_tck_i/A (sg13g2_buf_8)
     5    0.11    0.04    0.08    0.28 ^ clkbuf_3_0__f_soc_jtag_tck_i/X (sg13g2_buf_8)
                                         clknet_3_0__leaf_soc_jtag_tck_i (net)
                  0.04    0.00    0.28 ^ clkbuf_leaf_34_soc_jtag_tck_i/A (sg13g2_buf_16)
     9    0.04    0.02    0.06    0.33 ^ clkbuf_leaf_34_soc_jtag_tck_i/X (sg13g2_buf_16)
                                         clknet_leaf_34_soc_jtag_tck_i (net)
                  0.02    0.00    0.34 ^ i_croc_soc/i_croc/i_dmi_jtag/i_dmi_cdc.i_cdc_resp/i_dst/i_sync/reg_q_1__reg/CLK (sg13g2_dfrbp_1)
     1    0.00    0.01    0.13    0.47 v i_croc_soc/i_croc/i_dmi_jtag/i_dmi_cdc.i_cdc_resp/i_dst/i_sync/reg_q_1__reg/Q (sg13g2_dfrbp_1)
                                         i_croc_soc/i_croc/i_dmi_jtag/i_dmi_cdc.i_cdc_resp/i_dst/i_sync/reg_q_1_ (net)
                  0.01    0.00    0.47 v i_croc_soc/i_croc/i_dmi_jtag/i_dmi_cdc.i_cdc_resp/i_dst/i_sync/serial_o_reg/D (sg13g2_dfrbp_1)
                                  0.47   data arrival time

                          0.00    0.00   clock clk_jtg (rise edge)
                          0.00    0.00   clock source latency
     1    0.24    0.26    0.03    0.03 ^ jtag_tck_i (in)
                                         jtag_tck_i (net)
                  0.26    0.00    0.03 ^ pad_jtag_tck_i/pad (sg13g2_IOPadIn)
     1    0.07    0.09    0.07    0.10 ^ pad_jtag_tck_i/p2c (sg13g2_IOPadIn)
                                         soc_jtag_tck_i (net)
                  0.07    0.01    0.11 ^ clkbuf_0_soc_jtag_tck_i/A (sg13g2_buf_8)
     8    0.13    0.05    0.09    0.20 ^ clkbuf_0_soc_jtag_tck_i/X (sg13g2_buf_8)
                                         clknet_0_soc_jtag_tck_i (net)
                  0.05    0.00    0.20 ^ clkbuf_3_2__f_soc_jtag_tck_i/A (sg13g2_buf_8)
     5    0.11    0.05    0.08    0.28 ^ clkbuf_3_2__f_soc_jtag_tck_i/X (sg13g2_buf_8)
                                         clknet_3_2__leaf_soc_jtag_tck_i (net)
                  0.05    0.00    0.28 ^ clkbuf_leaf_33_soc_jtag_tck_i/A (sg13g2_buf_16)
     9    0.04    0.02    0.06    0.34 ^ clkbuf_leaf_33_soc_jtag_tck_i/X (sg13g2_buf_16)
                                         clknet_leaf_33_soc_jtag_tck_i (net)
                  0.02    0.00    0.34 ^ i_croc_soc/i_croc/i_dmi_jtag/i_dmi_cdc.i_cdc_resp/i_dst/i_sync/serial_o_reg/CLK (sg13g2_dfrbp_1)
                          0.10    0.44   clock uncertainty
                          0.00    0.44   clock reconvergence pessimism
                         -0.02    0.42   library hold time
                                  0.42   data required time
-----------------------------------------------------------------------------
                                  0.42   data required time
                                 -0.47   data arrival time
-----------------------------------------------------------------------------
                                  0.05   slack (MET)


Startpoint: i_croc_soc/i_user/i_user_rand.i_prand_1.lfsr_q_9__reg
            (rising edge-triggered flip-flop clocked by clk_sys)
Endpoint: i_croc_soc/i_user/i_user_rand.i_prand_1.filter_bits_q_2__reg
          (rising edge-triggered flip-flop clocked by clk_sys)
Path Group: clk_sys
Path Type: min
Corner: ff

Fanout     Cap    Slew   Delay    Time   Description
-----------------------------------------------------------------------------
                          0.00    0.00   clock clk_sys (rise edge)
                          0.00    0.00   clock source latency
     1    0.20    0.25    0.02    0.02 ^ clk_i (in)
                                         clk_i (net)
                  0.25    0.00    0.02 ^ pad_clk_i/pad (sg13g2_IOPadIn)
     1    0.09    0.11    0.08    0.10 ^ pad_clk_i/p2c (sg13g2_IOPadIn)
                                         soc_clk_i (net)
                  0.09    0.02    0.12 ^ clkbuf_0_soc_clk_i/A (sg13g2_buf_8)
     4    0.15    0.06    0.10    0.22 ^ clkbuf_0_soc_clk_i/X (sg13g2_buf_8)
                                         clknet_0_soc_clk_i (net)
                  0.06    0.01    0.23 ^ clkbuf_2_3_0_soc_clk_i/A (sg13g2_buf_16)
     4    0.13    0.03    0.07    0.30 ^ clkbuf_2_3_0_soc_clk_i/X (sg13g2_buf_16)
                                         clknet_2_3_0_soc_clk_i (net)
                  0.04    0.01    0.31 ^ clkbuf_4_13_0_soc_clk_i/A (sg13g2_buf_16)
     8    0.13    0.03    0.06    0.38 ^ clkbuf_4_13_0_soc_clk_i/X (sg13g2_buf_16)
                                         clknet_4_13_0_soc_clk_i (net)
                  0.03    0.00    0.38 ^ clkbuf_7_104__f_soc_clk_i/A (sg13g2_buf_8)
     7    0.15    0.06    0.08    0.46 ^ clkbuf_7_104__f_soc_clk_i/X (sg13g2_buf_8)
                                         clknet_7_104__leaf_soc_clk_i (net)
                  0.06    0.00    0.46 ^ clkbuf_leaf_413_soc_clk_i/A (sg13g2_buf_16)
     8    0.03    0.02    0.06    0.52 ^ clkbuf_leaf_413_soc_clk_i/X (sg13g2_buf_16)
                                         clknet_leaf_413_soc_clk_i (net)
                  0.02    0.00    0.52 ^ i_croc_soc/i_user/i_user_rand.i_prand_1.lfsr_q_9__reg/CLK (sg13g2_dfrbp_1)
     2    0.01    0.03    0.11    0.63 v i_croc_soc/i_user/i_user_rand.i_prand_1.lfsr_q_9__reg/Q_N (sg13g2_dfrbp_1)
                                         i_croc_soc/i_user/i_user_rand.i_prand_1.lfsr_q_9_ (net)
                  0.03    0.00    0.63 v i_croc_soc/i_user/i_user_rand.i_prand_1.filter_bits_q_2__reg/D (sg13g2_dfrbp_1)
                                  0.63   data arrival time

                          0.00    0.00   clock clk_sys (rise edge)
                          0.00    0.00   clock source latency
     1    0.24    0.26    0.03    0.03 ^ clk_i (in)
                                         clk_i (net)
                  0.26    0.00    0.03 ^ pad_clk_i/pad (sg13g2_IOPadIn)
     1    0.09    0.11    0.08    0.10 ^ pad_clk_i/p2c (sg13g2_IOPadIn)
                                         soc_clk_i (net)
                  0.09    0.02    0.12 ^ clkbuf_0_soc_clk_i/A (sg13g2_buf_8)
     4    0.15    0.06    0.10    0.22 ^ clkbuf_0_soc_clk_i/X (sg13g2_buf_8)
                                         clknet_0_soc_clk_i (net)
                  0.06    0.01    0.24 ^ clkbuf_2_3_0_soc_clk_i/A (sg13g2_buf_16)
     4    0.13    0.03    0.07    0.31 ^ clkbuf_2_3_0_soc_clk_i/X (sg13g2_buf_16)
                                         clknet_2_3_0_soc_clk_i (net)
                  0.04    0.01    0.32 ^ clkbuf_4_13_0_soc_clk_i/A (sg13g2_buf_16)
     8    0.13    0.03    0.06    0.38 ^ clkbuf_4_13_0_soc_clk_i/X (sg13g2_buf_16)
                                         clknet_4_13_0_soc_clk_i (net)
                  0.03    0.00    0.38 ^ clkbuf_7_105__f_soc_clk_i/A (sg13g2_buf_8)
     7    0.15    0.06    0.08    0.47 ^ clkbuf_7_105__f_soc_clk_i/X (sg13g2_buf_8)
                                         clknet_7_105__leaf_soc_clk_i (net)
                  0.06    0.00    0.47 ^ clkbuf_leaf_412_soc_clk_i/A (sg13g2_buf_16)
     8    0.03    0.02    0.06    0.53 ^ clkbuf_leaf_412_soc_clk_i/X (sg13g2_buf_16)
                                         clknet_leaf_412_soc_clk_i (net)
                  0.02    0.00    0.53 ^ i_croc_soc/i_user/i_user_rand.i_prand_1.filter_bits_q_2__reg/CLK (sg13g2_dfrbp_1)
                          0.10    0.63   clock uncertainty
                          0.00    0.62   clock reconvergence pessimism
                         -0.02    0.60   library hold time
                                  0.60   data required time
-----------------------------------------------------------------------------
                                  0.60   data required time
                                 -0.63   data arrival time
-----------------------------------------------------------------------------
                                  0.03   slack (MET)



==========================================================================
04_croc.cts report_checks -path_delay max
--------------------------------------------------------------------------
Startpoint: i_croc_soc/i_rstgen.i_rstgen_bypass.synch_regs_q_3__reg
            (rising edge-triggered flip-flop clocked by clk_sys)
Endpoint: i_croc_soc/i_croc/i_timer/counter_hi_i.counter_value_o_29__reg
          (recovery check against rising-edge clock clk_sys)
Path Group: asynchronous
Path Type: max
Corner: tt

Fanout     Cap    Slew   Delay    Time   Description
-----------------------------------------------------------------------------
                          0.00    0.00   clock clk_sys (rise edge)
                          0.00    0.00   clock source latency
     1    0.24    0.35    0.04    0.04 ^ clk_i (in)
                                         clk_i (net)
                  0.35    0.00    0.04 ^ pad_clk_i/pad (sg13g2_IOPadIn)
     1    0.09    0.17    0.12    0.16 ^ pad_clk_i/p2c (sg13g2_IOPadIn)
                                         soc_clk_i (net)
                  0.13    0.02    0.18 ^ clkbuf_0_soc_clk_i/A (sg13g2_buf_8)
     4    0.15    0.09    0.16    0.34 ^ clkbuf_0_soc_clk_i/X (sg13g2_buf_8)
                                         clknet_0_soc_clk_i (net)
                  0.09    0.01    0.35 ^ clkbuf_2_0_0_soc_clk_i/A (sg13g2_buf_16)
     4    0.12    0.05    0.11    0.46 ^ clkbuf_2_0_0_soc_clk_i/X (sg13g2_buf_16)
                                         clknet_2_0_0_soc_clk_i (net)
                  0.05    0.01    0.47 ^ clkbuf_4_0_0_soc_clk_i/A (sg13g2_buf_16)
     8    0.13    0.05    0.10    0.56 ^ clkbuf_4_0_0_soc_clk_i/X (sg13g2_buf_16)
                                         clknet_4_0_0_soc_clk_i (net)
                  0.05    0.00    0.57 ^ clkbuf_7_2__f_soc_clk_i/A (sg13g2_buf_8)
     7    0.14    0.08    0.12    0.69 ^ clkbuf_7_2__f_soc_clk_i/X (sg13g2_buf_8)
                                         clknet_7_2__leaf_soc_clk_i (net)
                  0.08    0.00    0.69 ^ clkbuf_leaf_21_soc_clk_i/A (sg13g2_buf_16)
     8    0.03    0.02    0.09    0.78 ^ clkbuf_leaf_21_soc_clk_i/X (sg13g2_buf_16)
                                         clknet_leaf_21_soc_clk_i (net)
                  0.02    0.00    0.78 ^ i_croc_soc/i_rstgen.i_rstgen_bypass.synch_regs_q_3__reg/CLK (sg13g2_dfrbp_1)
     2    0.01    0.05    0.22    1.00 ^ i_croc_soc/i_rstgen.i_rstgen_bypass.synch_regs_q_3__reg/Q (sg13g2_dfrbp_1)
                                         i_croc_soc/i_rstgen.i_rstgen_bypass.synch_regs_q_3_ (net)
                  0.05    0.00    1.00 ^ i_croc_soc/i_rstgen.i_rstgen_bypass.i_tc_clk_mux2_rst_no/i_mux/A0 (sg13g2_mux2_1)
     1    0.01    0.05    0.11    1.11 ^ i_croc_soc/i_rstgen.i_rstgen_bypass.i_tc_clk_mux2_rst_no/i_mux/X (sg13g2_mux2_1)
                                         i_croc_soc/i_rstgen.i_rstgen_bypass.rst_no (net)
                  0.05    0.00    1.11 ^ fanout5056/A (sg13g2_buf_8)
     4    0.19    0.10    0.11    1.23 ^ fanout5056/X (sg13g2_buf_8)
                                         net5056 (net)
                  0.15    0.06    1.28 ^ fanout4859/A (sg13g2_buf_4)
     4    0.03    0.05    0.16    1.44 ^ fanout4859/X (sg13g2_buf_4)
                                         net4859 (net)
                  0.05    0.00    1.44 ^ fanout4858/A (sg13g2_buf_4)
     4    0.06    0.08    0.13    1.58 ^ fanout4858/X (sg13g2_buf_4)
                                         net4858 (net)
                  0.08    0.01    1.59 ^ fanout4857/A (sg13g2_buf_4)
     4    0.03    0.05    0.13    1.72 ^ fanout4857/X (sg13g2_buf_4)
                                         net4857 (net)
                  0.05    0.00    1.72 ^ fanout4828/A (sg13g2_buf_2)
     4    0.03    0.07    0.11    1.83 ^ fanout4828/X (sg13g2_buf_2)
                                         net4828 (net)
                  0.07    0.00    1.83 ^ fanout4809/A (sg13g2_buf_4)
     6    0.03    0.05    0.12    1.95 ^ fanout4809/X (sg13g2_buf_4)
                                         net4809 (net)
                  0.05    0.00    1.95 ^ fanout4791/A (sg13g2_buf_2)
     6    0.04    0.09    0.13    2.08 ^ fanout4791/X (sg13g2_buf_2)
                                         net4791 (net)
                  0.09    0.00    2.08 ^ fanout4788/A (sg13g2_buf_4)
     8    0.06    0.08    0.16    2.24 ^ fanout4788/X (sg13g2_buf_4)
                                         net4788 (net)
                  0.08    0.00    2.24 ^ fanout4787/A (sg13g2_buf_4)
     8    0.06    0.07    0.15    2.39 ^ fanout4787/X (sg13g2_buf_4)
                                         net4787 (net)
                  0.07    0.00    2.39 ^ i_croc_soc/i_croc/i_timer/counter_hi_i.counter_value_o_29__reg/RESET_B (sg13g2_dfrbp_2)
                                  2.39   data arrival time

                         12.50   12.50   clock clk_sys (rise edge)
                          0.00   12.50   clock source latency
     1    0.20    0.34    0.03   12.53 ^ clk_i (in)
                                         clk_i (net)
                  0.34    0.00   12.53 ^ pad_clk_i/pad (sg13g2_IOPadIn)
     1    0.09    0.17    0.12   12.65 ^ pad_clk_i/p2c (sg13g2_IOPadIn)
                                         soc_clk_i (net)
                  0.13    0.02   12.67 ^ clkbuf_0_soc_clk_i/A (sg13g2_buf_8)
     4    0.15    0.09    0.16   12.83 ^ clkbuf_0_soc_clk_i/X (sg13g2_buf_8)
                                         clknet_0_soc_clk_i (net)
                  0.09    0.01   12.84 ^ clkbuf_2_2_0_soc_clk_i/A (sg13g2_buf_16)
     4    0.13    0.05    0.11   12.95 ^ clkbuf_2_2_0_soc_clk_i/X (sg13g2_buf_16)
                                         clknet_2_2_0_soc_clk_i (net)
                  0.05    0.01   12.96 ^ clkbuf_4_10_0_soc_clk_i/A (sg13g2_buf_16)
     8    0.13    0.04    0.10   13.06 ^ clkbuf_4_10_0_soc_clk_i/X (sg13g2_buf_16)
                                         clknet_4_10_0_soc_clk_i (net)
                  0.04    0.00   13.06 ^ clkbuf_7_83__f_soc_clk_i/A (sg13g2_buf_8)
     7    0.14    0.08    0.12   13.18 ^ clkbuf_7_83__f_soc_clk_i/X (sg13g2_buf_8)
                                         clknet_7_83__leaf_soc_clk_i (net)
                  0.08    0.00   13.18 ^ clkbuf_leaf_569_soc_clk_i/A (sg13g2_buf_16)
     4    0.02    0.02    0.09   13.28 ^ clkbuf_leaf_569_soc_clk_i/X (sg13g2_buf_16)
                                         clknet_leaf_569_soc_clk_i (net)
                  0.02    0.00   13.28 ^ i_croc_soc/i_croc/i_timer/counter_hi_i.counter_value_o_29__reg/CLK (sg13g2_dfrbp_2)
                         -0.10   13.18   clock uncertainty
                          0.01   13.18   clock reconvergence pessimism
                         -0.14   13.04   library recovery time
                                 13.04   data required time
-----------------------------------------------------------------------------
                                 13.04   data required time
                                 -2.39   data arrival time
-----------------------------------------------------------------------------
                                 10.65   slack (MET)


Startpoint: i_croc_soc/i_croc/i_dmi_jtag/i_dmi_cdc.i_cdc_req/i_dst/async_ack_o_reg
            (rising edge-triggered flip-flop clocked by clk_sys)
Endpoint: i_croc_soc/i_croc/i_dm_top.i_dm_top/i_dm_csrs.progbuf_o_83__reg
          (rising edge-triggered flip-flop clocked by clk_sys)
Path Group: path delay
Path Type: max
Corner: tt

Fanout     Cap    Slew   Delay    Time   Description
-----------------------------------------------------------------------------
                  0.02    0.00    0.00 ^ i_croc_soc/i_croc/i_dmi_jtag/i_dmi_cdc.i_cdc_req/i_dst/async_ack_o_reg/CLK (sg13g2_dfrbp_2)
     6    0.03    0.07    0.28    0.28 ^ i_croc_soc/i_croc/i_dmi_jtag/i_dmi_cdc.i_cdc_req/i_dst/async_ack_o_reg/Q (sg13g2_dfrbp_2)
                                         i_croc_soc/i_croc/i_dmi_jtag/i_dmi_cdc.i_cdc_req/async_ack (net)
                  0.07    0.00    0.28 ^ i_croc_soc/i_croc/i_dmi_jtag/i_dmi_cdc.i_cdc_req/i_dst/_199_/A (sg13g2_xor2_1)
     1    0.00    0.06    0.11    0.40 ^ i_croc_soc/i_croc/i_dmi_jtag/i_dmi_cdc.i_cdc_req/i_dst/_199_/X (sg13g2_xor2_1)
                                         i_croc_soc/i_croc/i_dmi_jtag/i_dmi_cdc.i_cdc_req/s_dst_valid (net)
                  0.06    0.00    0.40 ^ i_croc_soc/i_croc/i_dmi_jtag/i_dmi_cdc.i_cdc_req/_5_/B_N (sg13g2_nor2b_2)
     5    0.02    0.12    0.16    0.55 ^ i_croc_soc/i_croc/i_dmi_jtag/i_dmi_cdc.i_cdc_req/_5_/Y (sg13g2_nor2b_2)
                                         i_croc_soc/i_croc/dmi_req_valid (net)
                  0.12    0.00    0.55 ^ i_croc_soc/i_croc/i_dm_top.i_dm_top/_4810_/A (sg13g2_and2_1)
     4    0.02    0.10    0.17    0.72 ^ i_croc_soc/i_croc/i_dm_top.i_dm_top/_4810_/X (sg13g2_and2_1)
                                         i_croc_soc/i_croc/i_dm_top.i_dm_top/_0614_ (net)
                  0.10    0.00    0.72 ^ i_croc_soc/i_croc/i_dm_top.i_dm_top/_4811_/B (sg13g2_nand3b_1)
     6    0.05    0.40    0.37    1.09 v i_croc_soc/i_croc/i_dm_top.i_dm_top/_4811_/Y (sg13g2_nand3b_1)
                                         i_croc_soc/i_croc/i_dm_top.i_dm_top/_0615_ (net)
                  0.40    0.00    1.09 v i_croc_soc/i_croc/i_dm_top.i_dm_top/_4965_/A (sg13g2_nor2_1)
     3    0.01    0.17    0.20    1.30 ^ i_croc_soc/i_croc/i_dm_top.i_dm_top/_4965_/Y (sg13g2_nor2_1)
                                         i_croc_soc/i_croc/i_dm_top.i_dm_top/_0739_ (net)
                  0.17    0.00    1.30 ^ i_croc_soc/i_croc/i_dm_top.i_dm_top/_6324_/A1 (sg13g2_a21oi_2)
     8    0.04    0.16    0.20    1.49 v i_croc_soc/i_croc/i_dm_top.i_dm_top/_6324_/Y (sg13g2_a21oi_2)
                                         i_croc_soc/i_croc/i_dm_top.i_dm_top/_1909_ (net)
                  0.16    0.00    1.49 v i_croc_soc/i_croc/i_dm_top.i_dm_top/_7070_/A (sg13g2_nor2_2)
     3    0.02    0.10    0.14    1.63 ^ i_croc_soc/i_croc/i_dm_top.i_dm_top/_7070_/Y (sg13g2_nor2_2)
                                         i_croc_soc/i_croc/i_dm_top.i_dm_top/_2439_ (net)
                  0.10    0.00    1.63 ^ fanout2980/A (sg13g2_buf_2)
     8    0.04    0.09    0.15    1.78 ^ fanout2980/X (sg13g2_buf_2)
                                         net2980 (net)
                  0.09    0.00    1.78 ^ fanout2979/A (sg13g2_buf_2)
     7    0.04    0.08    0.14    1.92 ^ fanout2979/X (sg13g2_buf_2)
                                         net2979 (net)
                  0.08    0.00    1.92 ^ fanout2978/A (sg13g2_buf_2)
     7    0.03    0.07    0.13    2.06 ^ fanout2978/X (sg13g2_buf_2)
                                         net2978 (net)
                  0.07    0.00    2.06 ^ fanout2977/A (sg13g2_buf_2)
     8    0.04    0.09    0.14    2.20 ^ fanout2977/X (sg13g2_buf_2)
                                         net2977 (net)
                  0.09    0.00    2.20 ^ i_croc_soc/i_croc/i_dm_top.i_dm_top/_7142_/C (sg13g2_nand3_1)
     1    0.00    0.07    0.10    2.30 v i_croc_soc/i_croc/i_dm_top.i_dm_top/_7142_/Y (sg13g2_nand3_1)
                                         i_croc_soc/i_croc/i_dm_top.i_dm_top/_2490_ (net)
                  0.07    0.00    2.30 v i_croc_soc/i_croc/i_dm_top.i_dm_top/_7143_/B1 (sg13g2_o21ai_1)
     1    0.00    0.07    0.05    2.34 ^ i_croc_soc/i_croc/i_dm_top.i_dm_top/_7143_/Y (sg13g2_o21ai_1)
                                         i_croc_soc/i_croc/i_dm_top.i_dm_top/_0419_ (net)
                  0.07    0.00    2.34 ^ i_croc_soc/i_croc/i_dm_top.i_dm_top/i_dm_csrs.progbuf_o_83__reg/D (sg13g2_dfrbp_1)
                                  2.34   data arrival time

                          4.38    4.38   max_delay
                         -0.12    4.25   library setup time
                                  4.25   data required time
-----------------------------------------------------------------------------
                                  4.25   data required time
                                 -2.34   data arrival time
-----------------------------------------------------------------------------
                                  1.91   slack (MET)


Startpoint: i_croc_soc/i_croc/i_dmi_jtag/td_o_reg
            (rising edge-triggered flip-flop clocked by clk_jtg')
Endpoint: jtag_tdo_o (output port clocked by clk_jtg)
Path Group: clk_jtg
Path Type: max
Corner: tt

Fanout     Cap    Slew   Delay    Time   Description
-----------------------------------------------------------------------------
                         10.00   10.00   clock clk_jtg' (rise edge)
                          0.00   10.00   clock source latency
     1    0.23    0.49    0.03   10.03 v jtag_tck_i (in)
                                         jtag_tck_i (net)
                  0.49    0.00   10.03 v pad_jtag_tck_i/pad (sg13g2_IOPadIn)
     1    0.07    0.18    0.66   10.69 v pad_jtag_tck_i/p2c (sg13g2_IOPadIn)
                                         soc_jtag_tck_i (net)
                  0.14    0.01   10.70 v clkbuf_0_soc_jtag_tck_i/A (sg13g2_buf_8)
     8    0.12    0.06    0.15   10.85 v clkbuf_0_soc_jtag_tck_i/X (sg13g2_buf_8)
                                         clknet_0_soc_jtag_tck_i (net)
                  0.06    0.00   10.85 v clkbuf_3_4__f_soc_jtag_tck_i/A (sg13g2_buf_8)
     5    0.10    0.05    0.12   10.97 v clkbuf_3_4__f_soc_jtag_tck_i/X (sg13g2_buf_8)
                                         clknet_3_4__leaf_soc_jtag_tck_i (net)
                  0.05    0.00   10.97 v clkbuf_leaf_7_soc_jtag_tck_i/A (sg13g2_buf_16)
     8    0.03    0.02    0.08   11.06 v clkbuf_leaf_7_soc_jtag_tck_i/X (sg13g2_buf_16)
                                         clknet_leaf_7_soc_jtag_tck_i (net)
                  0.02    0.00   11.06 v i_croc_soc/i_croc/i_dmi_jtag/i_dmi_jtag_tap.i_tck_inv/i_inv_6001/A (sg13g2_inv_1)
     1    0.00    0.02    0.03   11.09 ^ i_croc_soc/i_croc/i_dmi_jtag/i_dmi_jtag_tap.i_tck_inv/i_inv_6001/Y (sg13g2_inv_1)
                                         net6001 (net)
                  0.02    0.00   11.09 ^ i_croc_soc/i_croc/i_dmi_jtag/i_dmi_jtag_tap.i_dft_tck_mux/i_mux/A0 (sg13g2_mux2_1)
     1    0.01    0.05    0.10   11.19 ^ i_croc_soc/i_croc/i_dmi_jtag/i_dmi_jtag_tap.i_dft_tck_mux/i_mux/X (sg13g2_mux2_1)
                                         i_croc_soc/i_croc/i_dmi_jtag/i_dmi_jtag_tap.tck_n (net)
                  0.05    0.00   11.19 ^ clkbuf_0_i_croc_soc/i_croc/i_dmi_jtag/i_dmi_jtag_tap.tck_n/A (sg13g2_buf_8)
     2    0.02    0.03    0.08   11.27 ^ clkbuf_0_i_croc_soc/i_croc/i_dmi_jtag/i_dmi_jtag_tap.tck_n/X (sg13g2_buf_8)
                                         clknet_0_i_croc_soc/i_croc/i_dmi_jtag/i_dmi_jtag_tap.tck_n (net)
                  0.03    0.00   11.27 ^ clkbuf_1_1__f_i_croc_soc/i_croc/i_dmi_jtag/i_dmi_jtag_tap.tck_n/A (sg13g2_buf_8)
     1    0.00    0.02    0.06   11.34 ^ clkbuf_1_1__f_i_croc_soc/i_croc/i_dmi_jtag/i_dmi_jtag_tap.tck_n/X (sg13g2_buf_8)
                                         clknet_1_1__leaf_i_croc_soc/i_croc/i_dmi_jtag/i_dmi_jtag_tap.tck_n (net)
                  0.02    0.00   11.34 ^ i_croc_soc/i_croc/i_dmi_jtag/td_o_reg/CLK (sg13g2_dfrbp_2)
     1    0.11    0.23    0.37   11.71 ^ i_croc_soc/i_croc/i_dmi_jtag/td_o_reg/Q (sg13g2_dfrbp_2)
                                         soc_jtag_tdo_o (net)
                  0.32    0.03   11.73 ^ pad_jtag_tdo_o/c2p (sg13g2_IOPadOut16mA)
     1   15.00    3.55    3.25   14.98 ^ pad_jtag_tdo_o/pad (sg13g2_IOPadOut16mA)
                                         jtag_tdo_o (net)
                  2.66    0.00   14.98 ^ jtag_tdo_o (out)
                                 14.98   data arrival time

                         20.00   20.00   clock clk_jtg (rise edge)
                          0.00   20.00   clock network delay (propagated)
                         -0.10   19.90   clock uncertainty
                          0.00   19.90   clock reconvergence pessimism
                         -5.00   14.90   output external delay
                                 14.90   data required time
-----------------------------------------------------------------------------
                                 14.90   data required time
                                -14.98   data arrival time
-----------------------------------------------------------------------------
                                 -0.08   slack (VIOLATED)


Startpoint: i_croc_soc/i_croc/i_core_wrap/i_ibex.id_stage_i.controller_i.instr_i_15__reg
            (rising edge-triggered flip-flop clocked by clk_sys)
Endpoint: i_croc_soc/i_croc/i_core_wrap/i_ibex.crash_dump_o_95__reg
          (rising edge-triggered flip-flop clocked by clk_sys)
Path Group: clk_sys
Path Type: max
Corner: tt

Fanout     Cap    Slew   Delay    Time   Description
-----------------------------------------------------------------------------
                          0.00    0.00   clock clk_sys (rise edge)
                          0.00    0.00   clock source latency
     1    0.24    0.35    0.04    0.04 ^ clk_i (in)
                                         clk_i (net)
                  0.35    0.00    0.04 ^ pad_clk_i/pad (sg13g2_IOPadIn)
     1    0.09    0.17    0.12    0.16 ^ pad_clk_i/p2c (sg13g2_IOPadIn)
                                         soc_clk_i (net)
                  0.13    0.02    0.18 ^ clkbuf_0_soc_clk_i/A (sg13g2_buf_8)
     4    0.15    0.09    0.16    0.34 ^ clkbuf_0_soc_clk_i/X (sg13g2_buf_8)
                                         clknet_0_soc_clk_i (net)
                  0.09    0.01    0.35 ^ clkbuf_2_3_0_soc_clk_i/A (sg13g2_buf_16)
     4    0.13    0.05    0.11    0.46 ^ clkbuf_2_3_0_soc_clk_i/X (sg13g2_buf_16)
                                         clknet_2_3_0_soc_clk_i (net)
                  0.05    0.01    0.47 ^ clkbuf_4_13_0_soc_clk_i/A (sg13g2_buf_16)
     8    0.13    0.04    0.10    0.56 ^ clkbuf_4_13_0_soc_clk_i/X (sg13g2_buf_16)
                                         clknet_4_13_0_soc_clk_i (net)
                  0.04    0.00    0.57 ^ clkbuf_7_110__f_soc_clk_i/A (sg13g2_buf_8)
     7    0.14    0.08    0.12    0.69 ^ clkbuf_7_110__f_soc_clk_i/X (sg13g2_buf_8)
                                         clknet_7_110__leaf_soc_clk_i (net)
                  0.08    0.00    0.69 ^ clkbuf_leaf_408_soc_clk_i/A (sg13g2_buf_16)
     8    0.03    0.02    0.09    0.78 ^ clkbuf_leaf_408_soc_clk_i/X (sg13g2_buf_16)
                                         clknet_leaf_408_soc_clk_i (net)
                  0.02    0.00    0.78 ^ i_croc_soc/i_croc/i_core_wrap/i_ibex.id_stage_i.controller_i.instr_i_15__reg/CLK (sg13g2_dfrbp_1)
     1    0.01    0.05    0.22    1.00 ^ i_croc_soc/i_croc/i_core_wrap/i_ibex.id_stage_i.controller_i.instr_i_15__reg/Q (sg13g2_dfrbp_1)
                                         i_croc_soc/i_croc/i_core_wrap/i_ibex.id_stage_i.controller_i.instr_i_15_ (net)
                  0.05    0.00    1.00 ^ fanout5939/A (sg13g2_buf_8)
     7    0.09    0.06    0.10    1.10 ^ fanout5939/X (sg13g2_buf_8)
                                         net5939 (net)
                  0.07    0.02    1.12 ^ fanout5938/A (sg13g2_buf_2)
     4    0.02    0.05    0.11    1.23 ^ fanout5938/X (sg13g2_buf_2)
                                         net5938 (net)
                  0.05    0.00    1.23 ^ fanout5918/A (sg13g2_buf_2)
     4    0.04    0.10    0.13    1.36 ^ fanout5918/X (sg13g2_buf_2)
                                         net5918 (net)
                  0.10    0.00    1.37 ^ fanout5912/A (sg13g2_buf_2)
     4    0.02    0.06    0.13    1.49 ^ fanout5912/X (sg13g2_buf_2)
                                         net5912 (net)
                  0.06    0.00    1.49 ^ fanout5910/A (sg13g2_buf_4)
     8    0.05    0.06    0.13    1.62 ^ fanout5910/X (sg13g2_buf_4)
                                         net5910 (net)
                  0.06    0.00    1.62 ^ i_croc_soc/i_croc/i_core_wrap/i_ibex.register_file_i/_4585_/S (sg13g2_mux2_1)
     1    0.01    0.04    0.17    1.79 v i_croc_soc/i_croc/i_core_wrap/i_ibex.register_file_i/_4585_/X (sg13g2_mux2_1)
                                         i_croc_soc/i_croc/i_core_wrap/i_ibex.register_file_i/_1526_ (net)
                  0.04    0.00    1.79 v i_croc_soc/i_croc/i_core_wrap/i_ibex.register_file_i/_4587_/A2 (sg13g2_a22oi_1)
     1    0.00    0.05    0.07    1.87 ^ i_croc_soc/i_croc/i_core_wrap/i_ibex.register_file_i/_4587_/Y (sg13g2_a22oi_1)
                                         i_croc_soc/i_croc/i_core_wrap/i_ibex.register_file_i/_1528_ (net)
                  0.05    0.00    1.87 ^ i_croc_soc/i_croc/i_core_wrap/i_ibex.register_file_i/_4588_/A2 (sg13g2_a21oi_1)
     1    0.01    0.07    0.09    1.96 v i_croc_soc/i_croc/i_core_wrap/i_ibex.register_file_i/_4588_/Y (sg13g2_a21oi_1)
                                         i_croc_soc/i_croc/i_core_wrap/i_ibex.register_file_i/_1529_ (net)
                  0.07    0.00    1.96 v i_croc_soc/i_croc/i_core_wrap/i_ibex.register_file_i/_4589_/C1 (sg13g2_a221oi_1)
     1    0.02    0.35    0.29    2.25 ^ i_croc_soc/i_croc/i_core_wrap/i_ibex.register_file_i/_4589_/Y (sg13g2_a221oi_1)
                                         i_croc_soc/i_croc/i_core_wrap/i_ibex.register_file_i/_1530_ (net)
                  0.35    0.00    2.25 ^ i_croc_soc/i_croc/i_core_wrap/i_ibex.register_file_i/_4590_/C (sg13g2_nand3_1)
     1    0.05    0.46    0.48    2.73 v i_croc_soc/i_croc/i_core_wrap/i_ibex.register_file_i/_4590_/Y (sg13g2_nand3_1)
                                         i_croc_soc/i_croc/i_core_wrap/i_ibex.ex_block_i.multdiv_operand_a_i_7_ (net)
                  0.46    0.01    2.74 v i_croc_soc/i_croc/i_core_wrap/_5540_/A0 (sg13g2_mux2_1)
     1    0.00    0.05    0.21    2.95 v i_croc_soc/i_croc/i_core_wrap/_5540_/X (sg13g2_mux2_1)
                                         i_croc_soc/i_croc/i_core_wrap/_1096_ (net)
                  0.05    0.00    2.95 v i_croc_soc/i_croc/i_core_wrap/_5541_/B (sg13g2_and2_1)
     1    0.01    0.03    0.09    3.04 v i_croc_soc/i_croc/i_core_wrap/_5541_/X (sg13g2_and2_1)
                                         i_croc_soc/i_croc/i_core_wrap/_1097_ (net)
                  0.03    0.00    3.04 v i_croc_soc/i_croc/i_core_wrap/_5542_/B1 (sg13g2_a21oi_2)
     4    0.02    0.11    0.10    3.15 ^ i_croc_soc/i_croc/i_core_wrap/_5542_/Y (sg13g2_a21oi_2)
                                         i_croc_soc/i_croc/i_core_wrap/_1098_ (net)
                  0.11    0.00    3.15 ^ fanout1226/A (sg13g2_buf_2)
     8    0.04    0.09    0.16    3.30 ^ fanout1226/X (sg13g2_buf_2)
                                         net1226 (net)
                  0.09    0.00    3.30 ^ i_croc_soc/i_croc/i_core_wrap/_5596_/A (sg13g2_inv_1)
     3    0.01    0.05    0.07    3.37 v i_croc_soc/i_croc/i_core_wrap/_5596_/Y (sg13g2_inv_1)
                                         i_croc_soc/i_croc/i_core_wrap/i_ibex.alu_operand_a_ex_7_ (net)
                  0.05    0.00    3.37 v fanout2949/A (sg13g2_buf_2)
     8    0.03    0.06    0.12    3.49 v fanout2949/X (sg13g2_buf_2)
                                         net2949 (net)
                  0.06    0.00    3.49 v i_croc_soc/i_croc/i_core_wrap/_5597_/C (sg13g2_and3_2)
     5    0.02    0.05    0.13    3.62 v i_croc_soc/i_croc/i_core_wrap/_5597_/X (sg13g2_and3_2)
                                         i_croc_soc/i_croc/i_core_wrap/_1149_ (net)
                  0.05    0.00    3.62 v i_croc_soc/i_croc/i_core_wrap/_5599_/A2 (sg13g2_o21ai_1)
     1    0.00    0.08    0.09    3.71 ^ i_croc_soc/i_croc/i_core_wrap/_5599_/Y (sg13g2_o21ai_1)
                                         i_croc_soc/i_croc/i_core_wrap/_1151_ (net)
                  0.08    0.00    3.71 ^ i_croc_soc/i_croc/i_core_wrap/_5602_/A1 (sg13g2_a21oi_1)
     1    0.01    0.06    0.08    3.79 v i_croc_soc/i_croc/i_core_wrap/_5602_/Y (sg13g2_a21oi_1)
                                         i_croc_soc/i_croc/i_core_wrap/_1154_ (net)
                  0.06    0.00    3.79 v i_croc_soc/i_croc/i_core_wrap/_5604_/A2 (sg13g2_o21ai_1)
     3    0.01    0.18    0.17    3.96 ^ i_croc_soc/i_croc/i_core_wrap/_5604_/Y (sg13g2_o21ai_1)
                                         i_croc_soc/i_croc/i_core_wrap/_1156_ (net)
                  0.18    0.00    3.96 ^ i_croc_soc/i_croc/i_core_wrap/_5610_/A2 (sg13g2_a21oi_2)
     3    0.02    0.10    0.14    4.10 v i_croc_soc/i_croc/i_core_wrap/_5610_/Y (sg13g2_a21oi_2)
                                         i_croc_soc/i_croc/i_core_wrap/_1162_ (net)
                  0.10    0.00    4.10 v i_croc_soc/i_croc/i_core_wrap/_5611_/C (sg13g2_nor3_2)
     7    0.03    0.24    0.22    4.33 ^ i_croc_soc/i_croc/i_core_wrap/_5611_/Y (sg13g2_nor3_2)
                                         i_croc_soc/i_croc/i_core_wrap/_1163_ (net)
                  0.24    0.00    4.33 ^ i_croc_soc/i_croc/i_core_wrap/_5782_/A1 (sg13g2_a21oi_1)
     2    0.01    0.10    0.14    4.47 v i_croc_soc/i_croc/i_core_wrap/_5782_/Y (sg13g2_a21oi_1)
                                         i_croc_soc/i_croc/i_core_wrap/_1326_ (net)
                  0.10    0.00    4.47 v i_croc_soc/i_croc/i_core_wrap/_5806_/B1 (sg13g2_a221oi_1)
     1    0.02    0.29    0.28    4.75 ^ i_croc_soc/i_croc/i_core_wrap/_5806_/Y (sg13g2_a221oi_1)
                                         i_croc_soc/i_croc/i_core_wrap/_1350_ (net)
                  0.29    0.00    4.75 ^ i_croc_soc/i_croc/i_core_wrap/_5807_/B (sg13g2_xnor2_1)
     2    0.01    0.11    0.16    4.91 v i_croc_soc/i_croc/i_core_wrap/_5807_/Y (sg13g2_xnor2_1)
                                         i_croc_soc/i_croc/i_core_wrap/_1351_ (net)
                  0.11    0.00    4.91 v i_croc_soc/i_croc/i_core_wrap/_5808_/B (sg13g2_xnor2_1)
     1    0.00    0.05    0.12    5.03 v i_croc_soc/i_croc/i_core_wrap/_5808_/Y (sg13g2_xnor2_1)
                                         i_croc_soc/i_croc/core_data_obi_req_71_ (net)
                  0.05    0.00    5.03 v fanout2658/A (sg13g2_buf_4)
     5    0.06    0.06    0.11    5.15 v fanout2658/X (sg13g2_buf_4)
                                         net2658 (net)
                  0.06    0.00    5.15 v i_croc_soc/i_croc/i_core_wrap/_7083_/A1 (sg13g2_a221oi_1)
     1    0.00    0.12    0.15    5.30 ^ i_croc_soc/i_croc/i_core_wrap/_7083_/Y (sg13g2_a221oi_1)
                                         i_croc_soc/i_croc/i_core_wrap/_2457_ (net)
                  0.12    0.00    5.30 ^ i_croc_soc/i_croc/i_core_wrap/_7085_/A (sg13g2_nor2_1)
     3    0.01    0.06    0.09    5.39 v i_croc_soc/i_croc/i_core_wrap/_7085_/Y (sg13g2_nor2_1)
                                         i_croc_soc/i_croc/i_core_wrap/_2459_ (net)
                  0.06    0.00    5.39 v i_croc_soc/i_croc/i_core_wrap/_8223_/A (sg13g2_inv_1)
     1    0.02    0.10    0.10    5.48 ^ i_croc_soc/i_croc/i_core_wrap/_8223_/Y (sg13g2_inv_1)
                                         i_croc_soc/i_croc/i_core_wrap/_3442_ (net)
                  0.10    0.00    5.48 ^ i_croc_soc/i_croc/i_core_wrap/_8224_/B1 (sg13g2_o21ai_1)
     4    0.02    0.12    0.14    5.62 v i_croc_soc/i_croc/i_core_wrap/_8224_/Y (sg13g2_o21ai_1)
                                         i_croc_soc/i_croc/i_core_wrap/_3443_ (net)
                  0.12    0.00    5.62 v i_croc_soc/i_croc/i_core_wrap/_8518_/A1 (sg13g2_mux2_2)
     7    0.04    0.09    0.23    5.85 v i_croc_soc/i_croc/i_core_wrap/_8518_/X (sg13g2_mux2_2)
                                         i_croc_soc/i_croc/core_instr_obi_req_71_ (net)
                  0.09    0.00    5.85 v i_croc_soc/i_croc/_3895_/D (sg13g2_nor4_1)
     2    0.01    0.18    0.16    6.01 ^ i_croc_soc/i_croc/_3895_/Y (sg13g2_nor4_1)
                                         i_croc_soc/i_croc/_0354_ (net)
                  0.18    0.00    6.01 ^ i_croc_soc/i_croc/_3896_/D (sg13g2_nand4_1)
     4    0.02    0.28    0.31    6.32 v i_croc_soc/i_croc/_3896_/Y (sg13g2_nand4_1)
                                         i_croc_soc/i_croc/_0355_ (net)
                  0.28    0.00    6.32 v i_croc_soc/i_croc/_3933_/B2 (sg13g2_a221oi_1)
     5    0.03    0.40    0.42    6.74 ^ i_croc_soc/i_croc/_3933_/Y (sg13g2_a221oi_1)
                                         i_croc_soc/i_croc/_0391_ (net)
                  0.40    0.00    6.74 ^ i_croc_soc/i_croc/_3948_/B (sg13g2_nand2_2)
     7    0.03    0.15    0.21    6.95 v i_croc_soc/i_croc/_3948_/Y (sg13g2_nand2_2)
                                         i_croc_soc/i_croc/_0406_ (net)
                  0.15    0.00    6.95 v i_croc_soc/i_croc/_3956_/A1 (sg13g2_a221oi_1)
     2    0.01    0.15    0.20    7.15 ^ i_croc_soc/i_croc/_3956_/Y (sg13g2_a221oi_1)
                                         i_croc_soc/i_croc/_0414_ (net)
                  0.15    0.00    7.15 ^ fanout1030/A (sg13g2_buf_2)
     8    0.03    0.07    0.16    7.30 ^ fanout1030/X (sg13g2_buf_2)
                                         net1030 (net)
                  0.07    0.00    7.30 ^ fanout1023/A (sg13g2_buf_2)
     8    0.03    0.08    0.13    7.44 ^ fanout1023/X (sg13g2_buf_2)
                                         net1023 (net)
                  0.08    0.00    7.44 ^ i_croc_soc/i_croc/_3988_/A (sg13g2_and2_1)
     1    0.00    0.03    0.10    7.53 ^ i_croc_soc/i_croc/_3988_/X (sg13g2_and2_1)
                                         i_croc_soc/i_croc/_0446_ (net)
                  0.03    0.00    7.53 ^ fanout1012/A (sg13g2_buf_1)
     4    0.01    0.06    0.09    7.62 ^ fanout1012/X (sg13g2_buf_1)
                                         net1012 (net)
                  0.06    0.00    7.62 ^ fanout1011/A (sg13g2_buf_2)
     5    0.02    0.06    0.11    7.73 ^ fanout1011/X (sg13g2_buf_2)
                                         net1011 (net)
                  0.06    0.00    7.73 ^ i_croc_soc/i_croc/_4108_/B1 (sg13g2_a22oi_1)
     2    0.01    0.12    0.07    7.80 v i_croc_soc/i_croc/_4108_/Y (sg13g2_a22oi_1)
                                         i_croc_soc/i_croc/_0565_ (net)
                  0.12    0.00    7.80 v i_croc_soc/i_croc/_4109_/C1 (sg13g2_a221oi_1)
     1    0.00    0.12    0.13    7.94 ^ i_croc_soc/i_croc/_4109_/Y (sg13g2_a221oi_1)
                                         i_croc_soc/i_croc/_0566_ (net)
                  0.12    0.00    7.94 ^ i_croc_soc/i_croc/_4148_/A1 (sg13g2_a22oi_1)
     2    0.01    0.10    0.14    8.07 v i_croc_soc/i_croc/_4148_/Y (sg13g2_a22oi_1)
                                         i_croc_soc/i_croc/_0605_ (net)
                  0.10    0.00    8.08 v i_croc_soc/i_croc/_4149_/C (sg13g2_or3_2)
     5    0.02    0.06    0.21    8.29 v i_croc_soc/i_croc/_4149_/X (sg13g2_or3_2)
                                         i_croc_soc/i_croc/_0606_ (net)
                  0.06    0.00    8.29 v i_croc_soc/i_croc/_4157_/A (sg13g2_nor2_1)
     2    0.01    0.08    0.09    8.37 ^ i_croc_soc/i_croc/_4157_/Y (sg13g2_nor2_1)
                                         i_croc_soc/i_croc/_0614_ (net)
                  0.08    0.00    8.37 ^ i_croc_soc/i_croc/_4158_/B (sg13g2_nand2_1)
     1    0.00    0.04    0.07    8.44 v i_croc_soc/i_croc/_4158_/Y (sg13g2_nand2_1)
                                         i_croc_soc/i_croc/_0615_ (net)
                  0.04    0.00    8.44 v i_croc_soc/i_croc/_4264_/A (sg13g2_nand4_1)
     3    0.01    0.07    0.07    8.51 ^ i_croc_soc/i_croc/_4264_/Y (sg13g2_nand4_1)
                                         i_croc_soc/i_croc/_0721_ (net)
                  0.07    0.00    8.51 ^ i_croc_soc/i_croc/_4265_/B (sg13g2_and2_2)
     5    0.02    0.06    0.14    8.65 ^ i_croc_soc/i_croc/_4265_/X (sg13g2_and2_2)
                                         i_croc_soc/i_croc/_0722_ (net)
                  0.06    0.00    8.65 ^ i_croc_soc/i_croc/_4997_/B (sg13g2_nor3_2)
     2    0.01    0.09    0.05    8.70 v i_croc_soc/i_croc/_4997_/Y (sg13g2_nor3_2)
                                         i_croc_soc/i_croc/_1278_ (net)
                  0.09    0.00    8.70 v i_croc_soc/i_croc/_4998_/B (sg13g2_nand2b_2)
     3    0.02    0.07    0.08    8.78 ^ i_croc_soc/i_croc/_4998_/Y (sg13g2_nand2b_2)
                                         i_croc_soc/i_croc/_1279_ (net)
                  0.07    0.00    8.78 ^ fanout2288/A (sg13g2_buf_4)
     5    0.03    0.05    0.12    8.91 ^ fanout2288/X (sg13g2_buf_4)
                                         net2288 (net)
                  0.05    0.00    8.91 ^ fanout2287/A (sg13g2_buf_4)
     8    0.03    0.05    0.11    9.02 ^ fanout2287/X (sg13g2_buf_4)
                                         net2287 (net)
                  0.05    0.00    9.02 ^ i_croc_soc/i_croc/_5000_/B (sg13g2_nor2_2)
     5    0.03    0.08    0.07    9.08 v i_croc_soc/i_croc/_5000_/Y (sg13g2_nor2_2)
                                         i_croc_soc/i_croc/all_periph_obi_rsp_157_ (net)
                  0.08    0.00    9.08 v i_croc_soc/i_croc/i_gpio/_1285_/A (sg13g2_nand2_1)
     2    0.01    0.05    0.06    9.14 ^ i_croc_soc/i_croc/i_gpio/_1285_/Y (sg13g2_nand2_1)
                                         i_croc_soc/i_croc/i_gpio/_0153_ (net)
                  0.05    0.00    9.14 ^ i_croc_soc/i_croc/i_gpio/_1286_/B (sg13g2_nand3_1)
     1    0.00    0.06    0.08    9.22 v i_croc_soc/i_croc/i_gpio/_1286_/Y (sg13g2_nand3_1)
                                         i_croc_soc/i_croc/i_gpio/_0154_ (net)
                  0.06    0.00    9.22 v i_croc_soc/i_croc/i_gpio/_1287_/B1 (sg13g2_o21ai_1)
     1    0.01    0.12    0.07    9.29 ^ i_croc_soc/i_croc/i_gpio/_1287_/Y (sg13g2_o21ai_1)
                                         i_croc_soc/i_croc/all_periph_obi_rsp_159_ (net)
                  0.12    0.00    9.29 ^ i_croc_soc/i_croc/_6260_/A2 (sg13g2_a22oi_1)
     1    0.00    0.06    0.10    9.39 v i_croc_soc/i_croc/_6260_/Y (sg13g2_a22oi_1)
                                         i_croc_soc/i_croc/_2245_ (net)
                  0.06    0.00    9.39 v i_croc_soc/i_croc/_6262_/A2 (sg13g2_o21ai_1)
     1    0.01    0.13    0.13    9.53 ^ i_croc_soc/i_croc/_6262_/Y (sg13g2_o21ai_1)
                                         i_croc_soc/i_croc/_2247_ (net)
                  0.13    0.00    9.53 ^ rebuffer6006/A (sg13g2_buf_8)
     4    0.05    0.04    0.12    9.65 ^ rebuffer6006/X (sg13g2_buf_8)
                                         net6006 (net)
                  0.04    0.01    9.65 ^ i_croc_soc/i_croc/_6488_/A2 (sg13g2_a21oi_1)
     1    0.01    0.09    0.09    9.74 v i_croc_soc/i_croc/_6488_/Y (sg13g2_a21oi_1)
                                         i_croc_soc/i_croc/_2440_ (net)
                  0.09    0.00    9.74 v i_croc_soc/i_croc/_6489_/B (sg13g2_and2_1)
     1    0.01    0.03    0.11    9.85 v i_croc_soc/i_croc/_6489_/X (sg13g2_and2_1)
                                         i_croc_soc/i_croc/_2441_ (net)
                  0.03    0.00    9.85 v i_croc_soc/i_croc/_6490_/C (sg13g2_nor3_2)
     5    0.03    0.19    0.16   10.01 ^ i_croc_soc/i_croc/_6490_/Y (sg13g2_nor3_2)
                                         i_croc_soc/i_croc/core_instr_obi_rsp_3_ (net)
                  0.19    0.00   10.01 ^ i_croc_soc/i_croc/i_core_wrap/_6454_/A0 (sg13g2_mux2_1)
     3    0.01    0.07    0.17   10.18 ^ i_croc_soc/i_croc/i_core_wrap/_6454_/X (sg13g2_mux2_1)
                                         i_croc_soc/i_croc/i_core_wrap/_1928_ (net)
                  0.07    0.00   10.18 ^ i_croc_soc/i_croc/i_core_wrap/_6655_/B (sg13g2_or3_2)
     4    0.04    0.10    0.16   10.34 ^ i_croc_soc/i_croc/i_core_wrap/_6655_/X (sg13g2_or3_2)
                                         i_croc_soc/i_croc/i_core_wrap/_2064_ (net)
                  0.10    0.00   10.34 ^ i_croc_soc/i_croc/i_core_wrap/_6656_/A (sg13g2_inv_1)
     3    0.02    0.08    0.10   10.45 v i_croc_soc/i_croc/i_core_wrap/_6656_/Y (sg13g2_inv_1)
                                         i_croc_soc/i_croc/i_core_wrap/_2065_ (net)
                  0.08    0.00   10.45 v i_croc_soc/i_croc/i_core_wrap/_6748_/C (sg13g2_nor3_1)
     3    0.01    0.18    0.17   10.61 ^ i_croc_soc/i_croc/i_core_wrap/_6748_/Y (sg13g2_nor3_1)
                                         i_croc_soc/i_croc/i_core_wrap/_2153_ (net)
                  0.18    0.00   10.61 ^ i_croc_soc/i_croc/i_core_wrap/_6775_/C (sg13g2_nand3_1)
     1    0.00    0.07    0.12   10.74 v i_croc_soc/i_croc/i_core_wrap/_6775_/Y (sg13g2_nand3_1)
                                         i_croc_soc/i_croc/i_core_wrap/_2177_ (net)
                  0.07    0.00   10.74 v i_croc_soc/i_croc/i_core_wrap/_6776_/A (sg13g2_inv_1)
     2    0.01    0.04    0.06   10.79 ^ i_croc_soc/i_croc/i_core_wrap/_6776_/Y (sg13g2_inv_1)
                                         i_croc_soc/i_croc/i_core_wrap/_2178_ (net)
                  0.04    0.00   10.79 ^ i_croc_soc/i_croc/i_core_wrap/_6797_/B (sg13g2_and2_1)
     4    0.01    0.07    0.12   10.92 ^ i_croc_soc/i_croc/i_core_wrap/_6797_/X (sg13g2_and2_1)
                                         i_croc_soc/i_croc/i_core_wrap/_2196_ (net)
                  0.07    0.00   10.92 ^ i_croc_soc/i_croc/i_core_wrap/_6841_/D (sg13g2_and4_1)
     4    0.02    0.09    0.22   11.13 ^ i_croc_soc/i_croc/i_core_wrap/_6841_/X (sg13g2_and4_1)
                                         i_croc_soc/i_croc/i_core_wrap/_2237_ (net)
                  0.09    0.00   11.13 ^ i_croc_soc/i_croc/i_core_wrap/_6887_/D (sg13g2_and4_1)
     2    0.01    0.08    0.21   11.34 ^ i_croc_soc/i_croc/i_core_wrap/_6887_/X (sg13g2_and4_1)
                                         i_croc_soc/i_croc/i_core_wrap/_2280_ (net)
                  0.08    0.00   11.34 ^ i_croc_soc/i_croc/i_core_wrap/_6904_/B (sg13g2_and2_1)
     2    0.01    0.04    0.11   11.46 ^ i_croc_soc/i_croc/i_core_wrap/_6904_/X (sg13g2_and2_1)
                                         i_croc_soc/i_croc/i_core_wrap/_2296_ (net)
                  0.04    0.00   11.46 ^ i_croc_soc/i_croc/i_core_wrap/_6906_/B (sg13g2_and2_1)
     3    0.01    0.06    0.11   11.57 ^ i_croc_soc/i_croc/i_core_wrap/_6906_/X (sg13g2_and2_1)
                                         i_croc_soc/i_croc/i_core_wrap/_2298_ (net)
                  0.06    0.00   11.57 ^ i_croc_soc/i_croc/i_core_wrap/_6918_/B (sg13g2_and2_1)
     2    0.01    0.04    0.11   11.68 ^ i_croc_soc/i_croc/i_core_wrap/_6918_/X (sg13g2_and2_1)
                                         i_croc_soc/i_croc/i_core_wrap/_2309_ (net)
                  0.04    0.00   11.68 ^ i_croc_soc/i_croc/i_core_wrap/_6945_/B (sg13g2_and2_1)
     3    0.01    0.05    0.11   11.79 ^ i_croc_soc/i_croc/i_core_wrap/_6945_/X (sg13g2_and2_1)
                                         i_croc_soc/i_croc/i_core_wrap/_2334_ (net)
                  0.05    0.00   11.79 ^ i_croc_soc/i_croc/i_core_wrap/_6959_/C (sg13g2_and3_1)
     4    0.02    0.09    0.17   11.96 ^ i_croc_soc/i_croc/i_core_wrap/_6959_/X (sg13g2_and3_1)
                                         i_croc_soc/i_croc/i_core_wrap/_2346_ (net)
                  0.09    0.00   11.96 ^ i_croc_soc/i_croc/i_core_wrap/_6987_/D (sg13g2_and4_1)
     4    0.01    0.08    0.21   12.17 ^ i_croc_soc/i_croc/i_core_wrap/_6987_/X (sg13g2_and4_1)
                                         i_croc_soc/i_croc/i_core_wrap/_2371_ (net)
                  0.08    0.00   12.17 ^ i_croc_soc/i_croc/i_core_wrap/_7015_/D (sg13g2_and4_1)
     4    0.01    0.08    0.21   12.39 ^ i_croc_soc/i_croc/i_core_wrap/_7015_/X (sg13g2_and4_1)
                                         i_croc_soc/i_croc/i_core_wrap/_2396_ (net)
                  0.08    0.00   12.39 ^ i_croc_soc/i_croc/i_core_wrap/_7044_/D (sg13g2_and4_2)
     4    0.02    0.08    0.24   12.62 ^ i_croc_soc/i_croc/i_core_wrap/_7044_/X (sg13g2_and4_2)
                                         i_croc_soc/i_croc/i_core_wrap/_2421_ (net)
                  0.08    0.00   12.62 ^ i_croc_soc/i_croc/i_core_wrap/_7086_/D (sg13g2_and4_1)
     2    0.01    0.06    0.19   12.81 ^ i_croc_soc/i_croc/i_core_wrap/_7086_/X (sg13g2_and4_1)
                                         i_croc_soc/i_croc/i_core_wrap/_2460_ (net)
                  0.06    0.00   12.81 ^ i_croc_soc/i_croc/i_core_wrap/_7088_/C (sg13g2_nand3_1)
     1    0.00    0.07    0.09   12.90 v i_croc_soc/i_croc/i_core_wrap/_7088_/Y (sg13g2_nand3_1)
                                         i_croc_soc/i_croc/i_core_wrap/_2462_ (net)
                  0.07    0.00   12.90 v i_croc_soc/i_croc/i_core_wrap/_7089_/A2 (sg13g2_a21oi_1)
     1    0.00    0.06    0.09   12.98 ^ i_croc_soc/i_croc/i_core_wrap/_7089_/Y (sg13g2_a21oi_1)
                                         i_croc_soc/i_croc/i_core_wrap/_2463_ (net)
                  0.06    0.00   12.98 ^ i_croc_soc/i_croc/i_core_wrap/_7090_/B1 (sg13g2_a21oi_1)
     1    0.00    0.04    0.04   13.02 v i_croc_soc/i_croc/i_core_wrap/_7090_/Y (sg13g2_a21oi_1)
                                         i_croc_soc/i_croc/i_core_wrap/_0090_ (net)
                  0.04    0.00   13.02 v i_croc_soc/i_croc/i_core_wrap/i_ibex.crash_dump_o_95__reg/D (sg13g2_dfrbp_2)
                                 13.02   data arrival time

                         12.50   12.50   clock clk_sys (rise edge)
                          0.00   12.50   clock source latency
     1    0.20    0.34    0.03   12.53 ^ clk_i (in)
                                         clk_i (net)
                  0.34    0.00   12.53 ^ pad_clk_i/pad (sg13g2_IOPadIn)
     1    0.09    0.17    0.12   12.65 ^ pad_clk_i/p2c (sg13g2_IOPadIn)
                                         soc_clk_i (net)
                  0.13    0.02   12.67 ^ clkbuf_0_soc_clk_i/A (sg13g2_buf_8)
     4    0.15    0.09    0.16   12.83 ^ clkbuf_0_soc_clk_i/X (sg13g2_buf_8)
                                         clknet_0_soc_clk_i (net)
                  0.09    0.01   12.84 ^ clkbuf_2_3_0_soc_clk_i/A (sg13g2_buf_16)
     4    0.13    0.05    0.11   12.95 ^ clkbuf_2_3_0_soc_clk_i/X (sg13g2_buf_16)
                                         clknet_2_3_0_soc_clk_i (net)
                  0.05    0.01   12.96 ^ clkbuf_4_14_0_soc_clk_i/A (sg13g2_buf_16)
     8    0.13    0.05    0.09   13.06 ^ clkbuf_4_14_0_soc_clk_i/X (sg13g2_buf_16)
                                         clknet_4_14_0_soc_clk_i (net)
                  0.05    0.01   13.06 ^ clkbuf_7_114__f_soc_clk_i/A (sg13g2_buf_8)
     8    0.14    0.08    0.12   13.19 ^ clkbuf_7_114__f_soc_clk_i/X (sg13g2_buf_8)
                                         clknet_7_114__leaf_soc_clk_i (net)
                  0.08    0.00   13.19 ^ clkbuf_leaf_510_soc_clk_i/A (sg13g2_buf_16)
     5    0.03    0.02    0.09   13.28 ^ clkbuf_leaf_510_soc_clk_i/X (sg13g2_buf_16)
                                         clknet_leaf_510_soc_clk_i (net)
                  0.02    0.00   13.28 ^ i_croc_soc/i_croc/i_core_wrap/i_ibex.crash_dump_o_95__reg/CLK (sg13g2_dfrbp_2)
                         -0.10   13.18   clock uncertainty
                          0.01   13.19   clock reconvergence pessimism
                         -0.13   13.06   library setup time
                                 13.06   data required time
-----------------------------------------------------------------------------
                                 13.06   data required time
                                -13.02   data arrival time
-----------------------------------------------------------------------------
                                  0.03   slack (MET)



==========================================================================
04_croc.cts report_checks -unconstrained
--------------------------------------------------------------------------
Startpoint: i_croc_soc/i_rstgen.i_rstgen_bypass.synch_regs_q_3__reg
            (rising edge-triggered flip-flop clocked by clk_sys)
Endpoint: i_croc_soc/i_croc/i_timer/counter_hi_i.counter_value_o_29__reg
          (recovery check against rising-edge clock clk_sys)
Path Group: asynchronous
Path Type: max
Corner: tt

Fanout     Cap    Slew   Delay    Time   Description
-----------------------------------------------------------------------------
                          0.00    0.00   clock clk_sys (rise edge)
                          0.00    0.00   clock source latency
     1    0.24    0.35    0.04    0.04 ^ clk_i (in)
                                         clk_i (net)
                  0.35    0.00    0.04 ^ pad_clk_i/pad (sg13g2_IOPadIn)
     1    0.09    0.17    0.12    0.16 ^ pad_clk_i/p2c (sg13g2_IOPadIn)
                                         soc_clk_i (net)
                  0.13    0.02    0.18 ^ clkbuf_0_soc_clk_i/A (sg13g2_buf_8)
     4    0.15    0.09    0.16    0.34 ^ clkbuf_0_soc_clk_i/X (sg13g2_buf_8)
                                         clknet_0_soc_clk_i (net)
                  0.09    0.01    0.35 ^ clkbuf_2_0_0_soc_clk_i/A (sg13g2_buf_16)
     4    0.12    0.05    0.11    0.46 ^ clkbuf_2_0_0_soc_clk_i/X (sg13g2_buf_16)
                                         clknet_2_0_0_soc_clk_i (net)
                  0.05    0.01    0.47 ^ clkbuf_4_0_0_soc_clk_i/A (sg13g2_buf_16)
     8    0.13    0.05    0.10    0.56 ^ clkbuf_4_0_0_soc_clk_i/X (sg13g2_buf_16)
                                         clknet_4_0_0_soc_clk_i (net)
                  0.05    0.00    0.57 ^ clkbuf_7_2__f_soc_clk_i/A (sg13g2_buf_8)
     7    0.14    0.08    0.12    0.69 ^ clkbuf_7_2__f_soc_clk_i/X (sg13g2_buf_8)
                                         clknet_7_2__leaf_soc_clk_i (net)
                  0.08    0.00    0.69 ^ clkbuf_leaf_21_soc_clk_i/A (sg13g2_buf_16)
     8    0.03    0.02    0.09    0.78 ^ clkbuf_leaf_21_soc_clk_i/X (sg13g2_buf_16)
                                         clknet_leaf_21_soc_clk_i (net)
                  0.02    0.00    0.78 ^ i_croc_soc/i_rstgen.i_rstgen_bypass.synch_regs_q_3__reg/CLK (sg13g2_dfrbp_1)
     2    0.01    0.05    0.22    1.00 ^ i_croc_soc/i_rstgen.i_rstgen_bypass.synch_regs_q_3__reg/Q (sg13g2_dfrbp_1)
                                         i_croc_soc/i_rstgen.i_rstgen_bypass.synch_regs_q_3_ (net)
                  0.05    0.00    1.00 ^ i_croc_soc/i_rstgen.i_rstgen_bypass.i_tc_clk_mux2_rst_no/i_mux/A0 (sg13g2_mux2_1)
     1    0.01    0.05    0.11    1.11 ^ i_croc_soc/i_rstgen.i_rstgen_bypass.i_tc_clk_mux2_rst_no/i_mux/X (sg13g2_mux2_1)
                                         i_croc_soc/i_rstgen.i_rstgen_bypass.rst_no (net)
                  0.05    0.00    1.11 ^ fanout5056/A (sg13g2_buf_8)
     4    0.19    0.10    0.11    1.23 ^ fanout5056/X (sg13g2_buf_8)
                                         net5056 (net)
                  0.15    0.06    1.28 ^ fanout4859/A (sg13g2_buf_4)
     4    0.03    0.05    0.16    1.44 ^ fanout4859/X (sg13g2_buf_4)
                                         net4859 (net)
                  0.05    0.00    1.44 ^ fanout4858/A (sg13g2_buf_4)
     4    0.06    0.08    0.13    1.58 ^ fanout4858/X (sg13g2_buf_4)
                                         net4858 (net)
                  0.08    0.01    1.59 ^ fanout4857/A (sg13g2_buf_4)
     4    0.03    0.05    0.13    1.72 ^ fanout4857/X (sg13g2_buf_4)
                                         net4857 (net)
                  0.05    0.00    1.72 ^ fanout4828/A (sg13g2_buf_2)
     4    0.03    0.07    0.11    1.83 ^ fanout4828/X (sg13g2_buf_2)
                                         net4828 (net)
                  0.07    0.00    1.83 ^ fanout4809/A (sg13g2_buf_4)
     6    0.03    0.05    0.12    1.95 ^ fanout4809/X (sg13g2_buf_4)
                                         net4809 (net)
                  0.05    0.00    1.95 ^ fanout4791/A (sg13g2_buf_2)
     6    0.04    0.09    0.13    2.08 ^ fanout4791/X (sg13g2_buf_2)
                                         net4791 (net)
                  0.09    0.00    2.08 ^ fanout4788/A (sg13g2_buf_4)
     8    0.06    0.08    0.16    2.24 ^ fanout4788/X (sg13g2_buf_4)
                                         net4788 (net)
                  0.08    0.00    2.24 ^ fanout4787/A (sg13g2_buf_4)
     8    0.06    0.07    0.15    2.39 ^ fanout4787/X (sg13g2_buf_4)
                                         net4787 (net)
                  0.07    0.00    2.39 ^ i_croc_soc/i_croc/i_timer/counter_hi_i.counter_value_o_29__reg/RESET_B (sg13g2_dfrbp_2)
                                  2.39   data arrival time

                         12.50   12.50   clock clk_sys (rise edge)
                          0.00   12.50   clock source latency
     1    0.20    0.34    0.03   12.53 ^ clk_i (in)
                                         clk_i (net)
                  0.34    0.00   12.53 ^ pad_clk_i/pad (sg13g2_IOPadIn)
     1    0.09    0.17    0.12   12.65 ^ pad_clk_i/p2c (sg13g2_IOPadIn)
                                         soc_clk_i (net)
                  0.13    0.02   12.67 ^ clkbuf_0_soc_clk_i/A (sg13g2_buf_8)
     4    0.15    0.09    0.16   12.83 ^ clkbuf_0_soc_clk_i/X (sg13g2_buf_8)
                                         clknet_0_soc_clk_i (net)
                  0.09    0.01   12.84 ^ clkbuf_2_2_0_soc_clk_i/A (sg13g2_buf_16)
     4    0.13    0.05    0.11   12.95 ^ clkbuf_2_2_0_soc_clk_i/X (sg13g2_buf_16)
                                         clknet_2_2_0_soc_clk_i (net)
                  0.05    0.01   12.96 ^ clkbuf_4_10_0_soc_clk_i/A (sg13g2_buf_16)
     8    0.13    0.04    0.10   13.06 ^ clkbuf_4_10_0_soc_clk_i/X (sg13g2_buf_16)
                                         clknet_4_10_0_soc_clk_i (net)
                  0.04    0.00   13.06 ^ clkbuf_7_83__f_soc_clk_i/A (sg13g2_buf_8)
     7    0.14    0.08    0.12   13.18 ^ clkbuf_7_83__f_soc_clk_i/X (sg13g2_buf_8)
                                         clknet_7_83__leaf_soc_clk_i (net)
                  0.08    0.00   13.18 ^ clkbuf_leaf_569_soc_clk_i/A (sg13g2_buf_16)
     4    0.02    0.02    0.09   13.28 ^ clkbuf_leaf_569_soc_clk_i/X (sg13g2_buf_16)
                                         clknet_leaf_569_soc_clk_i (net)
                  0.02    0.00   13.28 ^ i_croc_soc/i_croc/i_timer/counter_hi_i.counter_value_o_29__reg/CLK (sg13g2_dfrbp_2)
                         -0.10   13.18   clock uncertainty
                          0.01   13.18   clock reconvergence pessimism
                         -0.14   13.04   library recovery time
                                 13.04   data required time
-----------------------------------------------------------------------------
                                 13.04   data required time
                                 -2.39   data arrival time
-----------------------------------------------------------------------------
                                 10.65   slack (MET)


Startpoint: i_croc_soc/i_croc/i_dmi_jtag/i_dmi_cdc.i_cdc_req/i_dst/async_ack_o_reg
            (rising edge-triggered flip-flop clocked by clk_sys)
Endpoint: i_croc_soc/i_croc/i_dm_top.i_dm_top/i_dm_csrs.progbuf_o_83__reg
          (rising edge-triggered flip-flop clocked by clk_sys)
Path Group: path delay
Path Type: max
Corner: tt

Fanout     Cap    Slew   Delay    Time   Description
-----------------------------------------------------------------------------
                  0.02    0.00    0.00 ^ i_croc_soc/i_croc/i_dmi_jtag/i_dmi_cdc.i_cdc_req/i_dst/async_ack_o_reg/CLK (sg13g2_dfrbp_2)
     6    0.03    0.07    0.28    0.28 ^ i_croc_soc/i_croc/i_dmi_jtag/i_dmi_cdc.i_cdc_req/i_dst/async_ack_o_reg/Q (sg13g2_dfrbp_2)
                                         i_croc_soc/i_croc/i_dmi_jtag/i_dmi_cdc.i_cdc_req/async_ack (net)
                  0.07    0.00    0.28 ^ i_croc_soc/i_croc/i_dmi_jtag/i_dmi_cdc.i_cdc_req/i_dst/_199_/A (sg13g2_xor2_1)
     1    0.00    0.06    0.11    0.40 ^ i_croc_soc/i_croc/i_dmi_jtag/i_dmi_cdc.i_cdc_req/i_dst/_199_/X (sg13g2_xor2_1)
                                         i_croc_soc/i_croc/i_dmi_jtag/i_dmi_cdc.i_cdc_req/s_dst_valid (net)
                  0.06    0.00    0.40 ^ i_croc_soc/i_croc/i_dmi_jtag/i_dmi_cdc.i_cdc_req/_5_/B_N (sg13g2_nor2b_2)
     5    0.02    0.12    0.16    0.55 ^ i_croc_soc/i_croc/i_dmi_jtag/i_dmi_cdc.i_cdc_req/_5_/Y (sg13g2_nor2b_2)
                                         i_croc_soc/i_croc/dmi_req_valid (net)
                  0.12    0.00    0.55 ^ i_croc_soc/i_croc/i_dm_top.i_dm_top/_4810_/A (sg13g2_and2_1)
     4    0.02    0.10    0.17    0.72 ^ i_croc_soc/i_croc/i_dm_top.i_dm_top/_4810_/X (sg13g2_and2_1)
                                         i_croc_soc/i_croc/i_dm_top.i_dm_top/_0614_ (net)
                  0.10    0.00    0.72 ^ i_croc_soc/i_croc/i_dm_top.i_dm_top/_4811_/B (sg13g2_nand3b_1)
     6    0.05    0.40    0.37    1.09 v i_croc_soc/i_croc/i_dm_top.i_dm_top/_4811_/Y (sg13g2_nand3b_1)
                                         i_croc_soc/i_croc/i_dm_top.i_dm_top/_0615_ (net)
                  0.40    0.00    1.09 v i_croc_soc/i_croc/i_dm_top.i_dm_top/_4965_/A (sg13g2_nor2_1)
     3    0.01    0.17    0.20    1.30 ^ i_croc_soc/i_croc/i_dm_top.i_dm_top/_4965_/Y (sg13g2_nor2_1)
                                         i_croc_soc/i_croc/i_dm_top.i_dm_top/_0739_ (net)
                  0.17    0.00    1.30 ^ i_croc_soc/i_croc/i_dm_top.i_dm_top/_6324_/A1 (sg13g2_a21oi_2)
     8    0.04    0.16    0.20    1.49 v i_croc_soc/i_croc/i_dm_top.i_dm_top/_6324_/Y (sg13g2_a21oi_2)
                                         i_croc_soc/i_croc/i_dm_top.i_dm_top/_1909_ (net)
                  0.16    0.00    1.49 v i_croc_soc/i_croc/i_dm_top.i_dm_top/_7070_/A (sg13g2_nor2_2)
     3    0.02    0.10    0.14    1.63 ^ i_croc_soc/i_croc/i_dm_top.i_dm_top/_7070_/Y (sg13g2_nor2_2)
                                         i_croc_soc/i_croc/i_dm_top.i_dm_top/_2439_ (net)
                  0.10    0.00    1.63 ^ fanout2980/A (sg13g2_buf_2)
     8    0.04    0.09    0.15    1.78 ^ fanout2980/X (sg13g2_buf_2)
                                         net2980 (net)
                  0.09    0.00    1.78 ^ fanout2979/A (sg13g2_buf_2)
     7    0.04    0.08    0.14    1.92 ^ fanout2979/X (sg13g2_buf_2)
                                         net2979 (net)
                  0.08    0.00    1.92 ^ fanout2978/A (sg13g2_buf_2)
     7    0.03    0.07    0.13    2.06 ^ fanout2978/X (sg13g2_buf_2)
                                         net2978 (net)
                  0.07    0.00    2.06 ^ fanout2977/A (sg13g2_buf_2)
     8    0.04    0.09    0.14    2.20 ^ fanout2977/X (sg13g2_buf_2)
                                         net2977 (net)
                  0.09    0.00    2.20 ^ i_croc_soc/i_croc/i_dm_top.i_dm_top/_7142_/C (sg13g2_nand3_1)
     1    0.00    0.07    0.10    2.30 v i_croc_soc/i_croc/i_dm_top.i_dm_top/_7142_/Y (sg13g2_nand3_1)
                                         i_croc_soc/i_croc/i_dm_top.i_dm_top/_2490_ (net)
                  0.07    0.00    2.30 v i_croc_soc/i_croc/i_dm_top.i_dm_top/_7143_/B1 (sg13g2_o21ai_1)
     1    0.00    0.07    0.05    2.34 ^ i_croc_soc/i_croc/i_dm_top.i_dm_top/_7143_/Y (sg13g2_o21ai_1)
                                         i_croc_soc/i_croc/i_dm_top.i_dm_top/_0419_ (net)
                  0.07    0.00    2.34 ^ i_croc_soc/i_croc/i_dm_top.i_dm_top/i_dm_csrs.progbuf_o_83__reg/D (sg13g2_dfrbp_1)
                                  2.34   data arrival time

                          4.38    4.38   max_delay
                         -0.12    4.25   library setup time
                                  4.25   data required time
-----------------------------------------------------------------------------
                                  4.25   data required time
                                 -2.34   data arrival time
-----------------------------------------------------------------------------
                                  1.91   slack (MET)


Startpoint: i_croc_soc/i_croc/i_dmi_jtag/td_o_reg
            (rising edge-triggered flip-flop clocked by clk_jtg')
Endpoint: jtag_tdo_o (output port clocked by clk_jtg)
Path Group: clk_jtg
Path Type: max
Corner: tt

Fanout     Cap    Slew   Delay    Time   Description
-----------------------------------------------------------------------------
                         10.00   10.00   clock clk_jtg' (rise edge)
                          0.00   10.00   clock source latency
     1    0.23    0.49    0.03   10.03 v jtag_tck_i (in)
                                         jtag_tck_i (net)
                  0.49    0.00   10.03 v pad_jtag_tck_i/pad (sg13g2_IOPadIn)
     1    0.07    0.18    0.66   10.69 v pad_jtag_tck_i/p2c (sg13g2_IOPadIn)
                                         soc_jtag_tck_i (net)
                  0.14    0.01   10.70 v clkbuf_0_soc_jtag_tck_i/A (sg13g2_buf_8)
     8    0.12    0.06    0.15   10.85 v clkbuf_0_soc_jtag_tck_i/X (sg13g2_buf_8)
                                         clknet_0_soc_jtag_tck_i (net)
                  0.06    0.00   10.85 v clkbuf_3_4__f_soc_jtag_tck_i/A (sg13g2_buf_8)
     5    0.10    0.05    0.12   10.97 v clkbuf_3_4__f_soc_jtag_tck_i/X (sg13g2_buf_8)
                                         clknet_3_4__leaf_soc_jtag_tck_i (net)
                  0.05    0.00   10.97 v clkbuf_leaf_7_soc_jtag_tck_i/A (sg13g2_buf_16)
     8    0.03    0.02    0.08   11.06 v clkbuf_leaf_7_soc_jtag_tck_i/X (sg13g2_buf_16)
                                         clknet_leaf_7_soc_jtag_tck_i (net)
                  0.02    0.00   11.06 v i_croc_soc/i_croc/i_dmi_jtag/i_dmi_jtag_tap.i_tck_inv/i_inv_6001/A (sg13g2_inv_1)
     1    0.00    0.02    0.03   11.09 ^ i_croc_soc/i_croc/i_dmi_jtag/i_dmi_jtag_tap.i_tck_inv/i_inv_6001/Y (sg13g2_inv_1)
                                         net6001 (net)
                  0.02    0.00   11.09 ^ i_croc_soc/i_croc/i_dmi_jtag/i_dmi_jtag_tap.i_dft_tck_mux/i_mux/A0 (sg13g2_mux2_1)
     1    0.01    0.05    0.10   11.19 ^ i_croc_soc/i_croc/i_dmi_jtag/i_dmi_jtag_tap.i_dft_tck_mux/i_mux/X (sg13g2_mux2_1)
                                         i_croc_soc/i_croc/i_dmi_jtag/i_dmi_jtag_tap.tck_n (net)
                  0.05    0.00   11.19 ^ clkbuf_0_i_croc_soc/i_croc/i_dmi_jtag/i_dmi_jtag_tap.tck_n/A (sg13g2_buf_8)
     2    0.02    0.03    0.08   11.27 ^ clkbuf_0_i_croc_soc/i_croc/i_dmi_jtag/i_dmi_jtag_tap.tck_n/X (sg13g2_buf_8)
                                         clknet_0_i_croc_soc/i_croc/i_dmi_jtag/i_dmi_jtag_tap.tck_n (net)
                  0.03    0.00   11.27 ^ clkbuf_1_1__f_i_croc_soc/i_croc/i_dmi_jtag/i_dmi_jtag_tap.tck_n/A (sg13g2_buf_8)
     1    0.00    0.02    0.06   11.34 ^ clkbuf_1_1__f_i_croc_soc/i_croc/i_dmi_jtag/i_dmi_jtag_tap.tck_n/X (sg13g2_buf_8)
                                         clknet_1_1__leaf_i_croc_soc/i_croc/i_dmi_jtag/i_dmi_jtag_tap.tck_n (net)
                  0.02    0.00   11.34 ^ i_croc_soc/i_croc/i_dmi_jtag/td_o_reg/CLK (sg13g2_dfrbp_2)
     1    0.11    0.23    0.37   11.71 ^ i_croc_soc/i_croc/i_dmi_jtag/td_o_reg/Q (sg13g2_dfrbp_2)
                                         soc_jtag_tdo_o (net)
                  0.32    0.03   11.73 ^ pad_jtag_tdo_o/c2p (sg13g2_IOPadOut16mA)
     1   15.00    3.55    3.25   14.98 ^ pad_jtag_tdo_o/pad (sg13g2_IOPadOut16mA)
                                         jtag_tdo_o (net)
                  2.66    0.00   14.98 ^ jtag_tdo_o (out)
                                 14.98   data arrival time

                         20.00   20.00   clock clk_jtg (rise edge)
                          0.00   20.00   clock network delay (propagated)
                         -0.10   19.90   clock uncertainty
                          0.00   19.90   clock reconvergence pessimism
                         -5.00   14.90   output external delay
                                 14.90   data required time
-----------------------------------------------------------------------------
                                 14.90   data required time
                                -14.98   data arrival time
-----------------------------------------------------------------------------
                                 -0.08   slack (VIOLATED)


Startpoint: i_croc_soc/i_croc/i_core_wrap/i_ibex.id_stage_i.controller_i.instr_i_15__reg
            (rising edge-triggered flip-flop clocked by clk_sys)
Endpoint: i_croc_soc/i_croc/i_core_wrap/i_ibex.crash_dump_o_95__reg
          (rising edge-triggered flip-flop clocked by clk_sys)
Path Group: clk_sys
Path Type: max
Corner: tt

Fanout     Cap    Slew   Delay    Time   Description
-----------------------------------------------------------------------------
                          0.00    0.00   clock clk_sys (rise edge)
                          0.00    0.00   clock source latency
     1    0.24    0.35    0.04    0.04 ^ clk_i (in)
                                         clk_i (net)
                  0.35    0.00    0.04 ^ pad_clk_i/pad (sg13g2_IOPadIn)
     1    0.09    0.17    0.12    0.16 ^ pad_clk_i/p2c (sg13g2_IOPadIn)
                                         soc_clk_i (net)
                  0.13    0.02    0.18 ^ clkbuf_0_soc_clk_i/A (sg13g2_buf_8)
     4    0.15    0.09    0.16    0.34 ^ clkbuf_0_soc_clk_i/X (sg13g2_buf_8)
                                         clknet_0_soc_clk_i (net)
                  0.09    0.01    0.35 ^ clkbuf_2_3_0_soc_clk_i/A (sg13g2_buf_16)
     4    0.13    0.05    0.11    0.46 ^ clkbuf_2_3_0_soc_clk_i/X (sg13g2_buf_16)
                                         clknet_2_3_0_soc_clk_i (net)
                  0.05    0.01    0.47 ^ clkbuf_4_13_0_soc_clk_i/A (sg13g2_buf_16)
     8    0.13    0.04    0.10    0.56 ^ clkbuf_4_13_0_soc_clk_i/X (sg13g2_buf_16)
                                         clknet_4_13_0_soc_clk_i (net)
                  0.04    0.00    0.57 ^ clkbuf_7_110__f_soc_clk_i/A (sg13g2_buf_8)
     7    0.14    0.08    0.12    0.69 ^ clkbuf_7_110__f_soc_clk_i/X (sg13g2_buf_8)
                                         clknet_7_110__leaf_soc_clk_i (net)
                  0.08    0.00    0.69 ^ clkbuf_leaf_408_soc_clk_i/A (sg13g2_buf_16)
     8    0.03    0.02    0.09    0.78 ^ clkbuf_leaf_408_soc_clk_i/X (sg13g2_buf_16)
                                         clknet_leaf_408_soc_clk_i (net)
                  0.02    0.00    0.78 ^ i_croc_soc/i_croc/i_core_wrap/i_ibex.id_stage_i.controller_i.instr_i_15__reg/CLK (sg13g2_dfrbp_1)
     1    0.01    0.05    0.22    1.00 ^ i_croc_soc/i_croc/i_core_wrap/i_ibex.id_stage_i.controller_i.instr_i_15__reg/Q (sg13g2_dfrbp_1)
                                         i_croc_soc/i_croc/i_core_wrap/i_ibex.id_stage_i.controller_i.instr_i_15_ (net)
                  0.05    0.00    1.00 ^ fanout5939/A (sg13g2_buf_8)
     7    0.09    0.06    0.10    1.10 ^ fanout5939/X (sg13g2_buf_8)
                                         net5939 (net)
                  0.07    0.02    1.12 ^ fanout5938/A (sg13g2_buf_2)
     4    0.02    0.05    0.11    1.23 ^ fanout5938/X (sg13g2_buf_2)
                                         net5938 (net)
                  0.05    0.00    1.23 ^ fanout5918/A (sg13g2_buf_2)
     4    0.04    0.10    0.13    1.36 ^ fanout5918/X (sg13g2_buf_2)
                                         net5918 (net)
                  0.10    0.00    1.37 ^ fanout5912/A (sg13g2_buf_2)
     4    0.02    0.06    0.13    1.49 ^ fanout5912/X (sg13g2_buf_2)
                                         net5912 (net)
                  0.06    0.00    1.49 ^ fanout5910/A (sg13g2_buf_4)
     8    0.05    0.06    0.13    1.62 ^ fanout5910/X (sg13g2_buf_4)
                                         net5910 (net)
                  0.06    0.00    1.62 ^ i_croc_soc/i_croc/i_core_wrap/i_ibex.register_file_i/_4585_/S (sg13g2_mux2_1)
     1    0.01    0.04    0.17    1.79 v i_croc_soc/i_croc/i_core_wrap/i_ibex.register_file_i/_4585_/X (sg13g2_mux2_1)
                                         i_croc_soc/i_croc/i_core_wrap/i_ibex.register_file_i/_1526_ (net)
                  0.04    0.00    1.79 v i_croc_soc/i_croc/i_core_wrap/i_ibex.register_file_i/_4587_/A2 (sg13g2_a22oi_1)
     1    0.00    0.05    0.07    1.87 ^ i_croc_soc/i_croc/i_core_wrap/i_ibex.register_file_i/_4587_/Y (sg13g2_a22oi_1)
                                         i_croc_soc/i_croc/i_core_wrap/i_ibex.register_file_i/_1528_ (net)
                  0.05    0.00    1.87 ^ i_croc_soc/i_croc/i_core_wrap/i_ibex.register_file_i/_4588_/A2 (sg13g2_a21oi_1)
     1    0.01    0.07    0.09    1.96 v i_croc_soc/i_croc/i_core_wrap/i_ibex.register_file_i/_4588_/Y (sg13g2_a21oi_1)
                                         i_croc_soc/i_croc/i_core_wrap/i_ibex.register_file_i/_1529_ (net)
                  0.07    0.00    1.96 v i_croc_soc/i_croc/i_core_wrap/i_ibex.register_file_i/_4589_/C1 (sg13g2_a221oi_1)
     1    0.02    0.35    0.29    2.25 ^ i_croc_soc/i_croc/i_core_wrap/i_ibex.register_file_i/_4589_/Y (sg13g2_a221oi_1)
                                         i_croc_soc/i_croc/i_core_wrap/i_ibex.register_file_i/_1530_ (net)
                  0.35    0.00    2.25 ^ i_croc_soc/i_croc/i_core_wrap/i_ibex.register_file_i/_4590_/C (sg13g2_nand3_1)
     1    0.05    0.46    0.48    2.73 v i_croc_soc/i_croc/i_core_wrap/i_ibex.register_file_i/_4590_/Y (sg13g2_nand3_1)
                                         i_croc_soc/i_croc/i_core_wrap/i_ibex.ex_block_i.multdiv_operand_a_i_7_ (net)
                  0.46    0.01    2.74 v i_croc_soc/i_croc/i_core_wrap/_5540_/A0 (sg13g2_mux2_1)
     1    0.00    0.05    0.21    2.95 v i_croc_soc/i_croc/i_core_wrap/_5540_/X (sg13g2_mux2_1)
                                         i_croc_soc/i_croc/i_core_wrap/_1096_ (net)
                  0.05    0.00    2.95 v i_croc_soc/i_croc/i_core_wrap/_5541_/B (sg13g2_and2_1)
     1    0.01    0.03    0.09    3.04 v i_croc_soc/i_croc/i_core_wrap/_5541_/X (sg13g2_and2_1)
                                         i_croc_soc/i_croc/i_core_wrap/_1097_ (net)
                  0.03    0.00    3.04 v i_croc_soc/i_croc/i_core_wrap/_5542_/B1 (sg13g2_a21oi_2)
     4    0.02    0.11    0.10    3.15 ^ i_croc_soc/i_croc/i_core_wrap/_5542_/Y (sg13g2_a21oi_2)
                                         i_croc_soc/i_croc/i_core_wrap/_1098_ (net)
                  0.11    0.00    3.15 ^ fanout1226/A (sg13g2_buf_2)
     8    0.04    0.09    0.16    3.30 ^ fanout1226/X (sg13g2_buf_2)
                                         net1226 (net)
                  0.09    0.00    3.30 ^ i_croc_soc/i_croc/i_core_wrap/_5596_/A (sg13g2_inv_1)
     3    0.01    0.05    0.07    3.37 v i_croc_soc/i_croc/i_core_wrap/_5596_/Y (sg13g2_inv_1)
                                         i_croc_soc/i_croc/i_core_wrap/i_ibex.alu_operand_a_ex_7_ (net)
                  0.05    0.00    3.37 v fanout2949/A (sg13g2_buf_2)
     8    0.03    0.06    0.12    3.49 v fanout2949/X (sg13g2_buf_2)
                                         net2949 (net)
                  0.06    0.00    3.49 v i_croc_soc/i_croc/i_core_wrap/_5597_/C (sg13g2_and3_2)
     5    0.02    0.05    0.13    3.62 v i_croc_soc/i_croc/i_core_wrap/_5597_/X (sg13g2_and3_2)
                                         i_croc_soc/i_croc/i_core_wrap/_1149_ (net)
                  0.05    0.00    3.62 v i_croc_soc/i_croc/i_core_wrap/_5599_/A2 (sg13g2_o21ai_1)
     1    0.00    0.08    0.09    3.71 ^ i_croc_soc/i_croc/i_core_wrap/_5599_/Y (sg13g2_o21ai_1)
                                         i_croc_soc/i_croc/i_core_wrap/_1151_ (net)
                  0.08    0.00    3.71 ^ i_croc_soc/i_croc/i_core_wrap/_5602_/A1 (sg13g2_a21oi_1)
     1    0.01    0.06    0.08    3.79 v i_croc_soc/i_croc/i_core_wrap/_5602_/Y (sg13g2_a21oi_1)
                                         i_croc_soc/i_croc/i_core_wrap/_1154_ (net)
                  0.06    0.00    3.79 v i_croc_soc/i_croc/i_core_wrap/_5604_/A2 (sg13g2_o21ai_1)
     3    0.01    0.18    0.17    3.96 ^ i_croc_soc/i_croc/i_core_wrap/_5604_/Y (sg13g2_o21ai_1)
                                         i_croc_soc/i_croc/i_core_wrap/_1156_ (net)
                  0.18    0.00    3.96 ^ i_croc_soc/i_croc/i_core_wrap/_5610_/A2 (sg13g2_a21oi_2)
     3    0.02    0.10    0.14    4.10 v i_croc_soc/i_croc/i_core_wrap/_5610_/Y (sg13g2_a21oi_2)
                                         i_croc_soc/i_croc/i_core_wrap/_1162_ (net)
                  0.10    0.00    4.10 v i_croc_soc/i_croc/i_core_wrap/_5611_/C (sg13g2_nor3_2)
     7    0.03    0.24    0.22    4.33 ^ i_croc_soc/i_croc/i_core_wrap/_5611_/Y (sg13g2_nor3_2)
                                         i_croc_soc/i_croc/i_core_wrap/_1163_ (net)
                  0.24    0.00    4.33 ^ i_croc_soc/i_croc/i_core_wrap/_5782_/A1 (sg13g2_a21oi_1)
     2    0.01    0.10    0.14    4.47 v i_croc_soc/i_croc/i_core_wrap/_5782_/Y (sg13g2_a21oi_1)
                                         i_croc_soc/i_croc/i_core_wrap/_1326_ (net)
                  0.10    0.00    4.47 v i_croc_soc/i_croc/i_core_wrap/_5806_/B1 (sg13g2_a221oi_1)
     1    0.02    0.29    0.28    4.75 ^ i_croc_soc/i_croc/i_core_wrap/_5806_/Y (sg13g2_a221oi_1)
                                         i_croc_soc/i_croc/i_core_wrap/_1350_ (net)
                  0.29    0.00    4.75 ^ i_croc_soc/i_croc/i_core_wrap/_5807_/B (sg13g2_xnor2_1)
     2    0.01    0.11    0.16    4.91 v i_croc_soc/i_croc/i_core_wrap/_5807_/Y (sg13g2_xnor2_1)
                                         i_croc_soc/i_croc/i_core_wrap/_1351_ (net)
                  0.11    0.00    4.91 v i_croc_soc/i_croc/i_core_wrap/_5808_/B (sg13g2_xnor2_1)
     1    0.00    0.05    0.12    5.03 v i_croc_soc/i_croc/i_core_wrap/_5808_/Y (sg13g2_xnor2_1)
                                         i_croc_soc/i_croc/core_data_obi_req_71_ (net)
                  0.05    0.00    5.03 v fanout2658/A (sg13g2_buf_4)
     5    0.06    0.06    0.11    5.15 v fanout2658/X (sg13g2_buf_4)
                                         net2658 (net)
                  0.06    0.00    5.15 v i_croc_soc/i_croc/i_core_wrap/_7083_/A1 (sg13g2_a221oi_1)
     1    0.00    0.12    0.15    5.30 ^ i_croc_soc/i_croc/i_core_wrap/_7083_/Y (sg13g2_a221oi_1)
                                         i_croc_soc/i_croc/i_core_wrap/_2457_ (net)
                  0.12    0.00    5.30 ^ i_croc_soc/i_croc/i_core_wrap/_7085_/A (sg13g2_nor2_1)
     3    0.01    0.06    0.09    5.39 v i_croc_soc/i_croc/i_core_wrap/_7085_/Y (sg13g2_nor2_1)
                                         i_croc_soc/i_croc/i_core_wrap/_2459_ (net)
                  0.06    0.00    5.39 v i_croc_soc/i_croc/i_core_wrap/_8223_/A (sg13g2_inv_1)
     1    0.02    0.10    0.10    5.48 ^ i_croc_soc/i_croc/i_core_wrap/_8223_/Y (sg13g2_inv_1)
                                         i_croc_soc/i_croc/i_core_wrap/_3442_ (net)
                  0.10    0.00    5.48 ^ i_croc_soc/i_croc/i_core_wrap/_8224_/B1 (sg13g2_o21ai_1)
     4    0.02    0.12    0.14    5.62 v i_croc_soc/i_croc/i_core_wrap/_8224_/Y (sg13g2_o21ai_1)
                                         i_croc_soc/i_croc/i_core_wrap/_3443_ (net)
                  0.12    0.00    5.62 v i_croc_soc/i_croc/i_core_wrap/_8518_/A1 (sg13g2_mux2_2)
     7    0.04    0.09    0.23    5.85 v i_croc_soc/i_croc/i_core_wrap/_8518_/X (sg13g2_mux2_2)
                                         i_croc_soc/i_croc/core_instr_obi_req_71_ (net)
                  0.09    0.00    5.85 v i_croc_soc/i_croc/_3895_/D (sg13g2_nor4_1)
     2    0.01    0.18    0.16    6.01 ^ i_croc_soc/i_croc/_3895_/Y (sg13g2_nor4_1)
                                         i_croc_soc/i_croc/_0354_ (net)
                  0.18    0.00    6.01 ^ i_croc_soc/i_croc/_3896_/D (sg13g2_nand4_1)
     4    0.02    0.28    0.31    6.32 v i_croc_soc/i_croc/_3896_/Y (sg13g2_nand4_1)
                                         i_croc_soc/i_croc/_0355_ (net)
                  0.28    0.00    6.32 v i_croc_soc/i_croc/_3933_/B2 (sg13g2_a221oi_1)
     5    0.03    0.40    0.42    6.74 ^ i_croc_soc/i_croc/_3933_/Y (sg13g2_a221oi_1)
                                         i_croc_soc/i_croc/_0391_ (net)
                  0.40    0.00    6.74 ^ i_croc_soc/i_croc/_3948_/B (sg13g2_nand2_2)
     7    0.03    0.15    0.21    6.95 v i_croc_soc/i_croc/_3948_/Y (sg13g2_nand2_2)
                                         i_croc_soc/i_croc/_0406_ (net)
                  0.15    0.00    6.95 v i_croc_soc/i_croc/_3956_/A1 (sg13g2_a221oi_1)
     2    0.01    0.15    0.20    7.15 ^ i_croc_soc/i_croc/_3956_/Y (sg13g2_a221oi_1)
                                         i_croc_soc/i_croc/_0414_ (net)
                  0.15    0.00    7.15 ^ fanout1030/A (sg13g2_buf_2)
     8    0.03    0.07    0.16    7.30 ^ fanout1030/X (sg13g2_buf_2)
                                         net1030 (net)
                  0.07    0.00    7.30 ^ fanout1023/A (sg13g2_buf_2)
     8    0.03    0.08    0.13    7.44 ^ fanout1023/X (sg13g2_buf_2)
                                         net1023 (net)
                  0.08    0.00    7.44 ^ i_croc_soc/i_croc/_3988_/A (sg13g2_and2_1)
     1    0.00    0.03    0.10    7.53 ^ i_croc_soc/i_croc/_3988_/X (sg13g2_and2_1)
                                         i_croc_soc/i_croc/_0446_ (net)
                  0.03    0.00    7.53 ^ fanout1012/A (sg13g2_buf_1)
     4    0.01    0.06    0.09    7.62 ^ fanout1012/X (sg13g2_buf_1)
                                         net1012 (net)
                  0.06    0.00    7.62 ^ fanout1011/A (sg13g2_buf_2)
     5    0.02    0.06    0.11    7.73 ^ fanout1011/X (sg13g2_buf_2)
                                         net1011 (net)
                  0.06    0.00    7.73 ^ i_croc_soc/i_croc/_4108_/B1 (sg13g2_a22oi_1)
     2    0.01    0.12    0.07    7.80 v i_croc_soc/i_croc/_4108_/Y (sg13g2_a22oi_1)
                                         i_croc_soc/i_croc/_0565_ (net)
                  0.12    0.00    7.80 v i_croc_soc/i_croc/_4109_/C1 (sg13g2_a221oi_1)
     1    0.00    0.12    0.13    7.94 ^ i_croc_soc/i_croc/_4109_/Y (sg13g2_a221oi_1)
                                         i_croc_soc/i_croc/_0566_ (net)
                  0.12    0.00    7.94 ^ i_croc_soc/i_croc/_4148_/A1 (sg13g2_a22oi_1)
     2    0.01    0.10    0.14    8.07 v i_croc_soc/i_croc/_4148_/Y (sg13g2_a22oi_1)
                                         i_croc_soc/i_croc/_0605_ (net)
                  0.10    0.00    8.08 v i_croc_soc/i_croc/_4149_/C (sg13g2_or3_2)
     5    0.02    0.06    0.21    8.29 v i_croc_soc/i_croc/_4149_/X (sg13g2_or3_2)
                                         i_croc_soc/i_croc/_0606_ (net)
                  0.06    0.00    8.29 v i_croc_soc/i_croc/_4157_/A (sg13g2_nor2_1)
     2    0.01    0.08    0.09    8.37 ^ i_croc_soc/i_croc/_4157_/Y (sg13g2_nor2_1)
                                         i_croc_soc/i_croc/_0614_ (net)
                  0.08    0.00    8.37 ^ i_croc_soc/i_croc/_4158_/B (sg13g2_nand2_1)
     1    0.00    0.04    0.07    8.44 v i_croc_soc/i_croc/_4158_/Y (sg13g2_nand2_1)
                                         i_croc_soc/i_croc/_0615_ (net)
                  0.04    0.00    8.44 v i_croc_soc/i_croc/_4264_/A (sg13g2_nand4_1)
     3    0.01    0.07    0.07    8.51 ^ i_croc_soc/i_croc/_4264_/Y (sg13g2_nand4_1)
                                         i_croc_soc/i_croc/_0721_ (net)
                  0.07    0.00    8.51 ^ i_croc_soc/i_croc/_4265_/B (sg13g2_and2_2)
     5    0.02    0.06    0.14    8.65 ^ i_croc_soc/i_croc/_4265_/X (sg13g2_and2_2)
                                         i_croc_soc/i_croc/_0722_ (net)
                  0.06    0.00    8.65 ^ i_croc_soc/i_croc/_4997_/B (sg13g2_nor3_2)
     2    0.01    0.09    0.05    8.70 v i_croc_soc/i_croc/_4997_/Y (sg13g2_nor3_2)
                                         i_croc_soc/i_croc/_1278_ (net)
                  0.09    0.00    8.70 v i_croc_soc/i_croc/_4998_/B (sg13g2_nand2b_2)
     3    0.02    0.07    0.08    8.78 ^ i_croc_soc/i_croc/_4998_/Y (sg13g2_nand2b_2)
                                         i_croc_soc/i_croc/_1279_ (net)
                  0.07    0.00    8.78 ^ fanout2288/A (sg13g2_buf_4)
     5    0.03    0.05    0.12    8.91 ^ fanout2288/X (sg13g2_buf_4)
                                         net2288 (net)
                  0.05    0.00    8.91 ^ fanout2287/A (sg13g2_buf_4)
     8    0.03    0.05    0.11    9.02 ^ fanout2287/X (sg13g2_buf_4)
                                         net2287 (net)
                  0.05    0.00    9.02 ^ i_croc_soc/i_croc/_5000_/B (sg13g2_nor2_2)
     5    0.03    0.08    0.07    9.08 v i_croc_soc/i_croc/_5000_/Y (sg13g2_nor2_2)
                                         i_croc_soc/i_croc/all_periph_obi_rsp_157_ (net)
                  0.08    0.00    9.08 v i_croc_soc/i_croc/i_gpio/_1285_/A (sg13g2_nand2_1)
     2    0.01    0.05    0.06    9.14 ^ i_croc_soc/i_croc/i_gpio/_1285_/Y (sg13g2_nand2_1)
                                         i_croc_soc/i_croc/i_gpio/_0153_ (net)
                  0.05    0.00    9.14 ^ i_croc_soc/i_croc/i_gpio/_1286_/B (sg13g2_nand3_1)
     1    0.00    0.06    0.08    9.22 v i_croc_soc/i_croc/i_gpio/_1286_/Y (sg13g2_nand3_1)
                                         i_croc_soc/i_croc/i_gpio/_0154_ (net)
                  0.06    0.00    9.22 v i_croc_soc/i_croc/i_gpio/_1287_/B1 (sg13g2_o21ai_1)
     1    0.01    0.12    0.07    9.29 ^ i_croc_soc/i_croc/i_gpio/_1287_/Y (sg13g2_o21ai_1)
                                         i_croc_soc/i_croc/all_periph_obi_rsp_159_ (net)
                  0.12    0.00    9.29 ^ i_croc_soc/i_croc/_6260_/A2 (sg13g2_a22oi_1)
     1    0.00    0.06    0.10    9.39 v i_croc_soc/i_croc/_6260_/Y (sg13g2_a22oi_1)
                                         i_croc_soc/i_croc/_2245_ (net)
                  0.06    0.00    9.39 v i_croc_soc/i_croc/_6262_/A2 (sg13g2_o21ai_1)
     1    0.01    0.13    0.13    9.53 ^ i_croc_soc/i_croc/_6262_/Y (sg13g2_o21ai_1)
                                         i_croc_soc/i_croc/_2247_ (net)
                  0.13    0.00    9.53 ^ rebuffer6006/A (sg13g2_buf_8)
     4    0.05    0.04    0.12    9.65 ^ rebuffer6006/X (sg13g2_buf_8)
                                         net6006 (net)
                  0.04    0.01    9.65 ^ i_croc_soc/i_croc/_6488_/A2 (sg13g2_a21oi_1)
     1    0.01    0.09    0.09    9.74 v i_croc_soc/i_croc/_6488_/Y (sg13g2_a21oi_1)
                                         i_croc_soc/i_croc/_2440_ (net)
                  0.09    0.00    9.74 v i_croc_soc/i_croc/_6489_/B (sg13g2_and2_1)
     1    0.01    0.03    0.11    9.85 v i_croc_soc/i_croc/_6489_/X (sg13g2_and2_1)
                                         i_croc_soc/i_croc/_2441_ (net)
                  0.03    0.00    9.85 v i_croc_soc/i_croc/_6490_/C (sg13g2_nor3_2)
     5    0.03    0.19    0.16   10.01 ^ i_croc_soc/i_croc/_6490_/Y (sg13g2_nor3_2)
                                         i_croc_soc/i_croc/core_instr_obi_rsp_3_ (net)
                  0.19    0.00   10.01 ^ i_croc_soc/i_croc/i_core_wrap/_6454_/A0 (sg13g2_mux2_1)
     3    0.01    0.07    0.17   10.18 ^ i_croc_soc/i_croc/i_core_wrap/_6454_/X (sg13g2_mux2_1)
                                         i_croc_soc/i_croc/i_core_wrap/_1928_ (net)
                  0.07    0.00   10.18 ^ i_croc_soc/i_croc/i_core_wrap/_6655_/B (sg13g2_or3_2)
     4    0.04    0.10    0.16   10.34 ^ i_croc_soc/i_croc/i_core_wrap/_6655_/X (sg13g2_or3_2)
                                         i_croc_soc/i_croc/i_core_wrap/_2064_ (net)
                  0.10    0.00   10.34 ^ i_croc_soc/i_croc/i_core_wrap/_6656_/A (sg13g2_inv_1)
     3    0.02    0.08    0.10   10.45 v i_croc_soc/i_croc/i_core_wrap/_6656_/Y (sg13g2_inv_1)
                                         i_croc_soc/i_croc/i_core_wrap/_2065_ (net)
                  0.08    0.00   10.45 v i_croc_soc/i_croc/i_core_wrap/_6748_/C (sg13g2_nor3_1)
     3    0.01    0.18    0.17   10.61 ^ i_croc_soc/i_croc/i_core_wrap/_6748_/Y (sg13g2_nor3_1)
                                         i_croc_soc/i_croc/i_core_wrap/_2153_ (net)
                  0.18    0.00   10.61 ^ i_croc_soc/i_croc/i_core_wrap/_6775_/C (sg13g2_nand3_1)
     1    0.00    0.07    0.12   10.74 v i_croc_soc/i_croc/i_core_wrap/_6775_/Y (sg13g2_nand3_1)
                                         i_croc_soc/i_croc/i_core_wrap/_2177_ (net)
                  0.07    0.00   10.74 v i_croc_soc/i_croc/i_core_wrap/_6776_/A (sg13g2_inv_1)
     2    0.01    0.04    0.06   10.79 ^ i_croc_soc/i_croc/i_core_wrap/_6776_/Y (sg13g2_inv_1)
                                         i_croc_soc/i_croc/i_core_wrap/_2178_ (net)
                  0.04    0.00   10.79 ^ i_croc_soc/i_croc/i_core_wrap/_6797_/B (sg13g2_and2_1)
     4    0.01    0.07    0.12   10.92 ^ i_croc_soc/i_croc/i_core_wrap/_6797_/X (sg13g2_and2_1)
                                         i_croc_soc/i_croc/i_core_wrap/_2196_ (net)
                  0.07    0.00   10.92 ^ i_croc_soc/i_croc/i_core_wrap/_6841_/D (sg13g2_and4_1)
     4    0.02    0.09    0.22   11.13 ^ i_croc_soc/i_croc/i_core_wrap/_6841_/X (sg13g2_and4_1)
                                         i_croc_soc/i_croc/i_core_wrap/_2237_ (net)
                  0.09    0.00   11.13 ^ i_croc_soc/i_croc/i_core_wrap/_6887_/D (sg13g2_and4_1)
     2    0.01    0.08    0.21   11.34 ^ i_croc_soc/i_croc/i_core_wrap/_6887_/X (sg13g2_and4_1)
                                         i_croc_soc/i_croc/i_core_wrap/_2280_ (net)
                  0.08    0.00   11.34 ^ i_croc_soc/i_croc/i_core_wrap/_6904_/B (sg13g2_and2_1)
     2    0.01    0.04    0.11   11.46 ^ i_croc_soc/i_croc/i_core_wrap/_6904_/X (sg13g2_and2_1)
                                         i_croc_soc/i_croc/i_core_wrap/_2296_ (net)
                  0.04    0.00   11.46 ^ i_croc_soc/i_croc/i_core_wrap/_6906_/B (sg13g2_and2_1)
     3    0.01    0.06    0.11   11.57 ^ i_croc_soc/i_croc/i_core_wrap/_6906_/X (sg13g2_and2_1)
                                         i_croc_soc/i_croc/i_core_wrap/_2298_ (net)
                  0.06    0.00   11.57 ^ i_croc_soc/i_croc/i_core_wrap/_6918_/B (sg13g2_and2_1)
     2    0.01    0.04    0.11   11.68 ^ i_croc_soc/i_croc/i_core_wrap/_6918_/X (sg13g2_and2_1)
                                         i_croc_soc/i_croc/i_core_wrap/_2309_ (net)
                  0.04    0.00   11.68 ^ i_croc_soc/i_croc/i_core_wrap/_6945_/B (sg13g2_and2_1)
     3    0.01    0.05    0.11   11.79 ^ i_croc_soc/i_croc/i_core_wrap/_6945_/X (sg13g2_and2_1)
                                         i_croc_soc/i_croc/i_core_wrap/_2334_ (net)
                  0.05    0.00   11.79 ^ i_croc_soc/i_croc/i_core_wrap/_6959_/C (sg13g2_and3_1)
     4    0.02    0.09    0.17   11.96 ^ i_croc_soc/i_croc/i_core_wrap/_6959_/X (sg13g2_and3_1)
                                         i_croc_soc/i_croc/i_core_wrap/_2346_ (net)
                  0.09    0.00   11.96 ^ i_croc_soc/i_croc/i_core_wrap/_6987_/D (sg13g2_and4_1)
     4    0.01    0.08    0.21   12.17 ^ i_croc_soc/i_croc/i_core_wrap/_6987_/X (sg13g2_and4_1)
                                         i_croc_soc/i_croc/i_core_wrap/_2371_ (net)
                  0.08    0.00   12.17 ^ i_croc_soc/i_croc/i_core_wrap/_7015_/D (sg13g2_and4_1)
     4    0.01    0.08    0.21   12.39 ^ i_croc_soc/i_croc/i_core_wrap/_7015_/X (sg13g2_and4_1)
                                         i_croc_soc/i_croc/i_core_wrap/_2396_ (net)
                  0.08    0.00   12.39 ^ i_croc_soc/i_croc/i_core_wrap/_7044_/D (sg13g2_and4_2)
     4    0.02    0.08    0.24   12.62 ^ i_croc_soc/i_croc/i_core_wrap/_7044_/X (sg13g2_and4_2)
                                         i_croc_soc/i_croc/i_core_wrap/_2421_ (net)
                  0.08    0.00   12.62 ^ i_croc_soc/i_croc/i_core_wrap/_7086_/D (sg13g2_and4_1)
     2    0.01    0.06    0.19   12.81 ^ i_croc_soc/i_croc/i_core_wrap/_7086_/X (sg13g2_and4_1)
                                         i_croc_soc/i_croc/i_core_wrap/_2460_ (net)
                  0.06    0.00   12.81 ^ i_croc_soc/i_croc/i_core_wrap/_7088_/C (sg13g2_nand3_1)
     1    0.00    0.07    0.09   12.90 v i_croc_soc/i_croc/i_core_wrap/_7088_/Y (sg13g2_nand3_1)
                                         i_croc_soc/i_croc/i_core_wrap/_2462_ (net)
                  0.07    0.00   12.90 v i_croc_soc/i_croc/i_core_wrap/_7089_/A2 (sg13g2_a21oi_1)
     1    0.00    0.06    0.09   12.98 ^ i_croc_soc/i_croc/i_core_wrap/_7089_/Y (sg13g2_a21oi_1)
                                         i_croc_soc/i_croc/i_core_wrap/_2463_ (net)
                  0.06    0.00   12.98 ^ i_croc_soc/i_croc/i_core_wrap/_7090_/B1 (sg13g2_a21oi_1)
     1    0.00    0.04    0.04   13.02 v i_croc_soc/i_croc/i_core_wrap/_7090_/Y (sg13g2_a21oi_1)
                                         i_croc_soc/i_croc/i_core_wrap/_0090_ (net)
                  0.04    0.00   13.02 v i_croc_soc/i_croc/i_core_wrap/i_ibex.crash_dump_o_95__reg/D (sg13g2_dfrbp_2)
                                 13.02   data arrival time

                         12.50   12.50   clock clk_sys (rise edge)
                          0.00   12.50   clock source latency
     1    0.20    0.34    0.03   12.53 ^ clk_i (in)
                                         clk_i (net)
                  0.34    0.00   12.53 ^ pad_clk_i/pad (sg13g2_IOPadIn)
     1    0.09    0.17    0.12   12.65 ^ pad_clk_i/p2c (sg13g2_IOPadIn)
                                         soc_clk_i (net)
                  0.13    0.02   12.67 ^ clkbuf_0_soc_clk_i/A (sg13g2_buf_8)
     4    0.15    0.09    0.16   12.83 ^ clkbuf_0_soc_clk_i/X (sg13g2_buf_8)
                                         clknet_0_soc_clk_i (net)
                  0.09    0.01   12.84 ^ clkbuf_2_3_0_soc_clk_i/A (sg13g2_buf_16)
     4    0.13    0.05    0.11   12.95 ^ clkbuf_2_3_0_soc_clk_i/X (sg13g2_buf_16)
                                         clknet_2_3_0_soc_clk_i (net)
                  0.05    0.01   12.96 ^ clkbuf_4_14_0_soc_clk_i/A (sg13g2_buf_16)
     8    0.13    0.05    0.09   13.06 ^ clkbuf_4_14_0_soc_clk_i/X (sg13g2_buf_16)
                                         clknet_4_14_0_soc_clk_i (net)
                  0.05    0.01   13.06 ^ clkbuf_7_114__f_soc_clk_i/A (sg13g2_buf_8)
     8    0.14    0.08    0.12   13.19 ^ clkbuf_7_114__f_soc_clk_i/X (sg13g2_buf_8)
                                         clknet_7_114__leaf_soc_clk_i (net)
                  0.08    0.00   13.19 ^ clkbuf_leaf_510_soc_clk_i/A (sg13g2_buf_16)
     5    0.03    0.02    0.09   13.28 ^ clkbuf_leaf_510_soc_clk_i/X (sg13g2_buf_16)
                                         clknet_leaf_510_soc_clk_i (net)
                  0.02    0.00   13.28 ^ i_croc_soc/i_croc/i_core_wrap/i_ibex.crash_dump_o_95__reg/CLK (sg13g2_dfrbp_2)
                         -0.10   13.18   clock uncertainty
                          0.01   13.19   clock reconvergence pessimism
                         -0.13   13.06   library setup time
                                 13.06   data required time
-----------------------------------------------------------------------------
                                 13.06   data required time
                                -13.02   data arrival time
-----------------------------------------------------------------------------
                                  0.03   slack (MET)



==========================================================================
04_croc.cts report_check_types -max_slew -max_cap -max_fanout -violators
--------------------------------------------------------------------------

==========================================================================
04_croc.cts max_slew_check_slack
--------------------------------------------------------------------------
-2.4305672645568848

==========================================================================
04_croc.cts max_slew_check_limit
--------------------------------------------------------------------------
1.2000000476837158

==========================================================================
04_croc.cts max_slew_check_slack_limit
--------------------------------------------------------------------------
-2.0255

==========================================================================
04_croc.cts max_fanout_check_slack
--------------------------------------------------------------------------
-1.0

==========================================================================
04_croc.cts max_fanout_check_limit
--------------------------------------------------------------------------
8.0

==========================================================================
04_croc.cts max_fanout_check_slack_limit
--------------------------------------------------------------------------
-0.1250

==========================================================================
04_croc.cts max_capacitance_check_slack
--------------------------------------------------------------------------
-11.160959243774414

==========================================================================
04_croc.cts max_capacitance_check_limit
--------------------------------------------------------------------------
4.21304988861084

==========================================================================
04_croc.cts max_capacitance_check_slack_limit
--------------------------------------------------------------------------
-2.6491

==========================================================================
04_croc.cts max_slew_violation_count
--------------------------------------------------------------------------
max slew violation count 71

==========================================================================
04_croc.cts max_fanout_violation_count
--------------------------------------------------------------------------
max fanout violation count 178

==========================================================================
04_croc.cts max_cap_violation_count
--------------------------------------------------------------------------
max cap violation count 71

==========================================================================
04_croc.cts setup_violation_count
--------------------------------------------------------------------------
setup violation count 1

==========================================================================
04_croc.cts hold_violation_count
--------------------------------------------------------------------------
hold violation count 0

==========================================================================
04_croc.cts critical path delay
--------------------------------------------------------------------------
14.9800

==========================================================================
04_croc.cts critical path slack
--------------------------------------------------------------------------
-0.0800

==========================================================================
04_croc.cts slack div critical path delay
--------------------------------------------------------------------------
-0.534045

==========================================================================
04_croc.cts report_power tt
--------------------------------------------------------------------------
Group                  Internal  Switching    Leakage      Total
                          Power      Power      Power      Power (Watts)
----------------------------------------------------------------
Sequential             2.64e-02   5.74e-04   2.76e-06   2.70e-02  45.6%
Combinational          6.65e-03   5.81e-03   5.67e-06   1.25e-02  21.1%
Clock                  1.29e-02   5.41e-03   1.58e-06   1.83e-02  31.0%
Macro                  0.00e+00   0.00e+00   0.00e+00   0.00e+00   0.0%
Pad                    1.12e-04   1.26e-03   1.08e-07   1.37e-03   2.3%
----------------------------------------------------------------
Total                  4.61e-02   1.30e-02   1.01e-05   5.92e-02 100.0%
                          77.9%      22.1%       0.0%

==========================================================================
04_croc.cts report_design_area
--------------------------------------------------------------------------

==========================================================================
04_croc.cts area by hierarchy
--------------------------------------------------------------------------

--------------------------------------------------------------------------------
Design Area Summary
--------------------------------------------------------------------------------
Die Area:              3980025.0 um2
Core Area:             2442871.872 um2
Total Area:            2505257.8944 um2
Total Active Area:     884857.8944 um2

Core Utilization:      0.3622203458733017
Std Cell Utilization:  0.30954729957837945

--------------------------------------------------------------------------------
Hierarchical Area Report
--------------------------------------------------------------------------------
                                                                                Global Area (um^2)                                                              Global Instances                                                                Local Area (um^2)                                                               Local Instances
                                                                                ------------------------------------------------------------------------------- ------------------------------------------------------------------------------- ------------------------------------------------------------------------------- ----------------------------------------------------------------------------
Hierarchy Name                                                                  Total           StdCell         Macro           Cover           Pad             Total           StdCell         Macro           Cover           Pad             Total           StdCell         Macro           Cover           Pad             Total           StdCell         Macro           Cover           Pad             
-----------------------------------------------------------------------------------------------------------------------------------------------------------------------------------------------------------------------------------------------------------------------------------------------------------------------------------------------------------------------------------------------------------
<top>                                                                           2505257.894     698496.826      186361.069      313600.000      1306800.000     38641           38379           2               64              196             1732889.171     112489.171      0.000           313600.000      1306800.000     6990            6730            0               64              196             
  i_croc_soc                                                                    772368.723      586007.654      186361.069      0.000           0.000           31651           31649           2               0               0               195.955         195.955         0.000           0.000           0.000           5               5               0               0               0               
    i_croc                                                                      745689.786      559328.717      186361.069      0.000           0.000           30460           30458           2               0               0               48847.277       48847.277       0.000           0.000           0.000           4271            4271            0               0               0               
      gen_sram_bank\[0\].i_sram                                                 95022.150       1841.616        93180.534       0.000           0.000           186             185             1               0               0               95022.150       1841.616        93180.534       0.000           0.000           186             185             1               0               0               
      gen_sram_bank\[1\].i_sram                                                 95016.707       1836.173        93180.534       0.000           0.000           186             185             1               0               0               95016.707       1836.173        93180.534       0.000           0.000           186             185             1               0               0               
      i_core_wrap                                                               212881.738      212881.738      0.000           0.000           0.000           11563           11563           0               0               0               67428.547       67428.547       0.000           0.000           0.000           4728            4728            0               0               0               
        i_ibex.cs_registers_i                                                   53929.411       53929.411       0.000           0.000           0.000           3160            3160            0               0               0               53929.411       53929.411       0.000           0.000           0.000           3160            3160            0               0               0               
        i_ibex.register_file_i                                                  91523.779       91523.779       0.000           0.000           0.000           3675            3675            0               0               0               91523.779       91523.779       0.000           0.000           0.000           3675            3675            0               0               0               
      i_dm_top.i_dm_top                                                         72458.064       72458.064       0.000           0.000           0.000           4635            4635            0               0               0               72458.064       72458.064       0.000           0.000           0.000           4635            4635            0               0               0               
      i_dmi_jtag                                                                40481.078       40481.078       0.000           0.000           0.000           2239            2239            0               0               0               16806.787       16806.787       0.000           0.000           0.000           1044            1044            0               0               0               
        i_dmi_cdc.i_cdc_req                                                     12526.618       12526.618       0.000           0.000           0.000           626             626             0               0               0               246.758         246.758         0.000           0.000           0.000           8               8               0               0               0               
          i_cdc_reset_ctrlr                                                     4069.699        4069.699        0.000           0.000           0.000           263             263             0               0               0               0.000           0.000           0.000           0.000           0.000           0               0               0               0               0               
            i_cdc_reset_ctrlr_half_a                                            2004.912        2004.912        0.000           0.000           0.000           127             127             0               0               0               1016.064        1016.064        0.000           0.000           0.000           79              79              0               0               0               
              i_state_transition_cdc_dst                                        373.766         373.766         0.000           0.000           0.000           19              19              0               0               0               279.418         279.418         0.000           0.000           0.000           17              17              0               0               0               
                i_sync                                                          94.349          94.349          0.000           0.000           0.000           2               2               0               0               0               94.349          94.349          0.000           0.000           0.000           2               2               0               0               0               
              i_state_transition_cdc_src                                        615.082         615.082         0.000           0.000           0.000           29              29              0               0               0               513.475         513.475         0.000           0.000           0.000           27              27              0               0               0               
                i_sync                                                          101.606         101.606         0.000           0.000           0.000           2               2               0               0               0               101.606         101.606         0.000           0.000           0.000           2               2               0               0               0               
            i_cdc_reset_ctrlr_half_b                                            2064.787        2064.787        0.000           0.000           0.000           136             136             0               0               0               1075.939        1075.939        0.000           0.000           0.000           88              88              0               0               0               
              i_state_transition_cdc_dst                                        373.766         373.766         0.000           0.000           0.000           19              19              0               0               0               279.418         279.418         0.000           0.000           0.000           17              17              0               0               0               
                i_sync                                                          94.349          94.349          0.000           0.000           0.000           2               2               0               0               0               94.349          94.349          0.000           0.000           0.000           2               2               0               0               0               
              i_state_transition_cdc_src                                        615.082         615.082         0.000           0.000           0.000           29              29              0               0               0               513.475         513.475         0.000           0.000           0.000           27              27              0               0               0               
                i_sync                                                          101.606         101.606         0.000           0.000           0.000           2               2               0               0               0               101.606         101.606         0.000           0.000           0.000           2               2               0               0               0               
          i_dst                                                                 4122.317        4122.317        0.000           0.000           0.000           178             178             0               0               0               3980.794        3980.794        0.000           0.000           0.000           175             175             0               0               0               
            i_sync                                                              141.523         141.523         0.000           0.000           0.000           3               3               0               0               0               141.523         141.523         0.000           0.000           0.000           3               3               0               0               0               
          i_src                                                                 4087.843        4087.843        0.000           0.000           0.000           177             177             0               0               0               3946.320        3946.320        0.000           0.000           0.000           174             174             0               0               0               
            i_sync                                                              141.523         141.523         0.000           0.000           0.000           3               3               0               0               0               141.523         141.523         0.000           0.000           0.000           3               3               0               0               0               
        i_dmi_cdc.i_cdc_resp                                                    11116.829       11116.829       0.000           0.000           0.000           566             566             0               0               0               246.758         246.758         0.000           0.000           0.000           9               9               0               0               0               
          i_cdc_reset_ctrlr                                                     4060.627        4060.627        0.000           0.000           0.000           258             258             0               0               0               0.000           0.000           0.000           0.000           0.000           0               0               0               0               0               
            i_cdc_reset_ctrlr_half_a                                            2061.158        2061.158        0.000           0.000           0.000           134             134             0               0               0               1072.310        1072.310        0.000           0.000           0.000           86              86              0               0               0               
              i_state_transition_cdc_dst                                        373.766         373.766         0.000           0.000           0.000           19              19              0               0               0               279.418         279.418         0.000           0.000           0.000           17              17              0               0               0               
                i_sync                                                          94.349          94.349          0.000           0.000           0.000           2               2               0               0               0               94.349          94.349          0.000           0.000           0.000           2               2               0               0               0               
              i_state_transition_cdc_src                                        615.082         615.082         0.000           0.000           0.000           29              29              0               0               0               513.475         513.475         0.000           0.000           0.000           27              27              0               0               0               
                i_sync                                                          101.606         101.606         0.000           0.000           0.000           2               2               0               0               0               101.606         101.606         0.000           0.000           0.000           2               2               0               0               0               
            i_cdc_reset_ctrlr_half_b                                            1999.469        1999.469        0.000           0.000           0.000           124             124             0               0               0               1010.621        1010.621        0.000           0.000           0.000           76              76              0               0               0               
              i_state_transition_cdc_dst                                        373.766         373.766         0.000           0.000           0.000           19              19              0               0               0               279.418         279.418         0.000           0.000           0.000           17              17              0               0               0               
                i_sync                                                          94.349          94.349          0.000           0.000           0.000           2               2               0               0               0               94.349          94.349          0.000           0.000           0.000           2               2               0               0               0               
              i_state_transition_cdc_src                                        615.082         615.082         0.000           0.000           0.000           29              29              0               0               0               513.475         513.475         0.000           0.000           0.000           27              27              0               0               0               
                i_sync                                                          101.606         101.606         0.000           0.000           0.000           2               2               0               0               0               101.606         101.606         0.000           0.000           0.000           2               2               0               0               0               
          i_dst                                                                 3450.989        3450.989        0.000           0.000           0.000           150             150             0               0               0               3309.466        3309.466        0.000           0.000           0.000           147             147             0               0               0               
            i_sync                                                              141.523         141.523         0.000           0.000           0.000           3               3               0               0               0               141.523         141.523         0.000           0.000           0.000           3               3               0               0               0               
          i_src                                                                 3358.454        3358.454        0.000           0.000           0.000           149             149             0               0               0               3216.931        3216.931        0.000           0.000           0.000           146             146             0               0               0               
            i_sync                                                              141.523         141.523         0.000           0.000           0.000           3               3               0               0               0               141.523         141.523         0.000           0.000           0.000           3               3               0               0               0               
        i_dmi_jtag_tap.i_dft_tck_mux                                            25.402          25.402          0.000           0.000           0.000           2               2               0               0               0               25.402          25.402          0.000           0.000           0.000           2               2               0               0               0               
        i_dmi_jtag_tap.i_tck_inv                                                5.443           5.443           0.000           0.000           0.000           1               1               0               0               0               5.443           5.443           0.000           0.000           0.000           1               1               0               0               0               
      i_gpio                                                                    26834.976       26834.976       0.000           0.000           0.000           1253            1253            0               0               0               23663.405       23663.405       0.000           0.000           0.000           1189            1189            0               0               0               
        gen_gpios\[0\].i_sync                                                   94.349          94.349          0.000           0.000           0.000           2               2               0               0               0               94.349          94.349          0.000           0.000           0.000           2               2               0               0               0               
        gen_gpios\[10\].i_sync                                                  94.349          94.349          0.000           0.000           0.000           2               2               0               0               0               94.349          94.349          0.000           0.000           0.000           2               2               0               0               0               
        gen_gpios\[11\].i_sync                                                  94.349          94.349          0.000           0.000           0.000           2               2               0               0               0               94.349          94.349          0.000           0.000           0.000           2               2               0               0               0               
        gen_gpios\[12\].i_sync                                                  94.349          94.349          0.000           0.000           0.000           2               2               0               0               0               94.349          94.349          0.000           0.000           0.000           2               2               0               0               0               
        gen_gpios\[13\].i_sync                                                  94.349          94.349          0.000           0.000           0.000           2               2               0               0               0               94.349          94.349          0.000           0.000           0.000           2               2               0               0               0               
        gen_gpios\[14\].i_sync                                                  94.349          94.349          0.000           0.000           0.000           2               2               0               0               0               94.349          94.349          0.000           0.000           0.000           2               2               0               0               0               
        gen_gpios\[15\].i_sync                                                  101.606         101.606         0.000           0.000           0.000           2               2               0               0               0               101.606         101.606         0.000           0.000           0.000           2               2               0               0               0               
        gen_gpios\[16\].i_sync                                                  101.606         101.606         0.000           0.000           0.000           2               2               0               0               0               101.606         101.606         0.000           0.000           0.000           2               2               0               0               0               
        gen_gpios\[17\].i_sync                                                  101.606         101.606         0.000           0.000           0.000           2               2               0               0               0               101.606         101.606         0.000           0.000           0.000           2               2               0               0               0               
        gen_gpios\[18\].i_sync                                                  101.606         101.606         0.000           0.000           0.000           2               2               0               0               0               101.606         101.606         0.000           0.000           0.000           2               2               0               0               0               
        gen_gpios\[19\].i_sync                                                  94.349          94.349          0.000           0.000           0.000           2               2               0               0               0               94.349          94.349          0.000           0.000           0.000           2               2               0               0               0               
        gen_gpios\[1\].i_sync                                                   101.606         101.606         0.000           0.000           0.000           2               2               0               0               0               101.606         101.606         0.000           0.000           0.000           2               2               0               0               0               
        gen_gpios\[20\].i_sync                                                  94.349          94.349          0.000           0.000           0.000           2               2               0               0               0               94.349          94.349          0.000           0.000           0.000           2               2               0               0               0               
        gen_gpios\[21\].i_sync                                                  101.606         101.606         0.000           0.000           0.000           2               2               0               0               0               101.606         101.606         0.000           0.000           0.000           2               2               0               0               0               
        gen_gpios\[22\].i_sync                                                  101.606         101.606         0.000           0.000           0.000           2               2               0               0               0               101.606         101.606         0.000           0.000           0.000           2               2               0               0               0               
        gen_gpios\[23\].i_sync                                                  94.349          94.349          0.000           0.000           0.000           2               2               0               0               0               94.349          94.349          0.000           0.000           0.000           2               2               0               0               0               
        gen_gpios\[24\].i_sync                                                  101.606         101.606         0.000           0.000           0.000           2               2               0               0               0               101.606         101.606         0.000           0.000           0.000           2               2               0               0               0               
        gen_gpios\[25\].i_sync                                                  101.606         101.606         0.000           0.000           0.000           2               2               0               0               0               101.606         101.606         0.000           0.000           0.000           2               2               0               0               0               
        gen_gpios\[26\].i_sync                                                  101.606         101.606         0.000           0.000           0.000           2               2               0               0               0               101.606         101.606         0.000           0.000           0.000           2               2               0               0               0               
        gen_gpios\[27\].i_sync                                                  101.606         101.606         0.000           0.000           0.000           2               2               0               0               0               101.606         101.606         0.000           0.000           0.000           2               2               0               0               0               
        gen_gpios\[28\].i_sync                                                  101.606         101.606         0.000           0.000           0.000           2               2               0               0               0               101.606         101.606         0.000           0.000           0.000           2               2               0               0               0               
        gen_gpios\[29\].i_sync                                                  101.606         101.606         0.000           0.000           0.000           2               2               0               0               0               101.606         101.606         0.000           0.000           0.000           2               2               0               0               0               
        gen_gpios\[2\].i_sync                                                   101.606         101.606         0.000           0.000           0.000           2               2               0               0               0               101.606         101.606         0.000           0.000           0.000           2               2               0               0               0               
        gen_gpios\[30\].i_sync                                                  101.606         101.606         0.000           0.000           0.000           2               2               0               0               0               101.606         101.606         0.000           0.000           0.000           2               2               0               0               0               
        gen_gpios\[31\].i_sync                                                  101.606         101.606         0.000           0.000           0.000           2               2               0               0               0               101.606         101.606         0.000           0.000           0.000           2               2               0               0               0               
        gen_gpios\[3\].i_sync                                                   101.606         101.606         0.000           0.000           0.000           2               2               0               0               0               101.606         101.606         0.000           0.000           0.000           2               2               0               0               0               
        gen_gpios\[4\].i_sync                                                   101.606         101.606         0.000           0.000           0.000           2               2               0               0               0               101.606         101.606         0.000           0.000           0.000           2               2               0               0               0               
        gen_gpios\[5\].i_sync                                                   101.606         101.606         0.000           0.000           0.000           2               2               0               0               0               101.606         101.606         0.000           0.000           0.000           2               2               0               0               0               
        gen_gpios\[6\].i_sync                                                   101.606         101.606         0.000           0.000           0.000           2               2               0               0               0               101.606         101.606         0.000           0.000           0.000           2               2               0               0               0               
        gen_gpios\[7\].i_sync                                                   101.606         101.606         0.000           0.000           0.000           2               2               0               0               0               101.606         101.606         0.000           0.000           0.000           2               2               0               0               0               
        gen_gpios\[8\].i_sync                                                   94.349          94.349          0.000           0.000           0.000           2               2               0               0               0               94.349          94.349          0.000           0.000           0.000           2               2               0               0               0               
        gen_gpios\[9\].i_sync                                                   94.349          94.349          0.000           0.000           0.000           2               2               0               0               0               94.349          94.349          0.000           0.000           0.000           2               2               0               0               0               
      i_soc_ctrl                                                                5642.784        5642.784        0.000           0.000           0.000           250             250             0               0               0               5642.784        5642.784        0.000           0.000           0.000           250             250             0               0               0               
      i_timer                                                                   27950.832       27950.832       0.000           0.000           0.000           1592            1592            0               0               0               27950.832       27950.832       0.000           0.000           0.000           1592            1592            0               0               0               
      i_uart                                                                    120554.179      120554.179      0.000           0.000           0.000           4285            4285            0               0               0               120554.179      120554.179      0.000           0.000           0.000           4285            4285            0               0               0               
    i_ext_intr_sync                                                             101.606         101.606         0.000           0.000           0.000           2               2               0               0               0               101.606         101.606         0.000           0.000           0.000           2               2               0               0               0               
    i_rstgen.i_rstgen_bypass.i_tc_clk_mux2_init_no                              32.659          32.659          0.000           0.000           0.000           3               3               0               0               0               32.659          32.659          0.000           0.000           0.000           3               3               0               0               0               
    i_rstgen.i_rstgen_bypass.i_tc_clk_mux2_rst_n                                27.216          27.216          0.000           0.000           0.000           2               2               0               0               0               27.216          27.216          0.000           0.000           0.000           2               2               0               0               0               
    i_rstgen.i_rstgen_bypass.i_tc_clk_mux2_rst_no                               25.402          25.402          0.000           0.000           0.000           2               2               0               0               0               25.402          25.402          0.000           0.000           0.000           2               2               0               0               0               
    i_user                                                                      26296.099       26296.099       0.000           0.000           0.000           1177            1177            0               0               0               26296.099       26296.099       0.000           0.000           0.000           1177            1177            0               0               0               
