Group                                  Slack
--------------------------------------------

max slew

Pin                                    Limit    Slew   Slack
------------------------------------------------------------
pad_gpio4_io/pad                        1.20    1.91   -0.71 (VIOLATED)
pad_gpio12_io/pad                       1.20    1.91   -0.71 (VIOLATED)
pad_gpio14_io/pad                       1.20    1.91   -0.71 (VIOLATED)
pad_gpio16_io/pad                       1.20    1.91   -0.71 (VIOLATED)
pad_gpio17_io/pad                       1.20    1.91   -0.71 (VIOLATED)
pad_gpio21_io/pad                       1.20    1.91   -0.71 (VIOLATED)
pad_gpio13_io/pad                       1.20    1.91   -0.71 (VIOLATED)
pad_gpio15_io/pad                       1.20    1.91   -0.71 (VIOLATED)
pad_gpio19_io/pad                       1.20    1.91   -0.71 (VIOLATED)
pad_gpio20_io/pad                       1.20    1.91   -0.71 (VIOLATED)
pad_gpio22_io/pad                       1.20    1.91   -0.71 (VIOLATED)
pad_gpio23_io/pad                       1.20    1.91   -0.71 (VIOLATED)
pad_gpio3_io/pad                        1.20    1.91   -0.71 (VIOLATED)
pad_gpio18_io/pad                       1.20    1.91   -0.71 (VIOLATED)
pad_gpio10_io/pad                       1.20    1.91   -0.71 (VIOLATED)
pad_gpio24_io/pad                       1.20    1.91   -0.71 (VIOLATED)
pad_gpio26_io/pad                       1.20    1.91   -0.71 (VIOLATED)
pad_gpio5_io/pad                        1.20    1.91   -0.71 (VIOLATED)
pad_gpio6_io/pad                        1.20    1.91   -0.71 (VIOLATED)
pad_gpio7_io/pad                        1.20    1.91   -0.71 (VIOLATED)
pad_gpio11_io/pad                       1.20    1.91   -0.71 (VIOLATED)
pad_gpio25_io/pad                       1.20    1.91   -0.71 (VIOLATED)
pad_gpio27_io/pad                       1.20    1.91   -0.71 (VIOLATED)
pad_gpio28_io/pad                       1.20    1.91   -0.71 (VIOLATED)
pad_gpio8_io/pad                        1.20    1.91   -0.71 (VIOLATED)
pad_gpio9_io/pad                        1.20    1.91   -0.71 (VIOLATED)
pad_gpio30_io/pad                       1.20    1.91   -0.71 (VIOLATED)
pad_gpio0_io/pad                        1.20    1.91   -0.71 (VIOLATED)
pad_gpio31_io/pad                       1.20    1.91   -0.71 (VIOLATED)
pad_gpio1_io/pad                        1.20    1.91   -0.71 (VIOLATED)
pad_gpio2_io/pad                        1.20    1.91   -0.71 (VIOLATED)
pad_gpio29_io/pad                       1.20    1.91   -0.71 (VIOLATED)
i_croc_soc/i_croc/gen_sram_bank[0].i_sram/gen_512x32xBx1.i_cut/A_BM[0]    0.48    1.12   -0.65 (VIOLATED)
i_croc_soc/i_croc/gen_sram_bank[0].i_sram/gen_512x32xBx1.i_cut/A_BM[16]    0.48    1.12   -0.65 (VIOLATED)
i_croc_soc/i_croc/gen_sram_bank[0].i_sram/gen_512x32xBx1.i_cut/A_BM[46]    0.48    1.12   -0.65 (VIOLATED)
i_croc_soc/i_croc/gen_sram_bank[0].i_sram/gen_512x32xBx1.i_cut/A_BM[62]    0.48    1.12   -0.65 (VIOLATED)
i_croc_soc/i_croc/gen_sram_bank[1].i_sram/gen_512x32xBx1.i_cut/A_BM[16]    0.48    1.12   -0.65 (VIOLATED)
i_croc_soc/i_croc/gen_sram_bank[1].i_sram/gen_512x32xBx1.i_cut/A_BM[46]    0.48    1.12   -0.65 (VIOLATED)
i_croc_soc/i_croc/gen_sram_bank[1].i_sram/gen_512x32xBx1.i_cut/A_BM[62]    0.48    1.12   -0.65 (VIOLATED)
i_croc_soc/i_croc/gen_sram_bank[1].i_sram/gen_512x32xBx1.i_cut/A_BM[0]    0.48    1.12   -0.64 (VIOLATED)
i_croc_soc/i_croc/gen_sram_bank[0].i_sram/gen_512x32xBx1.i_cut/A_BM[2]    0.48    0.84   -0.37 (VIOLATED)
i_croc_soc/i_croc/gen_sram_bank[0].i_sram/gen_512x32xBx1.i_cut/A_BM[18]    0.48    0.84   -0.37 (VIOLATED)
i_croc_soc/i_croc/gen_sram_bank[0].i_sram/gen_512x32xBx1.i_cut/A_BM[44]    0.48    0.84   -0.37 (VIOLATED)
i_croc_soc/i_croc/gen_sram_bank[0].i_sram/gen_512x32xBx1.i_cut/A_BM[60]    0.48    0.84   -0.37 (VIOLATED)
i_croc_soc/i_croc/gen_sram_bank[1].i_sram/gen_512x32xBx1.i_cut/A_BM[18]    0.48    0.84   -0.37 (VIOLATED)
i_croc_soc/i_croc/gen_sram_bank[1].i_sram/gen_512x32xBx1.i_cut/A_BM[44]    0.48    0.84   -0.37 (VIOLATED)
i_croc_soc/i_croc/gen_sram_bank[1].i_sram/gen_512x32xBx1.i_cut/A_BM[60]    0.48    0.84   -0.37 (VIOLATED)
i_croc_soc/i_croc/gen_sram_bank[1].i_sram/gen_512x32xBx1.i_cut/A_BM[2]    0.48    0.84   -0.36 (VIOLATED)
i_croc_soc/i_croc/gen_sram_bank[0].i_sram/gen_512x32xBx1.i_cut/A_BM[1]    0.48    0.68   -0.20 (VIOLATED)
i_croc_soc/i_croc/gen_sram_bank[1].i_sram/gen_512x32xBx1.i_cut/A_BM[1]    0.48    0.64   -0.17 (VIOLATED)
i_croc_soc/i_croc/gen_sram_bank[0].i_sram/gen_512x32xBx1.i_cut/A_BM[17]    0.48    0.64   -0.16 (VIOLATED)
i_croc_soc/i_croc/gen_sram_bank[0].i_sram/gen_512x32xBx1.i_cut/A_BM[47]    0.48    0.64   -0.16 (VIOLATED)
i_croc_soc/i_croc/gen_sram_bank[0].i_sram/gen_512x32xBx1.i_cut/A_BM[63]    0.48    0.64   -0.16 (VIOLATED)
i_croc_soc/i_croc/gen_sram_bank[1].i_sram/gen_512x32xBx1.i_cut/A_BM[17]    0.48    0.64   -0.16 (VIOLATED)
i_croc_soc/i_croc/gen_sram_bank[1].i_sram/gen_512x32xBx1.i_cut/A_BM[47]    0.48    0.64   -0.16 (VIOLATED)
i_croc_soc/i_croc/gen_sram_bank[1].i_sram/gen_512x32xBx1.i_cut/A_BM[63]    0.48    0.64   -0.16 (VIOLATED)
i_croc_soc/i_croc/gen_sram_bank[0].i_sram/gen_512x32xBx1.i_cut/A_BM[4]    0.48    0.63   -0.16 (VIOLATED)
i_croc_soc/i_croc/gen_sram_bank[0].i_sram/gen_512x32xBx1.i_cut/A_BM[20]    0.48    0.63   -0.16 (VIOLATED)
i_croc_soc/i_croc/gen_sram_bank[0].i_sram/gen_512x32xBx1.i_cut/A_BM[42]    0.48    0.63   -0.16 (VIOLATED)
i_croc_soc/i_croc/gen_sram_bank[0].i_sram/gen_512x32xBx1.i_cut/A_BM[58]    0.48    0.63   -0.16 (VIOLATED)
i_croc_soc/i_croc/gen_sram_bank[1].i_sram/gen_512x32xBx1.i_cut/A_BM[20]    0.48    0.63   -0.16 (VIOLATED)
i_croc_soc/i_croc/gen_sram_bank[1].i_sram/gen_512x32xBx1.i_cut/A_BM[42]    0.48    0.63   -0.16 (VIOLATED)
i_croc_soc/i_croc/gen_sram_bank[1].i_sram/gen_512x32xBx1.i_cut/A_BM[58]    0.48    0.63   -0.16 (VIOLATED)
i_croc_soc/i_croc/gen_sram_bank[1].i_sram/gen_512x32xBx1.i_cut/A_BM[4]    0.48    0.63   -0.15 (VIOLATED)
i_croc_soc/i_croc/gen_sram_bank[0].i_sram/gen_512x32xBx1.i_cut/A_BM[3]    0.48    0.51   -0.03 (VIOLATED)
i_croc_soc/i_croc/gen_sram_bank[1].i_sram/gen_512x32xBx1.i_cut/A_BM[3]    0.48    0.48   -0.01 (VIOLATED)
i_croc_soc/i_croc/gen_sram_bank[0].i_sram/gen_512x32xBx1.i_cut/A_BM[19]    0.48    0.48   -0.00 (VIOLATED)
i_croc_soc/i_croc/gen_sram_bank[0].i_sram/gen_512x32xBx1.i_cut/A_BM[45]    0.48    0.48   -0.00 (VIOLATED)
i_croc_soc/i_croc/gen_sram_bank[0].i_sram/gen_512x32xBx1.i_cut/A_BM[61]    0.48    0.48   -0.00 (VIOLATED)
i_croc_soc/i_croc/gen_sram_bank[1].i_sram/gen_512x32xBx1.i_cut/A_BM[19]    0.48    0.48   -0.00 (VIOLATED)
i_croc_soc/i_croc/gen_sram_bank[1].i_sram/gen_512x32xBx1.i_cut/A_BM[45]    0.48    0.48   -0.00 (VIOLATED)
i_croc_soc/i_croc/gen_sram_bank[1].i_sram/gen_512x32xBx1.i_cut/A_BM[61]    0.48    0.48   -0.00 (VIOLATED)

max fanout

Pin                                   Limit Fanout  Slack
---------------------------------------------------------
i_croc_soc/i_croc/_4405_/Y                8    103    -95 (VIOLATED)
fanout2697/X                              8     84    -76 (VIOLATED)
i_croc_soc/i_croc/_4843_/Y                8     81    -73 (VIOLATED)
i_croc_soc/i_croc/_4807_/Y                8     75    -67 (VIOLATED)
i_croc_soc/i_croc/_4305_/Y                8     70    -62 (VIOLATED)
i_croc_soc/i_croc/_4780_/Y                8     68    -60 (VIOLATED)
i_croc_soc/i_croc/i_gpio/gen_gpios[31].i_sync/serial_o_reg/Q      8     66    -58 (VIOLATED)
i_croc_soc/i_croc/_4314_/Y                8     65    -57 (VIOLATED)
i_croc_soc/i_croc/_4360_/Y                8     59    -51 (VIOLATED)
i_croc_soc/i_croc/_4341_/Y                8     58    -50 (VIOLATED)
fanout2124/X                              8     55    -47 (VIOLATED)
fanout3884/X                              8     55    -47 (VIOLATED)
fanout2106/X                              8     53    -45 (VIOLATED)
i_croc_soc/i_croc/_4771_/Y                8     48    -40 (VIOLATED)
i_croc_soc/i_croc/i_core_wrap/i_ibex.register_file_i/_5269_/Y      8     45    -37 (VIOLATED)
i_croc_soc/i_croc/i_core_wrap/_9161_/Y      8     41    -33 (VIOLATED)
fanout5056/X                              8     40    -32 (VIOLATED)
i_croc_soc/i_croc/i_core_wrap/_9478_/Y      8     40    -32 (VIOLATED)
fanout3744/X                              8     39    -31 (VIOLATED)
i_croc_soc/i_croc/i_core_wrap/i_ibex.register_file_i/_5158_/Y      8     39    -31 (VIOLATED)
i_croc_soc/i_croc/_4816_/Y                8     38    -30 (VIOLATED)
fanout4489/X                              8     37    -29 (VIOLATED)
i_croc_soc/i_croc/i_core_wrap/_9222_/Y      8     35    -27 (VIOLATED)
i_croc_soc/i_croc/i_uart/i_apb_uart.PENABLE_reg/Q      8     35    -27 (VIOLATED)
i_croc_soc/i_croc/i_gpio/_0989_/Y         8     34    -26 (VIOLATED)
i_croc_soc/i_croc/i_core_wrap/_9013_/Y      8     33    -25 (VIOLATED)
i_croc_soc/i_croc/i_gpio/_1646_/Y         8     33    -25 (VIOLATED)
i_croc_soc/i_croc/i_core_wrap/i_ibex.register_file_i/_5078_/Y      8     32    -24 (VIOLATED)
i_croc_soc/i_croc/_4761_/Y                8     31    -23 (VIOLATED)
i_croc_soc/i_croc/_3972_/Y                8     30    -22 (VIOLATED)
i_croc_soc/i_croc/_4296_/Y                8     30    -22 (VIOLATED)
i_croc_soc/i_croc/_4323_/Y                8     30    -22 (VIOLATED)
i_croc_soc/i_croc/_4351_/Y                8     30    -22 (VIOLATED)
i_croc_soc/i_croc/_4852_/Y                8     30    -22 (VIOLATED)
i_croc_soc/i_croc/_4389_/Y                8     28    -20 (VIOLATED)
fanout5651/X                              8     27    -19 (VIOLATED)
fanout5597/X                              8     26    -18 (VIOLATED)
i_croc_soc/i_croc/i_core_wrap/_6193_/Y      8     24    -16 (VIOLATED)
fanout3875/X                              8     23    -15 (VIOLATED)
i_croc_soc/i_croc/_4287_/Y                8     23    -15 (VIOLATED)
i_croc_soc/i_croc/i_core_wrap/i_ibex.register_file_i/_5213_/Y      8     23    -15 (VIOLATED)
i_croc_soc/i_croc/i_core_wrap/i_ibex.register_file_i/_5801_/Y      8     23    -15 (VIOLATED)
i_croc_soc/i_croc/i_gpio/_0947_/Y         8     23    -15 (VIOLATED)
i_croc_soc/i_croc/i_gpio/_0969_/Y         8     23    -15 (VIOLATED)
i_croc_soc/i_croc/i_gpio/_0991_/Y         8     23    -15 (VIOLATED)
i_croc_soc/i_croc/i_gpio/_0995_/Y         8     23    -15 (VIOLATED)
i_croc_soc/i_croc/_5448_/Y                8     22    -14 (VIOLATED)
i_croc_soc/i_croc/_6218_/Y                8     22    -14 (VIOLATED)
i_croc_soc/i_croc/i_core_wrap/_8927_/Y      8     22    -14 (VIOLATED)
i_croc_soc/i_croc/i_core_wrap/_9355_/Y      8     22    -14 (VIOLATED)
i_croc_soc/i_croc/i_gpio/_0993_/Y         8     22    -14 (VIOLATED)
i_croc_soc/i_croc/_7159_/Y                8     20    -12 (VIOLATED)
i_croc_soc/i_croc/i_core_wrap/i_ibex.register_file_i/_5645_/Y      8     20    -12 (VIOLATED)
i_croc_soc/i_croc/i_uart/_10564_/Y        8     19    -11 (VIOLATED)
i_croc_soc/i_croc/gen_sram_bank[0].i_sram/_51_/X      8     18    -10 (VIOLATED)
i_croc_soc/i_croc/i_core_wrap/_4984_/Y      8     18    -10 (VIOLATED)
i_croc_soc/i_croc/i_core_wrap/i_ibex.register_file_i/_5524_/Y      8     18    -10 (VIOLATED)
fanout1584/X                              8     17     -9 (VIOLATED)
i_croc_soc/i_croc/_4739_/Y                8     17     -9 (VIOLATED)
i_croc_soc/i_croc/i_core_wrap/i_ibex.register_file_i/_5046_/Y      8     17     -9 (VIOLATED)
i_croc_soc/i_croc/i_timer/_2295_/X        8     17     -9 (VIOLATED)
i_croc_soc/i_croc/i_uart/_08169_/Y        8     17     -9 (VIOLATED)
i_croc_soc/i_user/i_user_rand.data_q_11__reg/Q      8     17     -9 (VIOLATED)
i_croc_soc/i_user/i_user_rand.data_q_30__reg/Q      8     17     -9 (VIOLATED)
fanout1870/X                              8     16     -8 (VIOLATED)
fanout3873/X                              8     16     -8 (VIOLATED)
i_croc_soc/i_croc/_6158_/Y                8     16     -8 (VIOLATED)
i_croc_soc/i_croc/i_core_wrap/_6196_/Y      8     16     -8 (VIOLATED)
pad_ref_clk_i/p2c                         8     16     -8 (VIOLATED)
i_croc_soc/i_croc/_4332_/Y                8     15     -7 (VIOLATED)
fanout1910/X                              8     14     -6 (VIOLATED)
fanout1934/X                              8     14     -6 (VIOLATED)
i_croc_soc/i_croc/i_core_wrap/i_ibex.register_file_i/_4279_/Y      8     14     -6 (VIOLATED)
fanout5511/X                              8     13     -5 (VIOLATED)
i_croc_soc/i_croc/i_core_wrap/i_ibex.register_file_i/_4453_/Y      8     13     -5 (VIOLATED)
i_croc_soc/i_croc/i_core_wrap/i_ibex.register_file_i/_5552_/Y      8     13     -5 (VIOLATED)
i_croc_soc/i_croc/i_core_wrap/_6201_/Y      8     12     -4 (VIOLATED)
i_croc_soc/i_croc/i_core_wrap/i_ibex.id_stage_i.controller_i.instr_i_21__reg/Q      8     12     -4 (VIOLATED)
i_croc_soc/i_user/_1180_/X                8     12     -4 (VIOLATED)
i_croc_soc/i_croc/_4923_/Y                8     11     -3 (VIOLATED)
i_croc_soc/i_croc/_4925_/Y                8     11     -3 (VIOLATED)
i_croc_soc/i_croc/_4926_/Y                8     11     -3 (VIOLATED)
i_croc_soc/i_croc/i_core_wrap/_9061_/Y      8     11     -3 (VIOLATED)
i_croc_soc/i_croc/i_core_wrap/i_ibex.register_file_i/_4398_/Y      8     11     -3 (VIOLATED)
i_croc_soc/i_croc/i_core_wrap/i_ibex.register_file_i/_4680_/Y      8     11     -3 (VIOLATED)
i_croc_soc/i_user/_1685_/Y                8     11     -3 (VIOLATED)
pad_fetch_en_i/p2c                        8     11     -3 (VIOLATED)
pad_gpio12_io/p2c                         8     11     -3 (VIOLATED)
pad_gpio22_io/p2c                         8     11     -3 (VIOLATED)
pad_gpio30_io/p2c                         8     11     -3 (VIOLATED)
i_croc_soc/i_croc/_4670_/Y                8     10     -2 (VIOLATED)
i_croc_soc/i_croc/_4707_/Y                8     10     -2 (VIOLATED)
i_croc_soc/i_croc/_4927_/Y                8     10     -2 (VIOLATED)
i_croc_soc/i_croc/_4929_/Y                8     10     -2 (VIOLATED)
i_croc_soc/i_croc/_6145_/Y                8     10     -2 (VIOLATED)
i_croc_soc/i_croc/_6183_/Y                8     10     -2 (VIOLATED)
i_croc_soc/i_croc/_6230_/Y                8     10     -2 (VIOLATED)
i_croc_soc/i_croc/i_core_wrap/_7686_/X      8     10     -2 (VIOLATED)
i_croc_soc/i_croc/i_gpio/_1644_/Y         8     10     -2 (VIOLATED)
i_croc_soc/i_user/_1145_/X                8     10     -2 (VIOLATED)
pad_gpio11_io/p2c                         8     10     -2 (VIOLATED)
pad_gpio20_io/p2c                         8     10     -2 (VIOLATED)
clkbuf_leaf_0_soc_jtag_tck_i/X            8      9        (VIOLATED)
clkbuf_leaf_108_soc_clk_i/X               8      9        (VIOLATED)
clkbuf_leaf_10_soc_clk_i/X                8      9        (VIOLATED)
clkbuf_leaf_10_soc_jtag_tck_i/X           8      9        (VIOLATED)
clkbuf_leaf_11_soc_clk_i/X                8      9        (VIOLATED)
clkbuf_leaf_12_soc_jtag_tck_i/X           8      9        (VIOLATED)
clkbuf_leaf_135_soc_clk_i/X               8      9        (VIOLATED)
clkbuf_leaf_136_soc_clk_i/X               8      9        (VIOLATED)
clkbuf_leaf_140_soc_clk_i/X               8      9        (VIOLATED)
clkbuf_leaf_145_soc_clk_i/X               8      9        (VIOLATED)
clkbuf_leaf_147_soc_clk_i/X               8      9        (VIOLATED)
clkbuf_leaf_149_soc_clk_i/X               8      9        (VIOLATED)
clkbuf_leaf_14_soc_jtag_tck_i/X           8      9        (VIOLATED)
clkbuf_leaf_156_soc_clk_i/X               8      9        (VIOLATED)
clkbuf_leaf_157_soc_clk_i/X               8      9        (VIOLATED)
clkbuf_leaf_158_soc_clk_i/X               8      9        (VIOLATED)
clkbuf_leaf_15_soc_jtag_tck_i/X           8      9        (VIOLATED)
clkbuf_leaf_161_soc_clk_i/X               8      9        (VIOLATED)
clkbuf_leaf_162_soc_clk_i/X               8      9        (VIOLATED)
clkbuf_leaf_167_soc_clk_i/X               8      9        (VIOLATED)
clkbuf_leaf_168_soc_clk_i/X               8      9        (VIOLATED)
clkbuf_leaf_169_soc_clk_i/X               8      9        (VIOLATED)
clkbuf_leaf_16_soc_jtag_tck_i/X           8      9        (VIOLATED)
clkbuf_leaf_171_soc_clk_i/X               8      9        (VIOLATED)
clkbuf_leaf_172_soc_clk_i/X               8      9        (VIOLATED)
clkbuf_leaf_175_soc_clk_i/X               8      9        (VIOLATED)
clkbuf_leaf_17_soc_jtag_tck_i/X           8      9        (VIOLATED)
clkbuf_leaf_180_soc_clk_i/X               8      9        (VIOLATED)
clkbuf_leaf_182_soc_clk_i/X               8      9        (VIOLATED)
clkbuf_leaf_183_soc_clk_i/X               8      9        (VIOLATED)
clkbuf_leaf_198_soc_clk_i/X               8      9        (VIOLATED)
clkbuf_leaf_203_soc_clk_i/X               8      9        (VIOLATED)
clkbuf_leaf_204_soc_clk_i/X               8      9        (VIOLATED)
clkbuf_leaf_205_soc_clk_i/X               8      9        (VIOLATED)
clkbuf_leaf_20_soc_jtag_tck_i/X           8      9        (VIOLATED)
clkbuf_leaf_214_soc_clk_i/X               8      9        (VIOLATED)
clkbuf_leaf_218_soc_clk_i/X               8      9        (VIOLATED)
clkbuf_leaf_220_soc_clk_i/X               8      9        (VIOLATED)
clkbuf_leaf_22_soc_jtag_tck_i/X           8      9        (VIOLATED)
clkbuf_leaf_233_soc_clk_i/X               8      9        (VIOLATED)
clkbuf_leaf_234_soc_clk_i/X               8      9        (VIOLATED)
clkbuf_leaf_236_soc_clk_i/X               8      9        (VIOLATED)
clkbuf_leaf_237_soc_clk_i/X               8      9        (VIOLATED)
clkbuf_leaf_238_soc_clk_i/X               8      9        (VIOLATED)
clkbuf_leaf_239_soc_clk_i/X               8      9        (VIOLATED)
clkbuf_leaf_23_soc_jtag_tck_i/X           8      9        (VIOLATED)
clkbuf_leaf_242_soc_clk_i/X               8      9        (VIOLATED)
clkbuf_leaf_244_soc_clk_i/X               8      9        (VIOLATED)
clkbuf_leaf_245_soc_clk_i/X               8      9        (VIOLATED)
clkbuf_leaf_247_soc_clk_i/X               8      9        (VIOLATED)
clkbuf_leaf_24_soc_jtag_tck_i/X           8      9        (VIOLATED)
clkbuf_leaf_251_soc_clk_i/X               8      9        (VIOLATED)
clkbuf_leaf_252_soc_clk_i/X               8      9        (VIOLATED)
clkbuf_leaf_253_soc_clk_i/X               8      9        (VIOLATED)
clkbuf_leaf_254_soc_clk_i/X               8      9        (VIOLATED)
clkbuf_leaf_26_soc_jtag_tck_i/X           8      9        (VIOLATED)
clkbuf_leaf_271_soc_clk_i/X               8      9        (VIOLATED)
clkbuf_leaf_272_soc_clk_i/X               8      9        (VIOLATED)
clkbuf_leaf_27_soc_jtag_tck_i/X           8      9        (VIOLATED)
clkbuf_leaf_29_soc_clk_i/X                8      9        (VIOLATED)
clkbuf_leaf_2_soc_clk_i/X                 8      9        (VIOLATED)
clkbuf_leaf_2_soc_jtag_tck_i/X            8      9        (VIOLATED)
clkbuf_leaf_30_soc_jtag_tck_i/X           8      9        (VIOLATED)
clkbuf_leaf_31_soc_clk_i/X                8      9        (VIOLATED)
clkbuf_leaf_32_soc_jtag_tck_i/X           8      9        (VIOLATED)
clkbuf_leaf_339_soc_clk_i/X               8      9        (VIOLATED)
clkbuf_leaf_33_soc_jtag_tck_i/X           8      9        (VIOLATED)
clkbuf_leaf_341_soc_clk_i/X               8      9        (VIOLATED)
clkbuf_leaf_342_soc_clk_i/X               8      9        (VIOLATED)
clkbuf_leaf_34_soc_jtag_tck_i/X           8      9        (VIOLATED)
clkbuf_leaf_35_soc_jtag_tck_i/X           8      9        (VIOLATED)
clkbuf_leaf_360_soc_clk_i/X               8      9        (VIOLATED)
clkbuf_leaf_36_soc_clk_i/X                8      9        (VIOLATED)
clkbuf_leaf_379_soc_clk_i/X               8      9        (VIOLATED)
clkbuf_leaf_37_soc_clk_i/X                8      9        (VIOLATED)
clkbuf_leaf_384_soc_clk_i/X               8      9        (VIOLATED)
clkbuf_leaf_385_soc_clk_i/X               8      9        (VIOLATED)
clkbuf_leaf_38_soc_clk_i/X                8      9        (VIOLATED)
clkbuf_leaf_39_soc_clk_i/X                8      9        (VIOLATED)
clkbuf_leaf_3_soc_jtag_tck_i/X            8      9        (VIOLATED)
clkbuf_leaf_403_soc_clk_i/X               8      9        (VIOLATED)
clkbuf_leaf_404_soc_clk_i/X               8      9        (VIOLATED)
clkbuf_leaf_405_soc_clk_i/X               8      9        (VIOLATED)
clkbuf_leaf_409_soc_clk_i/X               8      9        (VIOLATED)
clkbuf_leaf_416_soc_clk_i/X               8      9        (VIOLATED)
clkbuf_leaf_41_soc_clk_i/X                8      9        (VIOLATED)
clkbuf_leaf_422_soc_clk_i/X               8      9        (VIOLATED)
clkbuf_leaf_427_soc_clk_i/X               8      9        (VIOLATED)
clkbuf_leaf_42_soc_clk_i/X                8      9        (VIOLATED)
clkbuf_leaf_434_soc_clk_i/X               8      9        (VIOLATED)
clkbuf_leaf_440_soc_clk_i/X               8      9        (VIOLATED)
clkbuf_leaf_449_soc_clk_i/X               8      9        (VIOLATED)
clkbuf_leaf_457_soc_clk_i/X               8      9        (VIOLATED)
clkbuf_leaf_460_soc_clk_i/X               8      9        (VIOLATED)
clkbuf_leaf_461_soc_clk_i/X               8      9        (VIOLATED)
clkbuf_leaf_462_soc_clk_i/X               8      9        (VIOLATED)
clkbuf_leaf_464_soc_clk_i/X               8      9        (VIOLATED)
clkbuf_leaf_465_soc_clk_i/X               8      9        (VIOLATED)
clkbuf_leaf_473_soc_clk_i/X               8      9        (VIOLATED)
clkbuf_leaf_474_soc_clk_i/X               8      9        (VIOLATED)
clkbuf_leaf_476_soc_clk_i/X               8      9        (VIOLATED)
clkbuf_leaf_484_soc_clk_i/X               8      9        (VIOLATED)
clkbuf_leaf_485_soc_clk_i/X               8      9        (VIOLATED)
clkbuf_leaf_48_soc_clk_i/X                8      9        (VIOLATED)
clkbuf_leaf_491_soc_clk_i/X               8      9        (VIOLATED)
clkbuf_leaf_4_soc_jtag_tck_i/X            8      9        (VIOLATED)
clkbuf_leaf_501_soc_clk_i/X               8      9        (VIOLATED)
clkbuf_leaf_503_soc_clk_i/X               8      9        (VIOLATED)
clkbuf_leaf_504_soc_clk_i/X               8      9        (VIOLATED)
clkbuf_leaf_505_soc_clk_i/X               8      9        (VIOLATED)
clkbuf_leaf_506_soc_clk_i/X               8      9        (VIOLATED)
clkbuf_leaf_519_soc_clk_i/X               8      9        (VIOLATED)
clkbuf_leaf_529_soc_clk_i/X               8      9        (VIOLATED)
clkbuf_leaf_535_soc_clk_i/X               8      9        (VIOLATED)
clkbuf_leaf_548_soc_clk_i/X               8      9        (VIOLATED)
clkbuf_leaf_549_soc_clk_i/X               8      9        (VIOLATED)
clkbuf_leaf_553_soc_clk_i/X               8      9        (VIOLATED)
clkbuf_leaf_557_soc_clk_i/X               8      9        (VIOLATED)
clkbuf_leaf_565_soc_clk_i/X               8      9        (VIOLATED)
clkbuf_leaf_580_soc_clk_i/X               8      9        (VIOLATED)
clkbuf_leaf_594_soc_clk_i/X               8      9        (VIOLATED)
clkbuf_leaf_595_soc_clk_i/X               8      9        (VIOLATED)
clkbuf_leaf_596_soc_clk_i/X               8      9        (VIOLATED)
clkbuf_leaf_597_soc_clk_i/X               8      9        (VIOLATED)
clkbuf_leaf_598_soc_clk_i/X               8      9        (VIOLATED)
clkbuf_leaf_5_soc_jtag_tck_i/X            8      9        (VIOLATED)
clkbuf_leaf_607_soc_clk_i/X               8      9        (VIOLATED)
clkbuf_leaf_610_soc_clk_i/X               8      9        (VIOLATED)
clkbuf_leaf_613_soc_clk_i/X               8      9        (VIOLATED)
clkbuf_leaf_614_soc_clk_i/X               8      9        (VIOLATED)
clkbuf_leaf_615_soc_clk_i/X               8      9        (VIOLATED)
clkbuf_leaf_618_soc_clk_i/X               8      9        (VIOLATED)
clkbuf_leaf_619_soc_clk_i/X               8      9        (VIOLATED)
clkbuf_leaf_630_soc_clk_i/X               8      9        (VIOLATED)
clkbuf_leaf_634_soc_clk_i/X               8      9        (VIOLATED)
clkbuf_leaf_638_soc_clk_i/X               8      9        (VIOLATED)
clkbuf_leaf_640_soc_clk_i/X               8      9        (VIOLATED)
clkbuf_leaf_643_soc_clk_i/X               8      9        (VIOLATED)
clkbuf_leaf_653_soc_clk_i/X               8      9        (VIOLATED)
clkbuf_leaf_659_soc_clk_i/X               8      9        (VIOLATED)
clkbuf_leaf_664_soc_clk_i/X               8      9        (VIOLATED)
clkbuf_leaf_668_soc_clk_i/X               8      9        (VIOLATED)
clkbuf_leaf_66_soc_clk_i/X                8      9        (VIOLATED)
clkbuf_leaf_670_soc_clk_i/X               8      9        (VIOLATED)
clkbuf_leaf_678_soc_clk_i/X               8      9        (VIOLATED)
clkbuf_leaf_67_soc_clk_i/X                8      9        (VIOLATED)
clkbuf_leaf_685_soc_clk_i/X               8      9        (VIOLATED)
clkbuf_leaf_690_soc_clk_i/X               8      9        (VIOLATED)
clkbuf_leaf_692_soc_clk_i/X               8      9        (VIOLATED)
clkbuf_leaf_693_soc_clk_i/X               8      9        (VIOLATED)
clkbuf_leaf_694_soc_clk_i/X               8      9        (VIOLATED)
clkbuf_leaf_695_soc_clk_i/X               8      9        (VIOLATED)
clkbuf_leaf_697_soc_clk_i/X               8      9        (VIOLATED)
clkbuf_leaf_6_soc_jtag_tck_i/X            8      9        (VIOLATED)
clkbuf_leaf_703_soc_clk_i/X               8      9        (VIOLATED)
clkbuf_leaf_707_soc_clk_i/X               8      9        (VIOLATED)
clkbuf_leaf_714_soc_clk_i/X               8      9        (VIOLATED)
clkbuf_leaf_715_soc_clk_i/X               8      9        (VIOLATED)
clkbuf_leaf_716_soc_clk_i/X               8      9        (VIOLATED)
clkbuf_leaf_717_soc_clk_i/X               8      9        (VIOLATED)
clkbuf_leaf_719_soc_clk_i/X               8      9        (VIOLATED)
clkbuf_leaf_728_soc_clk_i/X               8      9        (VIOLATED)
clkbuf_leaf_729_soc_clk_i/X               8      9        (VIOLATED)
clkbuf_leaf_751_soc_clk_i/X               8      9        (VIOLATED)
clkbuf_leaf_752_soc_clk_i/X               8      9        (VIOLATED)
clkbuf_leaf_753_soc_clk_i/X               8      9        (VIOLATED)
clkbuf_leaf_757_soc_clk_i/X               8      9        (VIOLATED)
clkbuf_leaf_765_soc_clk_i/X               8      9        (VIOLATED)
clkbuf_leaf_771_soc_clk_i/X               8      9        (VIOLATED)
clkbuf_leaf_772_soc_clk_i/X               8      9        (VIOLATED)
clkbuf_leaf_773_soc_clk_i/X               8      9        (VIOLATED)
clkbuf_leaf_785_soc_clk_i/X               8      9        (VIOLATED)
clkbuf_leaf_793_soc_clk_i/X               8      9        (VIOLATED)
clkbuf_leaf_799_soc_clk_i/X               8      9        (VIOLATED)
clkbuf_leaf_806_soc_clk_i/X               8      9        (VIOLATED)
clkbuf_leaf_85_soc_clk_i/X                8      9        (VIOLATED)
clkbuf_leaf_8_soc_jtag_tck_i/X            8      9        (VIOLATED)
clkbuf_leaf_9_soc_jtag_tck_i/X            8      9        (VIOLATED)
i_croc_soc/i_croc/_7161_/Y                8      9        (VIOLATED)
i_croc_soc/i_croc/i_core_wrap/_8897_/Y      8      9        (VIOLATED)
i_croc_soc/i_croc/i_core_wrap/_9288_/Y      8      9        (VIOLATED)
i_croc_soc/i_croc/i_core_wrap/i_ibex.register_file_i/_4224_/Y      8      9        (VIOLATED)
i_croc_soc/i_croc/i_soc_ctrl/sram_dly_qs_reg/Q_N      8      9        (VIOLATED)
i_croc_soc/i_croc/i_timer/s_ref_clk0_reg/Q      8      9        (VIOLATED)
i_croc_soc/i_user/_1179_/X                8      9        (VIOLATED)
pad_gpio13_io/p2c                         8      9        (VIOLATED)

min capacitance

Pin                                    Limit     Cap   Slack
------------------------------------------------------------
clkload0/X                              0.00    0.00   -0.00 (VIOLATED)
clkload1/X                              0.00    0.00   -0.00 (VIOLATED)
clkload10/Y                             0.00    0.00   -0.00 (VIOLATED)
clkload100/X                            0.00    0.00   -0.00 (VIOLATED)
clkload101/X                            0.00    0.00   -0.00 (VIOLATED)
clkload102/X                            0.00    0.00   -0.00 (VIOLATED)
clkload103/X                            0.00    0.00   -0.00 (VIOLATED)
clkload104/X                            0.00    0.00   -0.00 (VIOLATED)
clkload105/Y                            0.00    0.00   -0.00 (VIOLATED)
clkload106/Y                            0.00    0.00   -0.00 (VIOLATED)
clkload107/Y                            0.00    0.00   -0.00 (VIOLATED)
clkload108/Y                            0.00    0.00   -0.00 (VIOLATED)
clkload109/Y                            0.00    0.00   -0.00 (VIOLATED)
clkload11/X                             0.00    0.00   -0.00 (VIOLATED)
clkload110/Y                            0.00    0.00   -0.00 (VIOLATED)
clkload111/X                            0.00    0.00   -0.00 (VIOLATED)
clkload112/Y                            0.00    0.00   -0.00 (VIOLATED)
clkload113/X                            0.00    0.00   -0.00 (VIOLATED)
clkload114/X                            0.00    0.00   -0.00 (VIOLATED)
clkload115/X                            0.00    0.00   -0.00 (VIOLATED)
clkload116/X                            0.00    0.00   -0.00 (VIOLATED)
clkload117/X                            0.00    0.00   -0.00 (VIOLATED)
clkload118/X                            0.00    0.00   -0.00 (VIOLATED)
clkload119/X                            0.00    0.00   -0.00 (VIOLATED)
clkload12/X                             0.00    0.00   -0.00 (VIOLATED)
clkload120/X                            0.00    0.00   -0.00 (VIOLATED)
clkload121/X                            0.00    0.00   -0.00 (VIOLATED)
clkload122/X                            0.00    0.00   -0.00 (VIOLATED)
clkload123/X                            0.00    0.00   -0.00 (VIOLATED)
clkload124/X                            0.00    0.00   -0.00 (VIOLATED)
clkload125/X                            0.00    0.00   -0.00 (VIOLATED)
clkload126/X                            0.00    0.00   -0.00 (VIOLATED)
clkload127/X                            0.00    0.00   -0.00 (VIOLATED)
clkload128/X                            0.00    0.00   -0.00 (VIOLATED)
clkload129/X                            0.00    0.00   -0.00 (VIOLATED)
clkload13/X                             0.00    0.00   -0.00 (VIOLATED)
clkload130/X                            0.00    0.00   -0.00 (VIOLATED)
clkload131/X                            0.00    0.00   -0.00 (VIOLATED)
clkload132/Y                            0.00    0.00   -0.00 (VIOLATED)
clkload133/Y                            0.00    0.00   -0.00 (VIOLATED)
clkload134/Y                            0.00    0.00   -0.00 (VIOLATED)
clkload135/X                            0.00    0.00   -0.00 (VIOLATED)
clkload136/X                            0.00    0.00   -0.00 (VIOLATED)
clkload137/X                            0.00    0.00   -0.00 (VIOLATED)
clkload138/Y                            0.00    0.00   -0.00 (VIOLATED)
clkload139/X                            0.00    0.00   -0.00 (VIOLATED)
clkload14/X                             0.00    0.00   -0.00 (VIOLATED)
clkload140/Y                            0.00    0.00   -0.00 (VIOLATED)
clkload141/X                            0.00    0.00   -0.00 (VIOLATED)
clkload142/X                            0.00    0.00   -0.00 (VIOLATED)
clkload143/X                            0.00    0.00   -0.00 (VIOLATED)
clkload144/Y                            0.00    0.00   -0.00 (VIOLATED)
clkload145/Y                            0.00    0.00   -0.00 (VIOLATED)
clkload146/Y                            0.00    0.00   -0.00 (VIOLATED)
clkload147/Y                            0.00    0.00   -0.00 (VIOLATED)
clkload148/Y                            0.00    0.00   -0.00 (VIOLATED)
clkload149/Y                            0.00    0.00   -0.00 (VIOLATED)
clkload15/X                             0.00    0.00   -0.00 (VIOLATED)
clkload150/Y                            0.00    0.00   -0.00 (VIOLATED)
clkload151/X                            0.00    0.00   -0.00 (VIOLATED)
clkload152/X                            0.00    0.00   -0.00 (VIOLATED)
clkload153/X                            0.00    0.00   -0.00 (VIOLATED)
clkload154/X                            0.00    0.00   -0.00 (VIOLATED)
clkload155/Y                            0.00    0.00   -0.00 (VIOLATED)
clkload156/Y                            0.00    0.00   -0.00 (VIOLATED)
clkload157/Y                            0.00    0.00   -0.00 (VIOLATED)
clkload158/Y                            0.00    0.00   -0.00 (VIOLATED)
clkload159/X                            0.00    0.00   -0.00 (VIOLATED)
clkload16/X                             0.00    0.00   -0.00 (VIOLATED)
clkload160/X                            0.00    0.00   -0.00 (VIOLATED)
clkload161/X                            0.00    0.00   -0.00 (VIOLATED)
clkload162/Y                            0.00    0.00   -0.00 (VIOLATED)
clkload163/X                            0.00    0.00   -0.00 (VIOLATED)
clkload164/X                            0.00    0.00   -0.00 (VIOLATED)
clkload165/X                            0.00    0.00   -0.00 (VIOLATED)
clkload166/X                            0.00    0.00   -0.00 (VIOLATED)
clkload167/X                            0.00    0.00   -0.00 (VIOLATED)
clkload168/Y                            0.00    0.00   -0.00 (VIOLATED)
clkload169/Y                            0.00    0.00   -0.00 (VIOLATED)
clkload17/X                             0.00    0.00   -0.00 (VIOLATED)
clkload170/X                            0.00    0.00   -0.00 (VIOLATED)
clkload171/X                            0.00    0.00   -0.00 (VIOLATED)
clkload172/X                            0.00    0.00   -0.00 (VIOLATED)
clkload173/X                            0.00    0.00   -0.00 (VIOLATED)
clkload174/Y                            0.00    0.00   -0.00 (VIOLATED)
clkload175/Y                            0.00    0.00   -0.00 (VIOLATED)
clkload176/X                            0.00    0.00   -0.00 (VIOLATED)
clkload177/X                            0.00    0.00   -0.00 (VIOLATED)
clkload178/X                            0.00    0.00   -0.00 (VIOLATED)
clkload179/X                            0.00    0.00   -0.00 (VIOLATED)
clkload18/X                             0.00    0.00   -0.00 (VIOLATED)
clkload180/Y                            0.00    0.00   -0.00 (VIOLATED)
clkload181/X                            0.00    0.00   -0.00 (VIOLATED)
clkload182/X                            0.00    0.00   -0.00 (VIOLATED)
clkload183/Y                            0.00    0.00   -0.00 (VIOLATED)
clkload184/Y                            0.00    0.00   -0.00 (VIOLATED)
clkload185/Y                            0.00    0.00   -0.00 (VIOLATED)
clkload186/Y                            0.00    0.00   -0.00 (VIOLATED)
clkload187/Y                            0.00    0.00   -0.00 (VIOLATED)
clkload188/Y                            0.00    0.00   -0.00 (VIOLATED)
clkload189/Y                            0.00    0.00   -0.00 (VIOLATED)
clkload19/X                             0.00    0.00   -0.00 (VIOLATED)
clkload190/Y                            0.00    0.00   -0.00 (VIOLATED)
clkload191/X                            0.00    0.00   -0.00 (VIOLATED)
clkload192/Y                            0.00    0.00   -0.00 (VIOLATED)
clkload193/Y                            0.00    0.00   -0.00 (VIOLATED)
clkload194/Y                            0.00    0.00   -0.00 (VIOLATED)
clkload195/Y                            0.00    0.00   -0.00 (VIOLATED)
clkload196/Y                            0.00    0.00   -0.00 (VIOLATED)
clkload197/Y                            0.00    0.00   -0.00 (VIOLATED)
clkload198/Y                            0.00    0.00   -0.00 (VIOLATED)
clkload199/Y                            0.00    0.00   -0.00 (VIOLATED)
clkload2/Y                              0.00    0.00   -0.00 (VIOLATED)
clkload20/X                             0.00    0.00   -0.00 (VIOLATED)
clkload200/X                            0.00    0.00   -0.00 (VIOLATED)
clkload201/Y                            0.00    0.00   -0.00 (VIOLATED)
clkload202/Y                            0.00    0.00   -0.00 (VIOLATED)
clkload203/Y                            0.00    0.00   -0.00 (VIOLATED)
clkload204/X                            0.00    0.00   -0.00 (VIOLATED)
clkload205/X                            0.00    0.00   -0.00 (VIOLATED)
clkload206/X                            0.00    0.00   -0.00 (VIOLATED)
clkload207/X                            0.00    0.00   -0.00 (VIOLATED)
clkload208/Y                            0.00    0.00   -0.00 (VIOLATED)
clkload209/Y                            0.00    0.00   -0.00 (VIOLATED)
clkload21/X                             0.00    0.00   -0.00 (VIOLATED)
clkload210/Y                            0.00    0.00   -0.00 (VIOLATED)
clkload211/X                            0.00    0.00   -0.00 (VIOLATED)
clkload212/X                            0.00    0.00   -0.00 (VIOLATED)
clkload213/X                            0.00    0.00   -0.00 (VIOLATED)
clkload214/Y                            0.00    0.00   -0.00 (VIOLATED)
clkload215/Y                            0.00    0.00   -0.00 (VIOLATED)
clkload216/X                            0.00    0.00   -0.00 (VIOLATED)
clkload217/X                            0.00    0.00   -0.00 (VIOLATED)
clkload218/X                            0.00    0.00   -0.00 (VIOLATED)
clkload219/X                            0.00    0.00   -0.00 (VIOLATED)
clkload22/X                             0.00    0.00   -0.00 (VIOLATED)
clkload220/X                            0.00    0.00   -0.00 (VIOLATED)
clkload221/X                            0.00    0.00   -0.00 (VIOLATED)
clkload222/X                            0.00    0.00   -0.00 (VIOLATED)
clkload223/Y                            0.00    0.00   -0.00 (VIOLATED)
clkload224/X                            0.00    0.00   -0.00 (VIOLATED)
clkload225/X                            0.00    0.00   -0.00 (VIOLATED)
clkload226/Y                            0.00    0.00   -0.00 (VIOLATED)
clkload227/Y                            0.00    0.00   -0.00 (VIOLATED)
clkload228/X                            0.00    0.00   -0.00 (VIOLATED)
clkload229/X                            0.00    0.00   -0.00 (VIOLATED)
clkload23/X                             0.00    0.00   -0.00 (VIOLATED)
clkload230/X                            0.00    0.00   -0.00 (VIOLATED)
clkload231/X                            0.00    0.00   -0.00 (VIOLATED)
clkload232/X                            0.00    0.00   -0.00 (VIOLATED)
clkload233/Y                            0.00    0.00   -0.00 (VIOLATED)
clkload234/Y                            0.00    0.00   -0.00 (VIOLATED)
clkload235/X                            0.00    0.00   -0.00 (VIOLATED)
clkload236/X                            0.00    0.00   -0.00 (VIOLATED)
clkload237/Y                            0.00    0.00   -0.00 (VIOLATED)
clkload238/X                            0.00    0.00   -0.00 (VIOLATED)
clkload239/X                            0.00    0.00   -0.00 (VIOLATED)
clkload24/X                             0.00    0.00   -0.00 (VIOLATED)
clkload240/X                            0.00    0.00   -0.00 (VIOLATED)
clkload241/X                            0.00    0.00   -0.00 (VIOLATED)
clkload242/X                            0.00    0.00   -0.00 (VIOLATED)
clkload243/X                            0.00    0.00   -0.00 (VIOLATED)
clkload244/Y                            0.00    0.00   -0.00 (VIOLATED)
clkload245/X                            0.00    0.00   -0.00 (VIOLATED)
clkload246/X                            0.00    0.00   -0.00 (VIOLATED)
clkload247/X                            0.00    0.00   -0.00 (VIOLATED)
clkload248/X                            0.00    0.00   -0.00 (VIOLATED)
clkload249/Y                            0.00    0.00   -0.00 (VIOLATED)
clkload25/X                             0.00    0.00   -0.00 (VIOLATED)
clkload250/X                            0.00    0.00   -0.00 (VIOLATED)
clkload251/X                            0.00    0.00   -0.00 (VIOLATED)
clkload252/Y                            0.00    0.00   -0.00 (VIOLATED)
clkload253/X                            0.00    0.00   -0.00 (VIOLATED)
clkload254/Y                            0.00    0.00   -0.00 (VIOLATED)
clkload255/X                            0.00    0.00   -0.00 (VIOLATED)
clkload256/Y                            0.00    0.00   -0.00 (VIOLATED)
clkload257/X                            0.00    0.00   -0.00 (VIOLATED)
clkload258/X                            0.00    0.00   -0.00 (VIOLATED)
clkload259/Y                            0.00    0.00   -0.00 (VIOLATED)
clkload26/X                             0.00    0.00   -0.00 (VIOLATED)
clkload260/X                            0.00    0.00   -0.00 (VIOLATED)
clkload261/X                            0.00    0.00   -0.00 (VIOLATED)
clkload262/Y                            0.00    0.00   -0.00 (VIOLATED)
clkload263/X                            0.00    0.00   -0.00 (VIOLATED)
clkload264/X                            0.00    0.00   -0.00 (VIOLATED)
clkload265/Y                            0.00    0.00   -0.00 (VIOLATED)
clkload266/X                            0.00    0.00   -0.00 (VIOLATED)
clkload267/Y                            0.00    0.00   -0.00 (VIOLATED)
clkload268/X                            0.00    0.00   -0.00 (VIOLATED)
clkload269/Y                            0.00    0.00   -0.00 (VIOLATED)
clkload27/X                             0.00    0.00   -0.00 (VIOLATED)
clkload270/Y                            0.00    0.00   -0.00 (VIOLATED)
clkload271/Y                            0.00    0.00   -0.00 (VIOLATED)
clkload272/Y                            0.00    0.00   -0.00 (VIOLATED)
clkload273/Y                            0.00    0.00   -0.00 (VIOLATED)
clkload274/Y                            0.00    0.00   -0.00 (VIOLATED)
clkload275/Y                            0.00    0.00   -0.00 (VIOLATED)
clkload276/Y                            0.00    0.00   -0.00 (VIOLATED)
clkload277/Y                            0.00    0.00   -0.00 (VIOLATED)
clkload278/Y                            0.00    0.00   -0.00 (VIOLATED)
clkload279/Y                            0.00    0.00   -0.00 (VIOLATED)
clkload28/X                             0.00    0.00   -0.00 (VIOLATED)
clkload280/X                            0.00    0.00   -0.00 (VIOLATED)
clkload281/X                            0.00    0.00   -0.00 (VIOLATED)
clkload282/Y                            0.00    0.00   -0.00 (VIOLATED)
clkload283/Y                            0.00    0.00   -0.00 (VIOLATED)
clkload284/Y                            0.00    0.00   -0.00 (VIOLATED)
clkload285/Y                            0.00    0.00   -0.00 (VIOLATED)
clkload286/Y                            0.00    0.00   -0.00 (VIOLATED)
clkload287/X                            0.00    0.00   -0.00 (VIOLATED)
clkload288/X                            0.00    0.00   -0.00 (VIOLATED)
clkload289/X                            0.00    0.00   -0.00 (VIOLATED)
clkload29/X                             0.00    0.00   -0.00 (VIOLATED)
clkload290/Y                            0.00    0.00   -0.00 (VIOLATED)
clkload291/Y                            0.00    0.00   -0.00 (VIOLATED)
clkload292/X                            0.00    0.00   -0.00 (VIOLATED)
clkload293/X                            0.00    0.00   -0.00 (VIOLATED)
clkload294/Y                            0.00    0.00   -0.00 (VIOLATED)
clkload295/X                            0.00    0.00   -0.00 (VIOLATED)
clkload296/Y                            0.00    0.00   -0.00 (VIOLATED)
clkload297/Y                            0.00    0.00   -0.00 (VIOLATED)
clkload298/X                            0.00    0.00   -0.00 (VIOLATED)
clkload299/Y                            0.00    0.00   -0.00 (VIOLATED)
clkload3/X                              0.00    0.00   -0.00 (VIOLATED)
clkload30/X                             0.00    0.00   -0.00 (VIOLATED)
clkload300/Y                            0.00    0.00   -0.00 (VIOLATED)
clkload301/Y                            0.00    0.00   -0.00 (VIOLATED)
clkload302/X                            0.00    0.00   -0.00 (VIOLATED)
clkload303/Y                            0.00    0.00   -0.00 (VIOLATED)
clkload304/Y                            0.00    0.00   -0.00 (VIOLATED)
clkload305/X                            0.00    0.00   -0.00 (VIOLATED)
clkload306/Y                            0.00    0.00   -0.00 (VIOLATED)
clkload307/Y                            0.00    0.00   -0.00 (VIOLATED)
clkload308/Y                            0.00    0.00   -0.00 (VIOLATED)
clkload309/Y                            0.00    0.00   -0.00 (VIOLATED)
clkload31/X                             0.00    0.00   -0.00 (VIOLATED)
clkload310/Y                            0.00    0.00   -0.00 (VIOLATED)
clkload311/Y                            0.00    0.00   -0.00 (VIOLATED)
clkload312/Y                            0.00    0.00   -0.00 (VIOLATED)
clkload313/X                            0.00    0.00   -0.00 (VIOLATED)
clkload314/X                            0.00    0.00   -0.00 (VIOLATED)
clkload315/X                            0.00    0.00   -0.00 (VIOLATED)
clkload316/Y                            0.00    0.00   -0.00 (VIOLATED)
clkload317/X                            0.00    0.00   -0.00 (VIOLATED)
clkload318/Y                            0.00    0.00   -0.00 (VIOLATED)
clkload319/Y                            0.00    0.00   -0.00 (VIOLATED)
clkload32/X                             0.00    0.00   -0.00 (VIOLATED)
clkload320/X                            0.00    0.00   -0.00 (VIOLATED)
clkload321/Y                            0.00    0.00   -0.00 (VIOLATED)
clkload322/X                            0.00    0.00   -0.00 (VIOLATED)
clkload323/X                            0.00    0.00   -0.00 (VIOLATED)
clkload324/Y                            0.00    0.00   -0.00 (VIOLATED)
clkload325/Y                            0.00    0.00   -0.00 (VIOLATED)
clkload326/Y                            0.00    0.00   -0.00 (VIOLATED)
clkload327/Y                            0.00    0.00   -0.00 (VIOLATED)
clkload328/Y                            0.00    0.00   -0.00 (VIOLATED)
clkload329/Y                            0.00    0.00   -0.00 (VIOLATED)
clkload33/X                             0.00    0.00   -0.00 (VIOLATED)
clkload330/X                            0.00    0.00   -0.00 (VIOLATED)
clkload331/Y                            0.00    0.00   -0.00 (VIOLATED)
clkload332/Y                            0.00    0.00   -0.00 (VIOLATED)
clkload333/Y                            0.00    0.00   -0.00 (VIOLATED)
clkload334/X                            0.00    0.00   -0.00 (VIOLATED)
clkload335/X                            0.00    0.00   -0.00 (VIOLATED)
clkload336/Y                            0.00    0.00   -0.00 (VIOLATED)
clkload337/X                            0.00    0.00   -0.00 (VIOLATED)
clkload338/Y                            0.00    0.00   -0.00 (VIOLATED)
clkload339/Y                            0.00    0.00   -0.00 (VIOLATED)
clkload34/X                             0.00    0.00   -0.00 (VIOLATED)
clkload340/X                            0.00    0.00   -0.00 (VIOLATED)
clkload341/Y                            0.00    0.00   -0.00 (VIOLATED)
clkload342/X                            0.00    0.00   -0.00 (VIOLATED)
clkload343/Y                            0.00    0.00   -0.00 (VIOLATED)
clkload344/X                            0.00    0.00   -0.00 (VIOLATED)
clkload345/X                            0.00    0.00   -0.00 (VIOLATED)
clkload346/X                            0.00    0.00   -0.00 (VIOLATED)
clkload347/X                            0.00    0.00   -0.00 (VIOLATED)
clkload348/X                            0.00    0.00   -0.00 (VIOLATED)
clkload349/X                            0.00    0.00   -0.00 (VIOLATED)
clkload35/X                             0.00    0.00   -0.00 (VIOLATED)
clkload350/Y                            0.00    0.00   -0.00 (VIOLATED)
clkload351/X                            0.00    0.00   -0.00 (VIOLATED)
clkload352/Y                            0.00    0.00   -0.00 (VIOLATED)
clkload353/X                            0.00    0.00   -0.00 (VIOLATED)
clkload354/X                            0.00    0.00   -0.00 (VIOLATED)
clkload355/X                            0.00    0.00   -0.00 (VIOLATED)
clkload356/X                            0.00    0.00   -0.00 (VIOLATED)
clkload357/X                            0.00    0.00   -0.00 (VIOLATED)
clkload358/X                            0.00    0.00   -0.00 (VIOLATED)
clkload359/X                            0.00    0.00   -0.00 (VIOLATED)
clkload36/X                             0.00    0.00   -0.00 (VIOLATED)
clkload360/Y                            0.00    0.00   -0.00 (VIOLATED)
clkload361/Y                            0.00    0.00   -0.00 (VIOLATED)
clkload362/X                            0.00    0.00   -0.00 (VIOLATED)
clkload363/Y                            0.00    0.00   -0.00 (VIOLATED)
clkload364/Y                            0.00    0.00   -0.00 (VIOLATED)
clkload365/Y                            0.00    0.00   -0.00 (VIOLATED)
clkload366/X                            0.00    0.00   -0.00 (VIOLATED)
clkload367/Y                            0.00    0.00   -0.00 (VIOLATED)
clkload368/Y                            0.00    0.00   -0.00 (VIOLATED)
clkload369/X                            0.00    0.00   -0.00 (VIOLATED)
clkload37/X                             0.00    0.00   -0.00 (VIOLATED)
clkload370/Y                            0.00    0.00   -0.00 (VIOLATED)
clkload371/Y                            0.00    0.00   -0.00 (VIOLATED)
clkload372/Y                            0.00    0.00   -0.00 (VIOLATED)
clkload373/Y                            0.00    0.00   -0.00 (VIOLATED)
clkload374/Y                            0.00    0.00   -0.00 (VIOLATED)
clkload375/Y                            0.00    0.00   -0.00 (VIOLATED)
clkload376/Y                            0.00    0.00   -0.00 (VIOLATED)
clkload377/Y                            0.00    0.00   -0.00 (VIOLATED)
clkload378/X                            0.00    0.00   -0.00 (VIOLATED)
clkload379/X                            0.00    0.00   -0.00 (VIOLATED)
clkload38/X                             0.00    0.00   -0.00 (VIOLATED)
clkload380/X                            0.00    0.00   -0.00 (VIOLATED)
clkload381/X                            0.00    0.00   -0.00 (VIOLATED)
clkload382/X                            0.00    0.00   -0.00 (VIOLATED)
clkload383/X                            0.00    0.00   -0.00 (VIOLATED)
clkload384/Y                            0.00    0.00   -0.00 (VIOLATED)
clkload385/Y                            0.00    0.00   -0.00 (VIOLATED)
clkload386/Y                            0.00    0.00   -0.00 (VIOLATED)
clkload387/X                            0.00    0.00   -0.00 (VIOLATED)
clkload388/Y                            0.00    0.00   -0.00 (VIOLATED)
clkload389/X                            0.00    0.00   -0.00 (VIOLATED)
clkload39/X                             0.00    0.00   -0.00 (VIOLATED)
clkload390/Y                            0.00    0.00   -0.00 (VIOLATED)
clkload391/X                            0.00    0.00   -0.00 (VIOLATED)
clkload392/X                            0.00    0.00   -0.00 (VIOLATED)
clkload393/X                            0.00    0.00   -0.00 (VIOLATED)
clkload394/X                            0.00    0.00   -0.00 (VIOLATED)
clkload395/X                            0.00    0.00   -0.00 (VIOLATED)
clkload396/X                            0.00    0.00   -0.00 (VIOLATED)
clkload397/X                            0.00    0.00   -0.00 (VIOLATED)
clkload398/X                            0.00    0.00   -0.00 (VIOLATED)
clkload399/X                            0.00    0.00   -0.00 (VIOLATED)
clkload4/X                              0.00    0.00   -0.00 (VIOLATED)
clkload40/X                             0.00    0.00   -0.00 (VIOLATED)
clkload400/Y                            0.00    0.00   -0.00 (VIOLATED)
clkload401/Y                            0.00    0.00   -0.00 (VIOLATED)
clkload402/X                            0.00    0.00   -0.00 (VIOLATED)
clkload403/Y                            0.00    0.00   -0.00 (VIOLATED)
clkload404/Y                            0.00    0.00   -0.00 (VIOLATED)
clkload405/Y                            0.00    0.00   -0.00 (VIOLATED)
clkload406/Y                            0.00    0.00   -0.00 (VIOLATED)
clkload407/Y                            0.00    0.00   -0.00 (VIOLATED)
clkload408/Y                            0.00    0.00   -0.00 (VIOLATED)
clkload409/X                            0.00    0.00   -0.00 (VIOLATED)
clkload41/X                             0.00    0.00   -0.00 (VIOLATED)
clkload410/X                            0.00    0.00   -0.00 (VIOLATED)
clkload411/Y                            0.00    0.00   -0.00 (VIOLATED)
clkload412/X                            0.00    0.00   -0.00 (VIOLATED)
clkload413/X                            0.00    0.00   -0.00 (VIOLATED)
clkload414/Y                            0.00    0.00   -0.00 (VIOLATED)
clkload415/Y                            0.00    0.00   -0.00 (VIOLATED)
clkload416/X                            0.00    0.00   -0.00 (VIOLATED)
clkload417/Y                            0.00    0.00   -0.00 (VIOLATED)
clkload418/Y                            0.00    0.00   -0.00 (VIOLATED)
clkload419/X                            0.00    0.00   -0.00 (VIOLATED)
clkload42/Y                             0.00    0.00   -0.00 (VIOLATED)
clkload420/Y                            0.00    0.00   -0.00 (VIOLATED)
clkload421/X                            0.00    0.00   -0.00 (VIOLATED)
clkload422/X                            0.00    0.00   -0.00 (VIOLATED)
clkload423/Y                            0.00    0.00   -0.00 (VIOLATED)
clkload424/X                            0.00    0.00   -0.00 (VIOLATED)
clkload425/X                            0.00    0.00   -0.00 (VIOLATED)
clkload426/Y                            0.00    0.00   -0.00 (VIOLATED)
clkload427/X                            0.00    0.00   -0.00 (VIOLATED)
clkload428/Y                            0.00    0.00   -0.00 (VIOLATED)
clkload429/Y                            0.00    0.00   -0.00 (VIOLATED)
clkload43/X                             0.00    0.00   -0.00 (VIOLATED)
clkload430/X                            0.00    0.00   -0.00 (VIOLATED)
clkload431/X                            0.00    0.00   -0.00 (VIOLATED)
clkload432/X                            0.00    0.00   -0.00 (VIOLATED)
clkload433/Y                            0.00    0.00   -0.00 (VIOLATED)
clkload434/X                            0.00    0.00   -0.00 (VIOLATED)
clkload435/X                            0.00    0.00   -0.00 (VIOLATED)
clkload436/Y                            0.00    0.00   -0.00 (VIOLATED)
clkload437/X                            0.00    0.00   -0.00 (VIOLATED)
clkload438/Y                            0.00    0.00   -0.00 (VIOLATED)
clkload439/Y                            0.00    0.00   -0.00 (VIOLATED)
clkload44/X                             0.00    0.00   -0.00 (VIOLATED)
clkload440/Y                            0.00    0.00   -0.00 (VIOLATED)
clkload441/X                            0.00    0.00   -0.00 (VIOLATED)
clkload442/Y                            0.00    0.00   -0.00 (VIOLATED)
clkload443/Y                            0.00    0.00   -0.00 (VIOLATED)
clkload444/X                            0.00    0.00   -0.00 (VIOLATED)
clkload445/X                            0.00    0.00   -0.00 (VIOLATED)
clkload446/Y                            0.00    0.00   -0.00 (VIOLATED)
clkload447/X                            0.00    0.00   -0.00 (VIOLATED)
clkload448/X                            0.00    0.00   -0.00 (VIOLATED)
clkload449/Y                            0.00    0.00   -0.00 (VIOLATED)
clkload45/X                             0.00    0.00   -0.00 (VIOLATED)
clkload450/Y                            0.00    0.00   -0.00 (VIOLATED)
clkload451/Y                            0.00    0.00   -0.00 (VIOLATED)
clkload452/X                            0.00    0.00   -0.00 (VIOLATED)
clkload453/Y                            0.00    0.00   -0.00 (VIOLATED)
clkload454/X                            0.00    0.00   -0.00 (VIOLATED)
clkload455/X                            0.00    0.00   -0.00 (VIOLATED)
clkload456/Y                            0.00    0.00   -0.00 (VIOLATED)
clkload457/X                            0.00    0.00   -0.00 (VIOLATED)
clkload458/Y                            0.00    0.00   -0.00 (VIOLATED)
clkload459/X                            0.00    0.00   -0.00 (VIOLATED)
clkload46/X                             0.00    0.00   -0.00 (VIOLATED)
clkload460/X                            0.00    0.00   -0.00 (VIOLATED)
clkload461/Y                            0.00    0.00   -0.00 (VIOLATED)
clkload462/X                            0.00    0.00   -0.00 (VIOLATED)
clkload463/Y                            0.00    0.00   -0.00 (VIOLATED)
clkload464/X                            0.00    0.00   -0.00 (VIOLATED)
clkload465/X                            0.00    0.00   -0.00 (VIOLATED)
clkload466/X                            0.00    0.00   -0.00 (VIOLATED)
clkload467/X                            0.00    0.00   -0.00 (VIOLATED)
clkload468/X                            0.00    0.00   -0.00 (VIOLATED)
clkload469/Y                            0.00    0.00   -0.00 (VIOLATED)
clkload47/X                             0.00    0.00   -0.00 (VIOLATED)
clkload470/X                            0.00    0.00   -0.00 (VIOLATED)
clkload471/X                            0.00    0.00   -0.00 (VIOLATED)
clkload472/X                            0.00    0.00   -0.00 (VIOLATED)
clkload473/X                            0.00    0.00   -0.00 (VIOLATED)
clkload474/X                            0.00    0.00   -0.00 (VIOLATED)
clkload475/Y                            0.00    0.00   -0.00 (VIOLATED)
clkload476/Y                            0.00    0.00   -0.00 (VIOLATED)
clkload477/X                            0.00    0.00   -0.00 (VIOLATED)
clkload478/X                            0.00    0.00   -0.00 (VIOLATED)
clkload479/Y                            0.00    0.00   -0.00 (VIOLATED)
clkload48/X                             0.00    0.00   -0.00 (VIOLATED)
clkload480/Y                            0.00    0.00   -0.00 (VIOLATED)
clkload481/Y                            0.00    0.00   -0.00 (VIOLATED)
clkload482/X                            0.00    0.00   -0.00 (VIOLATED)
clkload483/X                            0.00    0.00   -0.00 (VIOLATED)
clkload484/X                            0.00    0.00   -0.00 (VIOLATED)
clkload485/X                            0.00    0.00   -0.00 (VIOLATED)
clkload486/Y                            0.00    0.00   -0.00 (VIOLATED)
clkload487/X                            0.00    0.00   -0.00 (VIOLATED)
clkload488/X                            0.00    0.00   -0.00 (VIOLATED)
clkload489/X                            0.00    0.00   -0.00 (VIOLATED)
clkload49/X                             0.00    0.00   -0.00 (VIOLATED)
clkload490/X                            0.00    0.00   -0.00 (VIOLATED)
clkload491/Y                            0.00    0.00   -0.00 (VIOLATED)
clkload492/Y                            0.00    0.00   -0.00 (VIOLATED)
clkload493/X                            0.00    0.00   -0.00 (VIOLATED)
clkload494/Y                            0.00    0.00   -0.00 (VIOLATED)
clkload495/X                            0.00    0.00   -0.00 (VIOLATED)
clkload496/X                            0.00    0.00   -0.00 (VIOLATED)
clkload497/Y                            0.00    0.00   -0.00 (VIOLATED)
clkload498/X                            0.00    0.00   -0.00 (VIOLATED)
clkload499/Y                            0.00    0.00   -0.00 (VIOLATED)
clkload5/X                              0.00    0.00   -0.00 (VIOLATED)
clkload50/X                             0.00    0.00   -0.00 (VIOLATED)
clkload500/Y                            0.00    0.00   -0.00 (VIOLATED)
clkload501/Y                            0.00    0.00   -0.00 (VIOLATED)
clkload502/Y                            0.00    0.00   -0.00 (VIOLATED)
clkload503/Y                            0.00    0.00   -0.00 (VIOLATED)
clkload504/X                            0.00    0.00   -0.00 (VIOLATED)
clkload505/X                            0.00    0.00   -0.00 (VIOLATED)
clkload506/X                            0.00    0.00   -0.00 (VIOLATED)
clkload507/X                            0.00    0.00   -0.00 (VIOLATED)
clkload508/X                            0.00    0.00   -0.00 (VIOLATED)
clkload509/Y                            0.00    0.00   -0.00 (VIOLATED)
clkload51/Y                             0.00    0.00   -0.00 (VIOLATED)
clkload510/X                            0.00    0.00   -0.00 (VIOLATED)
clkload511/X                            0.00    0.00   -0.00 (VIOLATED)
clkload512/Y                            0.00    0.00   -0.00 (VIOLATED)
clkload513/Y                            0.00    0.00   -0.00 (VIOLATED)
clkload514/X                            0.00    0.00   -0.00 (VIOLATED)
clkload515/X                            0.00    0.00   -0.00 (VIOLATED)
clkload516/X                            0.00    0.00   -0.00 (VIOLATED)
clkload517/Y                            0.00    0.00   -0.00 (VIOLATED)
clkload518/Y                            0.00    0.00   -0.00 (VIOLATED)
clkload519/Y                            0.00    0.00   -0.00 (VIOLATED)
clkload52/X                             0.00    0.00   -0.00 (VIOLATED)
clkload520/X                            0.00    0.00   -0.00 (VIOLATED)
clkload521/X                            0.00    0.00   -0.00 (VIOLATED)
clkload522/Y                            0.00    0.00   -0.00 (VIOLATED)
clkload523/X                            0.00    0.00   -0.00 (VIOLATED)
clkload524/Y                            0.00    0.00   -0.00 (VIOLATED)
clkload525/Y                            0.00    0.00   -0.00 (VIOLATED)
clkload526/Y                            0.00    0.00   -0.00 (VIOLATED)
clkload527/X                            0.00    0.00   -0.00 (VIOLATED)
clkload528/X                            0.00    0.00   -0.00 (VIOLATED)
clkload529/X                            0.00    0.00   -0.00 (VIOLATED)
clkload53/X                             0.00    0.00   -0.00 (VIOLATED)
clkload530/Y                            0.00    0.00   -0.00 (VIOLATED)
clkload531/Y                            0.00    0.00   -0.00 (VIOLATED)
clkload532/Y                            0.00    0.00   -0.00 (VIOLATED)
clkload533/X                            0.00    0.00   -0.00 (VIOLATED)
clkload534/X                            0.00    0.00   -0.00 (VIOLATED)
clkload535/X                            0.00    0.00   -0.00 (VIOLATED)
clkload536/X                            0.00    0.00   -0.00 (VIOLATED)
clkload537/Y                            0.00    0.00   -0.00 (VIOLATED)
clkload538/X                            0.00    0.00   -0.00 (VIOLATED)
clkload539/X                            0.00    0.00   -0.00 (VIOLATED)
clkload54/X                             0.00    0.00   -0.00 (VIOLATED)
clkload540/Y                            0.00    0.00   -0.00 (VIOLATED)
clkload541/Y                            0.00    0.00   -0.00 (VIOLATED)
clkload542/X                            0.00    0.00   -0.00 (VIOLATED)
clkload543/X                            0.00    0.00   -0.00 (VIOLATED)
clkload544/X                            0.00    0.00   -0.00 (VIOLATED)
clkload545/X                            0.00    0.00   -0.00 (VIOLATED)
clkload546/X                            0.00    0.00   -0.00 (VIOLATED)
clkload547/Y                            0.00    0.00   -0.00 (VIOLATED)
clkload548/Y                            0.00    0.00   -0.00 (VIOLATED)
clkload549/Y                            0.00    0.00   -0.00 (VIOLATED)
clkload55/X                             0.00    0.00   -0.00 (VIOLATED)
clkload550/Y                            0.00    0.00   -0.00 (VIOLATED)
clkload551/Y                            0.00    0.00   -0.00 (VIOLATED)
clkload552/Y                            0.00    0.00   -0.00 (VIOLATED)
clkload553/X                            0.00    0.00   -0.00 (VIOLATED)
clkload554/X                            0.00    0.00   -0.00 (VIOLATED)
clkload555/X                            0.00    0.00   -0.00 (VIOLATED)
clkload556/X                            0.00    0.00   -0.00 (VIOLATED)
clkload557/X                            0.00    0.00   -0.00 (VIOLATED)
clkload558/X                            0.00    0.00   -0.00 (VIOLATED)
clkload559/Y                            0.00    0.00   -0.00 (VIOLATED)
clkload56/X                             0.00    0.00   -0.00 (VIOLATED)
clkload560/X                            0.00    0.00   -0.00 (VIOLATED)
clkload561/Y                            0.00    0.00   -0.00 (VIOLATED)
clkload562/Y                            0.00    0.00   -0.00 (VIOLATED)
clkload563/X                            0.00    0.00   -0.00 (VIOLATED)
clkload564/X                            0.00    0.00   -0.00 (VIOLATED)
clkload565/X                            0.00    0.00   -0.00 (VIOLATED)
clkload566/X                            0.00    0.00   -0.00 (VIOLATED)
clkload567/Y                            0.00    0.00   -0.00 (VIOLATED)
clkload568/Y                            0.00    0.00   -0.00 (VIOLATED)
clkload569/X                            0.00    0.00   -0.00 (VIOLATED)
clkload57/X                             0.00    0.00   -0.00 (VIOLATED)
clkload570/X                            0.00    0.00   -0.00 (VIOLATED)
clkload571/X                            0.00    0.00   -0.00 (VIOLATED)
clkload572/X                            0.00    0.00   -0.00 (VIOLATED)
clkload573/X                            0.00    0.00   -0.00 (VIOLATED)
clkload574/X                            0.00    0.00   -0.00 (VIOLATED)
clkload575/Y                            0.00    0.00   -0.00 (VIOLATED)
clkload576/X                            0.00    0.00   -0.00 (VIOLATED)
clkload577/X                            0.00    0.00   -0.00 (VIOLATED)
clkload578/Y                            0.00    0.00   -0.00 (VIOLATED)
clkload579/X                            0.00    0.00   -0.00 (VIOLATED)
clkload58/X                             0.00    0.00   -0.00 (VIOLATED)
clkload580/Y                            0.00    0.00   -0.00 (VIOLATED)
clkload581/X                            0.00    0.00   -0.00 (VIOLATED)
clkload582/X                            0.00    0.00   -0.00 (VIOLATED)
clkload583/X                            0.00    0.00   -0.00 (VIOLATED)
clkload584/X                            0.00    0.00   -0.00 (VIOLATED)
clkload585/X                            0.00    0.00   -0.00 (VIOLATED)
clkload586/X                            0.00    0.00   -0.00 (VIOLATED)
clkload587/X                            0.00    0.00   -0.00 (VIOLATED)
clkload588/X                            0.00    0.00   -0.00 (VIOLATED)
clkload589/X                            0.00    0.00   -0.00 (VIOLATED)
clkload59/X                             0.00    0.00   -0.00 (VIOLATED)
clkload590/Y                            0.00    0.00   -0.00 (VIOLATED)
clkload591/Y                            0.00    0.00   -0.00 (VIOLATED)
clkload592/Y                            0.00    0.00   -0.00 (VIOLATED)
clkload593/X                            0.00    0.00   -0.00 (VIOLATED)
clkload594/Y                            0.00    0.00   -0.00 (VIOLATED)
clkload595/Y                            0.00    0.00   -0.00 (VIOLATED)
clkload596/X                            0.00    0.00   -0.00 (VIOLATED)
clkload597/X                            0.00    0.00   -0.00 (VIOLATED)
clkload598/Y                            0.00    0.00   -0.00 (VIOLATED)
clkload599/Y                            0.00    0.00   -0.00 (VIOLATED)
clkload6/X                              0.00    0.00   -0.00 (VIOLATED)
clkload60/X                             0.00    0.00   -0.00 (VIOLATED)
clkload600/X                            0.00    0.00   -0.00 (VIOLATED)
clkload601/X                            0.00    0.00   -0.00 (VIOLATED)
clkload602/X                            0.00    0.00   -0.00 (VIOLATED)
clkload603/X                            0.00    0.00   -0.00 (VIOLATED)
clkload604/Y                            0.00    0.00   -0.00 (VIOLATED)
clkload605/Y                            0.00    0.00   -0.00 (VIOLATED)
clkload606/X                            0.00    0.00   -0.00 (VIOLATED)
clkload607/X                            0.00    0.00   -0.00 (VIOLATED)
clkload608/Y                            0.00    0.00   -0.00 (VIOLATED)
clkload609/X                            0.00    0.00   -0.00 (VIOLATED)
clkload61/Y                             0.00    0.00   -0.00 (VIOLATED)
clkload610/Y                            0.00    0.00   -0.00 (VIOLATED)
clkload611/X                            0.00    0.00   -0.00 (VIOLATED)
clkload612/Y                            0.00    0.00   -0.00 (VIOLATED)
clkload613/Y                            0.00    0.00   -0.00 (VIOLATED)
clkload614/X                            0.00    0.00   -0.00 (VIOLATED)
clkload615/X                            0.00    0.00   -0.00 (VIOLATED)
clkload616/X                            0.00    0.00   -0.00 (VIOLATED)
clkload617/X                            0.00    0.00   -0.00 (VIOLATED)
clkload618/X                            0.00    0.00   -0.00 (VIOLATED)
clkload619/Y                            0.00    0.00   -0.00 (VIOLATED)
clkload62/X                             0.00    0.00   -0.00 (VIOLATED)
clkload620/Y                            0.00    0.00   -0.00 (VIOLATED)
clkload621/X                            0.00    0.00   -0.00 (VIOLATED)
clkload622/X                            0.00    0.00   -0.00 (VIOLATED)
clkload623/X                            0.00    0.00   -0.00 (VIOLATED)
clkload624/X                            0.00    0.00   -0.00 (VIOLATED)
clkload625/X                            0.00    0.00   -0.00 (VIOLATED)
clkload626/X                            0.00    0.00   -0.00 (VIOLATED)
clkload627/X                            0.00    0.00   -0.00 (VIOLATED)
clkload628/X                            0.00    0.00   -0.00 (VIOLATED)
clkload629/X                            0.00    0.00   -0.00 (VIOLATED)
clkload63/X                             0.00    0.00   -0.00 (VIOLATED)
clkload630/X                            0.00    0.00   -0.00 (VIOLATED)
clkload631/X                            0.00    0.00   -0.00 (VIOLATED)
clkload632/X                            0.00    0.00   -0.00 (VIOLATED)
clkload633/X                            0.00    0.00   -0.00 (VIOLATED)
clkload634/Y                            0.00    0.00   -0.00 (VIOLATED)
clkload635/X                            0.00    0.00   -0.00 (VIOLATED)
clkload636/X                            0.00    0.00   -0.00 (VIOLATED)
clkload637/X                            0.00    0.00   -0.00 (VIOLATED)
clkload638/X                            0.00    0.00   -0.00 (VIOLATED)
clkload639/X                            0.00    0.00   -0.00 (VIOLATED)
clkload64/Y                             0.00    0.00   -0.00 (VIOLATED)
clkload640/X                            0.00    0.00   -0.00 (VIOLATED)
clkload641/Y                            0.00    0.00   -0.00 (VIOLATED)
clkload642/X                            0.00    0.00   -0.00 (VIOLATED)
clkload643/X                            0.00    0.00   -0.00 (VIOLATED)
clkload644/X                            0.00    0.00   -0.00 (VIOLATED)
clkload645/X                            0.00    0.00   -0.00 (VIOLATED)
clkload646/X                            0.00    0.00   -0.00 (VIOLATED)
clkload647/X                            0.00    0.00   -0.00 (VIOLATED)
clkload648/X                            0.00    0.00   -0.00 (VIOLATED)
clkload649/X                            0.00    0.00   -0.00 (VIOLATED)
clkload65/Y                             0.00    0.00   -0.00 (VIOLATED)
clkload650/X                            0.00    0.00   -0.00 (VIOLATED)
clkload651/X                            0.00    0.00   -0.00 (VIOLATED)
clkload652/X                            0.00    0.00   -0.00 (VIOLATED)
clkload653/X                            0.00    0.00   -0.00 (VIOLATED)
clkload654/X                            0.00    0.00   -0.00 (VIOLATED)
clkload66/X                             0.00    0.00   -0.00 (VIOLATED)
clkload67/X                             0.00    0.00   -0.00 (VIOLATED)
clkload68/X                             0.00    0.00   -0.00 (VIOLATED)
clkload69/X                             0.00    0.00   -0.00 (VIOLATED)
clkload7/X                              0.00    0.00   -0.00 (VIOLATED)
clkload70/X                             0.00    0.00   -0.00 (VIOLATED)
clkload71/X                             0.00    0.00   -0.00 (VIOLATED)
clkload72/X                             0.00    0.00   -0.00 (VIOLATED)
clkload73/Y                             0.00    0.00   -0.00 (VIOLATED)
clkload74/X                             0.00    0.00   -0.00 (VIOLATED)
clkload75/X                             0.00    0.00   -0.00 (VIOLATED)
clkload76/X                             0.00    0.00   -0.00 (VIOLATED)
clkload77/X                             0.00    0.00   -0.00 (VIOLATED)
clkload78/Y                             0.00    0.00   -0.00 (VIOLATED)
clkload79/Y                             0.00    0.00   -0.00 (VIOLATED)
clkload8/X                              0.00    0.00   -0.00 (VIOLATED)
clkload80/X                             0.00    0.00   -0.00 (VIOLATED)
clkload81/X                             0.00    0.00   -0.00 (VIOLATED)
clkload82/X                             0.00    0.00   -0.00 (VIOLATED)
clkload83/X                             0.00    0.00   -0.00 (VIOLATED)
clkload84/X                             0.00    0.00   -0.00 (VIOLATED)
clkload85/X                             0.00    0.00   -0.00 (VIOLATED)
clkload86/X                             0.00    0.00   -0.00 (VIOLATED)
clkload87/X                             0.00    0.00   -0.00 (VIOLATED)
clkload88/Y                             0.00    0.00   -0.00 (VIOLATED)
clkload89/Y                             0.00    0.00   -0.00 (VIOLATED)
clkload9/X                              0.00    0.00   -0.00 (VIOLATED)
clkload90/Y                             0.00    0.00   -0.00 (VIOLATED)
clkload91/Y                             0.00    0.00   -0.00 (VIOLATED)
clkload92/X                             0.00    0.00   -0.00 (VIOLATED)
clkload93/Y                             0.00    0.00   -0.00 (VIOLATED)
clkload94/X                             0.00    0.00   -0.00 (VIOLATED)
clkload95/Y                             0.00    0.00   -0.00 (VIOLATED)
clkload96/X                             0.00    0.00   -0.00 (VIOLATED)
clkload97/X                             0.00    0.00   -0.00 (VIOLATED)
clkload98/X                             0.00    0.00   -0.00 (VIOLATED)
clkload99/Y                             0.00    0.00   -0.00 (VIOLATED)
i_croc_soc/i_croc/_4540_/Y              0.00    0.00   -0.00 (VIOLATED)
i_croc_soc/i_croc/_4548_/Y              0.00    0.00   -0.00 (VIOLATED)
i_croc_soc/i_croc/_4551_/Y              0.00    0.00   -0.00 (VIOLATED)
i_croc_soc/i_croc/_4554_/Y              0.00    0.00   -0.00 (VIOLATED)
i_croc_soc/i_croc/_4562_/Y              0.00    0.00   -0.00 (VIOLATED)
i_croc_soc/i_croc/_4571_/Y              0.00    0.00   -0.00 (VIOLATED)
i_croc_soc/i_croc/_4579_/Y              0.00    0.00   -0.00 (VIOLATED)
i_croc_soc/i_croc/_4587_/Y              0.00    0.00   -0.00 (VIOLATED)
i_croc_soc/i_croc/_4595_/Y              0.00    0.00   -0.00 (VIOLATED)
i_croc_soc/i_croc/_4603_/Y              0.00    0.00   -0.00 (VIOLATED)
i_croc_soc/i_croc/_4611_/Y              0.00    0.00   -0.00 (VIOLATED)
i_croc_soc/i_croc/_4619_/Y              0.00    0.00   -0.00 (VIOLATED)
i_croc_soc/i_croc/_4628_/Y              0.00    0.00   -0.00 (VIOLATED)
i_croc_soc/i_croc/_4637_/Y              0.00    0.00   -0.00 (VIOLATED)
i_croc_soc/i_croc/_4876_/Y              0.00    0.00   -0.00 (VIOLATED)
i_croc_soc/i_croc/_4877_/Y              0.00    0.00   -0.00 (VIOLATED)
i_croc_soc/i_croc/_4878_/Y              0.00    0.00   -0.00 (VIOLATED)
i_croc_soc/i_croc/_4879_/Y              0.00    0.00   -0.00 (VIOLATED)
i_croc_soc/i_croc/_4880_/Y              0.00    0.00   -0.00 (VIOLATED)
i_croc_soc/i_croc/_4881_/Y              0.00    0.00   -0.00 (VIOLATED)
i_croc_soc/i_croc/_4882_/Y              0.00    0.00   -0.00 (VIOLATED)
i_croc_soc/i_croc/_4883_/Y              0.00    0.00   -0.00 (VIOLATED)
i_croc_soc/i_croc/_4884_/Y              0.00    0.00   -0.00 (VIOLATED)
i_croc_soc/i_croc/_4886_/Y              0.00    0.00   -0.00 (VIOLATED)
i_croc_soc/i_croc/_4887_/Y              0.00    0.00   -0.00 (VIOLATED)
i_croc_soc/i_croc/_4888_/Y              0.00    0.00   -0.00 (VIOLATED)
i_croc_soc/i_croc/_4889_/Y              0.00    0.00   -0.00 (VIOLATED)
i_croc_soc/i_croc/_4890_/Y              0.00    0.00   -0.00 (VIOLATED)
i_croc_soc/i_croc/_4891_/Y              0.00    0.00   -0.00 (VIOLATED)
i_croc_soc/i_croc/_4892_/Y              0.00    0.00   -0.00 (VIOLATED)
i_croc_soc/i_croc/_4893_/Y              0.00    0.00   -0.00 (VIOLATED)
i_croc_soc/i_croc/_4894_/Y              0.00    0.00   -0.00 (VIOLATED)
i_croc_soc/i_croc/_4902_/Y              0.00    0.00   -0.00 (VIOLATED)
i_croc_soc/i_croc/_4910_/Y              0.00    0.00   -0.00 (VIOLATED)
i_croc_soc/i_croc/_4911_/Y              0.00    0.00   -0.00 (VIOLATED)
i_croc_soc/i_croc/_4912_/Y              0.00    0.00   -0.00 (VIOLATED)
i_croc_soc/i_croc/_4930_/Y              0.00    0.00   -0.00 (VIOLATED)
i_croc_soc/i_croc/_4932_/Y              0.00    0.00   -0.00 (VIOLATED)
i_croc_soc/i_croc/_4933_/Y              0.00    0.00   -0.00 (VIOLATED)
i_croc_soc/i_croc/_4934_/Y              0.00    0.00   -0.00 (VIOLATED)
i_croc_soc/i_croc/_4935_/Y              0.00    0.00   -0.00 (VIOLATED)
i_croc_soc/i_croc/_4936_/Y              0.00    0.00   -0.00 (VIOLATED)
i_croc_soc/i_croc/_4937_/Y              0.00    0.00   -0.00 (VIOLATED)
i_croc_soc/i_croc/_4938_/Y              0.00    0.00   -0.00 (VIOLATED)
i_croc_soc/i_croc/_4939_/Y              0.00    0.00   -0.00 (VIOLATED)
i_croc_soc/i_croc/_4940_/Y              0.00    0.00   -0.00 (VIOLATED)
i_croc_soc/i_croc/_4941_/Y              0.00    0.00   -0.00 (VIOLATED)
i_croc_soc/i_croc/_4943_/Y              0.00    0.00   -0.00 (VIOLATED)
i_croc_soc/i_croc/_4944_/Y              0.00    0.00   -0.00 (VIOLATED)
i_croc_soc/i_croc/_4945_/Y              0.00    0.00   -0.00 (VIOLATED)
i_croc_soc/i_croc/_4946_/Y              0.00    0.00   -0.00 (VIOLATED)
i_croc_soc/i_croc/_4947_/Y              0.00    0.00   -0.00 (VIOLATED)
i_croc_soc/i_croc/_4948_/Y              0.00    0.00   -0.00 (VIOLATED)
i_croc_soc/i_croc/_4949_/Y              0.00    0.00   -0.00 (VIOLATED)
i_croc_soc/i_croc/_4950_/Y              0.00    0.00   -0.00 (VIOLATED)
i_croc_soc/i_croc/_4951_/Y              0.00    0.00   -0.00 (VIOLATED)
i_croc_soc/i_croc/_4952_/Y              0.00    0.00   -0.00 (VIOLATED)
i_croc_soc/i_croc/_4954_/Y              0.00    0.00   -0.00 (VIOLATED)
i_croc_soc/i_croc/_4955_/Y              0.00    0.00   -0.00 (VIOLATED)
i_croc_soc/i_croc/_4956_/Y              0.00    0.00   -0.00 (VIOLATED)
i_croc_soc/i_croc/_4957_/Y              0.00    0.00   -0.00 (VIOLATED)
i_croc_soc/i_croc/_4958_/Y              0.00    0.00   -0.00 (VIOLATED)
i_croc_soc/i_croc/_4959_/Y              0.00    0.00   -0.00 (VIOLATED)
i_croc_soc/i_croc/_4960_/Y              0.00    0.00   -0.00 (VIOLATED)
i_croc_soc/i_croc/_4961_/Y              0.00    0.00   -0.00 (VIOLATED)
i_croc_soc/i_croc/_4962_/Y              0.00    0.00   -0.00 (VIOLATED)
i_croc_soc/i_croc/_4967_/Y              0.00    0.00   -0.00 (VIOLATED)
i_croc_soc/i_croc/_4968_/Y              0.00    0.00   -0.00 (VIOLATED)
i_croc_soc/i_croc/_4969_/Y              0.00    0.00   -0.00 (VIOLATED)
i_croc_soc/i_croc/_4970_/Y              0.00    0.00   -0.00 (VIOLATED)
i_croc_soc/i_croc/_4971_/Y              0.00    0.00   -0.00 (VIOLATED)
i_croc_soc/i_croc/_4972_/Y              0.00    0.00   -0.00 (VIOLATED)
i_croc_soc/i_croc/_4973_/Y              0.00    0.00   -0.00 (VIOLATED)
i_croc_soc/i_croc/_4974_/Y              0.00    0.00   -0.00 (VIOLATED)
i_croc_soc/i_croc/_4976_/Y              0.00    0.00   -0.00 (VIOLATED)
i_croc_soc/i_croc/_4977_/Y              0.00    0.00   -0.00 (VIOLATED)
i_croc_soc/i_croc/_4978_/Y              0.00    0.00   -0.00 (VIOLATED)
i_croc_soc/i_croc/_4979_/Y              0.00    0.00   -0.00 (VIOLATED)
i_croc_soc/i_croc/_4980_/Y              0.00    0.00   -0.00 (VIOLATED)
i_croc_soc/i_croc/_4981_/Y              0.00    0.00   -0.00 (VIOLATED)
i_croc_soc/i_croc/_4982_/Y              0.00    0.00   -0.00 (VIOLATED)
i_croc_soc/i_croc/_4983_/Y              0.00    0.00   -0.00 (VIOLATED)
i_croc_soc/i_croc/_4984_/Y              0.00    0.00   -0.00 (VIOLATED)
i_croc_soc/i_croc/_4985_/Y              0.00    0.00   -0.00 (VIOLATED)
i_croc_soc/i_croc/_4986_/Y              0.00    0.00   -0.00 (VIOLATED)
i_croc_soc/i_croc/_4987_/Y              0.00    0.00   -0.00 (VIOLATED)
i_croc_soc/i_croc/_4988_/Y              0.00    0.00   -0.00 (VIOLATED)
i_croc_soc/i_croc/_4989_/Y              0.00    0.00   -0.00 (VIOLATED)
i_croc_soc/i_croc/_4990_/Y              0.00    0.00   -0.00 (VIOLATED)
i_croc_soc/i_croc/_5009_/Y              0.00    0.00   -0.00 (VIOLATED)
i_croc_soc/i_croc/_5010_/Y              0.00    0.00   -0.00 (VIOLATED)
i_croc_soc/i_croc/_5059_/Y              0.00    0.00   -0.00 (VIOLATED)
i_croc_soc/i_croc/_5061_/Y              0.00    0.00   -0.00 (VIOLATED)
i_croc_soc/i_croc/_5073_/Y              0.00    0.00   -0.00 (VIOLATED)
i_croc_soc/i_croc/_5074_/Y              0.00    0.00   -0.00 (VIOLATED)
i_croc_soc/i_croc/_5075_/Y              0.00    0.00   -0.00 (VIOLATED)
i_croc_soc/i_croc/_5076_/Y              0.00    0.00   -0.00 (VIOLATED)
i_croc_soc/i_croc/_5077_/Y              0.00    0.00   -0.00 (VIOLATED)
i_croc_soc/i_croc/_5078_/Y              0.00    0.00   -0.00 (VIOLATED)
i_croc_soc/i_croc/_5079_/Y              0.00    0.00   -0.00 (VIOLATED)
i_croc_soc/i_croc/_5080_/Y              0.00    0.00   -0.00 (VIOLATED)
i_croc_soc/i_croc/_5081_/Y              0.00    0.00   -0.00 (VIOLATED)
i_croc_soc/i_croc/_5082_/Y              0.00    0.00   -0.00 (VIOLATED)
i_croc_soc/i_croc/_5083_/Y              0.00    0.00   -0.00 (VIOLATED)
i_croc_soc/i_croc/_5084_/Y              0.00    0.00   -0.00 (VIOLATED)
i_croc_soc/i_croc/_5085_/Y              0.00    0.00   -0.00 (VIOLATED)
i_croc_soc/i_croc/_5086_/Y              0.00    0.00   -0.00 (VIOLATED)
i_croc_soc/i_croc/_5087_/Y              0.00    0.00   -0.00 (VIOLATED)
i_croc_soc/i_croc/_5088_/Y              0.00    0.00   -0.00 (VIOLATED)
i_croc_soc/i_croc/_5130_/Y              0.00    0.00   -0.00 (VIOLATED)
i_croc_soc/i_croc/_5131_/Y              0.00    0.00   -0.00 (VIOLATED)
i_croc_soc/i_croc/_5132_/Y              0.00    0.00   -0.00 (VIOLATED)
i_croc_soc/i_croc/_5133_/Y              0.00    0.00   -0.00 (VIOLATED)
i_croc_soc/i_croc/_5142_/Y              0.00    0.00   -0.00 (VIOLATED)
i_croc_soc/i_croc/_5143_/Y              0.00    0.00   -0.00 (VIOLATED)
i_croc_soc/i_croc/_5144_/Y              0.00    0.00   -0.00 (VIOLATED)
i_croc_soc/i_croc/_5145_/Y              0.00    0.00   -0.00 (VIOLATED)
i_croc_soc/i_croc/_5146_/Y              0.00    0.00   -0.00 (VIOLATED)
i_croc_soc/i_croc/_5148_/Y              0.00    0.00   -0.00 (VIOLATED)
i_croc_soc/i_croc/_5149_/Y              0.00    0.00   -0.00 (VIOLATED)
i_croc_soc/i_croc/_5150_/Y              0.00    0.00   -0.00 (VIOLATED)
i_croc_soc/i_croc/_5151_/Y              0.00    0.00   -0.00 (VIOLATED)
i_croc_soc/i_croc/_5152_/Y              0.00    0.00   -0.00 (VIOLATED)
i_croc_soc/i_croc/_5153_/Y              0.00    0.00   -0.00 (VIOLATED)
i_croc_soc/i_croc/_5154_/Y              0.00    0.00   -0.00 (VIOLATED)
i_croc_soc/i_croc/_5155_/Y              0.00    0.00   -0.00 (VIOLATED)
i_croc_soc/i_croc/_5156_/Y              0.00    0.00   -0.00 (VIOLATED)
i_croc_soc/i_croc/_5157_/Y              0.00    0.00   -0.00 (VIOLATED)
i_croc_soc/i_croc/_5158_/Y              0.00    0.00   -0.00 (VIOLATED)
i_croc_soc/i_croc/_5159_/Y              0.00    0.00   -0.00 (VIOLATED)
i_croc_soc/i_croc/_5160_/Y              0.00    0.00   -0.00 (VIOLATED)
i_croc_soc/i_croc/_5161_/Y              0.00    0.00   -0.00 (VIOLATED)
i_croc_soc/i_croc/_5162_/Y              0.00    0.00   -0.00 (VIOLATED)
i_croc_soc/i_croc/_5163_/Y              0.00    0.00   -0.00 (VIOLATED)
i_croc_soc/i_croc/_5164_/Y              0.00    0.00   -0.00 (VIOLATED)
i_croc_soc/i_croc/_6818_/X              0.00    0.00   -0.00 (VIOLATED)
i_croc_soc/i_croc/_7179_/Y              0.00    0.00   -0.00 (VIOLATED)
i_croc_soc/i_croc/_7190_/Y              0.00    0.00   -0.00 (VIOLATED)
i_croc_soc/i_croc/_7196_/Y              0.00    0.00   -0.00 (VIOLATED)
i_croc_soc/i_croc/_7202_/Y              0.00    0.00   -0.00 (VIOLATED)
i_croc_soc/i_croc/_7206_/Y              0.00    0.00   -0.00 (VIOLATED)
i_croc_soc/i_croc/_7210_/Y              0.00    0.00   -0.00 (VIOLATED)
i_croc_soc/i_croc/_7216_/Y              0.00    0.00   -0.00 (VIOLATED)
i_croc_soc/i_croc/_7221_/Y              0.00    0.00   -0.00 (VIOLATED)
i_croc_soc/i_croc/_7225_/Y              0.00    0.00   -0.00 (VIOLATED)
i_croc_soc/i_croc/_7230_/Y              0.00    0.00   -0.00 (VIOLATED)
i_croc_soc/i_croc/_7234_/Y              0.00    0.00   -0.00 (VIOLATED)
i_croc_soc/i_croc/_7239_/Y              0.00    0.00   -0.00 (VIOLATED)
i_croc_soc/i_croc/_7245_/Y              0.00    0.00   -0.00 (VIOLATED)
i_croc_soc/i_croc/_7249_/Y              0.00    0.00   -0.00 (VIOLATED)
i_croc_soc/i_croc/_7254_/Y              0.00    0.00   -0.00 (VIOLATED)
i_croc_soc/i_croc/_7258_/Y              0.00    0.00   -0.00 (VIOLATED)
i_croc_soc/i_croc/_7263_/Y              0.00    0.00   -0.00 (VIOLATED)
i_croc_soc/i_croc/_7268_/Y              0.00    0.00   -0.00 (VIOLATED)
i_croc_soc/i_croc/_7273_/Y              0.00    0.00   -0.00 (VIOLATED)
i_croc_soc/i_croc/_7278_/Y              0.00    0.00   -0.00 (VIOLATED)
i_croc_soc/i_croc/_7282_/Y              0.00    0.00   -0.00 (VIOLATED)
i_croc_soc/i_croc/_7286_/Y              0.00    0.00   -0.00 (VIOLATED)
i_croc_soc/i_croc/_7290_/Y              0.00    0.00   -0.00 (VIOLATED)
i_croc_soc/i_croc/_7294_/Y              0.00    0.00   -0.00 (VIOLATED)
i_croc_soc/i_croc/_7298_/Y              0.00    0.00   -0.00 (VIOLATED)
i_croc_soc/i_croc/_7303_/Y              0.00    0.00   -0.00 (VIOLATED)
i_croc_soc/i_croc/_7312_/Y              0.00    0.00   -0.00 (VIOLATED)
i_croc_soc/i_croc/_7317_/Y              0.00    0.00   -0.00 (VIOLATED)
i_croc_soc/i_croc/_7325_/Y              0.00    0.00   -0.00 (VIOLATED)
i_croc_soc/i_croc/_7330_/Y              0.00    0.00   -0.00 (VIOLATED)
i_croc_soc/i_croc/_7334_/Y              0.00    0.00   -0.00 (VIOLATED)
i_croc_soc/i_croc/_7339_/Y              0.00    0.00   -0.00 (VIOLATED)
i_croc_soc/i_croc/_7343_/Y              0.00    0.00   -0.00 (VIOLATED)
i_croc_soc/i_croc/_7347_/Y              0.00    0.00   -0.00 (VIOLATED)
i_croc_soc/i_croc/_7572_/Y              0.00    0.00   -0.00 (VIOLATED)
i_croc_soc/i_croc/_7577_/Y              0.00    0.00   -0.00 (VIOLATED)
i_croc_soc/i_croc/_7582_/Y              0.00    0.00   -0.00 (VIOLATED)
i_croc_soc/i_croc/_7587_/Y              0.00    0.00   -0.00 (VIOLATED)
i_croc_soc/i_croc/_7591_/Y              0.00    0.00   -0.00 (VIOLATED)
i_croc_soc/i_croc/all_periph_obi_rsp_100__reg/Q_N    0.00    0.00   -0.00 (VIOLATED)
i_croc_soc/i_croc/all_periph_obi_rsp_101__reg/Q_N    0.00    0.00   -0.00 (VIOLATED)
i_croc_soc/i_croc/all_periph_obi_rsp_102__reg/Q_N    0.00    0.00   -0.00 (VIOLATED)
i_croc_soc/i_croc/all_periph_obi_rsp_103__reg/Q_N    0.00    0.00   -0.00 (VIOLATED)
i_croc_soc/i_croc/all_periph_obi_rsp_104__reg/Q_N    0.00    0.00   -0.00 (VIOLATED)
i_croc_soc/i_croc/all_periph_obi_rsp_105__reg/Q_N    0.00    0.00   -0.00 (VIOLATED)
i_croc_soc/i_croc/all_periph_obi_rsp_106__reg/Q_N    0.00    0.00   -0.00 (VIOLATED)
i_croc_soc/i_croc/all_periph_obi_rsp_107__reg/Q_N    0.00    0.00   -0.00 (VIOLATED)
i_croc_soc/i_croc/all_periph_obi_rsp_108__reg/Q_N    0.00    0.00   -0.00 (VIOLATED)
i_croc_soc/i_croc/all_periph_obi_rsp_109__reg/Q_N    0.00    0.00   -0.00 (VIOLATED)
i_croc_soc/i_croc/all_periph_obi_rsp_110__reg/Q_N    0.00    0.00   -0.00 (VIOLATED)
i_croc_soc/i_croc/all_periph_obi_rsp_111__reg/Q_N    0.00    0.00   -0.00 (VIOLATED)
i_croc_soc/i_croc/all_periph_obi_rsp_112__reg/Q_N    0.00    0.00   -0.00 (VIOLATED)
i_croc_soc/i_croc/all_periph_obi_rsp_113__reg/Q_N    0.00    0.00   -0.00 (VIOLATED)
i_croc_soc/i_croc/all_periph_obi_rsp_114__reg/Q_N    0.00    0.00   -0.00 (VIOLATED)
i_croc_soc/i_croc/all_periph_obi_rsp_115__reg/Q_N    0.00    0.00   -0.00 (VIOLATED)
i_croc_soc/i_croc/all_periph_obi_rsp_116__reg/Q_N    0.00    0.00   -0.00 (VIOLATED)
i_croc_soc/i_croc/all_periph_obi_rsp_121__reg/Q_N    0.00    0.00   -0.00 (VIOLATED)
i_croc_soc/i_croc/all_periph_obi_rsp_124__reg/Q_N    0.00    0.00   -0.00 (VIOLATED)
i_croc_soc/i_croc/all_periph_obi_rsp_125__reg/Q_N    0.00    0.00   -0.00 (VIOLATED)
i_croc_soc/i_croc/all_periph_obi_rsp_126__reg/Q_N    0.00    0.00   -0.00 (VIOLATED)
i_croc_soc/i_croc/all_periph_obi_rsp_127__reg/Q_N    0.00    0.00   -0.00 (VIOLATED)
i_croc_soc/i_croc/all_periph_obi_rsp_128__reg/Q_N    0.00    0.00   -0.00 (VIOLATED)
i_croc_soc/i_croc/all_periph_obi_rsp_129__reg/Q_N    0.00    0.00   -0.00 (VIOLATED)
i_croc_soc/i_croc/all_periph_obi_rsp_130__reg/Q_N    0.00    0.00   -0.00 (VIOLATED)
i_croc_soc/i_croc/all_periph_obi_rsp_131__reg/Q_N    0.00    0.00   -0.00 (VIOLATED)
i_croc_soc/i_croc/all_periph_obi_rsp_132__reg/Q_N    0.00    0.00   -0.00 (VIOLATED)
i_croc_soc/i_croc/all_periph_obi_rsp_133__reg/Q_N    0.00    0.00   -0.00 (VIOLATED)
i_croc_soc/i_croc/all_periph_obi_rsp_134__reg/Q_N    0.00    0.00   -0.00 (VIOLATED)
i_croc_soc/i_croc/all_periph_obi_rsp_135__reg/Q_N    0.00    0.00   -0.00 (VIOLATED)
i_croc_soc/i_croc/all_periph_obi_rsp_136__reg/Q_N    0.00    0.00   -0.00 (VIOLATED)
i_croc_soc/i_croc/all_periph_obi_rsp_137__reg/Q_N    0.00    0.00   -0.00 (VIOLATED)
i_croc_soc/i_croc/all_periph_obi_rsp_138__reg/Q_N    0.00    0.00   -0.00 (VIOLATED)
i_croc_soc/i_croc/all_periph_obi_rsp_139__reg/Q_N    0.00    0.00   -0.00 (VIOLATED)
i_croc_soc/i_croc/all_periph_obi_rsp_140__reg/Q_N    0.00    0.00   -0.00 (VIOLATED)
i_croc_soc/i_croc/all_periph_obi_rsp_141__reg/Q_N    0.00    0.00   -0.00 (VIOLATED)
i_croc_soc/i_croc/all_periph_obi_rsp_142__reg/Q_N    0.00    0.00   -0.00 (VIOLATED)
i_croc_soc/i_croc/all_periph_obi_rsp_143__reg/Q_N    0.00    0.00   -0.00 (VIOLATED)
i_croc_soc/i_croc/all_periph_obi_rsp_144__reg/Q_N    0.00    0.00   -0.00 (VIOLATED)
i_croc_soc/i_croc/all_periph_obi_rsp_145__reg/Q_N    0.00    0.00   -0.00 (VIOLATED)
i_croc_soc/i_croc/all_periph_obi_rsp_146__reg/Q_N    0.00    0.00   -0.00 (VIOLATED)
i_croc_soc/i_croc/all_periph_obi_rsp_147__reg/Q_N    0.00    0.00   -0.00 (VIOLATED)
i_croc_soc/i_croc/all_periph_obi_rsp_148__reg/Q_N    0.00    0.00   -0.00 (VIOLATED)
i_croc_soc/i_croc/all_periph_obi_rsp_149__reg/Q_N    0.00    0.00   -0.00 (VIOLATED)
i_croc_soc/i_croc/all_periph_obi_rsp_150__reg/Q_N    0.00    0.00   -0.00 (VIOLATED)
i_croc_soc/i_croc/all_periph_obi_rsp_151__reg/Q_N    0.00    0.00   -0.00 (VIOLATED)
i_croc_soc/i_croc/all_periph_obi_rsp_152__reg/Q_N    0.00    0.00   -0.00 (VIOLATED)
i_croc_soc/i_croc/all_periph_obi_rsp_153__reg/Q_N    0.00    0.00   -0.00 (VIOLATED)
i_croc_soc/i_croc/all_periph_obi_rsp_154__reg/Q_N    0.00    0.00   -0.00 (VIOLATED)
i_croc_soc/i_croc/all_periph_obi_rsp_155__reg/Q_N    0.00    0.00   -0.00 (VIOLATED)
i_croc_soc/i_croc/all_periph_obi_rsp_43__reg/Q_N    0.00    0.00   -0.00 (VIOLATED)
i_croc_soc/i_croc/all_periph_obi_rsp_4__reg/Q_N    0.00    0.00   -0.00 (VIOLATED)
i_croc_soc/i_croc/all_periph_obi_rsp_82__reg/Q_N    0.00    0.00   -0.00 (VIOLATED)
i_croc_soc/i_croc/all_periph_obi_rsp_85__reg/Q_N    0.00    0.00   -0.00 (VIOLATED)
i_croc_soc/i_croc/all_periph_obi_rsp_86__reg/Q_N    0.00    0.00   -0.00 (VIOLATED)
i_croc_soc/i_croc/all_periph_obi_rsp_87__reg/Q_N    0.00    0.00   -0.00 (VIOLATED)
i_croc_soc/i_croc/all_periph_obi_rsp_88__reg/Q_N    0.00    0.00   -0.00 (VIOLATED)
i_croc_soc/i_croc/all_periph_obi_rsp_89__reg/Q_N    0.00    0.00   -0.00 (VIOLATED)
i_croc_soc/i_croc/all_periph_obi_rsp_90__reg/Q_N    0.00    0.00   -0.00 (VIOLATED)
i_croc_soc/i_croc/all_periph_obi_rsp_91__reg/Q_N    0.00    0.00   -0.00 (VIOLATED)
i_croc_soc/i_croc/all_periph_obi_rsp_92__reg/Q_N    0.00    0.00   -0.00 (VIOLATED)
i_croc_soc/i_croc/all_periph_obi_rsp_93__reg/Q_N    0.00    0.00   -0.00 (VIOLATED)
i_croc_soc/i_croc/all_periph_obi_rsp_94__reg/Q_N    0.00    0.00   -0.00 (VIOLATED)
i_croc_soc/i_croc/all_periph_obi_rsp_95__reg/Q_N    0.00    0.00   -0.00 (VIOLATED)
i_croc_soc/i_croc/all_periph_obi_rsp_96__reg/Q_N    0.00    0.00   -0.00 (VIOLATED)
i_croc_soc/i_croc/all_periph_obi_rsp_97__reg/Q_N    0.00    0.00   -0.00 (VIOLATED)
i_croc_soc/i_croc/all_periph_obi_rsp_98__reg/Q_N    0.00    0.00   -0.00 (VIOLATED)
i_croc_soc/i_croc/all_periph_obi_rsp_99__reg/Q_N    0.00    0.00   -0.00 (VIOLATED)
i_croc_soc/i_croc/all_sbr_obi_rsp_121__reg/Q_N    0.00    0.00   -0.00 (VIOLATED)
i_croc_soc/i_croc/all_sbr_obi_rsp_4__reg/Q_N    0.00    0.00   -0.00 (VIOLATED)
i_croc_soc/i_croc/all_sbr_obi_rsp_82__reg/Q_N    0.00    0.00   -0.00 (VIOLATED)
i_croc_soc/i_croc/gen_sram_bank[0].i_sram/gen_512x32xBx1.sel_q_reg/Q_N    0.00    0.00   -0.00 (VIOLATED)
i_croc_soc/i_croc/gen_sram_bank[0].i_sram_shim.rvalid_q_reg/Q_N    0.00    0.00   -0.00 (VIOLATED)
i_croc_soc/i_croc/gen_sram_bank[1].i_sram/gen_512x32xBx1.sel_q_reg/Q_N    0.00    0.00   -0.00 (VIOLATED)
i_croc_soc/i_croc/gen_sram_bank[1].i_sram_shim.rvalid_q_reg/Q_N    0.00    0.00   -0.00 (VIOLATED)
i_croc_soc/i_croc/i_core_wrap/_7996_/Y    0.00    0.00   -0.00 (VIOLATED)
i_croc_soc/i_croc/i_core_wrap/_8015_/Y    0.00    0.00   -0.00 (VIOLATED)
i_croc_soc/i_croc/i_core_wrap/_8587_/Y    0.00    0.00   -0.00 (VIOLATED)
i_croc_soc/i_croc/i_core_wrap/_8588_/Y    0.00    0.00   -0.00 (VIOLATED)
i_croc_soc/i_croc/i_core_wrap/_8630_/X    0.00    0.00   -0.00 (VIOLATED)
i_croc_soc/i_croc/i_core_wrap/_8631_/X    0.00    0.00   -0.00 (VIOLATED)
i_croc_soc/i_croc/i_core_wrap/i_ibex.crash_dump_o_100__reg/Q_N    0.00    0.00   -0.00 (VIOLATED)
i_croc_soc/i_croc/i_core_wrap/i_ibex.crash_dump_o_101__reg/Q_N    0.00    0.00   -0.00 (VIOLATED)
i_croc_soc/i_croc/i_core_wrap/i_ibex.crash_dump_o_102__reg/Q_N    0.00    0.00   -0.00 (VIOLATED)
i_croc_soc/i_croc/i_core_wrap/i_ibex.crash_dump_o_103__reg/Q_N    0.00    0.00   -0.00 (VIOLATED)
i_croc_soc/i_croc/i_core_wrap/i_ibex.crash_dump_o_104__reg/Q_N    0.00    0.00   -0.00 (VIOLATED)
i_croc_soc/i_croc/i_core_wrap/i_ibex.crash_dump_o_105__reg/Q_N    0.00    0.00   -0.00 (VIOLATED)
i_croc_soc/i_croc/i_core_wrap/i_ibex.crash_dump_o_106__reg/Q_N    0.00    0.00   -0.00 (VIOLATED)
i_croc_soc/i_croc/i_core_wrap/i_ibex.crash_dump_o_107__reg/Q_N    0.00    0.00   -0.00 (VIOLATED)
i_croc_soc/i_croc/i_core_wrap/i_ibex.crash_dump_o_108__reg/Q_N    0.00    0.00   -0.00 (VIOLATED)
i_croc_soc/i_croc/i_core_wrap/i_ibex.crash_dump_o_109__reg/Q_N    0.00    0.00   -0.00 (VIOLATED)
i_croc_soc/i_croc/i_core_wrap/i_ibex.crash_dump_o_110__reg/Q_N    0.00    0.00   -0.00 (VIOLATED)
i_croc_soc/i_croc/i_core_wrap/i_ibex.crash_dump_o_111__reg/Q_N    0.00    0.00   -0.00 (VIOLATED)
i_croc_soc/i_croc/i_core_wrap/i_ibex.crash_dump_o_112__reg/Q_N    0.00    0.00   -0.00 (VIOLATED)
i_croc_soc/i_croc/i_core_wrap/i_ibex.crash_dump_o_113__reg/Q_N    0.00    0.00   -0.00 (VIOLATED)
i_croc_soc/i_croc/i_core_wrap/i_ibex.crash_dump_o_114__reg/Q_N    0.00    0.00   -0.00 (VIOLATED)
i_croc_soc/i_croc/i_core_wrap/i_ibex.crash_dump_o_115__reg/Q_N    0.00    0.00   -0.00 (VIOLATED)
i_croc_soc/i_croc/i_core_wrap/i_ibex.crash_dump_o_116__reg/Q_N    0.00    0.00   -0.00 (VIOLATED)
i_croc_soc/i_croc/i_core_wrap/i_ibex.crash_dump_o_117__reg/Q_N    0.00    0.00   -0.00 (VIOLATED)
i_croc_soc/i_croc/i_core_wrap/i_ibex.crash_dump_o_118__reg/Q_N    0.00    0.00   -0.00 (VIOLATED)
i_croc_soc/i_croc/i_core_wrap/i_ibex.crash_dump_o_119__reg/Q_N    0.00    0.00   -0.00 (VIOLATED)
i_croc_soc/i_croc/i_core_wrap/i_ibex.crash_dump_o_120__reg/Q_N    0.00    0.00   -0.00 (VIOLATED)
i_croc_soc/i_croc/i_core_wrap/i_ibex.crash_dump_o_121__reg/Q_N    0.00    0.00   -0.00 (VIOLATED)
i_croc_soc/i_croc/i_core_wrap/i_ibex.crash_dump_o_122__reg/Q_N    0.00    0.00   -0.00 (VIOLATED)
i_croc_soc/i_croc/i_core_wrap/i_ibex.crash_dump_o_123__reg/Q_N    0.00    0.00   -0.00 (VIOLATED)
i_croc_soc/i_croc/i_core_wrap/i_ibex.crash_dump_o_124__reg/Q_N    0.00    0.00   -0.00 (VIOLATED)
i_croc_soc/i_croc/i_core_wrap/i_ibex.crash_dump_o_125__reg/Q_N    0.00    0.00   -0.00 (VIOLATED)
i_croc_soc/i_croc/i_core_wrap/i_ibex.crash_dump_o_126__reg/Q_N    0.00    0.00   -0.00 (VIOLATED)
i_croc_soc/i_croc/i_core_wrap/i_ibex.crash_dump_o_127__reg/Q_N    0.00    0.00   -0.00 (VIOLATED)
i_croc_soc/i_croc/i_core_wrap/i_ibex.crash_dump_o_32__reg/Q_N    0.00    0.00   -0.00 (VIOLATED)
i_croc_soc/i_croc/i_core_wrap/i_ibex.crash_dump_o_33__reg/Q_N    0.00    0.00   -0.00 (VIOLATED)
i_croc_soc/i_croc/i_core_wrap/i_ibex.crash_dump_o_34__reg/Q_N    0.00    0.00   -0.00 (VIOLATED)
i_croc_soc/i_croc/i_core_wrap/i_ibex.crash_dump_o_35__reg/Q_N    0.00    0.00   -0.00 (VIOLATED)
i_croc_soc/i_croc/i_core_wrap/i_ibex.crash_dump_o_36__reg/Q_N    0.00    0.00   -0.00 (VIOLATED)
i_croc_soc/i_croc/i_core_wrap/i_ibex.crash_dump_o_37__reg/Q_N    0.00    0.00   -0.00 (VIOLATED)
i_croc_soc/i_croc/i_core_wrap/i_ibex.crash_dump_o_38__reg/Q_N    0.00    0.00   -0.00 (VIOLATED)
i_croc_soc/i_croc/i_core_wrap/i_ibex.crash_dump_o_39__reg/Q_N    0.00    0.00   -0.00 (VIOLATED)
i_croc_soc/i_croc/i_core_wrap/i_ibex.crash_dump_o_40__reg/Q_N    0.00    0.00   -0.00 (VIOLATED)
i_croc_soc/i_croc/i_core_wrap/i_ibex.crash_dump_o_41__reg/Q_N    0.00    0.00   -0.00 (VIOLATED)
i_croc_soc/i_croc/i_core_wrap/i_ibex.crash_dump_o_42__reg/Q_N    0.00    0.00   -0.00 (VIOLATED)
i_croc_soc/i_croc/i_core_wrap/i_ibex.crash_dump_o_43__reg/Q_N    0.00    0.00   -0.00 (VIOLATED)
i_croc_soc/i_croc/i_core_wrap/i_ibex.crash_dump_o_44__reg/Q_N    0.00    0.00   -0.00 (VIOLATED)
i_croc_soc/i_croc/i_core_wrap/i_ibex.crash_dump_o_45__reg/Q_N    0.00    0.00   -0.00 (VIOLATED)
i_croc_soc/i_croc/i_core_wrap/i_ibex.crash_dump_o_46__reg/Q_N    0.00    0.00   -0.00 (VIOLATED)
i_croc_soc/i_croc/i_core_wrap/i_ibex.crash_dump_o_47__reg/Q_N    0.00    0.00   -0.00 (VIOLATED)
i_croc_soc/i_croc/i_core_wrap/i_ibex.crash_dump_o_48__reg/Q_N    0.00    0.00   -0.00 (VIOLATED)
i_croc_soc/i_croc/i_core_wrap/i_ibex.crash_dump_o_49__reg/Q_N    0.00    0.00   -0.00 (VIOLATED)
i_croc_soc/i_croc/i_core_wrap/i_ibex.crash_dump_o_50__reg/Q_N    0.00    0.00   -0.00 (VIOLATED)
i_croc_soc/i_croc/i_core_wrap/i_ibex.crash_dump_o_51__reg/Q_N    0.00    0.00   -0.00 (VIOLATED)
i_croc_soc/i_croc/i_core_wrap/i_ibex.crash_dump_o_52__reg/Q_N    0.00    0.00   -0.00 (VIOLATED)
i_croc_soc/i_croc/i_core_wrap/i_ibex.crash_dump_o_53__reg/Q_N    0.00    0.00   -0.00 (VIOLATED)
i_croc_soc/i_croc/i_core_wrap/i_ibex.crash_dump_o_54__reg/Q_N    0.00    0.00   -0.00 (VIOLATED)
i_croc_soc/i_croc/i_core_wrap/i_ibex.crash_dump_o_55__reg/Q_N    0.00    0.00   -0.00 (VIOLATED)
i_croc_soc/i_croc/i_core_wrap/i_ibex.crash_dump_o_56__reg/Q_N    0.00    0.00   -0.00 (VIOLATED)
i_croc_soc/i_croc/i_core_wrap/i_ibex.crash_dump_o_57__reg/Q_N    0.00    0.00   -0.00 (VIOLATED)
i_croc_soc/i_croc/i_core_wrap/i_ibex.crash_dump_o_58__reg/Q_N    0.00    0.00   -0.00 (VIOLATED)
i_croc_soc/i_croc/i_core_wrap/i_ibex.crash_dump_o_59__reg/Q_N    0.00    0.00   -0.00 (VIOLATED)
i_croc_soc/i_croc/i_core_wrap/i_ibex.crash_dump_o_60__reg/Q_N    0.00    0.00   -0.00 (VIOLATED)
i_croc_soc/i_croc/i_core_wrap/i_ibex.crash_dump_o_61__reg/Q_N    0.00    0.00   -0.00 (VIOLATED)
i_croc_soc/i_croc/i_core_wrap/i_ibex.crash_dump_o_62__reg/Q_N    0.00    0.00   -0.00 (VIOLATED)
i_croc_soc/i_croc/i_core_wrap/i_ibex.crash_dump_o_63__reg/Q_N    0.00    0.00   -0.00 (VIOLATED)
i_croc_soc/i_croc/i_core_wrap/i_ibex.crash_dump_o_65__reg/Q_N    0.00    0.00   -0.00 (VIOLATED)
i_croc_soc/i_croc/i_core_wrap/i_ibex.crash_dump_o_66__reg/Q_N    0.00    0.00   -0.00 (VIOLATED)
i_croc_soc/i_croc/i_core_wrap/i_ibex.crash_dump_o_67__reg/Q_N    0.00    0.00   -0.00 (VIOLATED)
i_croc_soc/i_croc/i_core_wrap/i_ibex.crash_dump_o_68__reg/Q_N    0.00    0.00   -0.00 (VIOLATED)
i_croc_soc/i_croc/i_core_wrap/i_ibex.crash_dump_o_69__reg/Q_N    0.00    0.00   -0.00 (VIOLATED)
i_croc_soc/i_croc/i_core_wrap/i_ibex.crash_dump_o_70__reg/Q_N    0.00    0.00   -0.00 (VIOLATED)
i_croc_soc/i_croc/i_core_wrap/i_ibex.crash_dump_o_71__reg/Q_N    0.00    0.00   -0.00 (VIOLATED)
i_croc_soc/i_croc/i_core_wrap/i_ibex.crash_dump_o_72__reg/Q_N    0.00    0.00   -0.00 (VIOLATED)
i_croc_soc/i_croc/i_core_wrap/i_ibex.crash_dump_o_73__reg/Q_N    0.00    0.00   -0.00 (VIOLATED)
i_croc_soc/i_croc/i_core_wrap/i_ibex.crash_dump_o_74__reg/Q_N    0.00    0.00   -0.00 (VIOLATED)
i_croc_soc/i_croc/i_core_wrap/i_ibex.crash_dump_o_75__reg/Q_N    0.00    0.00   -0.00 (VIOLATED)
i_croc_soc/i_croc/i_core_wrap/i_ibex.crash_dump_o_76__reg/Q_N    0.00    0.00   -0.00 (VIOLATED)
i_croc_soc/i_croc/i_core_wrap/i_ibex.crash_dump_o_77__reg/Q_N    0.00    0.00   -0.00 (VIOLATED)
i_croc_soc/i_croc/i_core_wrap/i_ibex.crash_dump_o_78__reg/Q_N    0.00    0.00   -0.00 (VIOLATED)
i_croc_soc/i_croc/i_core_wrap/i_ibex.crash_dump_o_79__reg/Q_N    0.00    0.00   -0.00 (VIOLATED)
i_croc_soc/i_croc/i_core_wrap/i_ibex.crash_dump_o_80__reg/Q_N    0.00    0.00   -0.00 (VIOLATED)
i_croc_soc/i_croc/i_core_wrap/i_ibex.crash_dump_o_81__reg/Q_N    0.00    0.00   -0.00 (VIOLATED)
i_croc_soc/i_croc/i_core_wrap/i_ibex.crash_dump_o_82__reg/Q_N    0.00    0.00   -0.00 (VIOLATED)
i_croc_soc/i_croc/i_core_wrap/i_ibex.crash_dump_o_83__reg/Q_N    0.00    0.00   -0.00 (VIOLATED)
i_croc_soc/i_croc/i_core_wrap/i_ibex.crash_dump_o_84__reg/Q_N    0.00    0.00   -0.00 (VIOLATED)
i_croc_soc/i_croc/i_core_wrap/i_ibex.crash_dump_o_85__reg/Q_N    0.00    0.00   -0.00 (VIOLATED)
i_croc_soc/i_croc/i_core_wrap/i_ibex.crash_dump_o_86__reg/Q_N    0.00    0.00   -0.00 (VIOLATED)
i_croc_soc/i_croc/i_core_wrap/i_ibex.crash_dump_o_87__reg/Q_N    0.00    0.00   -0.00 (VIOLATED)
i_croc_soc/i_croc/i_core_wrap/i_ibex.crash_dump_o_88__reg/Q_N    0.00    0.00   -0.00 (VIOLATED)
i_croc_soc/i_croc/i_core_wrap/i_ibex.crash_dump_o_89__reg/Q_N    0.00    0.00   -0.00 (VIOLATED)
i_croc_soc/i_croc/i_core_wrap/i_ibex.crash_dump_o_90__reg/Q_N    0.00    0.00   -0.00 (VIOLATED)
i_croc_soc/i_croc/i_core_wrap/i_ibex.crash_dump_o_91__reg/Q_N    0.00    0.00   -0.00 (VIOLATED)
i_croc_soc/i_croc/i_core_wrap/i_ibex.crash_dump_o_92__reg/Q_N    0.00    0.00   -0.00 (VIOLATED)
i_croc_soc/i_croc/i_core_wrap/i_ibex.crash_dump_o_93__reg/Q_N    0.00    0.00   -0.00 (VIOLATED)
i_croc_soc/i_croc/i_core_wrap/i_ibex.crash_dump_o_94__reg/Q_N    0.00    0.00   -0.00 (VIOLATED)
i_croc_soc/i_croc/i_core_wrap/i_ibex.crash_dump_o_95__reg/Q_N    0.00    0.00   -0.00 (VIOLATED)
i_croc_soc/i_croc/i_core_wrap/i_ibex.crash_dump_o_96__reg/Q_N    0.00    0.00   -0.00 (VIOLATED)
i_croc_soc/i_croc/i_core_wrap/i_ibex.crash_dump_o_98__reg/Q_N    0.00    0.00   -0.00 (VIOLATED)
i_croc_soc/i_croc/i_core_wrap/i_ibex.crash_dump_o_99__reg/Q_N    0.00    0.00   -0.00 (VIOLATED)
i_croc_soc/i_croc/i_core_wrap/i_ibex.cs_registers_i/_6097_/X    0.00    0.00   -0.00 (VIOLATED)
i_croc_soc/i_croc/i_core_wrap/i_ibex.cs_registers_i/_6098_/X    0.00    0.00   -0.00 (VIOLATED)
i_croc_soc/i_croc/i_core_wrap/i_ibex.cs_registers_i/csr_depc_o[0]_reg/Q_N    0.00    0.00   -0.00 (VIOLATED)
i_croc_soc/i_croc/i_core_wrap/i_ibex.cs_registers_i/csr_depc_o[10]_reg/Q_N    0.00    0.00   -0.00 (VIOLATED)
i_croc_soc/i_croc/i_core_wrap/i_ibex.cs_registers_i/csr_depc_o[11]_reg/Q_N    0.00    0.00   -0.00 (VIOLATED)
i_croc_soc/i_croc/i_core_wrap/i_ibex.cs_registers_i/csr_depc_o[12]_reg/Q_N    0.00    0.00   -0.00 (VIOLATED)
i_croc_soc/i_croc/i_core_wrap/i_ibex.cs_registers_i/csr_depc_o[13]_reg/Q_N    0.00    0.00   -0.00 (VIOLATED)
i_croc_soc/i_croc/i_core_wrap/i_ibex.cs_registers_i/csr_depc_o[14]_reg/Q_N    0.00    0.00   -0.00 (VIOLATED)
i_croc_soc/i_croc/i_core_wrap/i_ibex.cs_registers_i/csr_depc_o[15]_reg/Q_N    0.00    0.00   -0.00 (VIOLATED)
i_croc_soc/i_croc/i_core_wrap/i_ibex.cs_registers_i/csr_depc_o[16]_reg/Q_N    0.00    0.00   -0.00 (VIOLATED)
i_croc_soc/i_croc/i_core_wrap/i_ibex.cs_registers_i/csr_depc_o[17]_reg/Q_N    0.00    0.00   -0.00 (VIOLATED)
i_croc_soc/i_croc/i_core_wrap/i_ibex.cs_registers_i/csr_depc_o[18]_reg/Q_N    0.00    0.00   -0.00 (VIOLATED)
i_croc_soc/i_croc/i_core_wrap/i_ibex.cs_registers_i/csr_depc_o[19]_reg/Q_N    0.00    0.00   -0.00 (VIOLATED)
i_croc_soc/i_croc/i_core_wrap/i_ibex.cs_registers_i/csr_depc_o[1]_reg/Q_N    0.00    0.00   -0.00 (VIOLATED)
i_croc_soc/i_croc/i_core_wrap/i_ibex.cs_registers_i/csr_depc_o[20]_reg/Q_N    0.00    0.00   -0.00 (VIOLATED)
i_croc_soc/i_croc/i_core_wrap/i_ibex.cs_registers_i/csr_depc_o[21]_reg/Q_N    0.00    0.00   -0.00 (VIOLATED)
i_croc_soc/i_croc/i_core_wrap/i_ibex.cs_registers_i/csr_depc_o[22]_reg/Q_N    0.00    0.00   -0.00 (VIOLATED)
i_croc_soc/i_croc/i_core_wrap/i_ibex.cs_registers_i/csr_depc_o[23]_reg/Q_N    0.00    0.00   -0.00 (VIOLATED)
i_croc_soc/i_croc/i_core_wrap/i_ibex.cs_registers_i/csr_depc_o[24]_reg/Q_N    0.00    0.00   -0.00 (VIOLATED)
i_croc_soc/i_croc/i_core_wrap/i_ibex.cs_registers_i/csr_depc_o[25]_reg/Q_N    0.00    0.00   -0.00 (VIOLATED)
i_croc_soc/i_croc/i_core_wrap/i_ibex.cs_registers_i/csr_depc_o[26]_reg/Q_N    0.00    0.00   -0.00 (VIOLATED)
i_croc_soc/i_croc/i_core_wrap/i_ibex.cs_registers_i/csr_depc_o[27]_reg/Q_N    0.00    0.00   -0.00 (VIOLATED)
i_croc_soc/i_croc/i_core_wrap/i_ibex.cs_registers_i/csr_depc_o[28]_reg/Q_N    0.00    0.00   -0.00 (VIOLATED)
i_croc_soc/i_croc/i_core_wrap/i_ibex.cs_registers_i/csr_depc_o[29]_reg/Q_N    0.00    0.00   -0.00 (VIOLATED)
i_croc_soc/i_croc/i_core_wrap/i_ibex.cs_registers_i/csr_depc_o[2]_reg/Q_N    0.00    0.00   -0.00 (VIOLATED)
i_croc_soc/i_croc/i_core_wrap/i_ibex.cs_registers_i/csr_depc_o[30]_reg/Q_N    0.00    0.00   -0.00 (VIOLATED)
i_croc_soc/i_croc/i_core_wrap/i_ibex.cs_registers_i/csr_depc_o[31]_reg/Q_N    0.00    0.00   -0.00 (VIOLATED)
i_croc_soc/i_croc/i_core_wrap/i_ibex.cs_registers_i/csr_depc_o[3]_reg/Q_N    0.00    0.00   -0.00 (VIOLATED)
i_croc_soc/i_croc/i_core_wrap/i_ibex.cs_registers_i/csr_depc_o[4]_reg/Q_N    0.00    0.00   -0.00 (VIOLATED)
i_croc_soc/i_croc/i_core_wrap/i_ibex.cs_registers_i/csr_depc_o[5]_reg/Q_N    0.00    0.00   -0.00 (VIOLATED)
i_croc_soc/i_croc/i_core_wrap/i_ibex.cs_registers_i/csr_depc_o[6]_reg/Q_N    0.00    0.00   -0.00 (VIOLATED)
i_croc_soc/i_croc/i_core_wrap/i_ibex.cs_registers_i/csr_depc_o[7]_reg/Q_N    0.00    0.00   -0.00 (VIOLATED)
i_croc_soc/i_croc/i_core_wrap/i_ibex.cs_registers_i/csr_depc_o[8]_reg/Q_N    0.00    0.00   -0.00 (VIOLATED)
i_croc_soc/i_croc/i_core_wrap/i_ibex.cs_registers_i/csr_depc_o[9]_reg/Q_N    0.00    0.00   -0.00 (VIOLATED)
i_croc_soc/i_croc/i_core_wrap/i_ibex.cs_registers_i/csr_mepc_o[0]_reg/Q_N    0.00    0.00   -0.00 (VIOLATED)
i_croc_soc/i_croc/i_core_wrap/i_ibex.cs_registers_i/csr_mepc_o[10]_reg/Q_N    0.00    0.00   -0.00 (VIOLATED)
i_croc_soc/i_croc/i_core_wrap/i_ibex.cs_registers_i/csr_mepc_o[11]_reg/Q_N    0.00    0.00   -0.00 (VIOLATED)
i_croc_soc/i_croc/i_core_wrap/i_ibex.cs_registers_i/csr_mepc_o[12]_reg/Q_N    0.00    0.00   -0.00 (VIOLATED)
i_croc_soc/i_croc/i_core_wrap/i_ibex.cs_registers_i/csr_mepc_o[13]_reg/Q_N    0.00    0.00   -0.00 (VIOLATED)
i_croc_soc/i_croc/i_core_wrap/i_ibex.cs_registers_i/csr_mepc_o[14]_reg/Q_N    0.00    0.00   -0.00 (VIOLATED)
i_croc_soc/i_croc/i_core_wrap/i_ibex.cs_registers_i/csr_mepc_o[15]_reg/Q_N    0.00    0.00   -0.00 (VIOLATED)
i_croc_soc/i_croc/i_core_wrap/i_ibex.cs_registers_i/csr_mepc_o[16]_reg/Q_N    0.00    0.00   -0.00 (VIOLATED)
i_croc_soc/i_croc/i_core_wrap/i_ibex.cs_registers_i/csr_mepc_o[17]_reg/Q_N    0.00    0.00   -0.00 (VIOLATED)
i_croc_soc/i_croc/i_core_wrap/i_ibex.cs_registers_i/csr_mepc_o[18]_reg/Q_N    0.00    0.00   -0.00 (VIOLATED)
i_croc_soc/i_croc/i_core_wrap/i_ibex.cs_registers_i/csr_mepc_o[19]_reg/Q_N    0.00    0.00   -0.00 (VIOLATED)
i_croc_soc/i_croc/i_core_wrap/i_ibex.cs_registers_i/csr_mepc_o[1]_reg/Q_N    0.00    0.00   -0.00 (VIOLATED)
i_croc_soc/i_croc/i_core_wrap/i_ibex.cs_registers_i/csr_mepc_o[20]_reg/Q_N    0.00    0.00   -0.00 (VIOLATED)
i_croc_soc/i_croc/i_core_wrap/i_ibex.cs_registers_i/csr_mepc_o[21]_reg/Q_N    0.00    0.00   -0.00 (VIOLATED)
i_croc_soc/i_croc/i_core_wrap/i_ibex.cs_registers_i/csr_mepc_o[22]_reg/Q_N    0.00    0.00   -0.00 (VIOLATED)
i_croc_soc/i_croc/i_core_wrap/i_ibex.cs_registers_i/csr_mepc_o[23]_reg/Q_N    0.00    0.00   -0.00 (VIOLATED)
i_croc_soc/i_croc/i_core_wrap/i_ibex.cs_registers_i/csr_mepc_o[24]_reg/Q_N    0.00    0.00   -0.00 (VIOLATED)
i_croc_soc/i_croc/i_core_wrap/i_ibex.cs_registers_i/csr_mepc_o[25]_reg/Q_N    0.00    0.00   -0.00 (VIOLATED)
i_croc_soc/i_croc/i_core_wrap/i_ibex.cs_registers_i/csr_mepc_o[26]_reg/Q_N    0.00    0.00   -0.00 (VIOLATED)
i_croc_soc/i_croc/i_core_wrap/i_ibex.cs_registers_i/csr_mepc_o[27]_reg/Q_N    0.00    0.00   -0.00 (VIOLATED)
i_croc_soc/i_croc/i_core_wrap/i_ibex.cs_registers_i/csr_mepc_o[28]_reg/Q_N    0.00    0.00   -0.00 (VIOLATED)
i_croc_soc/i_croc/i_core_wrap/i_ibex.cs_registers_i/csr_mepc_o[29]_reg/Q_N    0.00    0.00   -0.00 (VIOLATED)
i_croc_soc/i_croc/i_core_wrap/i_ibex.cs_registers_i/csr_mepc_o[2]_reg/Q_N    0.00    0.00   -0.00 (VIOLATED)
i_croc_soc/i_croc/i_core_wrap/i_ibex.cs_registers_i/csr_mepc_o[30]_reg/Q_N    0.00    0.00   -0.00 (VIOLATED)
i_croc_soc/i_croc/i_core_wrap/i_ibex.cs_registers_i/csr_mepc_o[31]_reg/Q_N    0.00    0.00   -0.00 (VIOLATED)
i_croc_soc/i_croc/i_core_wrap/i_ibex.cs_registers_i/csr_mepc_o[3]_reg/Q_N    0.00    0.00   -0.00 (VIOLATED)
i_croc_soc/i_croc/i_core_wrap/i_ibex.cs_registers_i/csr_mepc_o[4]_reg/Q_N    0.00    0.00   -0.00 (VIOLATED)
i_croc_soc/i_croc/i_core_wrap/i_ibex.cs_registers_i/csr_mepc_o[5]_reg/Q_N    0.00    0.00   -0.00 (VIOLATED)
i_croc_soc/i_croc/i_core_wrap/i_ibex.cs_registers_i/csr_mepc_o[6]_reg/Q_N    0.00    0.00   -0.00 (VIOLATED)
i_croc_soc/i_croc/i_core_wrap/i_ibex.cs_registers_i/csr_mepc_o[7]_reg/Q_N    0.00    0.00   -0.00 (VIOLATED)
i_croc_soc/i_croc/i_core_wrap/i_ibex.cs_registers_i/csr_mepc_o[8]_reg/Q_N    0.00    0.00   -0.00 (VIOLATED)
i_croc_soc/i_croc/i_core_wrap/i_ibex.cs_registers_i/csr_mepc_o[9]_reg/Q_N    0.00    0.00   -0.00 (VIOLATED)
i_croc_soc/i_croc/i_core_wrap/i_ibex.cs_registers_i/csr_mstatus_mie_o_reg/Q_N    0.00    0.00   -0.00 (VIOLATED)
i_croc_soc/i_croc/i_core_wrap/i_ibex.cs_registers_i/csr_mstatus_tw_o_reg/Q_N    0.00    0.00   -0.00 (VIOLATED)
i_croc_soc/i_croc/i_core_wrap/i_ibex.cs_registers_i/csr_mtvec_o[10]_reg/Q_N    0.00    0.00   -0.00 (VIOLATED)
i_croc_soc/i_croc/i_core_wrap/i_ibex.cs_registers_i/csr_mtvec_o[11]_reg/Q_N    0.00    0.00   -0.00 (VIOLATED)
i_croc_soc/i_croc/i_core_wrap/i_ibex.cs_registers_i/csr_mtvec_o[12]_reg/Q_N    0.00    0.00   -0.00 (VIOLATED)
i_croc_soc/i_croc/i_core_wrap/i_ibex.cs_registers_i/csr_mtvec_o[13]_reg/Q_N    0.00    0.00   -0.00 (VIOLATED)
i_croc_soc/i_croc/i_core_wrap/i_ibex.cs_registers_i/csr_mtvec_o[14]_reg/Q_N    0.00    0.00   -0.00 (VIOLATED)
i_croc_soc/i_croc/i_core_wrap/i_ibex.cs_registers_i/csr_mtvec_o[15]_reg/Q_N    0.00    0.00   -0.00 (VIOLATED)
i_croc_soc/i_croc/i_core_wrap/i_ibex.cs_registers_i/csr_mtvec_o[16]_reg/Q_N    0.00    0.00   -0.00 (VIOLATED)
i_croc_soc/i_croc/i_core_wrap/i_ibex.cs_registers_i/csr_mtvec_o[17]_reg/Q_N    0.00    0.00   -0.00 (VIOLATED)
i_croc_soc/i_croc/i_core_wrap/i_ibex.cs_registers_i/csr_mtvec_o[18]_reg/Q_N    0.00    0.00   -0.00 (VIOLATED)
i_croc_soc/i_croc/i_core_wrap/i_ibex.cs_registers_i/csr_mtvec_o[19]_reg/Q_N    0.00    0.00   -0.00 (VIOLATED)
i_croc_soc/i_croc/i_core_wrap/i_ibex.cs_registers_i/csr_mtvec_o[1]_reg/Q_N    0.00    0.00   -0.00 (VIOLATED)
i_croc_soc/i_croc/i_core_wrap/i_ibex.cs_registers_i/csr_mtvec_o[20]_reg/Q_N    0.00    0.00   -0.00 (VIOLATED)
i_croc_soc/i_croc/i_core_wrap/i_ibex.cs_registers_i/csr_mtvec_o[21]_reg/Q_N    0.00    0.00   -0.00 (VIOLATED)
i_croc_soc/i_croc/i_core_wrap/i_ibex.cs_registers_i/csr_mtvec_o[22]_reg/Q_N    0.00    0.00   -0.00 (VIOLATED)
i_croc_soc/i_croc/i_core_wrap/i_ibex.cs_registers_i/csr_mtvec_o[23]_reg/Q_N    0.00    0.00   -0.00 (VIOLATED)
i_croc_soc/i_croc/i_core_wrap/i_ibex.cs_registers_i/csr_mtvec_o[24]_reg/Q_N    0.00    0.00   -0.00 (VIOLATED)
i_croc_soc/i_croc/i_core_wrap/i_ibex.cs_registers_i/csr_mtvec_o[25]_reg/Q_N    0.00    0.00   -0.00 (VIOLATED)
i_croc_soc/i_croc/i_core_wrap/i_ibex.cs_registers_i/csr_mtvec_o[26]_reg/Q_N    0.00    0.00   -0.00 (VIOLATED)
i_croc_soc/i_croc/i_core_wrap/i_ibex.cs_registers_i/csr_mtvec_o[27]_reg/Q_N    0.00    0.00   -0.00 (VIOLATED)
i_croc_soc/i_croc/i_core_wrap/i_ibex.cs_registers_i/csr_mtvec_o[28]_reg/Q_N    0.00    0.00   -0.00 (VIOLATED)
i_croc_soc/i_croc/i_core_wrap/i_ibex.cs_registers_i/csr_mtvec_o[29]_reg/Q_N    0.00    0.00   -0.00 (VIOLATED)
i_croc_soc/i_croc/i_core_wrap/i_ibex.cs_registers_i/csr_mtvec_o[2]_reg/Q_N    0.00    0.00   -0.00 (VIOLATED)
i_croc_soc/i_croc/i_core_wrap/i_ibex.cs_registers_i/csr_mtvec_o[30]_reg/Q_N    0.00    0.00   -0.00 (VIOLATED)
i_croc_soc/i_croc/i_core_wrap/i_ibex.cs_registers_i/csr_mtvec_o[31]_reg/Q_N    0.00    0.00   -0.00 (VIOLATED)
i_croc_soc/i_croc/i_core_wrap/i_ibex.cs_registers_i/csr_mtvec_o[3]_reg/Q_N    0.00    0.00   -0.00 (VIOLATED)
i_croc_soc/i_croc/i_core_wrap/i_ibex.cs_registers_i/csr_mtvec_o[4]_reg/Q_N    0.00    0.00   -0.00 (VIOLATED)
i_croc_soc/i_croc/i_core_wrap/i_ibex.cs_registers_i/csr_mtvec_o[5]_reg/Q_N    0.00    0.00   -0.00 (VIOLATED)
i_croc_soc/i_croc/i_core_wrap/i_ibex.cs_registers_i/csr_mtvec_o[6]_reg/Q_N    0.00    0.00   -0.00 (VIOLATED)
i_croc_soc/i_croc/i_core_wrap/i_ibex.cs_registers_i/csr_mtvec_o[7]_reg/Q_N    0.00    0.00   -0.00 (VIOLATED)
i_croc_soc/i_croc/i_core_wrap/i_ibex.cs_registers_i/csr_mtvec_o[8]_reg/Q_N    0.00    0.00   -0.00 (VIOLATED)
i_croc_soc/i_croc/i_core_wrap/i_ibex.cs_registers_i/csr_mtvec_o[9]_reg/Q_N    0.00    0.00   -0.00 (VIOLATED)
i_croc_soc/i_croc/i_core_wrap/i_ibex.cs_registers_i/dcsr_q_10__reg/Q_N    0.00    0.00   -0.00 (VIOLATED)
i_croc_soc/i_croc/i_core_wrap/i_ibex.cs_registers_i/dcsr_q_11__reg/Q_N    0.00    0.00   -0.00 (VIOLATED)
i_croc_soc/i_croc/i_core_wrap/i_ibex.cs_registers_i/dcsr_q_13__reg/Q_N    0.00    0.00   -0.00 (VIOLATED)
i_croc_soc/i_croc/i_core_wrap/i_ibex.cs_registers_i/dcsr_q_14__reg/Q_N    0.00    0.00   -0.00 (VIOLATED)
i_croc_soc/i_croc/i_core_wrap/i_ibex.cs_registers_i/dcsr_q_16__reg/Q_N    0.00    0.00   -0.00 (VIOLATED)
i_croc_soc/i_croc/i_core_wrap/i_ibex.cs_registers_i/dcsr_q_17__reg/Q_N    0.00    0.00   -0.00 (VIOLATED)
i_croc_soc/i_croc/i_core_wrap/i_ibex.cs_registers_i/dcsr_q_18__reg/Q_N    0.00    0.00   -0.00 (VIOLATED)
i_croc_soc/i_croc/i_core_wrap/i_ibex.cs_registers_i/dcsr_q_19__reg/Q_N    0.00    0.00   -0.00 (VIOLATED)
i_croc_soc/i_croc/i_core_wrap/i_ibex.cs_registers_i/dcsr_q_20__reg/Q_N    0.00    0.00   -0.00 (VIOLATED)
i_croc_soc/i_croc/i_core_wrap/i_ibex.cs_registers_i/dcsr_q_21__reg/Q_N    0.00    0.00   -0.00 (VIOLATED)
i_croc_soc/i_croc/i_core_wrap/i_ibex.cs_registers_i/dcsr_q_22__reg/Q_N    0.00    0.00   -0.00 (VIOLATED)
i_croc_soc/i_croc/i_core_wrap/i_ibex.cs_registers_i/dcsr_q_23__reg/Q_N    0.00    0.00   -0.00 (VIOLATED)
i_croc_soc/i_croc/i_core_wrap/i_ibex.cs_registers_i/dcsr_q_24__reg/Q_N    0.00    0.00   -0.00 (VIOLATED)
i_croc_soc/i_croc/i_core_wrap/i_ibex.cs_registers_i/dcsr_q_25__reg/Q_N    0.00    0.00   -0.00 (VIOLATED)
i_croc_soc/i_croc/i_core_wrap/i_ibex.cs_registers_i/dcsr_q_26__reg/Q_N    0.00    0.00   -0.00 (VIOLATED)
i_croc_soc/i_croc/i_core_wrap/i_ibex.cs_registers_i/dcsr_q_27__reg/Q_N    0.00    0.00   -0.00 (VIOLATED)
i_croc_soc/i_croc/i_core_wrap/i_ibex.cs_registers_i/dcsr_q_28__reg/Q_N    0.00    0.00   -0.00 (VIOLATED)
i_croc_soc/i_croc/i_core_wrap/i_ibex.cs_registers_i/dcsr_q_29__reg/Q_N    0.00    0.00   -0.00 (VIOLATED)
i_croc_soc/i_croc/i_core_wrap/i_ibex.cs_registers_i/dcsr_q_31__reg/Q_N    0.00    0.00   -0.00 (VIOLATED)
i_croc_soc/i_croc/i_core_wrap/i_ibex.cs_registers_i/dcsr_q_3__reg/Q_N    0.00    0.00   -0.00 (VIOLATED)
i_croc_soc/i_croc/i_core_wrap/i_ibex.cs_registers_i/dcsr_q_4__reg/Q_N    0.00    0.00   -0.00 (VIOLATED)
i_croc_soc/i_croc/i_core_wrap/i_ibex.cs_registers_i/dcsr_q_5__reg/Q_N    0.00    0.00   -0.00 (VIOLATED)
i_croc_soc/i_croc/i_core_wrap/i_ibex.cs_registers_i/dcsr_q_6__reg/Q_N    0.00    0.00   -0.00 (VIOLATED)
i_croc_soc/i_croc/i_core_wrap/i_ibex.cs_registers_i/dcsr_q_7__reg/Q_N    0.00    0.00   -0.00 (VIOLATED)
i_croc_soc/i_croc/i_core_wrap/i_ibex.cs_registers_i/dcsr_q_8__reg/Q_N    0.00    0.00   -0.00 (VIOLATED)
i_croc_soc/i_croc/i_core_wrap/i_ibex.cs_registers_i/dcsr_q_9__reg/Q_N    0.00    0.00   -0.00 (VIOLATED)
i_croc_soc/i_croc/i_core_wrap/i_ibex.cs_registers_i/debug_ebreakm_o_reg/Q_N    0.00    0.00   -0.00 (VIOLATED)
i_croc_soc/i_croc/i_core_wrap/i_ibex.cs_registers_i/debug_ebreaku_o_reg/Q_N    0.00    0.00   -0.00 (VIOLATED)
i_croc_soc/i_croc/i_core_wrap/i_ibex.cs_registers_i/debug_single_step_o_reg/Q_N    0.00    0.00   -0.00 (VIOLATED)
i_croc_soc/i_croc/i_core_wrap/i_ibex.cs_registers_i/dscratch0_q_0__reg/Q_N    0.00    0.00   -0.00 (VIOLATED)
i_croc_soc/i_croc/i_core_wrap/i_ibex.cs_registers_i/dscratch0_q_10__reg/Q_N    0.00    0.00   -0.00 (VIOLATED)
i_croc_soc/i_croc/i_core_wrap/i_ibex.cs_registers_i/dscratch0_q_11__reg/Q_N    0.00    0.00   -0.00 (VIOLATED)
i_croc_soc/i_croc/i_core_wrap/i_ibex.cs_registers_i/dscratch0_q_12__reg/Q_N    0.00    0.00   -0.00 (VIOLATED)
i_croc_soc/i_croc/i_core_wrap/i_ibex.cs_registers_i/dscratch0_q_13__reg/Q_N    0.00    0.00   -0.00 (VIOLATED)
i_croc_soc/i_croc/i_core_wrap/i_ibex.cs_registers_i/dscratch0_q_14__reg/Q_N    0.00    0.00   -0.00 (VIOLATED)
i_croc_soc/i_croc/i_core_wrap/i_ibex.cs_registers_i/dscratch0_q_15__reg/Q_N    0.00    0.00   -0.00 (VIOLATED)
i_croc_soc/i_croc/i_core_wrap/i_ibex.cs_registers_i/dscratch0_q_16__reg/Q_N    0.00    0.00   -0.00 (VIOLATED)
i_croc_soc/i_croc/i_core_wrap/i_ibex.cs_registers_i/dscratch0_q_17__reg/Q_N    0.00    0.00   -0.00 (VIOLATED)
i_croc_soc/i_croc/i_core_wrap/i_ibex.cs_registers_i/dscratch0_q_18__reg/Q_N    0.00    0.00   -0.00 (VIOLATED)
i_croc_soc/i_croc/i_core_wrap/i_ibex.cs_registers_i/dscratch0_q_19__reg/Q_N    0.00    0.00   -0.00 (VIOLATED)
i_croc_soc/i_croc/i_core_wrap/i_ibex.cs_registers_i/dscratch0_q_1__reg/Q_N    0.00    0.00   -0.00 (VIOLATED)
i_croc_soc/i_croc/i_core_wrap/i_ibex.cs_registers_i/dscratch0_q_20__reg/Q_N    0.00    0.00   -0.00 (VIOLATED)
i_croc_soc/i_croc/i_core_wrap/i_ibex.cs_registers_i/dscratch0_q_21__reg/Q_N    0.00    0.00   -0.00 (VIOLATED)
i_croc_soc/i_croc/i_core_wrap/i_ibex.cs_registers_i/dscratch0_q_22__reg/Q_N    0.00    0.00   -0.00 (VIOLATED)
i_croc_soc/i_croc/i_core_wrap/i_ibex.cs_registers_i/dscratch0_q_23__reg/Q_N    0.00    0.00   -0.00 (VIOLATED)
i_croc_soc/i_croc/i_core_wrap/i_ibex.cs_registers_i/dscratch0_q_24__reg/Q_N    0.00    0.00   -0.00 (VIOLATED)
i_croc_soc/i_croc/i_core_wrap/i_ibex.cs_registers_i/dscratch0_q_25__reg/Q_N    0.00    0.00   -0.00 (VIOLATED)
i_croc_soc/i_croc/i_core_wrap/i_ibex.cs_registers_i/dscratch0_q_26__reg/Q_N    0.00    0.00   -0.00 (VIOLATED)
i_croc_soc/i_croc/i_core_wrap/i_ibex.cs_registers_i/dscratch0_q_27__reg/Q_N    0.00    0.00   -0.00 (VIOLATED)
i_croc_soc/i_croc/i_core_wrap/i_ibex.cs_registers_i/dscratch0_q_28__reg/Q_N    0.00    0.00   -0.00 (VIOLATED)
i_croc_soc/i_croc/i_core_wrap/i_ibex.cs_registers_i/dscratch0_q_29__reg/Q_N    0.00    0.00   -0.00 (VIOLATED)
i_croc_soc/i_croc/i_core_wrap/i_ibex.cs_registers_i/dscratch0_q_2__reg/Q_N    0.00    0.00   -0.00 (VIOLATED)
i_croc_soc/i_croc/i_core_wrap/i_ibex.cs_registers_i/dscratch0_q_30__reg/Q_N    0.00    0.00   -0.00 (VIOLATED)
i_croc_soc/i_croc/i_core_wrap/i_ibex.cs_registers_i/dscratch0_q_31__reg/Q_N    0.00    0.00   -0.00 (VIOLATED)
i_croc_soc/i_croc/i_core_wrap/i_ibex.cs_registers_i/dscratch0_q_3__reg/Q_N    0.00    0.00   -0.00 (VIOLATED)
i_croc_soc/i_croc/i_core_wrap/i_ibex.cs_registers_i/dscratch0_q_4__reg/Q_N    0.00    0.00   -0.00 (VIOLATED)
i_croc_soc/i_croc/i_core_wrap/i_ibex.cs_registers_i/dscratch0_q_5__reg/Q_N    0.00    0.00   -0.00 (VIOLATED)
i_croc_soc/i_croc/i_core_wrap/i_ibex.cs_registers_i/dscratch0_q_6__reg/Q_N    0.00    0.00   -0.00 (VIOLATED)
i_croc_soc/i_croc/i_core_wrap/i_ibex.cs_registers_i/dscratch0_q_7__reg/Q_N    0.00    0.00   -0.00 (VIOLATED)
i_croc_soc/i_croc/i_core_wrap/i_ibex.cs_registers_i/dscratch0_q_8__reg/Q_N    0.00    0.00   -0.00 (VIOLATED)
i_croc_soc/i_croc/i_core_wrap/i_ibex.cs_registers_i/dscratch0_q_9__reg/Q_N    0.00    0.00   -0.00 (VIOLATED)
i_croc_soc/i_croc/i_core_wrap/i_ibex.cs_registers_i/dscratch1_q_0__reg/Q_N    0.00    0.00   -0.00 (VIOLATED)
i_croc_soc/i_croc/i_core_wrap/i_ibex.cs_registers_i/dscratch1_q_10__reg/Q_N    0.00    0.00   -0.00 (VIOLATED)
i_croc_soc/i_croc/i_core_wrap/i_ibex.cs_registers_i/dscratch1_q_11__reg/Q_N    0.00    0.00   -0.00 (VIOLATED)
i_croc_soc/i_croc/i_core_wrap/i_ibex.cs_registers_i/dscratch1_q_12__reg/Q_N    0.00    0.00   -0.00 (VIOLATED)
i_croc_soc/i_croc/i_core_wrap/i_ibex.cs_registers_i/dscratch1_q_13__reg/Q_N    0.00    0.00   -0.00 (VIOLATED)
i_croc_soc/i_croc/i_core_wrap/i_ibex.cs_registers_i/dscratch1_q_14__reg/Q_N    0.00    0.00   -0.00 (VIOLATED)
i_croc_soc/i_croc/i_core_wrap/i_ibex.cs_registers_i/dscratch1_q_15__reg/Q_N    0.00    0.00   -0.00 (VIOLATED)
i_croc_soc/i_croc/i_core_wrap/i_ibex.cs_registers_i/dscratch1_q_16__reg/Q_N    0.00    0.00   -0.00 (VIOLATED)
i_croc_soc/i_croc/i_core_wrap/i_ibex.cs_registers_i/dscratch1_q_17__reg/Q_N    0.00    0.00   -0.00 (VIOLATED)
i_croc_soc/i_croc/i_core_wrap/i_ibex.cs_registers_i/dscratch1_q_18__reg/Q_N    0.00    0.00   -0.00 (VIOLATED)
i_croc_soc/i_croc/i_core_wrap/i_ibex.cs_registers_i/dscratch1_q_19__reg/Q_N    0.00    0.00   -0.00 (VIOLATED)
i_croc_soc/i_croc/i_core_wrap/i_ibex.cs_registers_i/dscratch1_q_1__reg/Q_N    0.00    0.00   -0.00 (VIOLATED)
i_croc_soc/i_croc/i_core_wrap/i_ibex.cs_registers_i/dscratch1_q_20__reg/Q_N    0.00    0.00   -0.00 (VIOLATED)
i_croc_soc/i_croc/i_core_wrap/i_ibex.cs_registers_i/dscratch1_q_21__reg/Q_N    0.00    0.00   -0.00 (VIOLATED)
i_croc_soc/i_croc/i_core_wrap/i_ibex.cs_registers_i/dscratch1_q_22__reg/Q_N    0.00    0.00   -0.00 (VIOLATED)
i_croc_soc/i_croc/i_core_wrap/i_ibex.cs_registers_i/dscratch1_q_23__reg/Q_N    0.00    0.00   -0.00 (VIOLATED)
i_croc_soc/i_croc/i_core_wrap/i_ibex.cs_registers_i/dscratch1_q_24__reg/Q_N    0.00    0.00   -0.00 (VIOLATED)
i_croc_soc/i_croc/i_core_wrap/i_ibex.cs_registers_i/dscratch1_q_25__reg/Q_N    0.00    0.00   -0.00 (VIOLATED)
i_croc_soc/i_croc/i_core_wrap/i_ibex.cs_registers_i/dscratch1_q_26__reg/Q_N    0.00    0.00   -0.00 (VIOLATED)
i_croc_soc/i_croc/i_core_wrap/i_ibex.cs_registers_i/dscratch1_q_27__reg/Q_N    0.00    0.00   -0.00 (VIOLATED)
i_croc_soc/i_croc/i_core_wrap/i_ibex.cs_registers_i/dscratch1_q_28__reg/Q_N    0.00    0.00   -0.00 (VIOLATED)
i_croc_soc/i_croc/i_core_wrap/i_ibex.cs_registers_i/dscratch1_q_29__reg/Q_N    0.00    0.00   -0.00 (VIOLATED)
i_croc_soc/i_croc/i_core_wrap/i_ibex.cs_registers_i/dscratch1_q_2__reg/Q_N    0.00    0.00   -0.00 (VIOLATED)
i_croc_soc/i_croc/i_core_wrap/i_ibex.cs_registers_i/dscratch1_q_30__reg/Q_N    0.00    0.00   -0.00 (VIOLATED)
i_croc_soc/i_croc/i_core_wrap/i_ibex.cs_registers_i/dscratch1_q_31__reg/Q_N    0.00    0.00   -0.00 (VIOLATED)
i_croc_soc/i_croc/i_core_wrap/i_ibex.cs_registers_i/dscratch1_q_3__reg/Q_N    0.00    0.00   -0.00 (VIOLATED)
i_croc_soc/i_croc/i_core_wrap/i_ibex.cs_registers_i/dscratch1_q_4__reg/Q_N    0.00    0.00   -0.00 (VIOLATED)
i_croc_soc/i_croc/i_core_wrap/i_ibex.cs_registers_i/dscratch1_q_5__reg/Q_N    0.00    0.00   -0.00 (VIOLATED)
i_croc_soc/i_croc/i_core_wrap/i_ibex.cs_registers_i/dscratch1_q_6__reg/Q_N    0.00    0.00   -0.00 (VIOLATED)
i_croc_soc/i_croc/i_core_wrap/i_ibex.cs_registers_i/dscratch1_q_7__reg/Q_N    0.00    0.00   -0.00 (VIOLATED)
i_croc_soc/i_croc/i_core_wrap/i_ibex.cs_registers_i/dscratch1_q_8__reg/Q_N    0.00    0.00   -0.00 (VIOLATED)
i_croc_soc/i_croc/i_core_wrap/i_ibex.cs_registers_i/dscratch1_q_9__reg/Q_N    0.00    0.00   -0.00 (VIOLATED)
i_croc_soc/i_croc/i_core_wrap/i_ibex.cs_registers_i/gen_trigger_regs.g_dbg_tmatch_reg[0].u_tmatch_control_csr.rd_data_o_reg/Q_N    0.00    0.00   -0.00 (VIOLATED)
i_croc_soc/i_croc/i_core_wrap/i_ibex.cs_registers_i/gen_trigger_regs.g_dbg_tmatch_reg[0].u_tmatch_value_csr.rd_data_o_0__reg/Q_N    0.00    0.00   -0.00 (VIOLATED)
i_croc_soc/i_croc/i_core_wrap/i_ibex.cs_registers_i/gen_trigger_regs.g_dbg_tmatch_reg[0].u_tmatch_value_csr.rd_data_o_10__reg/Q_N    0.00    0.00   -0.00 (VIOLATED)
i_croc_soc/i_croc/i_core_wrap/i_ibex.cs_registers_i/gen_trigger_regs.g_dbg_tmatch_reg[0].u_tmatch_value_csr.rd_data_o_11__reg/Q_N    0.00    0.00   -0.00 (VIOLATED)
i_croc_soc/i_croc/i_core_wrap/i_ibex.cs_registers_i/gen_trigger_regs.g_dbg_tmatch_reg[0].u_tmatch_value_csr.rd_data_o_12__reg/Q_N    0.00    0.00   -0.00 (VIOLATED)
i_croc_soc/i_croc/i_core_wrap/i_ibex.cs_registers_i/gen_trigger_regs.g_dbg_tmatch_reg[0].u_tmatch_value_csr.rd_data_o_13__reg/Q_N    0.00    0.00   -0.00 (VIOLATED)
i_croc_soc/i_croc/i_core_wrap/i_ibex.cs_registers_i/gen_trigger_regs.g_dbg_tmatch_reg[0].u_tmatch_value_csr.rd_data_o_14__reg/Q_N    0.00    0.00   -0.00 (VIOLATED)
i_croc_soc/i_croc/i_core_wrap/i_ibex.cs_registers_i/gen_trigger_regs.g_dbg_tmatch_reg[0].u_tmatch_value_csr.rd_data_o_15__reg/Q_N    0.00    0.00   -0.00 (VIOLATED)
i_croc_soc/i_croc/i_core_wrap/i_ibex.cs_registers_i/gen_trigger_regs.g_dbg_tmatch_reg[0].u_tmatch_value_csr.rd_data_o_16__reg/Q_N    0.00    0.00   -0.00 (VIOLATED)
i_croc_soc/i_croc/i_core_wrap/i_ibex.cs_registers_i/gen_trigger_regs.g_dbg_tmatch_reg[0].u_tmatch_value_csr.rd_data_o_17__reg/Q_N    0.00    0.00   -0.00 (VIOLATED)
i_croc_soc/i_croc/i_core_wrap/i_ibex.cs_registers_i/gen_trigger_regs.g_dbg_tmatch_reg[0].u_tmatch_value_csr.rd_data_o_18__reg/Q_N    0.00    0.00   -0.00 (VIOLATED)
i_croc_soc/i_croc/i_core_wrap/i_ibex.cs_registers_i/gen_trigger_regs.g_dbg_tmatch_reg[0].u_tmatch_value_csr.rd_data_o_19__reg/Q_N    0.00    0.00   -0.00 (VIOLATED)
i_croc_soc/i_croc/i_core_wrap/i_ibex.cs_registers_i/gen_trigger_regs.g_dbg_tmatch_reg[0].u_tmatch_value_csr.rd_data_o_1__reg/Q_N    0.00    0.00   -0.00 (VIOLATED)
i_croc_soc/i_croc/i_core_wrap/i_ibex.cs_registers_i/gen_trigger_regs.g_dbg_tmatch_reg[0].u_tmatch_value_csr.rd_data_o_20__reg/Q_N    0.00    0.00   -0.00 (VIOLATED)
i_croc_soc/i_croc/i_core_wrap/i_ibex.cs_registers_i/gen_trigger_regs.g_dbg_tmatch_reg[0].u_tmatch_value_csr.rd_data_o_21__reg/Q_N    0.00    0.00   -0.00 (VIOLATED)
i_croc_soc/i_croc/i_core_wrap/i_ibex.cs_registers_i/gen_trigger_regs.g_dbg_tmatch_reg[0].u_tmatch_value_csr.rd_data_o_22__reg/Q_N    0.00    0.00   -0.00 (VIOLATED)
i_croc_soc/i_croc/i_core_wrap/i_ibex.cs_registers_i/gen_trigger_regs.g_dbg_tmatch_reg[0].u_tmatch_value_csr.rd_data_o_23__reg/Q_N    0.00    0.00   -0.00 (VIOLATED)
i_croc_soc/i_croc/i_core_wrap/i_ibex.cs_registers_i/gen_trigger_regs.g_dbg_tmatch_reg[0].u_tmatch_value_csr.rd_data_o_24__reg/Q_N    0.00    0.00   -0.00 (VIOLATED)
i_croc_soc/i_croc/i_core_wrap/i_ibex.cs_registers_i/gen_trigger_regs.g_dbg_tmatch_reg[0].u_tmatch_value_csr.rd_data_o_25__reg/Q_N    0.00    0.00   -0.00 (VIOLATED)
i_croc_soc/i_croc/i_core_wrap/i_ibex.cs_registers_i/gen_trigger_regs.g_dbg_tmatch_reg[0].u_tmatch_value_csr.rd_data_o_26__reg/Q_N    0.00    0.00   -0.00 (VIOLATED)
i_croc_soc/i_croc/i_core_wrap/i_ibex.cs_registers_i/gen_trigger_regs.g_dbg_tmatch_reg[0].u_tmatch_value_csr.rd_data_o_27__reg/Q_N    0.00    0.00   -0.00 (VIOLATED)
i_croc_soc/i_croc/i_core_wrap/i_ibex.cs_registers_i/gen_trigger_regs.g_dbg_tmatch_reg[0].u_tmatch_value_csr.rd_data_o_28__reg/Q_N    0.00    0.00   -0.00 (VIOLATED)
i_croc_soc/i_croc/i_core_wrap/i_ibex.cs_registers_i/gen_trigger_regs.g_dbg_tmatch_reg[0].u_tmatch_value_csr.rd_data_o_29__reg/Q_N    0.00    0.00   -0.00 (VIOLATED)
i_croc_soc/i_croc/i_core_wrap/i_ibex.cs_registers_i/gen_trigger_regs.g_dbg_tmatch_reg[0].u_tmatch_value_csr.rd_data_o_2__reg/Q_N    0.00    0.00   -0.00 (VIOLATED)
i_croc_soc/i_croc/i_core_wrap/i_ibex.cs_registers_i/gen_trigger_regs.g_dbg_tmatch_reg[0].u_tmatch_value_csr.rd_data_o_30__reg/Q_N    0.00    0.00   -0.00 (VIOLATED)
i_croc_soc/i_croc/i_core_wrap/i_ibex.cs_registers_i/gen_trigger_regs.g_dbg_tmatch_reg[0].u_tmatch_value_csr.rd_data_o_31__reg/Q_N    0.00    0.00   -0.00 (VIOLATED)
i_croc_soc/i_croc/i_core_wrap/i_ibex.cs_registers_i/gen_trigger_regs.g_dbg_tmatch_reg[0].u_tmatch_value_csr.rd_data_o_3__reg/Q_N    0.00    0.00   -0.00 (VIOLATED)
i_croc_soc/i_croc/i_core_wrap/i_ibex.cs_registers_i/gen_trigger_regs.g_dbg_tmatch_reg[0].u_tmatch_value_csr.rd_data_o_4__reg/Q_N    0.00    0.00   -0.00 (VIOLATED)
i_croc_soc/i_croc/i_core_wrap/i_ibex.cs_registers_i/gen_trigger_regs.g_dbg_tmatch_reg[0].u_tmatch_value_csr.rd_data_o_5__reg/Q_N    0.00    0.00   -0.00 (VIOLATED)
i_croc_soc/i_croc/i_core_wrap/i_ibex.cs_registers_i/gen_trigger_regs.g_dbg_tmatch_reg[0].u_tmatch_value_csr.rd_data_o_6__reg/Q_N    0.00    0.00   -0.00 (VIOLATED)
i_croc_soc/i_croc/i_core_wrap/i_ibex.cs_registers_i/gen_trigger_regs.g_dbg_tmatch_reg[0].u_tmatch_value_csr.rd_data_o_7__reg/Q_N    0.00    0.00   -0.00 (VIOLATED)
i_croc_soc/i_croc/i_core_wrap/i_ibex.cs_registers_i/gen_trigger_regs.g_dbg_tmatch_reg[0].u_tmatch_value_csr.rd_data_o_8__reg/Q_N    0.00    0.00   -0.00 (VIOLATED)
i_croc_soc/i_croc/i_core_wrap/i_ibex.cs_registers_i/gen_trigger_regs.g_dbg_tmatch_reg[0].u_tmatch_value_csr.rd_data_o_9__reg/Q_N    0.00    0.00   -0.00 (VIOLATED)
i_croc_soc/i_croc/i_core_wrap/i_ibex.cs_registers_i/mcause_q_0__reg/Q_N    0.00    0.00   -0.00 (VIOLATED)
i_croc_soc/i_croc/i_core_wrap/i_ibex.cs_registers_i/mcause_q_1__reg/Q_N    0.00    0.00   -0.00 (VIOLATED)
i_croc_soc/i_croc/i_core_wrap/i_ibex.cs_registers_i/mcause_q_2__reg/Q_N    0.00    0.00   -0.00 (VIOLATED)
i_croc_soc/i_croc/i_core_wrap/i_ibex.cs_registers_i/mcause_q_3__reg/Q_N    0.00    0.00   -0.00 (VIOLATED)
i_croc_soc/i_croc/i_core_wrap/i_ibex.cs_registers_i/mcause_q_4__reg/Q_N    0.00    0.00   -0.00 (VIOLATED)
i_croc_soc/i_croc/i_core_wrap/i_ibex.cs_registers_i/mcause_q_5__reg/Q_N    0.00    0.00   -0.00 (VIOLATED)
i_croc_soc/i_croc/i_core_wrap/i_ibex.cs_registers_i/mcause_q_6__reg/Q_N    0.00    0.00   -0.00 (VIOLATED)
i_croc_soc/i_croc/i_core_wrap/i_ibex.cs_registers_i/mcycle_counter_i.counter_val_o_10__reg/Q_N    0.00    0.00   -0.00 (VIOLATED)
i_croc_soc/i_croc/i_core_wrap/i_ibex.cs_registers_i/mcycle_counter_i.counter_val_o_11__reg/Q_N    0.00    0.00   -0.00 (VIOLATED)
i_croc_soc/i_croc/i_core_wrap/i_ibex.cs_registers_i/mcycle_counter_i.counter_val_o_12__reg/Q_N    0.00    0.00   -0.00 (VIOLATED)
i_croc_soc/i_croc/i_core_wrap/i_ibex.cs_registers_i/mcycle_counter_i.counter_val_o_13__reg/Q_N    0.00    0.00   -0.00 (VIOLATED)
i_croc_soc/i_croc/i_core_wrap/i_ibex.cs_registers_i/mcycle_counter_i.counter_val_o_14__reg/Q_N    0.00    0.00   -0.00 (VIOLATED)
i_croc_soc/i_croc/i_core_wrap/i_ibex.cs_registers_i/mcycle_counter_i.counter_val_o_15__reg/Q_N    0.00    0.00   -0.00 (VIOLATED)
i_croc_soc/i_croc/i_core_wrap/i_ibex.cs_registers_i/mcycle_counter_i.counter_val_o_16__reg/Q_N    0.00    0.00   -0.00 (VIOLATED)
i_croc_soc/i_croc/i_core_wrap/i_ibex.cs_registers_i/mcycle_counter_i.counter_val_o_17__reg/Q_N    0.00    0.00   -0.00 (VIOLATED)
i_croc_soc/i_croc/i_core_wrap/i_ibex.cs_registers_i/mcycle_counter_i.counter_val_o_18__reg/Q_N    0.00    0.00   -0.00 (VIOLATED)
i_croc_soc/i_croc/i_core_wrap/i_ibex.cs_registers_i/mcycle_counter_i.counter_val_o_19__reg/Q_N    0.00    0.00   -0.00 (VIOLATED)
i_croc_soc/i_croc/i_core_wrap/i_ibex.cs_registers_i/mcycle_counter_i.counter_val_o_1__reg/Q_N    0.00    0.00   -0.00 (VIOLATED)
i_croc_soc/i_croc/i_core_wrap/i_ibex.cs_registers_i/mcycle_counter_i.counter_val_o_20__reg/Q_N    0.00    0.00   -0.00 (VIOLATED)
i_croc_soc/i_croc/i_core_wrap/i_ibex.cs_registers_i/mcycle_counter_i.counter_val_o_21__reg/Q_N    0.00    0.00   -0.00 (VIOLATED)
i_croc_soc/i_croc/i_core_wrap/i_ibex.cs_registers_i/mcycle_counter_i.counter_val_o_22__reg/Q_N    0.00    0.00   -0.00 (VIOLATED)
i_croc_soc/i_croc/i_core_wrap/i_ibex.cs_registers_i/mcycle_counter_i.counter_val_o_23__reg/Q_N    0.00    0.00   -0.00 (VIOLATED)
i_croc_soc/i_croc/i_core_wrap/i_ibex.cs_registers_i/mcycle_counter_i.counter_val_o_24__reg/Q_N    0.00    0.00   -0.00 (VIOLATED)
i_croc_soc/i_croc/i_core_wrap/i_ibex.cs_registers_i/mcycle_counter_i.counter_val_o_25__reg/Q_N    0.00    0.00   -0.00 (VIOLATED)
i_croc_soc/i_croc/i_core_wrap/i_ibex.cs_registers_i/mcycle_counter_i.counter_val_o_26__reg/Q_N    0.00    0.00   -0.00 (VIOLATED)
i_croc_soc/i_croc/i_core_wrap/i_ibex.cs_registers_i/mcycle_counter_i.counter_val_o_27__reg/Q_N    0.00    0.00   -0.00 (VIOLATED)
i_croc_soc/i_croc/i_core_wrap/i_ibex.cs_registers_i/mcycle_counter_i.counter_val_o_28__reg/Q_N    0.00    0.00   -0.00 (VIOLATED)
i_croc_soc/i_croc/i_core_wrap/i_ibex.cs_registers_i/mcycle_counter_i.counter_val_o_29__reg/Q_N    0.00    0.00   -0.00 (VIOLATED)
i_croc_soc/i_croc/i_core_wrap/i_ibex.cs_registers_i/mcycle_counter_i.counter_val_o_2__reg/Q_N    0.00    0.00   -0.00 (VIOLATED)
i_croc_soc/i_croc/i_core_wrap/i_ibex.cs_registers_i/mcycle_counter_i.counter_val_o_30__reg/Q_N    0.00    0.00   -0.00 (VIOLATED)
i_croc_soc/i_croc/i_core_wrap/i_ibex.cs_registers_i/mcycle_counter_i.counter_val_o_31__reg/Q_N    0.00    0.00   -0.00 (VIOLATED)
i_croc_soc/i_croc/i_core_wrap/i_ibex.cs_registers_i/mcycle_counter_i.counter_val_o_32__reg/Q_N    0.00    0.00   -0.00 (VIOLATED)
i_croc_soc/i_croc/i_core_wrap/i_ibex.cs_registers_i/mcycle_counter_i.counter_val_o_33__reg/Q_N    0.00    0.00   -0.00 (VIOLATED)
i_croc_soc/i_croc/i_core_wrap/i_ibex.cs_registers_i/mcycle_counter_i.counter_val_o_34__reg/Q_N    0.00    0.00   -0.00 (VIOLATED)
i_croc_soc/i_croc/i_core_wrap/i_ibex.cs_registers_i/mcycle_counter_i.counter_val_o_35__reg/Q_N    0.00    0.00   -0.00 (VIOLATED)
i_croc_soc/i_croc/i_core_wrap/i_ibex.cs_registers_i/mcycle_counter_i.counter_val_o_36__reg/Q_N    0.00    0.00   -0.00 (VIOLATED)
i_croc_soc/i_croc/i_core_wrap/i_ibex.cs_registers_i/mcycle_counter_i.counter_val_o_37__reg/Q_N    0.00    0.00   -0.00 (VIOLATED)
i_croc_soc/i_croc/i_core_wrap/i_ibex.cs_registers_i/mcycle_counter_i.counter_val_o_38__reg/Q_N    0.00    0.00   -0.00 (VIOLATED)
i_croc_soc/i_croc/i_core_wrap/i_ibex.cs_registers_i/mcycle_counter_i.counter_val_o_39__reg/Q_N    0.00    0.00   -0.00 (VIOLATED)
i_croc_soc/i_croc/i_core_wrap/i_ibex.cs_registers_i/mcycle_counter_i.counter_val_o_3__reg/Q_N    0.00    0.00   -0.00 (VIOLATED)
i_croc_soc/i_croc/i_core_wrap/i_ibex.cs_registers_i/mcycle_counter_i.counter_val_o_40__reg/Q_N    0.00    0.00   -0.00 (VIOLATED)
i_croc_soc/i_croc/i_core_wrap/i_ibex.cs_registers_i/mcycle_counter_i.counter_val_o_41__reg/Q_N    0.00    0.00   -0.00 (VIOLATED)
i_croc_soc/i_croc/i_core_wrap/i_ibex.cs_registers_i/mcycle_counter_i.counter_val_o_42__reg/Q_N    0.00    0.00   -0.00 (VIOLATED)
i_croc_soc/i_croc/i_core_wrap/i_ibex.cs_registers_i/mcycle_counter_i.counter_val_o_43__reg/Q_N    0.00    0.00   -0.00 (VIOLATED)
i_croc_soc/i_croc/i_core_wrap/i_ibex.cs_registers_i/mcycle_counter_i.counter_val_o_44__reg/Q_N    0.00    0.00   -0.00 (VIOLATED)
i_croc_soc/i_croc/i_core_wrap/i_ibex.cs_registers_i/mcycle_counter_i.counter_val_o_45__reg/Q_N    0.00    0.00   -0.00 (VIOLATED)
i_croc_soc/i_croc/i_core_wrap/i_ibex.cs_registers_i/mcycle_counter_i.counter_val_o_46__reg/Q_N    0.00    0.00   -0.00 (VIOLATED)
i_croc_soc/i_croc/i_core_wrap/i_ibex.cs_registers_i/mcycle_counter_i.counter_val_o_47__reg/Q_N    0.00    0.00   -0.00 (VIOLATED)
i_croc_soc/i_croc/i_core_wrap/i_ibex.cs_registers_i/mcycle_counter_i.counter_val_o_48__reg/Q_N    0.00    0.00   -0.00 (VIOLATED)
i_croc_soc/i_croc/i_core_wrap/i_ibex.cs_registers_i/mcycle_counter_i.counter_val_o_49__reg/Q_N    0.00    0.00   -0.00 (VIOLATED)
i_croc_soc/i_croc/i_core_wrap/i_ibex.cs_registers_i/mcycle_counter_i.counter_val_o_4__reg/Q_N    0.00    0.00   -0.00 (VIOLATED)
i_croc_soc/i_croc/i_core_wrap/i_ibex.cs_registers_i/mcycle_counter_i.counter_val_o_50__reg/Q_N    0.00    0.00   -0.00 (VIOLATED)
i_croc_soc/i_croc/i_core_wrap/i_ibex.cs_registers_i/mcycle_counter_i.counter_val_o_51__reg/Q_N    0.00    0.00   -0.00 (VIOLATED)
i_croc_soc/i_croc/i_core_wrap/i_ibex.cs_registers_i/mcycle_counter_i.counter_val_o_52__reg/Q_N    0.00    0.00   -0.00 (VIOLATED)
i_croc_soc/i_croc/i_core_wrap/i_ibex.cs_registers_i/mcycle_counter_i.counter_val_o_53__reg/Q_N    0.00    0.00   -0.00 (VIOLATED)
i_croc_soc/i_croc/i_core_wrap/i_ibex.cs_registers_i/mcycle_counter_i.counter_val_o_54__reg/Q_N    0.00    0.00   -0.00 (VIOLATED)
i_croc_soc/i_croc/i_core_wrap/i_ibex.cs_registers_i/mcycle_counter_i.counter_val_o_55__reg/Q_N    0.00    0.00   -0.00 (VIOLATED)
i_croc_soc/i_croc/i_core_wrap/i_ibex.cs_registers_i/mcycle_counter_i.counter_val_o_56__reg/Q_N    0.00    0.00   -0.00 (VIOLATED)
i_croc_soc/i_croc/i_core_wrap/i_ibex.cs_registers_i/mcycle_counter_i.counter_val_o_57__reg/Q_N    0.00    0.00   -0.00 (VIOLATED)
i_croc_soc/i_croc/i_core_wrap/i_ibex.cs_registers_i/mcycle_counter_i.counter_val_o_58__reg/Q_N    0.00    0.00   -0.00 (VIOLATED)
i_croc_soc/i_croc/i_core_wrap/i_ibex.cs_registers_i/mcycle_counter_i.counter_val_o_59__reg/Q_N    0.00    0.00   -0.00 (VIOLATED)
i_croc_soc/i_croc/i_core_wrap/i_ibex.cs_registers_i/mcycle_counter_i.counter_val_o_5__reg/Q_N    0.00    0.00   -0.00 (VIOLATED)
i_croc_soc/i_croc/i_core_wrap/i_ibex.cs_registers_i/mcycle_counter_i.counter_val_o_60__reg/Q_N    0.00    0.00   -0.00 (VIOLATED)
i_croc_soc/i_croc/i_core_wrap/i_ibex.cs_registers_i/mcycle_counter_i.counter_val_o_61__reg/Q_N    0.00    0.00   -0.00 (VIOLATED)
i_croc_soc/i_croc/i_core_wrap/i_ibex.cs_registers_i/mcycle_counter_i.counter_val_o_62__reg/Q_N    0.00    0.00   -0.00 (VIOLATED)
i_croc_soc/i_croc/i_core_wrap/i_ibex.cs_registers_i/mcycle_counter_i.counter_val_o_63__reg/Q_N    0.00    0.00   -0.00 (VIOLATED)
i_croc_soc/i_croc/i_core_wrap/i_ibex.cs_registers_i/mcycle_counter_i.counter_val_o_6__reg/Q_N    0.00    0.00   -0.00 (VIOLATED)
i_croc_soc/i_croc/i_core_wrap/i_ibex.cs_registers_i/mcycle_counter_i.counter_val_o_7__reg/Q_N    0.00    0.00   -0.00 (VIOLATED)
i_croc_soc/i_croc/i_core_wrap/i_ibex.cs_registers_i/mcycle_counter_i.counter_val_o_8__reg/Q_N    0.00    0.00   -0.00 (VIOLATED)
i_croc_soc/i_croc/i_core_wrap/i_ibex.cs_registers_i/mcycle_counter_i.counter_val_o_9__reg/Q_N    0.00    0.00   -0.00 (VIOLATED)
i_croc_soc/i_croc/i_core_wrap/i_ibex.cs_registers_i/mhpmcounter_1857__reg/Q_N    0.00    0.00   -0.00 (VIOLATED)
i_croc_soc/i_croc/i_core_wrap/i_ibex.cs_registers_i/mhpmcounter_1858__reg/Q_N    0.00    0.00   -0.00 (VIOLATED)
i_croc_soc/i_croc/i_core_wrap/i_ibex.cs_registers_i/mhpmcounter_1859__reg/Q_N    0.00    0.00   -0.00 (VIOLATED)
i_croc_soc/i_croc/i_core_wrap/i_ibex.cs_registers_i/mhpmcounter_1860__reg/Q_N    0.00    0.00   -0.00 (VIOLATED)
i_croc_soc/i_croc/i_core_wrap/i_ibex.cs_registers_i/mhpmcounter_1861__reg/Q_N    0.00    0.00   -0.00 (VIOLATED)
i_croc_soc/i_croc/i_core_wrap/i_ibex.cs_registers_i/mhpmcounter_1862__reg/Q_N    0.00    0.00   -0.00 (VIOLATED)
i_croc_soc/i_croc/i_core_wrap/i_ibex.cs_registers_i/mhpmcounter_1863__reg/Q_N    0.00    0.00   -0.00 (VIOLATED)
i_croc_soc/i_croc/i_core_wrap/i_ibex.cs_registers_i/mhpmcounter_1864__reg/Q_N    0.00    0.00   -0.00 (VIOLATED)
i_croc_soc/i_croc/i_core_wrap/i_ibex.cs_registers_i/mhpmcounter_1865__reg/Q_N    0.00    0.00   -0.00 (VIOLATED)
i_croc_soc/i_croc/i_core_wrap/i_ibex.cs_registers_i/mhpmcounter_1866__reg/Q_N    0.00    0.00   -0.00 (VIOLATED)
i_croc_soc/i_croc/i_core_wrap/i_ibex.cs_registers_i/mhpmcounter_1867__reg/Q_N    0.00    0.00   -0.00 (VIOLATED)
i_croc_soc/i_croc/i_core_wrap/i_ibex.cs_registers_i/mhpmcounter_1868__reg/Q_N    0.00    0.00   -0.00 (VIOLATED)
i_croc_soc/i_croc/i_core_wrap/i_ibex.cs_registers_i/mhpmcounter_1869__reg/Q_N    0.00    0.00   -0.00 (VIOLATED)
i_croc_soc/i_croc/i_core_wrap/i_ibex.cs_registers_i/mhpmcounter_1870__reg/Q_N    0.00    0.00   -0.00 (VIOLATED)
i_croc_soc/i_croc/i_core_wrap/i_ibex.cs_registers_i/mhpmcounter_1871__reg/Q_N    0.00    0.00   -0.00 (VIOLATED)
i_croc_soc/i_croc/i_core_wrap/i_ibex.cs_registers_i/mhpmcounter_1872__reg/Q_N    0.00    0.00   -0.00 (VIOLATED)
i_croc_soc/i_croc/i_core_wrap/i_ibex.cs_registers_i/mhpmcounter_1873__reg/Q_N    0.00    0.00   -0.00 (VIOLATED)
i_croc_soc/i_croc/i_core_wrap/i_ibex.cs_registers_i/mhpmcounter_1874__reg/Q_N    0.00    0.00   -0.00 (VIOLATED)
i_croc_soc/i_croc/i_core_wrap/i_ibex.cs_registers_i/mhpmcounter_1875__reg/Q_N    0.00    0.00   -0.00 (VIOLATED)
i_croc_soc/i_croc/i_core_wrap/i_ibex.cs_registers_i/mhpmcounter_1876__reg/Q_N    0.00    0.00   -0.00 (VIOLATED)
i_croc_soc/i_croc/i_core_wrap/i_ibex.cs_registers_i/mhpmcounter_1877__reg/Q_N    0.00    0.00   -0.00 (VIOLATED)
i_croc_soc/i_croc/i_core_wrap/i_ibex.cs_registers_i/mhpmcounter_1878__reg/Q_N    0.00    0.00   -0.00 (VIOLATED)
i_croc_soc/i_croc/i_core_wrap/i_ibex.cs_registers_i/mhpmcounter_1879__reg/Q_N    0.00    0.00   -0.00 (VIOLATED)
i_croc_soc/i_croc/i_core_wrap/i_ibex.cs_registers_i/mhpmcounter_1880__reg/Q_N    0.00    0.00   -0.00 (VIOLATED)
i_croc_soc/i_croc/i_core_wrap/i_ibex.cs_registers_i/mhpmcounter_1881__reg/Q_N    0.00    0.00   -0.00 (VIOLATED)
i_croc_soc/i_croc/i_core_wrap/i_ibex.cs_registers_i/mhpmcounter_1882__reg/Q_N    0.00    0.00   -0.00 (VIOLATED)
i_croc_soc/i_croc/i_core_wrap/i_ibex.cs_registers_i/mhpmcounter_1883__reg/Q_N    0.00    0.00   -0.00 (VIOLATED)
i_croc_soc/i_croc/i_core_wrap/i_ibex.cs_registers_i/mhpmcounter_1884__reg/Q_N    0.00    0.00   -0.00 (VIOLATED)
i_croc_soc/i_croc/i_core_wrap/i_ibex.cs_registers_i/mhpmcounter_1885__reg/Q_N    0.00    0.00   -0.00 (VIOLATED)
i_croc_soc/i_croc/i_core_wrap/i_ibex.cs_registers_i/mhpmcounter_1886__reg/Q_N    0.00    0.00   -0.00 (VIOLATED)
i_croc_soc/i_croc/i_core_wrap/i_ibex.cs_registers_i/mhpmcounter_1887__reg/Q_N    0.00    0.00   -0.00 (VIOLATED)
i_croc_soc/i_croc/i_core_wrap/i_ibex.cs_registers_i/mhpmcounter_1888__reg/Q_N    0.00    0.00   -0.00 (VIOLATED)
i_croc_soc/i_croc/i_core_wrap/i_ibex.cs_registers_i/mhpmcounter_1889__reg/Q_N    0.00    0.00   -0.00 (VIOLATED)
i_croc_soc/i_croc/i_core_wrap/i_ibex.cs_registers_i/mhpmcounter_1890__reg/Q_N    0.00    0.00   -0.00 (VIOLATED)
i_croc_soc/i_croc/i_core_wrap/i_ibex.cs_registers_i/mhpmcounter_1891__reg/Q_N    0.00    0.00   -0.00 (VIOLATED)
i_croc_soc/i_croc/i_core_wrap/i_ibex.cs_registers_i/mhpmcounter_1892__reg/Q_N    0.00    0.00   -0.00 (VIOLATED)
i_croc_soc/i_croc/i_core_wrap/i_ibex.cs_registers_i/mhpmcounter_1893__reg/Q_N    0.00    0.00   -0.00 (VIOLATED)
i_croc_soc/i_croc/i_core_wrap/i_ibex.cs_registers_i/mhpmcounter_1894__reg/Q_N    0.00    0.00   -0.00 (VIOLATED)
i_croc_soc/i_croc/i_core_wrap/i_ibex.cs_registers_i/mhpmcounter_1895__reg/Q_N    0.00    0.00   -0.00 (VIOLATED)
i_croc_soc/i_croc/i_core_wrap/i_ibex.cs_registers_i/mhpmcounter_1896__reg/Q_N    0.00    0.00   -0.00 (VIOLATED)
i_croc_soc/i_croc/i_core_wrap/i_ibex.cs_registers_i/mhpmcounter_1897__reg/Q_N    0.00    0.00   -0.00 (VIOLATED)
i_croc_soc/i_croc/i_core_wrap/i_ibex.cs_registers_i/mhpmcounter_1898__reg/Q_N    0.00    0.00   -0.00 (VIOLATED)
i_croc_soc/i_croc/i_core_wrap/i_ibex.cs_registers_i/mhpmcounter_1899__reg/Q_N    0.00    0.00   -0.00 (VIOLATED)
i_croc_soc/i_croc/i_core_wrap/i_ibex.cs_registers_i/mhpmcounter_1900__reg/Q_N    0.00    0.00   -0.00 (VIOLATED)
i_croc_soc/i_croc/i_core_wrap/i_ibex.cs_registers_i/mhpmcounter_1901__reg/Q_N    0.00    0.00   -0.00 (VIOLATED)
i_croc_soc/i_croc/i_core_wrap/i_ibex.cs_registers_i/mhpmcounter_1902__reg/Q_N    0.00    0.00   -0.00 (VIOLATED)
i_croc_soc/i_croc/i_core_wrap/i_ibex.cs_registers_i/mhpmcounter_1903__reg/Q_N    0.00    0.00   -0.00 (VIOLATED)
i_croc_soc/i_croc/i_core_wrap/i_ibex.cs_registers_i/mhpmcounter_1904__reg/Q_N    0.00    0.00   -0.00 (VIOLATED)
i_croc_soc/i_croc/i_core_wrap/i_ibex.cs_registers_i/mhpmcounter_1905__reg/Q_N    0.00    0.00   -0.00 (VIOLATED)
i_croc_soc/i_croc/i_core_wrap/i_ibex.cs_registers_i/mhpmcounter_1906__reg/Q_N    0.00    0.00   -0.00 (VIOLATED)
i_croc_soc/i_croc/i_core_wrap/i_ibex.cs_registers_i/mhpmcounter_1907__reg/Q_N    0.00    0.00   -0.00 (VIOLATED)
i_croc_soc/i_croc/i_core_wrap/i_ibex.cs_registers_i/mhpmcounter_1908__reg/Q_N    0.00    0.00   -0.00 (VIOLATED)
i_croc_soc/i_croc/i_core_wrap/i_ibex.cs_registers_i/mhpmcounter_1909__reg/Q_N    0.00    0.00   -0.00 (VIOLATED)
i_croc_soc/i_croc/i_core_wrap/i_ibex.cs_registers_i/mhpmcounter_1910__reg/Q_N    0.00    0.00   -0.00 (VIOLATED)
i_croc_soc/i_croc/i_core_wrap/i_ibex.cs_registers_i/mhpmcounter_1911__reg/Q_N    0.00    0.00   -0.00 (VIOLATED)
i_croc_soc/i_croc/i_core_wrap/i_ibex.cs_registers_i/mhpmcounter_1912__reg/Q_N    0.00    0.00   -0.00 (VIOLATED)
i_croc_soc/i_croc/i_core_wrap/i_ibex.cs_registers_i/mhpmcounter_1913__reg/Q_N    0.00    0.00   -0.00 (VIOLATED)
i_croc_soc/i_croc/i_core_wrap/i_ibex.cs_registers_i/mhpmcounter_1914__reg/Q_N    0.00    0.00   -0.00 (VIOLATED)
i_croc_soc/i_croc/i_core_wrap/i_ibex.cs_registers_i/mhpmcounter_1915__reg/Q_N    0.00    0.00   -0.00 (VIOLATED)
i_croc_soc/i_croc/i_core_wrap/i_ibex.cs_registers_i/mhpmcounter_1916__reg/Q_N    0.00    0.00   -0.00 (VIOLATED)
i_croc_soc/i_croc/i_core_wrap/i_ibex.cs_registers_i/mhpmcounter_1917__reg/Q_N    0.00    0.00   -0.00 (VIOLATED)
i_croc_soc/i_croc/i_core_wrap/i_ibex.cs_registers_i/mhpmcounter_1918__reg/Q_N    0.00    0.00   -0.00 (VIOLATED)
i_croc_soc/i_croc/i_core_wrap/i_ibex.cs_registers_i/mhpmcounter_1919__reg/Q_N    0.00    0.00   -0.00 (VIOLATED)
i_croc_soc/i_croc/i_core_wrap/i_ibex.cs_registers_i/mie_q_0__reg/Q_N    0.00    0.00   -0.00 (VIOLATED)
i_croc_soc/i_croc/i_core_wrap/i_ibex.cs_registers_i/mie_q_10__reg/Q_N    0.00    0.00   -0.00 (VIOLATED)
i_croc_soc/i_croc/i_core_wrap/i_ibex.cs_registers_i/mie_q_11__reg/Q_N    0.00    0.00   -0.00 (VIOLATED)
i_croc_soc/i_croc/i_core_wrap/i_ibex.cs_registers_i/mie_q_12__reg/Q_N    0.00    0.00   -0.00 (VIOLATED)
i_croc_soc/i_croc/i_core_wrap/i_ibex.cs_registers_i/mie_q_13__reg/Q_N    0.00    0.00   -0.00 (VIOLATED)
i_croc_soc/i_croc/i_core_wrap/i_ibex.cs_registers_i/mie_q_14__reg/Q_N    0.00    0.00   -0.00 (VIOLATED)
i_croc_soc/i_croc/i_core_wrap/i_ibex.cs_registers_i/mie_q_15__reg/Q_N    0.00    0.00   -0.00 (VIOLATED)
i_croc_soc/i_croc/i_core_wrap/i_ibex.cs_registers_i/mie_q_16__reg/Q_N    0.00    0.00   -0.00 (VIOLATED)
i_croc_soc/i_croc/i_core_wrap/i_ibex.cs_registers_i/mie_q_17__reg/Q_N    0.00    0.00   -0.00 (VIOLATED)
i_croc_soc/i_croc/i_core_wrap/i_ibex.cs_registers_i/mie_q_18__reg/Q_N    0.00    0.00   -0.00 (VIOLATED)
i_croc_soc/i_croc/i_core_wrap/i_ibex.cs_registers_i/mie_q_1__reg/Q_N    0.00    0.00   -0.00 (VIOLATED)
i_croc_soc/i_croc/i_core_wrap/i_ibex.cs_registers_i/mie_q_2__reg/Q_N    0.00    0.00   -0.00 (VIOLATED)
i_croc_soc/i_croc/i_core_wrap/i_ibex.cs_registers_i/mie_q_3__reg/Q_N    0.00    0.00   -0.00 (VIOLATED)
i_croc_soc/i_croc/i_core_wrap/i_ibex.cs_registers_i/mie_q_4__reg/Q_N    0.00    0.00   -0.00 (VIOLATED)
i_croc_soc/i_croc/i_core_wrap/i_ibex.cs_registers_i/mie_q_5__reg/Q_N    0.00    0.00   -0.00 (VIOLATED)
i_croc_soc/i_croc/i_core_wrap/i_ibex.cs_registers_i/mie_q_6__reg/Q_N    0.00    0.00   -0.00 (VIOLATED)
i_croc_soc/i_croc/i_core_wrap/i_ibex.cs_registers_i/mie_q_7__reg/Q_N    0.00    0.00   -0.00 (VIOLATED)
i_croc_soc/i_croc/i_core_wrap/i_ibex.cs_registers_i/mie_q_8__reg/Q_N    0.00    0.00   -0.00 (VIOLATED)
i_croc_soc/i_croc/i_core_wrap/i_ibex.cs_registers_i/mie_q_9__reg/Q_N    0.00    0.00   -0.00 (VIOLATED)
i_croc_soc/i_croc/i_core_wrap/i_ibex.cs_registers_i/mscratch_q_0__reg/Q_N    0.00    0.00   -0.00 (VIOLATED)
i_croc_soc/i_croc/i_core_wrap/i_ibex.cs_registers_i/mscratch_q_10__reg/Q_N    0.00    0.00   -0.00 (VIOLATED)
i_croc_soc/i_croc/i_core_wrap/i_ibex.cs_registers_i/mscratch_q_11__reg/Q_N    0.00    0.00   -0.00 (VIOLATED)
i_croc_soc/i_croc/i_core_wrap/i_ibex.cs_registers_i/mscratch_q_12__reg/Q_N    0.00    0.00   -0.00 (VIOLATED)
i_croc_soc/i_croc/i_core_wrap/i_ibex.cs_registers_i/mscratch_q_13__reg/Q_N    0.00    0.00   -0.00 (VIOLATED)
i_croc_soc/i_croc/i_core_wrap/i_ibex.cs_registers_i/mscratch_q_14__reg/Q_N    0.00    0.00   -0.00 (VIOLATED)
i_croc_soc/i_croc/i_core_wrap/i_ibex.cs_registers_i/mscratch_q_15__reg/Q_N    0.00    0.00   -0.00 (VIOLATED)
i_croc_soc/i_croc/i_core_wrap/i_ibex.cs_registers_i/mscratch_q_16__reg/Q_N    0.00    0.00   -0.00 (VIOLATED)
i_croc_soc/i_croc/i_core_wrap/i_ibex.cs_registers_i/mscratch_q_17__reg/Q_N    0.00    0.00   -0.00 (VIOLATED)
i_croc_soc/i_croc/i_core_wrap/i_ibex.cs_registers_i/mscratch_q_18__reg/Q_N    0.00    0.00   -0.00 (VIOLATED)
i_croc_soc/i_croc/i_core_wrap/i_ibex.cs_registers_i/mscratch_q_19__reg/Q_N    0.00    0.00   -0.00 (VIOLATED)
i_croc_soc/i_croc/i_core_wrap/i_ibex.cs_registers_i/mscratch_q_1__reg/Q_N    0.00    0.00   -0.00 (VIOLATED)
i_croc_soc/i_croc/i_core_wrap/i_ibex.cs_registers_i/mscratch_q_20__reg/Q_N    0.00    0.00   -0.00 (VIOLATED)
i_croc_soc/i_croc/i_core_wrap/i_ibex.cs_registers_i/mscratch_q_21__reg/Q_N    0.00    0.00   -0.00 (VIOLATED)
i_croc_soc/i_croc/i_core_wrap/i_ibex.cs_registers_i/mscratch_q_22__reg/Q_N    0.00    0.00   -0.00 (VIOLATED)
i_croc_soc/i_croc/i_core_wrap/i_ibex.cs_registers_i/mscratch_q_23__reg/Q_N    0.00    0.00   -0.00 (VIOLATED)
i_croc_soc/i_croc/i_core_wrap/i_ibex.cs_registers_i/mscratch_q_24__reg/Q_N    0.00    0.00   -0.00 (VIOLATED)
i_croc_soc/i_croc/i_core_wrap/i_ibex.cs_registers_i/mscratch_q_25__reg/Q_N    0.00    0.00   -0.00 (VIOLATED)
i_croc_soc/i_croc/i_core_wrap/i_ibex.cs_registers_i/mscratch_q_26__reg/Q_N    0.00    0.00   -0.00 (VIOLATED)
i_croc_soc/i_croc/i_core_wrap/i_ibex.cs_registers_i/mscratch_q_27__reg/Q_N    0.00    0.00   -0.00 (VIOLATED)
i_croc_soc/i_croc/i_core_wrap/i_ibex.cs_registers_i/mscratch_q_28__reg/Q_N    0.00    0.00   -0.00 (VIOLATED)
i_croc_soc/i_croc/i_core_wrap/i_ibex.cs_registers_i/mscratch_q_29__reg/Q_N    0.00    0.00   -0.00 (VIOLATED)
i_croc_soc/i_croc/i_core_wrap/i_ibex.cs_registers_i/mscratch_q_2__reg/Q_N    0.00    0.00   -0.00 (VIOLATED)
i_croc_soc/i_croc/i_core_wrap/i_ibex.cs_registers_i/mscratch_q_30__reg/Q_N    0.00    0.00   -0.00 (VIOLATED)
i_croc_soc/i_croc/i_core_wrap/i_ibex.cs_registers_i/mscratch_q_31__reg/Q_N    0.00    0.00   -0.00 (VIOLATED)
i_croc_soc/i_croc/i_core_wrap/i_ibex.cs_registers_i/mscratch_q_3__reg/Q_N    0.00    0.00   -0.00 (VIOLATED)
i_croc_soc/i_croc/i_core_wrap/i_ibex.cs_registers_i/mscratch_q_4__reg/Q_N    0.00    0.00   -0.00 (VIOLATED)
i_croc_soc/i_croc/i_core_wrap/i_ibex.cs_registers_i/mscratch_q_5__reg/Q_N    0.00    0.00   -0.00 (VIOLATED)
i_croc_soc/i_croc/i_core_wrap/i_ibex.cs_registers_i/mscratch_q_6__reg/Q_N    0.00    0.00   -0.00 (VIOLATED)
i_croc_soc/i_croc/i_core_wrap/i_ibex.cs_registers_i/mscratch_q_7__reg/Q_N    0.00    0.00   -0.00 (VIOLATED)
i_croc_soc/i_croc/i_core_wrap/i_ibex.cs_registers_i/mscratch_q_8__reg/Q_N    0.00    0.00   -0.00 (VIOLATED)
i_croc_soc/i_croc/i_core_wrap/i_ibex.cs_registers_i/mscratch_q_9__reg/Q_N    0.00    0.00   -0.00 (VIOLATED)
i_croc_soc/i_croc/i_core_wrap/i_ibex.cs_registers_i/mstack_cause_q_0__reg/Q_N    0.00    0.00   -0.00 (VIOLATED)
i_croc_soc/i_croc/i_core_wrap/i_ibex.cs_registers_i/mstack_cause_q_1__reg/Q_N    0.00    0.00   -0.00 (VIOLATED)
i_croc_soc/i_croc/i_core_wrap/i_ibex.cs_registers_i/mstack_cause_q_2__reg/Q_N    0.00    0.00   -0.00 (VIOLATED)
i_croc_soc/i_croc/i_core_wrap/i_ibex.cs_registers_i/mstack_cause_q_3__reg/Q_N    0.00    0.00   -0.00 (VIOLATED)
i_croc_soc/i_croc/i_core_wrap/i_ibex.cs_registers_i/mstack_cause_q_4__reg/Q_N    0.00    0.00   -0.00 (VIOLATED)
i_croc_soc/i_croc/i_core_wrap/i_ibex.cs_registers_i/mstack_cause_q_5__reg/Q_N    0.00    0.00   -0.00 (VIOLATED)
i_croc_soc/i_croc/i_core_wrap/i_ibex.cs_registers_i/mstack_cause_q_6__reg/Q_N    0.00    0.00   -0.00 (VIOLATED)
i_croc_soc/i_croc/i_core_wrap/i_ibex.cs_registers_i/mstack_epc_q_0__reg/Q_N    0.00    0.00   -0.00 (VIOLATED)
i_croc_soc/i_croc/i_core_wrap/i_ibex.cs_registers_i/mstack_epc_q_10__reg/Q_N    0.00    0.00   -0.00 (VIOLATED)
i_croc_soc/i_croc/i_core_wrap/i_ibex.cs_registers_i/mstack_epc_q_11__reg/Q_N    0.00    0.00   -0.00 (VIOLATED)
i_croc_soc/i_croc/i_core_wrap/i_ibex.cs_registers_i/mstack_epc_q_12__reg/Q_N    0.00    0.00   -0.00 (VIOLATED)
i_croc_soc/i_croc/i_core_wrap/i_ibex.cs_registers_i/mstack_epc_q_13__reg/Q_N    0.00    0.00   -0.00 (VIOLATED)
i_croc_soc/i_croc/i_core_wrap/i_ibex.cs_registers_i/mstack_epc_q_14__reg/Q_N    0.00    0.00   -0.00 (VIOLATED)
i_croc_soc/i_croc/i_core_wrap/i_ibex.cs_registers_i/mstack_epc_q_15__reg/Q_N    0.00    0.00   -0.00 (VIOLATED)
i_croc_soc/i_croc/i_core_wrap/i_ibex.cs_registers_i/mstack_epc_q_16__reg/Q_N    0.00    0.00   -0.00 (VIOLATED)
i_croc_soc/i_croc/i_core_wrap/i_ibex.cs_registers_i/mstack_epc_q_17__reg/Q_N    0.00    0.00   -0.00 (VIOLATED)
i_croc_soc/i_croc/i_core_wrap/i_ibex.cs_registers_i/mstack_epc_q_18__reg/Q_N    0.00    0.00   -0.00 (VIOLATED)
i_croc_soc/i_croc/i_core_wrap/i_ibex.cs_registers_i/mstack_epc_q_19__reg/Q_N    0.00    0.00   -0.00 (VIOLATED)
i_croc_soc/i_croc/i_core_wrap/i_ibex.cs_registers_i/mstack_epc_q_1__reg/Q_N    0.00    0.00   -0.00 (VIOLATED)
i_croc_soc/i_croc/i_core_wrap/i_ibex.cs_registers_i/mstack_epc_q_20__reg/Q_N    0.00    0.00   -0.00 (VIOLATED)
i_croc_soc/i_croc/i_core_wrap/i_ibex.cs_registers_i/mstack_epc_q_21__reg/Q_N    0.00    0.00   -0.00 (VIOLATED)
i_croc_soc/i_croc/i_core_wrap/i_ibex.cs_registers_i/mstack_epc_q_22__reg/Q_N    0.00    0.00   -0.00 (VIOLATED)
i_croc_soc/i_croc/i_core_wrap/i_ibex.cs_registers_i/mstack_epc_q_23__reg/Q_N    0.00    0.00   -0.00 (VIOLATED)
i_croc_soc/i_croc/i_core_wrap/i_ibex.cs_registers_i/mstack_epc_q_24__reg/Q_N    0.00    0.00   -0.00 (VIOLATED)
i_croc_soc/i_croc/i_core_wrap/i_ibex.cs_registers_i/mstack_epc_q_25__reg/Q_N    0.00    0.00   -0.00 (VIOLATED)
i_croc_soc/i_croc/i_core_wrap/i_ibex.cs_registers_i/mstack_epc_q_26__reg/Q_N    0.00    0.00   -0.00 (VIOLATED)
i_croc_soc/i_croc/i_core_wrap/i_ibex.cs_registers_i/mstack_epc_q_27__reg/Q_N    0.00    0.00   -0.00 (VIOLATED)
i_croc_soc/i_croc/i_core_wrap/i_ibex.cs_registers_i/mstack_epc_q_28__reg/Q_N    0.00    0.00   -0.00 (VIOLATED)
i_croc_soc/i_croc/i_core_wrap/i_ibex.cs_registers_i/mstack_epc_q_29__reg/Q_N    0.00    0.00   -0.00 (VIOLATED)
i_croc_soc/i_croc/i_core_wrap/i_ibex.cs_registers_i/mstack_epc_q_2__reg/Q_N    0.00    0.00   -0.00 (VIOLATED)
i_croc_soc/i_croc/i_core_wrap/i_ibex.cs_registers_i/mstack_epc_q_30__reg/Q_N    0.00    0.00   -0.00 (VIOLATED)
i_croc_soc/i_croc/i_core_wrap/i_ibex.cs_registers_i/mstack_epc_q_31__reg/Q_N    0.00    0.00   -0.00 (VIOLATED)
i_croc_soc/i_croc/i_core_wrap/i_ibex.cs_registers_i/mstack_epc_q_3__reg/Q_N    0.00    0.00   -0.00 (VIOLATED)
i_croc_soc/i_croc/i_core_wrap/i_ibex.cs_registers_i/mstack_epc_q_4__reg/Q_N    0.00    0.00   -0.00 (VIOLATED)
i_croc_soc/i_croc/i_core_wrap/i_ibex.cs_registers_i/mstack_epc_q_5__reg/Q_N    0.00    0.00   -0.00 (VIOLATED)
i_croc_soc/i_croc/i_core_wrap/i_ibex.cs_registers_i/mstack_epc_q_6__reg/Q_N    0.00    0.00   -0.00 (VIOLATED)
i_croc_soc/i_croc/i_core_wrap/i_ibex.cs_registers_i/mstack_epc_q_7__reg/Q_N    0.00    0.00   -0.00 (VIOLATED)
i_croc_soc/i_croc/i_core_wrap/i_ibex.cs_registers_i/mstack_epc_q_8__reg/Q_N    0.00    0.00   -0.00 (VIOLATED)
i_croc_soc/i_croc/i_core_wrap/i_ibex.cs_registers_i/mstack_epc_q_9__reg/Q_N    0.00    0.00   -0.00 (VIOLATED)
i_croc_soc/i_croc/i_core_wrap/i_ibex.cs_registers_i/mstack_q_0__reg/Q_N    0.00    0.00   -0.00 (VIOLATED)
i_croc_soc/i_croc/i_core_wrap/i_ibex.cs_registers_i/mstack_q_1__reg/Q_N    0.00    0.00   -0.00 (VIOLATED)
i_croc_soc/i_croc/i_core_wrap/i_ibex.cs_registers_i/mstatus_q_1__reg/Q_N    0.00    0.00   -0.00 (VIOLATED)
i_croc_soc/i_croc/i_core_wrap/i_ibex.cs_registers_i/mtval_q_0__reg/Q_N    0.00    0.00   -0.00 (VIOLATED)
i_croc_soc/i_croc/i_core_wrap/i_ibex.cs_registers_i/mtval_q_10__reg/Q_N    0.00    0.00   -0.00 (VIOLATED)
i_croc_soc/i_croc/i_core_wrap/i_ibex.cs_registers_i/mtval_q_11__reg/Q_N    0.00    0.00   -0.00 (VIOLATED)
i_croc_soc/i_croc/i_core_wrap/i_ibex.cs_registers_i/mtval_q_12__reg/Q_N    0.00    0.00   -0.00 (VIOLATED)
i_croc_soc/i_croc/i_core_wrap/i_ibex.cs_registers_i/mtval_q_13__reg/Q_N    0.00    0.00   -0.00 (VIOLATED)
i_croc_soc/i_croc/i_core_wrap/i_ibex.cs_registers_i/mtval_q_14__reg/Q_N    0.00    0.00   -0.00 (VIOLATED)
i_croc_soc/i_croc/i_core_wrap/i_ibex.cs_registers_i/mtval_q_15__reg/Q_N    0.00    0.00   -0.00 (VIOLATED)
i_croc_soc/i_croc/i_core_wrap/i_ibex.cs_registers_i/mtval_q_16__reg/Q_N    0.00    0.00   -0.00 (VIOLATED)
i_croc_soc/i_croc/i_core_wrap/i_ibex.cs_registers_i/mtval_q_17__reg/Q_N    0.00    0.00   -0.00 (VIOLATED)
i_croc_soc/i_croc/i_core_wrap/i_ibex.cs_registers_i/mtval_q_18__reg/Q_N    0.00    0.00   -0.00 (VIOLATED)
i_croc_soc/i_croc/i_core_wrap/i_ibex.cs_registers_i/mtval_q_19__reg/Q_N    0.00    0.00   -0.00 (VIOLATED)
i_croc_soc/i_croc/i_core_wrap/i_ibex.cs_registers_i/mtval_q_1__reg/Q_N    0.00    0.00   -0.00 (VIOLATED)
i_croc_soc/i_croc/i_core_wrap/i_ibex.cs_registers_i/mtval_q_20__reg/Q_N    0.00    0.00   -0.00 (VIOLATED)
i_croc_soc/i_croc/i_core_wrap/i_ibex.cs_registers_i/mtval_q_21__reg/Q_N    0.00    0.00   -0.00 (VIOLATED)
i_croc_soc/i_croc/i_core_wrap/i_ibex.cs_registers_i/mtval_q_22__reg/Q_N    0.00    0.00   -0.00 (VIOLATED)
i_croc_soc/i_croc/i_core_wrap/i_ibex.cs_registers_i/mtval_q_23__reg/Q_N    0.00    0.00   -0.00 (VIOLATED)
i_croc_soc/i_croc/i_core_wrap/i_ibex.cs_registers_i/mtval_q_24__reg/Q_N    0.00    0.00   -0.00 (VIOLATED)
i_croc_soc/i_croc/i_core_wrap/i_ibex.cs_registers_i/mtval_q_25__reg/Q_N    0.00    0.00   -0.00 (VIOLATED)
i_croc_soc/i_croc/i_core_wrap/i_ibex.cs_registers_i/mtval_q_26__reg/Q_N    0.00    0.00   -0.00 (VIOLATED)
i_croc_soc/i_croc/i_core_wrap/i_ibex.cs_registers_i/mtval_q_27__reg/Q_N    0.00    0.00   -0.00 (VIOLATED)
i_croc_soc/i_croc/i_core_wrap/i_ibex.cs_registers_i/mtval_q_28__reg/Q_N    0.00    0.00   -0.00 (VIOLATED)
i_croc_soc/i_croc/i_core_wrap/i_ibex.cs_registers_i/mtval_q_29__reg/Q_N    0.00    0.00   -0.00 (VIOLATED)
i_croc_soc/i_croc/i_core_wrap/i_ibex.cs_registers_i/mtval_q_2__reg/Q_N    0.00    0.00   -0.00 (VIOLATED)
i_croc_soc/i_croc/i_core_wrap/i_ibex.cs_registers_i/mtval_q_30__reg/Q_N    0.00    0.00   -0.00 (VIOLATED)
i_croc_soc/i_croc/i_core_wrap/i_ibex.cs_registers_i/mtval_q_31__reg/Q_N    0.00    0.00   -0.00 (VIOLATED)
i_croc_soc/i_croc/i_core_wrap/i_ibex.cs_registers_i/mtval_q_3__reg/Q_N    0.00    0.00   -0.00 (VIOLATED)
i_croc_soc/i_croc/i_core_wrap/i_ibex.cs_registers_i/mtval_q_4__reg/Q_N    0.00    0.00   -0.00 (VIOLATED)
i_croc_soc/i_croc/i_core_wrap/i_ibex.cs_registers_i/mtval_q_5__reg/Q_N    0.00    0.00   -0.00 (VIOLATED)
i_croc_soc/i_croc/i_core_wrap/i_ibex.cs_registers_i/mtval_q_6__reg/Q_N    0.00    0.00   -0.00 (VIOLATED)
i_croc_soc/i_croc/i_core_wrap/i_ibex.cs_registers_i/mtval_q_7__reg/Q_N    0.00    0.00   -0.00 (VIOLATED)
i_croc_soc/i_croc/i_core_wrap/i_ibex.cs_registers_i/mtval_q_8__reg/Q_N    0.00    0.00   -0.00 (VIOLATED)
i_croc_soc/i_croc/i_core_wrap/i_ibex.cs_registers_i/mtval_q_9__reg/Q_N    0.00    0.00   -0.00 (VIOLATED)
i_croc_soc/i_croc/i_core_wrap/i_ibex.id_stage_i.branch_set_raw_reg/Q_N    0.00    0.00   -0.00 (VIOLATED)
i_croc_soc/i_croc/i_core_wrap/i_ibex.id_stage_i.controller_i.do_single_step_q_reg/Q_N    0.00    0.00   -0.00 (VIOLATED)
i_croc_soc/i_croc/i_core_wrap/i_ibex.id_stage_i.controller_i.enter_debug_mode_prio_q_reg/Q_N    0.00    0.00   -0.00 (VIOLATED)
i_croc_soc/i_croc/i_core_wrap/i_ibex.id_stage_i.controller_i.exc_req_q_reg/Q_N    0.00    0.00   -0.00 (VIOLATED)
i_croc_soc/i_croc/i_core_wrap/i_ibex.id_stage_i.controller_i.illegal_insn_q_reg/Q_N    0.00    0.00   -0.00 (VIOLATED)
i_croc_soc/i_croc/i_core_wrap/i_ibex.id_stage_i.controller_i.instr_compressed_i_0__reg/Q_N    0.00    0.00   -0.00 (VIOLATED)
i_croc_soc/i_croc/i_core_wrap/i_ibex.id_stage_i.controller_i.instr_compressed_i_10__reg/Q_N    0.00    0.00   -0.00 (VIOLATED)
i_croc_soc/i_croc/i_core_wrap/i_ibex.id_stage_i.controller_i.instr_compressed_i_11__reg/Q_N    0.00    0.00   -0.00 (VIOLATED)
i_croc_soc/i_croc/i_core_wrap/i_ibex.id_stage_i.controller_i.instr_compressed_i_12__reg/Q_N    0.00    0.00   -0.00 (VIOLATED)
i_croc_soc/i_croc/i_core_wrap/i_ibex.id_stage_i.controller_i.instr_compressed_i_13__reg/Q_N    0.00    0.00   -0.00 (VIOLATED)
i_croc_soc/i_croc/i_core_wrap/i_ibex.id_stage_i.controller_i.instr_compressed_i_14__reg/Q_N    0.00    0.00   -0.00 (VIOLATED)
i_croc_soc/i_croc/i_core_wrap/i_ibex.id_stage_i.controller_i.instr_compressed_i_15__reg/Q_N    0.00    0.00   -0.00 (VIOLATED)
i_croc_soc/i_croc/i_core_wrap/i_ibex.id_stage_i.controller_i.instr_compressed_i_1__reg/Q_N    0.00    0.00   -0.00 (VIOLATED)
i_croc_soc/i_croc/i_core_wrap/i_ibex.id_stage_i.controller_i.instr_compressed_i_2__reg/Q_N    0.00    0.00   -0.00 (VIOLATED)
i_croc_soc/i_croc/i_core_wrap/i_ibex.id_stage_i.controller_i.instr_compressed_i_3__reg/Q_N    0.00    0.00   -0.00 (VIOLATED)
i_croc_soc/i_croc/i_core_wrap/i_ibex.id_stage_i.controller_i.instr_compressed_i_4__reg/Q_N    0.00    0.00   -0.00 (VIOLATED)
i_croc_soc/i_croc/i_core_wrap/i_ibex.id_stage_i.controller_i.instr_compressed_i_5__reg/Q_N    0.00    0.00   -0.00 (VIOLATED)
i_croc_soc/i_croc/i_core_wrap/i_ibex.id_stage_i.controller_i.instr_compressed_i_6__reg/Q_N    0.00    0.00   -0.00 (VIOLATED)
i_croc_soc/i_croc/i_core_wrap/i_ibex.id_stage_i.controller_i.instr_compressed_i_7__reg/Q_N    0.00    0.00   -0.00 (VIOLATED)
i_croc_soc/i_croc/i_core_wrap/i_ibex.id_stage_i.controller_i.instr_compressed_i_8__reg/Q_N    0.00    0.00   -0.00 (VIOLATED)
i_croc_soc/i_croc/i_core_wrap/i_ibex.id_stage_i.controller_i.instr_compressed_i_9__reg/Q_N    0.00    0.00   -0.00 (VIOLATED)
i_croc_soc/i_croc/i_core_wrap/i_ibex.id_stage_i.controller_i.instr_fetch_err_plus2_i_reg/Q_N    0.00    0.00   -0.00 (VIOLATED)
i_croc_soc/i_croc/i_core_wrap/i_ibex.id_stage_i.controller_i.instr_i_10__reg/Q_N    0.00    0.00   -0.00 (VIOLATED)
i_croc_soc/i_croc/i_core_wrap/i_ibex.id_stage_i.controller_i.instr_i_11__reg/Q_N    0.00    0.00   -0.00 (VIOLATED)
i_croc_soc/i_croc/i_core_wrap/i_ibex.id_stage_i.controller_i.instr_i_15__reg/Q_N    0.00    0.00   -0.00 (VIOLATED)
i_croc_soc/i_croc/i_core_wrap/i_ibex.id_stage_i.controller_i.instr_i_16__reg/Q_N    0.00    0.00   -0.00 (VIOLATED)
i_croc_soc/i_croc/i_core_wrap/i_ibex.id_stage_i.controller_i.instr_i_17__reg/Q_N    0.00    0.00   -0.00 (VIOLATED)
i_croc_soc/i_croc/i_core_wrap/i_ibex.id_stage_i.controller_i.instr_i_18__reg/Q_N    0.00    0.00   -0.00 (VIOLATED)
i_croc_soc/i_croc/i_core_wrap/i_ibex.id_stage_i.controller_i.instr_i_19__reg/Q_N    0.00    0.00   -0.00 (VIOLATED)
i_croc_soc/i_croc/i_core_wrap/i_ibex.id_stage_i.controller_i.instr_i_23__reg/Q_N    0.00    0.00   -0.00 (VIOLATED)
i_croc_soc/i_croc/i_core_wrap/i_ibex.id_stage_i.controller_i.instr_i_31__reg/Q_N    0.00    0.00   -0.00 (VIOLATED)
i_croc_soc/i_croc/i_core_wrap/i_ibex.id_stage_i.controller_i.instr_i_7__reg/Q_N    0.00    0.00   -0.00 (VIOLATED)
i_croc_soc/i_croc/i_core_wrap/i_ibex.id_stage_i.controller_i.instr_i_8__reg/Q_N    0.00    0.00   -0.00 (VIOLATED)
i_croc_soc/i_croc/i_core_wrap/i_ibex.id_stage_i.controller_i.instr_i_9__reg/Q_N    0.00    0.00   -0.00 (VIOLATED)
i_croc_soc/i_croc/i_core_wrap/i_ibex.id_stage_i.controller_i.load_err_q_reg/Q_N    0.00    0.00   -0.00 (VIOLATED)
i_croc_soc/i_croc/i_core_wrap/i_ibex.id_stage_i.controller_i.store_err_q_reg/Q_N    0.00    0.00   -0.00 (VIOLATED)
i_croc_soc/i_croc/i_core_wrap/i_ibex.id_stage_i.decoder_i.illegal_c_insn_i_reg/Q_N    0.00    0.00   -0.00 (VIOLATED)
i_croc_soc/i_croc/i_core_wrap/i_ibex.if_stage_i.prefetch_buffer_i.branch_discard_q_1__reg/Q_N    0.00    0.00   -0.00 (VIOLATED)
i_croc_soc/i_croc/i_core_wrap/i_ibex.if_stage_i.prefetch_buffer_i.discard_req_q_reg/Q_N    0.00    0.00   -0.00 (VIOLATED)
i_croc_soc/i_croc/i_core_wrap/i_ibex.if_stage_i.prefetch_buffer_i.fetch_addr_q_10__reg/Q_N    0.00    0.00   -0.00 (VIOLATED)
i_croc_soc/i_croc/i_core_wrap/i_ibex.if_stage_i.prefetch_buffer_i.fetch_addr_q_11__reg/Q_N    0.00    0.00   -0.00 (VIOLATED)
i_croc_soc/i_croc/i_core_wrap/i_ibex.if_stage_i.prefetch_buffer_i.fetch_addr_q_12__reg/Q_N    0.00    0.00   -0.00 (VIOLATED)
i_croc_soc/i_croc/i_core_wrap/i_ibex.if_stage_i.prefetch_buffer_i.fetch_addr_q_13__reg/Q_N    0.00    0.00   -0.00 (VIOLATED)
i_croc_soc/i_croc/i_core_wrap/i_ibex.if_stage_i.prefetch_buffer_i.fetch_addr_q_14__reg/Q_N    0.00    0.00   -0.00 (VIOLATED)
i_croc_soc/i_croc/i_core_wrap/i_ibex.if_stage_i.prefetch_buffer_i.fetch_addr_q_15__reg/Q_N    0.00    0.00   -0.00 (VIOLATED)
i_croc_soc/i_croc/i_core_wrap/i_ibex.if_stage_i.prefetch_buffer_i.fetch_addr_q_16__reg/Q_N    0.00    0.00   -0.00 (VIOLATED)
i_croc_soc/i_croc/i_core_wrap/i_ibex.if_stage_i.prefetch_buffer_i.fetch_addr_q_17__reg/Q_N    0.00    0.00   -0.00 (VIOLATED)
i_croc_soc/i_croc/i_core_wrap/i_ibex.if_stage_i.prefetch_buffer_i.fetch_addr_q_18__reg/Q_N    0.00    0.00   -0.00 (VIOLATED)
i_croc_soc/i_croc/i_core_wrap/i_ibex.if_stage_i.prefetch_buffer_i.fetch_addr_q_19__reg/Q_N    0.00    0.00   -0.00 (VIOLATED)
i_croc_soc/i_croc/i_core_wrap/i_ibex.if_stage_i.prefetch_buffer_i.fetch_addr_q_20__reg/Q_N    0.00    0.00   -0.00 (VIOLATED)
i_croc_soc/i_croc/i_core_wrap/i_ibex.if_stage_i.prefetch_buffer_i.fetch_addr_q_21__reg/Q_N    0.00    0.00   -0.00 (VIOLATED)
i_croc_soc/i_croc/i_core_wrap/i_ibex.if_stage_i.prefetch_buffer_i.fetch_addr_q_22__reg/Q_N    0.00    0.00   -0.00 (VIOLATED)
i_croc_soc/i_croc/i_core_wrap/i_ibex.if_stage_i.prefetch_buffer_i.fetch_addr_q_23__reg/Q_N    0.00    0.00   -0.00 (VIOLATED)
i_croc_soc/i_croc/i_core_wrap/i_ibex.if_stage_i.prefetch_buffer_i.fetch_addr_q_24__reg/Q_N    0.00    0.00   -0.00 (VIOLATED)
i_croc_soc/i_croc/i_core_wrap/i_ibex.if_stage_i.prefetch_buffer_i.fetch_addr_q_25__reg/Q_N    0.00    0.00   -0.00 (VIOLATED)
i_croc_soc/i_croc/i_core_wrap/i_ibex.if_stage_i.prefetch_buffer_i.fetch_addr_q_26__reg/Q_N    0.00    0.00   -0.00 (VIOLATED)
i_croc_soc/i_croc/i_core_wrap/i_ibex.if_stage_i.prefetch_buffer_i.fetch_addr_q_27__reg/Q_N    0.00    0.00   -0.00 (VIOLATED)
i_croc_soc/i_croc/i_core_wrap/i_ibex.if_stage_i.prefetch_buffer_i.fetch_addr_q_28__reg/Q_N    0.00    0.00   -0.00 (VIOLATED)
i_croc_soc/i_croc/i_core_wrap/i_ibex.if_stage_i.prefetch_buffer_i.fetch_addr_q_29__reg/Q_N    0.00    0.00   -0.00 (VIOLATED)
i_croc_soc/i_croc/i_core_wrap/i_ibex.if_stage_i.prefetch_buffer_i.fetch_addr_q_2__reg/Q_N    0.00    0.00   -0.00 (VIOLATED)
i_croc_soc/i_croc/i_core_wrap/i_ibex.if_stage_i.prefetch_buffer_i.fetch_addr_q_30__reg/Q_N    0.00    0.00   -0.00 (VIOLATED)
i_croc_soc/i_croc/i_core_wrap/i_ibex.if_stage_i.prefetch_buffer_i.fetch_addr_q_31__reg/Q_N    0.00    0.00   -0.00 (VIOLATED)
i_croc_soc/i_croc/i_core_wrap/i_ibex.if_stage_i.prefetch_buffer_i.fetch_addr_q_3__reg/Q_N    0.00    0.00   -0.00 (VIOLATED)
i_croc_soc/i_croc/i_core_wrap/i_ibex.if_stage_i.prefetch_buffer_i.fetch_addr_q_4__reg/Q_N    0.00    0.00   -0.00 (VIOLATED)
i_croc_soc/i_croc/i_core_wrap/i_ibex.if_stage_i.prefetch_buffer_i.fetch_addr_q_5__reg/Q_N    0.00    0.00   -0.00 (VIOLATED)
i_croc_soc/i_croc/i_core_wrap/i_ibex.if_stage_i.prefetch_buffer_i.fetch_addr_q_6__reg/Q_N    0.00    0.00   -0.00 (VIOLATED)
i_croc_soc/i_croc/i_core_wrap/i_ibex.if_stage_i.prefetch_buffer_i.fetch_addr_q_7__reg/Q_N    0.00    0.00   -0.00 (VIOLATED)
i_croc_soc/i_croc/i_core_wrap/i_ibex.if_stage_i.prefetch_buffer_i.fetch_addr_q_8__reg/Q_N    0.00    0.00   -0.00 (VIOLATED)
i_croc_soc/i_croc/i_core_wrap/i_ibex.if_stage_i.prefetch_buffer_i.fetch_addr_q_9__reg/Q_N    0.00    0.00   -0.00 (VIOLATED)
i_croc_soc/i_croc/i_core_wrap/i_ibex.if_stage_i.prefetch_buffer_i.fifo_i.err_q_1__reg/Q_N    0.00    0.00   -0.00 (VIOLATED)
i_croc_soc/i_croc/i_core_wrap/i_ibex.if_stage_i.prefetch_buffer_i.fifo_i.err_q_2__reg/Q_N    0.00    0.00   -0.00 (VIOLATED)
i_croc_soc/i_croc/i_core_wrap/i_ibex.if_stage_i.prefetch_buffer_i.fifo_i.rdata_q_0__reg/Q_N    0.00    0.00   -0.00 (VIOLATED)
i_croc_soc/i_croc/i_core_wrap/i_ibex.if_stage_i.prefetch_buffer_i.fifo_i.rdata_q_10__reg/Q_N    0.00    0.00   -0.00 (VIOLATED)
i_croc_soc/i_croc/i_core_wrap/i_ibex.if_stage_i.prefetch_buffer_i.fifo_i.rdata_q_11__reg/Q_N    0.00    0.00   -0.00 (VIOLATED)
i_croc_soc/i_croc/i_core_wrap/i_ibex.if_stage_i.prefetch_buffer_i.fifo_i.rdata_q_12__reg/Q_N    0.00    0.00   -0.00 (VIOLATED)
i_croc_soc/i_croc/i_core_wrap/i_ibex.if_stage_i.prefetch_buffer_i.fifo_i.rdata_q_13__reg/Q_N    0.00    0.00   -0.00 (VIOLATED)
i_croc_soc/i_croc/i_core_wrap/i_ibex.if_stage_i.prefetch_buffer_i.fifo_i.rdata_q_14__reg/Q_N    0.00    0.00   -0.00 (VIOLATED)
i_croc_soc/i_croc/i_core_wrap/i_ibex.if_stage_i.prefetch_buffer_i.fifo_i.rdata_q_15__reg/Q_N    0.00    0.00   -0.00 (VIOLATED)
i_croc_soc/i_croc/i_core_wrap/i_ibex.if_stage_i.prefetch_buffer_i.fifo_i.rdata_q_16__reg/Q_N    0.00    0.00   -0.00 (VIOLATED)
i_croc_soc/i_croc/i_core_wrap/i_ibex.if_stage_i.prefetch_buffer_i.fifo_i.rdata_q_17__reg/Q_N    0.00    0.00   -0.00 (VIOLATED)
i_croc_soc/i_croc/i_core_wrap/i_ibex.if_stage_i.prefetch_buffer_i.fifo_i.rdata_q_18__reg/Q_N    0.00    0.00   -0.00 (VIOLATED)
i_croc_soc/i_croc/i_core_wrap/i_ibex.if_stage_i.prefetch_buffer_i.fifo_i.rdata_q_19__reg/Q_N    0.00    0.00   -0.00 (VIOLATED)
i_croc_soc/i_croc/i_core_wrap/i_ibex.if_stage_i.prefetch_buffer_i.fifo_i.rdata_q_1__reg/Q_N    0.00    0.00   -0.00 (VIOLATED)
i_croc_soc/i_croc/i_core_wrap/i_ibex.if_stage_i.prefetch_buffer_i.fifo_i.rdata_q_20__reg/Q_N    0.00    0.00   -0.00 (VIOLATED)
i_croc_soc/i_croc/i_core_wrap/i_ibex.if_stage_i.prefetch_buffer_i.fifo_i.rdata_q_21__reg/Q_N    0.00    0.00   -0.00 (VIOLATED)
i_croc_soc/i_croc/i_core_wrap/i_ibex.if_stage_i.prefetch_buffer_i.fifo_i.rdata_q_22__reg/Q_N    0.00    0.00   -0.00 (VIOLATED)
i_croc_soc/i_croc/i_core_wrap/i_ibex.if_stage_i.prefetch_buffer_i.fifo_i.rdata_q_23__reg/Q_N    0.00    0.00   -0.00 (VIOLATED)
i_croc_soc/i_croc/i_core_wrap/i_ibex.if_stage_i.prefetch_buffer_i.fifo_i.rdata_q_24__reg/Q_N    0.00    0.00   -0.00 (VIOLATED)
i_croc_soc/i_croc/i_core_wrap/i_ibex.if_stage_i.prefetch_buffer_i.fifo_i.rdata_q_25__reg/Q_N    0.00    0.00   -0.00 (VIOLATED)
i_croc_soc/i_croc/i_core_wrap/i_ibex.if_stage_i.prefetch_buffer_i.fifo_i.rdata_q_26__reg/Q_N    0.00    0.00   -0.00 (VIOLATED)
i_croc_soc/i_croc/i_core_wrap/i_ibex.if_stage_i.prefetch_buffer_i.fifo_i.rdata_q_27__reg/Q_N    0.00    0.00   -0.00 (VIOLATED)
i_croc_soc/i_croc/i_core_wrap/i_ibex.if_stage_i.prefetch_buffer_i.fifo_i.rdata_q_28__reg/Q_N    0.00    0.00   -0.00 (VIOLATED)
i_croc_soc/i_croc/i_core_wrap/i_ibex.if_stage_i.prefetch_buffer_i.fifo_i.rdata_q_29__reg/Q_N    0.00    0.00   -0.00 (VIOLATED)
i_croc_soc/i_croc/i_core_wrap/i_ibex.if_stage_i.prefetch_buffer_i.fifo_i.rdata_q_2__reg/Q_N    0.00    0.00   -0.00 (VIOLATED)
i_croc_soc/i_croc/i_core_wrap/i_ibex.if_stage_i.prefetch_buffer_i.fifo_i.rdata_q_30__reg/Q_N    0.00    0.00   -0.00 (VIOLATED)
i_croc_soc/i_croc/i_core_wrap/i_ibex.if_stage_i.prefetch_buffer_i.fifo_i.rdata_q_31__reg/Q_N    0.00    0.00   -0.00 (VIOLATED)
i_croc_soc/i_croc/i_core_wrap/i_ibex.if_stage_i.prefetch_buffer_i.fifo_i.rdata_q_32__reg/Q_N    0.00    0.00   -0.00 (VIOLATED)
i_croc_soc/i_croc/i_core_wrap/i_ibex.if_stage_i.prefetch_buffer_i.fifo_i.rdata_q_33__reg/Q_N    0.00    0.00   -0.00 (VIOLATED)
i_croc_soc/i_croc/i_core_wrap/i_ibex.if_stage_i.prefetch_buffer_i.fifo_i.rdata_q_34__reg/Q_N    0.00    0.00   -0.00 (VIOLATED)
i_croc_soc/i_croc/i_core_wrap/i_ibex.if_stage_i.prefetch_buffer_i.fifo_i.rdata_q_35__reg/Q_N    0.00    0.00   -0.00 (VIOLATED)
i_croc_soc/i_croc/i_core_wrap/i_ibex.if_stage_i.prefetch_buffer_i.fifo_i.rdata_q_36__reg/Q_N    0.00    0.00   -0.00 (VIOLATED)
i_croc_soc/i_croc/i_core_wrap/i_ibex.if_stage_i.prefetch_buffer_i.fifo_i.rdata_q_37__reg/Q_N    0.00    0.00   -0.00 (VIOLATED)
i_croc_soc/i_croc/i_core_wrap/i_ibex.if_stage_i.prefetch_buffer_i.fifo_i.rdata_q_38__reg/Q_N    0.00    0.00   -0.00 (VIOLATED)
i_croc_soc/i_croc/i_core_wrap/i_ibex.if_stage_i.prefetch_buffer_i.fifo_i.rdata_q_39__reg/Q_N    0.00    0.00   -0.00 (VIOLATED)
i_croc_soc/i_croc/i_core_wrap/i_ibex.if_stage_i.prefetch_buffer_i.fifo_i.rdata_q_3__reg/Q_N    0.00    0.00   -0.00 (VIOLATED)
i_croc_soc/i_croc/i_core_wrap/i_ibex.if_stage_i.prefetch_buffer_i.fifo_i.rdata_q_40__reg/Q_N    0.00    0.00   -0.00 (VIOLATED)
i_croc_soc/i_croc/i_core_wrap/i_ibex.if_stage_i.prefetch_buffer_i.fifo_i.rdata_q_41__reg/Q_N    0.00    0.00   -0.00 (VIOLATED)
i_croc_soc/i_croc/i_core_wrap/i_ibex.if_stage_i.prefetch_buffer_i.fifo_i.rdata_q_42__reg/Q_N    0.00    0.00   -0.00 (VIOLATED)
i_croc_soc/i_croc/i_core_wrap/i_ibex.if_stage_i.prefetch_buffer_i.fifo_i.rdata_q_43__reg/Q_N    0.00    0.00   -0.00 (VIOLATED)
i_croc_soc/i_croc/i_core_wrap/i_ibex.if_stage_i.prefetch_buffer_i.fifo_i.rdata_q_44__reg/Q_N    0.00    0.00   -0.00 (VIOLATED)
i_croc_soc/i_croc/i_core_wrap/i_ibex.if_stage_i.prefetch_buffer_i.fifo_i.rdata_q_45__reg/Q_N    0.00    0.00   -0.00 (VIOLATED)
i_croc_soc/i_croc/i_core_wrap/i_ibex.if_stage_i.prefetch_buffer_i.fifo_i.rdata_q_46__reg/Q_N    0.00    0.00   -0.00 (VIOLATED)
i_croc_soc/i_croc/i_core_wrap/i_ibex.if_stage_i.prefetch_buffer_i.fifo_i.rdata_q_47__reg/Q_N    0.00    0.00   -0.00 (VIOLATED)
i_croc_soc/i_croc/i_core_wrap/i_ibex.if_stage_i.prefetch_buffer_i.fifo_i.rdata_q_48__reg/Q_N    0.00    0.00   -0.00 (VIOLATED)
i_croc_soc/i_croc/i_core_wrap/i_ibex.if_stage_i.prefetch_buffer_i.fifo_i.rdata_q_49__reg/Q_N    0.00    0.00   -0.00 (VIOLATED)
i_croc_soc/i_croc/i_core_wrap/i_ibex.if_stage_i.prefetch_buffer_i.fifo_i.rdata_q_4__reg/Q_N    0.00    0.00   -0.00 (VIOLATED)
i_croc_soc/i_croc/i_core_wrap/i_ibex.if_stage_i.prefetch_buffer_i.fifo_i.rdata_q_50__reg/Q_N    0.00    0.00   -0.00 (VIOLATED)
i_croc_soc/i_croc/i_core_wrap/i_ibex.if_stage_i.prefetch_buffer_i.fifo_i.rdata_q_51__reg/Q_N    0.00    0.00   -0.00 (VIOLATED)
i_croc_soc/i_croc/i_core_wrap/i_ibex.if_stage_i.prefetch_buffer_i.fifo_i.rdata_q_52__reg/Q_N    0.00    0.00   -0.00 (VIOLATED)
i_croc_soc/i_croc/i_core_wrap/i_ibex.if_stage_i.prefetch_buffer_i.fifo_i.rdata_q_53__reg/Q_N    0.00    0.00   -0.00 (VIOLATED)
i_croc_soc/i_croc/i_core_wrap/i_ibex.if_stage_i.prefetch_buffer_i.fifo_i.rdata_q_54__reg/Q_N    0.00    0.00   -0.00 (VIOLATED)
i_croc_soc/i_croc/i_core_wrap/i_ibex.if_stage_i.prefetch_buffer_i.fifo_i.rdata_q_55__reg/Q_N    0.00    0.00   -0.00 (VIOLATED)
i_croc_soc/i_croc/i_core_wrap/i_ibex.if_stage_i.prefetch_buffer_i.fifo_i.rdata_q_56__reg/Q_N    0.00    0.00   -0.00 (VIOLATED)
i_croc_soc/i_croc/i_core_wrap/i_ibex.if_stage_i.prefetch_buffer_i.fifo_i.rdata_q_57__reg/Q_N    0.00    0.00   -0.00 (VIOLATED)
i_croc_soc/i_croc/i_core_wrap/i_ibex.if_stage_i.prefetch_buffer_i.fifo_i.rdata_q_58__reg/Q_N    0.00    0.00   -0.00 (VIOLATED)
i_croc_soc/i_croc/i_core_wrap/i_ibex.if_stage_i.prefetch_buffer_i.fifo_i.rdata_q_59__reg/Q_N    0.00    0.00   -0.00 (VIOLATED)
i_croc_soc/i_croc/i_core_wrap/i_ibex.if_stage_i.prefetch_buffer_i.fifo_i.rdata_q_5__reg/Q_N    0.00    0.00   -0.00 (VIOLATED)
i_croc_soc/i_croc/i_core_wrap/i_ibex.if_stage_i.prefetch_buffer_i.fifo_i.rdata_q_60__reg/Q_N    0.00    0.00   -0.00 (VIOLATED)
i_croc_soc/i_croc/i_core_wrap/i_ibex.if_stage_i.prefetch_buffer_i.fifo_i.rdata_q_61__reg/Q_N    0.00    0.00   -0.00 (VIOLATED)
i_croc_soc/i_croc/i_core_wrap/i_ibex.if_stage_i.prefetch_buffer_i.fifo_i.rdata_q_62__reg/Q_N    0.00    0.00   -0.00 (VIOLATED)
i_croc_soc/i_croc/i_core_wrap/i_ibex.if_stage_i.prefetch_buffer_i.fifo_i.rdata_q_63__reg/Q_N    0.00    0.00   -0.00 (VIOLATED)
i_croc_soc/i_croc/i_core_wrap/i_ibex.if_stage_i.prefetch_buffer_i.fifo_i.rdata_q_64__reg/Q_N    0.00    0.00   -0.00 (VIOLATED)
i_croc_soc/i_croc/i_core_wrap/i_ibex.if_stage_i.prefetch_buffer_i.fifo_i.rdata_q_65__reg/Q_N    0.00    0.00   -0.00 (VIOLATED)
i_croc_soc/i_croc/i_core_wrap/i_ibex.if_stage_i.prefetch_buffer_i.fifo_i.rdata_q_66__reg/Q_N    0.00    0.00   -0.00 (VIOLATED)
i_croc_soc/i_croc/i_core_wrap/i_ibex.if_stage_i.prefetch_buffer_i.fifo_i.rdata_q_67__reg/Q_N    0.00    0.00   -0.00 (VIOLATED)
i_croc_soc/i_croc/i_core_wrap/i_ibex.if_stage_i.prefetch_buffer_i.fifo_i.rdata_q_68__reg/Q_N    0.00    0.00   -0.00 (VIOLATED)
i_croc_soc/i_croc/i_core_wrap/i_ibex.if_stage_i.prefetch_buffer_i.fifo_i.rdata_q_69__reg/Q_N    0.00    0.00   -0.00 (VIOLATED)
i_croc_soc/i_croc/i_core_wrap/i_ibex.if_stage_i.prefetch_buffer_i.fifo_i.rdata_q_6__reg/Q_N    0.00    0.00   -0.00 (VIOLATED)
i_croc_soc/i_croc/i_core_wrap/i_ibex.if_stage_i.prefetch_buffer_i.fifo_i.rdata_q_70__reg/Q_N    0.00    0.00   -0.00 (VIOLATED)
i_croc_soc/i_croc/i_core_wrap/i_ibex.if_stage_i.prefetch_buffer_i.fifo_i.rdata_q_71__reg/Q_N    0.00    0.00   -0.00 (VIOLATED)
i_croc_soc/i_croc/i_core_wrap/i_ibex.if_stage_i.prefetch_buffer_i.fifo_i.rdata_q_72__reg/Q_N    0.00    0.00   -0.00 (VIOLATED)
i_croc_soc/i_croc/i_core_wrap/i_ibex.if_stage_i.prefetch_buffer_i.fifo_i.rdata_q_73__reg/Q_N    0.00    0.00   -0.00 (VIOLATED)
i_croc_soc/i_croc/i_core_wrap/i_ibex.if_stage_i.prefetch_buffer_i.fifo_i.rdata_q_74__reg/Q_N    0.00    0.00   -0.00 (VIOLATED)
i_croc_soc/i_croc/i_core_wrap/i_ibex.if_stage_i.prefetch_buffer_i.fifo_i.rdata_q_75__reg/Q_N    0.00    0.00   -0.00 (VIOLATED)
i_croc_soc/i_croc/i_core_wrap/i_ibex.if_stage_i.prefetch_buffer_i.fifo_i.rdata_q_76__reg/Q_N    0.00    0.00   -0.00 (VIOLATED)
i_croc_soc/i_croc/i_core_wrap/i_ibex.if_stage_i.prefetch_buffer_i.fifo_i.rdata_q_77__reg/Q_N    0.00    0.00   -0.00 (VIOLATED)
i_croc_soc/i_croc/i_core_wrap/i_ibex.if_stage_i.prefetch_buffer_i.fifo_i.rdata_q_78__reg/Q_N    0.00    0.00   -0.00 (VIOLATED)
i_croc_soc/i_croc/i_core_wrap/i_ibex.if_stage_i.prefetch_buffer_i.fifo_i.rdata_q_79__reg/Q_N    0.00    0.00   -0.00 (VIOLATED)
i_croc_soc/i_croc/i_core_wrap/i_ibex.if_stage_i.prefetch_buffer_i.fifo_i.rdata_q_7__reg/Q_N    0.00    0.00   -0.00 (VIOLATED)
i_croc_soc/i_croc/i_core_wrap/i_ibex.if_stage_i.prefetch_buffer_i.fifo_i.rdata_q_80__reg/Q_N    0.00    0.00   -0.00 (VIOLATED)
i_croc_soc/i_croc/i_core_wrap/i_ibex.if_stage_i.prefetch_buffer_i.fifo_i.rdata_q_81__reg/Q_N    0.00    0.00   -0.00 (VIOLATED)
i_croc_soc/i_croc/i_core_wrap/i_ibex.if_stage_i.prefetch_buffer_i.fifo_i.rdata_q_82__reg/Q_N    0.00    0.00   -0.00 (VIOLATED)
i_croc_soc/i_croc/i_core_wrap/i_ibex.if_stage_i.prefetch_buffer_i.fifo_i.rdata_q_83__reg/Q_N    0.00    0.00   -0.00 (VIOLATED)
i_croc_soc/i_croc/i_core_wrap/i_ibex.if_stage_i.prefetch_buffer_i.fifo_i.rdata_q_84__reg/Q_N    0.00    0.00   -0.00 (VIOLATED)
i_croc_soc/i_croc/i_core_wrap/i_ibex.if_stage_i.prefetch_buffer_i.fifo_i.rdata_q_85__reg/Q_N    0.00    0.00   -0.00 (VIOLATED)
i_croc_soc/i_croc/i_core_wrap/i_ibex.if_stage_i.prefetch_buffer_i.fifo_i.rdata_q_86__reg/Q_N    0.00    0.00   -0.00 (VIOLATED)
i_croc_soc/i_croc/i_core_wrap/i_ibex.if_stage_i.prefetch_buffer_i.fifo_i.rdata_q_87__reg/Q_N    0.00    0.00   -0.00 (VIOLATED)
i_croc_soc/i_croc/i_core_wrap/i_ibex.if_stage_i.prefetch_buffer_i.fifo_i.rdata_q_88__reg/Q_N    0.00    0.00   -0.00 (VIOLATED)
i_croc_soc/i_croc/i_core_wrap/i_ibex.if_stage_i.prefetch_buffer_i.fifo_i.rdata_q_89__reg/Q_N    0.00    0.00   -0.00 (VIOLATED)
i_croc_soc/i_croc/i_core_wrap/i_ibex.if_stage_i.prefetch_buffer_i.fifo_i.rdata_q_8__reg/Q_N    0.00    0.00   -0.00 (VIOLATED)
i_croc_soc/i_croc/i_core_wrap/i_ibex.if_stage_i.prefetch_buffer_i.fifo_i.rdata_q_90__reg/Q_N    0.00    0.00   -0.00 (VIOLATED)
i_croc_soc/i_croc/i_core_wrap/i_ibex.if_stage_i.prefetch_buffer_i.fifo_i.rdata_q_91__reg/Q_N    0.00    0.00   -0.00 (VIOLATED)
i_croc_soc/i_croc/i_core_wrap/i_ibex.if_stage_i.prefetch_buffer_i.fifo_i.rdata_q_92__reg/Q_N    0.00    0.00   -0.00 (VIOLATED)
i_croc_soc/i_croc/i_core_wrap/i_ibex.if_stage_i.prefetch_buffer_i.fifo_i.rdata_q_93__reg/Q_N    0.00    0.00   -0.00 (VIOLATED)
i_croc_soc/i_croc/i_core_wrap/i_ibex.if_stage_i.prefetch_buffer_i.fifo_i.rdata_q_94__reg/Q_N    0.00    0.00   -0.00 (VIOLATED)
i_croc_soc/i_croc/i_core_wrap/i_ibex.if_stage_i.prefetch_buffer_i.fifo_i.rdata_q_95__reg/Q_N    0.00    0.00   -0.00 (VIOLATED)
i_croc_soc/i_croc/i_core_wrap/i_ibex.if_stage_i.prefetch_buffer_i.fifo_i.rdata_q_9__reg/Q_N    0.00    0.00   -0.00 (VIOLATED)
i_croc_soc/i_croc/i_core_wrap/i_ibex.if_stage_i.prefetch_buffer_i.rdata_outstanding_q_0__reg/Q_N    0.00    0.00   -0.00 (VIOLATED)
i_croc_soc/i_croc/i_core_wrap/i_ibex.if_stage_i.prefetch_buffer_i.stored_addr_q_10__reg/Q_N    0.00    0.00   -0.00 (VIOLATED)
i_croc_soc/i_croc/i_core_wrap/i_ibex.if_stage_i.prefetch_buffer_i.stored_addr_q_11__reg/Q_N    0.00    0.00   -0.00 (VIOLATED)
i_croc_soc/i_croc/i_core_wrap/i_ibex.if_stage_i.prefetch_buffer_i.stored_addr_q_12__reg/Q_N    0.00    0.00   -0.00 (VIOLATED)
i_croc_soc/i_croc/i_core_wrap/i_ibex.if_stage_i.prefetch_buffer_i.stored_addr_q_13__reg/Q_N    0.00    0.00   -0.00 (VIOLATED)
i_croc_soc/i_croc/i_core_wrap/i_ibex.if_stage_i.prefetch_buffer_i.stored_addr_q_14__reg/Q_N    0.00    0.00   -0.00 (VIOLATED)
i_croc_soc/i_croc/i_core_wrap/i_ibex.if_stage_i.prefetch_buffer_i.stored_addr_q_15__reg/Q_N    0.00    0.00   -0.00 (VIOLATED)
i_croc_soc/i_croc/i_core_wrap/i_ibex.if_stage_i.prefetch_buffer_i.stored_addr_q_16__reg/Q_N    0.00    0.00   -0.00 (VIOLATED)
i_croc_soc/i_croc/i_core_wrap/i_ibex.if_stage_i.prefetch_buffer_i.stored_addr_q_17__reg/Q_N    0.00    0.00   -0.00 (VIOLATED)
i_croc_soc/i_croc/i_core_wrap/i_ibex.if_stage_i.prefetch_buffer_i.stored_addr_q_18__reg/Q_N    0.00    0.00   -0.00 (VIOLATED)
i_croc_soc/i_croc/i_core_wrap/i_ibex.if_stage_i.prefetch_buffer_i.stored_addr_q_19__reg/Q_N    0.00    0.00   -0.00 (VIOLATED)
i_croc_soc/i_croc/i_core_wrap/i_ibex.if_stage_i.prefetch_buffer_i.stored_addr_q_20__reg/Q_N    0.00    0.00   -0.00 (VIOLATED)
i_croc_soc/i_croc/i_core_wrap/i_ibex.if_stage_i.prefetch_buffer_i.stored_addr_q_21__reg/Q_N    0.00    0.00   -0.00 (VIOLATED)
i_croc_soc/i_croc/i_core_wrap/i_ibex.if_stage_i.prefetch_buffer_i.stored_addr_q_22__reg/Q_N    0.00    0.00   -0.00 (VIOLATED)
i_croc_soc/i_croc/i_core_wrap/i_ibex.if_stage_i.prefetch_buffer_i.stored_addr_q_23__reg/Q_N    0.00    0.00   -0.00 (VIOLATED)
i_croc_soc/i_croc/i_core_wrap/i_ibex.if_stage_i.prefetch_buffer_i.stored_addr_q_24__reg/Q_N    0.00    0.00   -0.00 (VIOLATED)
i_croc_soc/i_croc/i_core_wrap/i_ibex.if_stage_i.prefetch_buffer_i.stored_addr_q_25__reg/Q_N    0.00    0.00   -0.00 (VIOLATED)
i_croc_soc/i_croc/i_core_wrap/i_ibex.if_stage_i.prefetch_buffer_i.stored_addr_q_26__reg/Q_N    0.00    0.00   -0.00 (VIOLATED)
i_croc_soc/i_croc/i_core_wrap/i_ibex.if_stage_i.prefetch_buffer_i.stored_addr_q_27__reg/Q_N    0.00    0.00   -0.00 (VIOLATED)
i_croc_soc/i_croc/i_core_wrap/i_ibex.if_stage_i.prefetch_buffer_i.stored_addr_q_28__reg/Q_N    0.00    0.00   -0.00 (VIOLATED)
i_croc_soc/i_croc/i_core_wrap/i_ibex.if_stage_i.prefetch_buffer_i.stored_addr_q_29__reg/Q_N    0.00    0.00   -0.00 (VIOLATED)
i_croc_soc/i_croc/i_core_wrap/i_ibex.if_stage_i.prefetch_buffer_i.stored_addr_q_2__reg/Q_N    0.00    0.00   -0.00 (VIOLATED)
i_croc_soc/i_croc/i_core_wrap/i_ibex.if_stage_i.prefetch_buffer_i.stored_addr_q_30__reg/Q_N    0.00    0.00   -0.00 (VIOLATED)
i_croc_soc/i_croc/i_core_wrap/i_ibex.if_stage_i.prefetch_buffer_i.stored_addr_q_31__reg/Q_N    0.00    0.00   -0.00 (VIOLATED)
i_croc_soc/i_croc/i_core_wrap/i_ibex.if_stage_i.prefetch_buffer_i.stored_addr_q_3__reg/Q_N    0.00    0.00   -0.00 (VIOLATED)
i_croc_soc/i_croc/i_core_wrap/i_ibex.if_stage_i.prefetch_buffer_i.stored_addr_q_4__reg/Q_N    0.00    0.00   -0.00 (VIOLATED)
i_croc_soc/i_croc/i_core_wrap/i_ibex.if_stage_i.prefetch_buffer_i.stored_addr_q_5__reg/Q_N    0.00    0.00   -0.00 (VIOLATED)
i_croc_soc/i_croc/i_core_wrap/i_ibex.if_stage_i.prefetch_buffer_i.stored_addr_q_6__reg/Q_N    0.00    0.00   -0.00 (VIOLATED)
i_croc_soc/i_croc/i_core_wrap/i_ibex.if_stage_i.prefetch_buffer_i.stored_addr_q_7__reg/Q_N    0.00    0.00   -0.00 (VIOLATED)
i_croc_soc/i_croc/i_core_wrap/i_ibex.if_stage_i.prefetch_buffer_i.stored_addr_q_8__reg/Q_N    0.00    0.00   -0.00 (VIOLATED)
i_croc_soc/i_croc/i_core_wrap/i_ibex.if_stage_i.prefetch_buffer_i.stored_addr_q_9__reg/Q_N    0.00    0.00   -0.00 (VIOLATED)
i_croc_soc/i_croc/i_core_wrap/i_ibex.load_store_unit_i.data_sign_ext_q_reg/Q_N    0.00    0.00   -0.00 (VIOLATED)
i_croc_soc/i_croc/i_core_wrap/i_ibex.load_store_unit_i.pmp_err_q_reg/Q_N    0.00    0.00   -0.00 (VIOLATED)
i_croc_soc/i_croc/i_core_wrap/i_ibex.load_store_unit_i.rdata_q_0__reg/Q_N    0.00    0.00   -0.00 (VIOLATED)
i_croc_soc/i_croc/i_core_wrap/i_ibex.load_store_unit_i.rdata_q_10__reg/Q_N    0.00    0.00   -0.00 (VIOLATED)
i_croc_soc/i_croc/i_core_wrap/i_ibex.load_store_unit_i.rdata_q_11__reg/Q_N    0.00    0.00   -0.00 (VIOLATED)
i_croc_soc/i_croc/i_core_wrap/i_ibex.load_store_unit_i.rdata_q_12__reg/Q_N    0.00    0.00   -0.00 (VIOLATED)
i_croc_soc/i_croc/i_core_wrap/i_ibex.load_store_unit_i.rdata_q_13__reg/Q_N    0.00    0.00   -0.00 (VIOLATED)
i_croc_soc/i_croc/i_core_wrap/i_ibex.load_store_unit_i.rdata_q_14__reg/Q_N    0.00    0.00   -0.00 (VIOLATED)
i_croc_soc/i_croc/i_core_wrap/i_ibex.load_store_unit_i.rdata_q_15__reg/Q_N    0.00    0.00   -0.00 (VIOLATED)
i_croc_soc/i_croc/i_core_wrap/i_ibex.load_store_unit_i.rdata_q_16__reg/Q_N    0.00    0.00   -0.00 (VIOLATED)
i_croc_soc/i_croc/i_core_wrap/i_ibex.load_store_unit_i.rdata_q_17__reg/Q_N    0.00    0.00   -0.00 (VIOLATED)
i_croc_soc/i_croc/i_core_wrap/i_ibex.load_store_unit_i.rdata_q_18__reg/Q_N    0.00    0.00   -0.00 (VIOLATED)
i_croc_soc/i_croc/i_core_wrap/i_ibex.load_store_unit_i.rdata_q_19__reg/Q_N    0.00    0.00   -0.00 (VIOLATED)
i_croc_soc/i_croc/i_core_wrap/i_ibex.load_store_unit_i.rdata_q_1__reg/Q_N    0.00    0.00   -0.00 (VIOLATED)
i_croc_soc/i_croc/i_core_wrap/i_ibex.load_store_unit_i.rdata_q_20__reg/Q_N    0.00    0.00   -0.00 (VIOLATED)
i_croc_soc/i_croc/i_core_wrap/i_ibex.load_store_unit_i.rdata_q_21__reg/Q_N    0.00    0.00   -0.00 (VIOLATED)
i_croc_soc/i_croc/i_core_wrap/i_ibex.load_store_unit_i.rdata_q_22__reg/Q_N    0.00    0.00   -0.00 (VIOLATED)
i_croc_soc/i_croc/i_core_wrap/i_ibex.load_store_unit_i.rdata_q_23__reg/Q_N    0.00    0.00   -0.00 (VIOLATED)
i_croc_soc/i_croc/i_core_wrap/i_ibex.load_store_unit_i.rdata_q_2__reg/Q_N    0.00    0.00   -0.00 (VIOLATED)
i_croc_soc/i_croc/i_core_wrap/i_ibex.load_store_unit_i.rdata_q_3__reg/Q_N    0.00    0.00   -0.00 (VIOLATED)
i_croc_soc/i_croc/i_core_wrap/i_ibex.load_store_unit_i.rdata_q_4__reg/Q_N    0.00    0.00   -0.00 (VIOLATED)
i_croc_soc/i_croc/i_core_wrap/i_ibex.load_store_unit_i.rdata_q_5__reg/Q_N    0.00    0.00   -0.00 (VIOLATED)
i_croc_soc/i_croc/i_core_wrap/i_ibex.load_store_unit_i.rdata_q_6__reg/Q_N    0.00    0.00   -0.00 (VIOLATED)
i_croc_soc/i_croc/i_core_wrap/i_ibex.load_store_unit_i.rdata_q_7__reg/Q_N    0.00    0.00   -0.00 (VIOLATED)
i_croc_soc/i_croc/i_core_wrap/i_ibex.load_store_unit_i.rdata_q_8__reg/Q_N    0.00    0.00   -0.00 (VIOLATED)
i_croc_soc/i_croc/i_core_wrap/i_ibex.load_store_unit_i.rdata_q_9__reg/Q_N    0.00    0.00   -0.00 (VIOLATED)
i_croc_soc/i_croc/i_core_wrap/i_ibex.register_file_i/rf_reg_1000__reg/Q_N    0.00    0.00   -0.00 (VIOLATED)
i_croc_soc/i_croc/i_core_wrap/i_ibex.register_file_i/rf_reg_1001__reg/Q_N    0.00    0.00   -0.00 (VIOLATED)
i_croc_soc/i_croc/i_core_wrap/i_ibex.register_file_i/rf_reg_1002__reg/Q_N    0.00    0.00   -0.00 (VIOLATED)
i_croc_soc/i_croc/i_core_wrap/i_ibex.register_file_i/rf_reg_1003__reg/Q_N    0.00    0.00   -0.00 (VIOLATED)
i_croc_soc/i_croc/i_core_wrap/i_ibex.register_file_i/rf_reg_1004__reg/Q_N    0.00    0.00   -0.00 (VIOLATED)
i_croc_soc/i_croc/i_core_wrap/i_ibex.register_file_i/rf_reg_1005__reg/Q_N    0.00    0.00   -0.00 (VIOLATED)
i_croc_soc/i_croc/i_core_wrap/i_ibex.register_file_i/rf_reg_1006__reg/Q_N    0.00    0.00   -0.00 (VIOLATED)
i_croc_soc/i_croc/i_core_wrap/i_ibex.register_file_i/rf_reg_1007__reg/Q_N    0.00    0.00   -0.00 (VIOLATED)
i_croc_soc/i_croc/i_core_wrap/i_ibex.register_file_i/rf_reg_1008__reg/Q_N    0.00    0.00   -0.00 (VIOLATED)
i_croc_soc/i_croc/i_core_wrap/i_ibex.register_file_i/rf_reg_1009__reg/Q_N    0.00    0.00   -0.00 (VIOLATED)
i_croc_soc/i_croc/i_core_wrap/i_ibex.register_file_i/rf_reg_100__reg/Q_N    0.00    0.00   -0.00 (VIOLATED)
i_croc_soc/i_croc/i_core_wrap/i_ibex.register_file_i/rf_reg_1010__reg/Q_N    0.00    0.00   -0.00 (VIOLATED)
i_croc_soc/i_croc/i_core_wrap/i_ibex.register_file_i/rf_reg_1011__reg/Q_N    0.00    0.00   -0.00 (VIOLATED)
i_croc_soc/i_croc/i_core_wrap/i_ibex.register_file_i/rf_reg_1012__reg/Q_N    0.00    0.00   -0.00 (VIOLATED)
i_croc_soc/i_croc/i_core_wrap/i_ibex.register_file_i/rf_reg_1013__reg/Q_N    0.00    0.00   -0.00 (VIOLATED)
i_croc_soc/i_croc/i_core_wrap/i_ibex.register_file_i/rf_reg_1014__reg/Q_N    0.00    0.00   -0.00 (VIOLATED)
i_croc_soc/i_croc/i_core_wrap/i_ibex.register_file_i/rf_reg_1015__reg/Q_N    0.00    0.00   -0.00 (VIOLATED)
i_croc_soc/i_croc/i_core_wrap/i_ibex.register_file_i/rf_reg_1016__reg/Q_N    0.00    0.00   -0.00 (VIOLATED)
i_croc_soc/i_croc/i_core_wrap/i_ibex.register_file_i/rf_reg_1017__reg/Q_N    0.00    0.00   -0.00 (VIOLATED)
i_croc_soc/i_croc/i_core_wrap/i_ibex.register_file_i/rf_reg_1018__reg/Q_N    0.00    0.00   -0.00 (VIOLATED)
i_croc_soc/i_croc/i_core_wrap/i_ibex.register_file_i/rf_reg_1019__reg/Q_N    0.00    0.00   -0.00 (VIOLATED)
i_croc_soc/i_croc/i_core_wrap/i_ibex.register_file_i/rf_reg_101__reg/Q_N    0.00    0.00   -0.00 (VIOLATED)
i_croc_soc/i_croc/i_core_wrap/i_ibex.register_file_i/rf_reg_1020__reg/Q_N    0.00    0.00   -0.00 (VIOLATED)
i_croc_soc/i_croc/i_core_wrap/i_ibex.register_file_i/rf_reg_1021__reg/Q_N    0.00    0.00   -0.00 (VIOLATED)
i_croc_soc/i_croc/i_core_wrap/i_ibex.register_file_i/rf_reg_1022__reg/Q_N    0.00    0.00   -0.00 (VIOLATED)
i_croc_soc/i_croc/i_core_wrap/i_ibex.register_file_i/rf_reg_1023__reg/Q_N    0.00    0.00   -0.00 (VIOLATED)
i_croc_soc/i_croc/i_core_wrap/i_ibex.register_file_i/rf_reg_102__reg/Q_N    0.00    0.00   -0.00 (VIOLATED)
i_croc_soc/i_croc/i_core_wrap/i_ibex.register_file_i/rf_reg_103__reg/Q_N    0.00    0.00   -0.00 (VIOLATED)
i_croc_soc/i_croc/i_core_wrap/i_ibex.register_file_i/rf_reg_104__reg/Q_N    0.00    0.00   -0.00 (VIOLATED)
i_croc_soc/i_croc/i_core_wrap/i_ibex.register_file_i/rf_reg_105__reg/Q_N    0.00    0.00   -0.00 (VIOLATED)
i_croc_soc/i_croc/i_core_wrap/i_ibex.register_file_i/rf_reg_106__reg/Q_N    0.00    0.00   -0.00 (VIOLATED)
i_croc_soc/i_croc/i_core_wrap/i_ibex.register_file_i/rf_reg_107__reg/Q_N    0.00    0.00   -0.00 (VIOLATED)
i_croc_soc/i_croc/i_core_wrap/i_ibex.register_file_i/rf_reg_108__reg/Q_N    0.00    0.00   -0.00 (VIOLATED)
i_croc_soc/i_croc/i_core_wrap/i_ibex.register_file_i/rf_reg_109__reg/Q_N    0.00    0.00   -0.00 (VIOLATED)
i_croc_soc/i_croc/i_core_wrap/i_ibex.register_file_i/rf_reg_110__reg/Q_N    0.00    0.00   -0.00 (VIOLATED)
i_croc_soc/i_croc/i_core_wrap/i_ibex.register_file_i/rf_reg_111__reg/Q_N    0.00    0.00   -0.00 (VIOLATED)
i_croc_soc/i_croc/i_core_wrap/i_ibex.register_file_i/rf_reg_112__reg/Q_N    0.00    0.00   -0.00 (VIOLATED)
i_croc_soc/i_croc/i_core_wrap/i_ibex.register_file_i/rf_reg_113__reg/Q_N    0.00    0.00   -0.00 (VIOLATED)
i_croc_soc/i_croc/i_core_wrap/i_ibex.register_file_i/rf_reg_114__reg/Q_N    0.00    0.00   -0.00 (VIOLATED)
i_croc_soc/i_croc/i_core_wrap/i_ibex.register_file_i/rf_reg_115__reg/Q_N    0.00    0.00   -0.00 (VIOLATED)
i_croc_soc/i_croc/i_core_wrap/i_ibex.register_file_i/rf_reg_116__reg/Q_N    0.00    0.00   -0.00 (VIOLATED)
i_croc_soc/i_croc/i_core_wrap/i_ibex.register_file_i/rf_reg_117__reg/Q_N    0.00    0.00   -0.00 (VIOLATED)
i_croc_soc/i_croc/i_core_wrap/i_ibex.register_file_i/rf_reg_118__reg/Q_N    0.00    0.00   -0.00 (VIOLATED)
i_croc_soc/i_croc/i_core_wrap/i_ibex.register_file_i/rf_reg_119__reg/Q_N    0.00    0.00   -0.00 (VIOLATED)
i_croc_soc/i_croc/i_core_wrap/i_ibex.register_file_i/rf_reg_120__reg/Q_N    0.00    0.00   -0.00 (VIOLATED)
i_croc_soc/i_croc/i_core_wrap/i_ibex.register_file_i/rf_reg_121__reg/Q_N    0.00    0.00   -0.00 (VIOLATED)
i_croc_soc/i_croc/i_core_wrap/i_ibex.register_file_i/rf_reg_122__reg/Q_N    0.00    0.00   -0.00 (VIOLATED)
i_croc_soc/i_croc/i_core_wrap/i_ibex.register_file_i/rf_reg_123__reg/Q_N    0.00    0.00   -0.00 (VIOLATED)
i_croc_soc/i_croc/i_core_wrap/i_ibex.register_file_i/rf_reg_124__reg/Q_N    0.00    0.00   -0.00 (VIOLATED)
i_croc_soc/i_croc/i_core_wrap/i_ibex.register_file_i/rf_reg_125__reg/Q_N    0.00    0.00   -0.00 (VIOLATED)
i_croc_soc/i_croc/i_core_wrap/i_ibex.register_file_i/rf_reg_126__reg/Q_N    0.00    0.00   -0.00 (VIOLATED)
i_croc_soc/i_croc/i_core_wrap/i_ibex.register_file_i/rf_reg_127__reg/Q_N    0.00    0.00   -0.00 (VIOLATED)
i_croc_soc/i_croc/i_core_wrap/i_ibex.register_file_i/rf_reg_128__reg/Q_N    0.00    0.00   -0.00 (VIOLATED)
i_croc_soc/i_croc/i_core_wrap/i_ibex.register_file_i/rf_reg_129__reg/Q_N    0.00    0.00   -0.00 (VIOLATED)
i_croc_soc/i_croc/i_core_wrap/i_ibex.register_file_i/rf_reg_130__reg/Q_N    0.00    0.00   -0.00 (VIOLATED)
i_croc_soc/i_croc/i_core_wrap/i_ibex.register_file_i/rf_reg_131__reg/Q_N    0.00    0.00   -0.00 (VIOLATED)
i_croc_soc/i_croc/i_core_wrap/i_ibex.register_file_i/rf_reg_132__reg/Q_N    0.00    0.00   -0.00 (VIOLATED)
i_croc_soc/i_croc/i_core_wrap/i_ibex.register_file_i/rf_reg_133__reg/Q_N    0.00    0.00   -0.00 (VIOLATED)
i_croc_soc/i_croc/i_core_wrap/i_ibex.register_file_i/rf_reg_134__reg/Q_N    0.00    0.00   -0.00 (VIOLATED)
i_croc_soc/i_croc/i_core_wrap/i_ibex.register_file_i/rf_reg_135__reg/Q_N    0.00    0.00   -0.00 (VIOLATED)
i_croc_soc/i_croc/i_core_wrap/i_ibex.register_file_i/rf_reg_136__reg/Q_N    0.00    0.00   -0.00 (VIOLATED)
i_croc_soc/i_croc/i_core_wrap/i_ibex.register_file_i/rf_reg_137__reg/Q_N    0.00    0.00   -0.00 (VIOLATED)
i_croc_soc/i_croc/i_core_wrap/i_ibex.register_file_i/rf_reg_138__reg/Q_N    0.00    0.00   -0.00 (VIOLATED)
i_croc_soc/i_croc/i_core_wrap/i_ibex.register_file_i/rf_reg_139__reg/Q_N    0.00    0.00   -0.00 (VIOLATED)
i_croc_soc/i_croc/i_core_wrap/i_ibex.register_file_i/rf_reg_140__reg/Q_N    0.00    0.00   -0.00 (VIOLATED)
i_croc_soc/i_croc/i_core_wrap/i_ibex.register_file_i/rf_reg_141__reg/Q_N    0.00    0.00   -0.00 (VIOLATED)
i_croc_soc/i_croc/i_core_wrap/i_ibex.register_file_i/rf_reg_142__reg/Q_N    0.00    0.00   -0.00 (VIOLATED)
i_croc_soc/i_croc/i_core_wrap/i_ibex.register_file_i/rf_reg_143__reg/Q_N    0.00    0.00   -0.00 (VIOLATED)
i_croc_soc/i_croc/i_core_wrap/i_ibex.register_file_i/rf_reg_144__reg/Q_N    0.00    0.00   -0.00 (VIOLATED)
i_croc_soc/i_croc/i_core_wrap/i_ibex.register_file_i/rf_reg_145__reg/Q_N    0.00    0.00   -0.00 (VIOLATED)
i_croc_soc/i_croc/i_core_wrap/i_ibex.register_file_i/rf_reg_146__reg/Q_N    0.00    0.00   -0.00 (VIOLATED)
i_croc_soc/i_croc/i_core_wrap/i_ibex.register_file_i/rf_reg_147__reg/Q_N    0.00    0.00   -0.00 (VIOLATED)
i_croc_soc/i_croc/i_core_wrap/i_ibex.register_file_i/rf_reg_148__reg/Q_N    0.00    0.00   -0.00 (VIOLATED)
i_croc_soc/i_croc/i_core_wrap/i_ibex.register_file_i/rf_reg_149__reg/Q_N    0.00    0.00   -0.00 (VIOLATED)
i_croc_soc/i_croc/i_core_wrap/i_ibex.register_file_i/rf_reg_150__reg/Q_N    0.00    0.00   -0.00 (VIOLATED)
i_croc_soc/i_croc/i_core_wrap/i_ibex.register_file_i/rf_reg_151__reg/Q_N    0.00    0.00   -0.00 (VIOLATED)
i_croc_soc/i_croc/i_core_wrap/i_ibex.register_file_i/rf_reg_152__reg/Q_N    0.00    0.00   -0.00 (VIOLATED)
i_croc_soc/i_croc/i_core_wrap/i_ibex.register_file_i/rf_reg_153__reg/Q_N    0.00    0.00   -0.00 (VIOLATED)
i_croc_soc/i_croc/i_core_wrap/i_ibex.register_file_i/rf_reg_154__reg/Q_N    0.00    0.00   -0.00 (VIOLATED)
i_croc_soc/i_croc/i_core_wrap/i_ibex.register_file_i/rf_reg_155__reg/Q_N    0.00    0.00   -0.00 (VIOLATED)
i_croc_soc/i_croc/i_core_wrap/i_ibex.register_file_i/rf_reg_156__reg/Q_N    0.00    0.00   -0.00 (VIOLATED)
i_croc_soc/i_croc/i_core_wrap/i_ibex.register_file_i/rf_reg_157__reg/Q_N    0.00    0.00   -0.00 (VIOLATED)
i_croc_soc/i_croc/i_core_wrap/i_ibex.register_file_i/rf_reg_158__reg/Q_N    0.00    0.00   -0.00 (VIOLATED)
i_croc_soc/i_croc/i_core_wrap/i_ibex.register_file_i/rf_reg_159__reg/Q_N    0.00    0.00   -0.00 (VIOLATED)
i_croc_soc/i_croc/i_core_wrap/i_ibex.register_file_i/rf_reg_160__reg/Q_N    0.00    0.00   -0.00 (VIOLATED)
i_croc_soc/i_croc/i_core_wrap/i_ibex.register_file_i/rf_reg_161__reg/Q_N    0.00    0.00   -0.00 (VIOLATED)
i_croc_soc/i_croc/i_core_wrap/i_ibex.register_file_i/rf_reg_162__reg/Q_N    0.00    0.00   -0.00 (VIOLATED)
i_croc_soc/i_croc/i_core_wrap/i_ibex.register_file_i/rf_reg_163__reg/Q_N    0.00    0.00   -0.00 (VIOLATED)
i_croc_soc/i_croc/i_core_wrap/i_ibex.register_file_i/rf_reg_164__reg/Q_N    0.00    0.00   -0.00 (VIOLATED)
i_croc_soc/i_croc/i_core_wrap/i_ibex.register_file_i/rf_reg_165__reg/Q_N    0.00    0.00   -0.00 (VIOLATED)
i_croc_soc/i_croc/i_core_wrap/i_ibex.register_file_i/rf_reg_166__reg/Q_N    0.00    0.00   -0.00 (VIOLATED)
i_croc_soc/i_croc/i_core_wrap/i_ibex.register_file_i/rf_reg_167__reg/Q_N    0.00    0.00   -0.00 (VIOLATED)
i_croc_soc/i_croc/i_core_wrap/i_ibex.register_file_i/rf_reg_168__reg/Q_N    0.00    0.00   -0.00 (VIOLATED)
i_croc_soc/i_croc/i_core_wrap/i_ibex.register_file_i/rf_reg_169__reg/Q_N    0.00    0.00   -0.00 (VIOLATED)
i_croc_soc/i_croc/i_core_wrap/i_ibex.register_file_i/rf_reg_170__reg/Q_N    0.00    0.00   -0.00 (VIOLATED)
i_croc_soc/i_croc/i_core_wrap/i_ibex.register_file_i/rf_reg_171__reg/Q_N    0.00    0.00   -0.00 (VIOLATED)
i_croc_soc/i_croc/i_core_wrap/i_ibex.register_file_i/rf_reg_172__reg/Q_N    0.00    0.00   -0.00 (VIOLATED)
i_croc_soc/i_croc/i_core_wrap/i_ibex.register_file_i/rf_reg_173__reg/Q_N    0.00    0.00   -0.00 (VIOLATED)
i_croc_soc/i_croc/i_core_wrap/i_ibex.register_file_i/rf_reg_174__reg/Q_N    0.00    0.00   -0.00 (VIOLATED)
i_croc_soc/i_croc/i_core_wrap/i_ibex.register_file_i/rf_reg_175__reg/Q_N    0.00    0.00   -0.00 (VIOLATED)
i_croc_soc/i_croc/i_core_wrap/i_ibex.register_file_i/rf_reg_176__reg/Q_N    0.00    0.00   -0.00 (VIOLATED)
i_croc_soc/i_croc/i_core_wrap/i_ibex.register_file_i/rf_reg_177__reg/Q_N    0.00    0.00   -0.00 (VIOLATED)
i_croc_soc/i_croc/i_core_wrap/i_ibex.register_file_i/rf_reg_178__reg/Q_N    0.00    0.00   -0.00 (VIOLATED)
i_croc_soc/i_croc/i_core_wrap/i_ibex.register_file_i/rf_reg_179__reg/Q_N    0.00    0.00   -0.00 (VIOLATED)
i_croc_soc/i_croc/i_core_wrap/i_ibex.register_file_i/rf_reg_180__reg/Q_N    0.00    0.00   -0.00 (VIOLATED)
i_croc_soc/i_croc/i_core_wrap/i_ibex.register_file_i/rf_reg_181__reg/Q_N    0.00    0.00   -0.00 (VIOLATED)
i_croc_soc/i_croc/i_core_wrap/i_ibex.register_file_i/rf_reg_182__reg/Q_N    0.00    0.00   -0.00 (VIOLATED)
i_croc_soc/i_croc/i_core_wrap/i_ibex.register_file_i/rf_reg_183__reg/Q_N    0.00    0.00   -0.00 (VIOLATED)
i_croc_soc/i_croc/i_core_wrap/i_ibex.register_file_i/rf_reg_184__reg/Q_N    0.00    0.00   -0.00 (VIOLATED)
i_croc_soc/i_croc/i_core_wrap/i_ibex.register_file_i/rf_reg_185__reg/Q_N    0.00    0.00   -0.00 (VIOLATED)
i_croc_soc/i_croc/i_core_wrap/i_ibex.register_file_i/rf_reg_186__reg/Q_N    0.00    0.00   -0.00 (VIOLATED)
i_croc_soc/i_croc/i_core_wrap/i_ibex.register_file_i/rf_reg_187__reg/Q_N    0.00    0.00   -0.00 (VIOLATED)
i_croc_soc/i_croc/i_core_wrap/i_ibex.register_file_i/rf_reg_188__reg/Q_N    0.00    0.00   -0.00 (VIOLATED)
i_croc_soc/i_croc/i_core_wrap/i_ibex.register_file_i/rf_reg_189__reg/Q_N    0.00    0.00   -0.00 (VIOLATED)
i_croc_soc/i_croc/i_core_wrap/i_ibex.register_file_i/rf_reg_190__reg/Q_N    0.00    0.00   -0.00 (VIOLATED)
i_croc_soc/i_croc/i_core_wrap/i_ibex.register_file_i/rf_reg_191__reg/Q_N    0.00    0.00   -0.00 (VIOLATED)
i_croc_soc/i_croc/i_core_wrap/i_ibex.register_file_i/rf_reg_192__reg/Q_N    0.00    0.00   -0.00 (VIOLATED)
i_croc_soc/i_croc/i_core_wrap/i_ibex.register_file_i/rf_reg_193__reg/Q_N    0.00    0.00   -0.00 (VIOLATED)
i_croc_soc/i_croc/i_core_wrap/i_ibex.register_file_i/rf_reg_194__reg/Q_N    0.00    0.00   -0.00 (VIOLATED)
i_croc_soc/i_croc/i_core_wrap/i_ibex.register_file_i/rf_reg_195__reg/Q_N    0.00    0.00   -0.00 (VIOLATED)
i_croc_soc/i_croc/i_core_wrap/i_ibex.register_file_i/rf_reg_196__reg/Q_N    0.00    0.00   -0.00 (VIOLATED)
i_croc_soc/i_croc/i_core_wrap/i_ibex.register_file_i/rf_reg_197__reg/Q_N    0.00    0.00   -0.00 (VIOLATED)
i_croc_soc/i_croc/i_core_wrap/i_ibex.register_file_i/rf_reg_198__reg/Q_N    0.00    0.00   -0.00 (VIOLATED)
i_croc_soc/i_croc/i_core_wrap/i_ibex.register_file_i/rf_reg_199__reg/Q_N    0.00    0.00   -0.00 (VIOLATED)
i_croc_soc/i_croc/i_core_wrap/i_ibex.register_file_i/rf_reg_200__reg/Q_N    0.00    0.00   -0.00 (VIOLATED)
i_croc_soc/i_croc/i_core_wrap/i_ibex.register_file_i/rf_reg_201__reg/Q_N    0.00    0.00   -0.00 (VIOLATED)
i_croc_soc/i_croc/i_core_wrap/i_ibex.register_file_i/rf_reg_202__reg/Q_N    0.00    0.00   -0.00 (VIOLATED)
i_croc_soc/i_croc/i_core_wrap/i_ibex.register_file_i/rf_reg_203__reg/Q_N    0.00    0.00   -0.00 (VIOLATED)
i_croc_soc/i_croc/i_core_wrap/i_ibex.register_file_i/rf_reg_204__reg/Q_N    0.00    0.00   -0.00 (VIOLATED)
i_croc_soc/i_croc/i_core_wrap/i_ibex.register_file_i/rf_reg_205__reg/Q_N    0.00    0.00   -0.00 (VIOLATED)
i_croc_soc/i_croc/i_core_wrap/i_ibex.register_file_i/rf_reg_206__reg/Q_N    0.00    0.00   -0.00 (VIOLATED)
i_croc_soc/i_croc/i_core_wrap/i_ibex.register_file_i/rf_reg_207__reg/Q_N    0.00    0.00   -0.00 (VIOLATED)
i_croc_soc/i_croc/i_core_wrap/i_ibex.register_file_i/rf_reg_208__reg/Q_N    0.00    0.00   -0.00 (VIOLATED)
i_croc_soc/i_croc/i_core_wrap/i_ibex.register_file_i/rf_reg_209__reg/Q_N    0.00    0.00   -0.00 (VIOLATED)
i_croc_soc/i_croc/i_core_wrap/i_ibex.register_file_i/rf_reg_210__reg/Q_N    0.00    0.00   -0.00 (VIOLATED)
i_croc_soc/i_croc/i_core_wrap/i_ibex.register_file_i/rf_reg_211__reg/Q_N    0.00    0.00   -0.00 (VIOLATED)
i_croc_soc/i_croc/i_core_wrap/i_ibex.register_file_i/rf_reg_212__reg/Q_N    0.00    0.00   -0.00 (VIOLATED)
i_croc_soc/i_croc/i_core_wrap/i_ibex.register_file_i/rf_reg_213__reg/Q_N    0.00    0.00   -0.00 (VIOLATED)
i_croc_soc/i_croc/i_core_wrap/i_ibex.register_file_i/rf_reg_214__reg/Q_N    0.00    0.00   -0.00 (VIOLATED)
i_croc_soc/i_croc/i_core_wrap/i_ibex.register_file_i/rf_reg_215__reg/Q_N    0.00    0.00   -0.00 (VIOLATED)
i_croc_soc/i_croc/i_core_wrap/i_ibex.register_file_i/rf_reg_216__reg/Q_N    0.00    0.00   -0.00 (VIOLATED)
i_croc_soc/i_croc/i_core_wrap/i_ibex.register_file_i/rf_reg_217__reg/Q_N    0.00    0.00   -0.00 (VIOLATED)
i_croc_soc/i_croc/i_core_wrap/i_ibex.register_file_i/rf_reg_218__reg/Q_N    0.00    0.00   -0.00 (VIOLATED)
i_croc_soc/i_croc/i_core_wrap/i_ibex.register_file_i/rf_reg_219__reg/Q_N    0.00    0.00   -0.00 (VIOLATED)
i_croc_soc/i_croc/i_core_wrap/i_ibex.register_file_i/rf_reg_220__reg/Q_N    0.00    0.00   -0.00 (VIOLATED)
i_croc_soc/i_croc/i_core_wrap/i_ibex.register_file_i/rf_reg_221__reg/Q_N    0.00    0.00   -0.00 (VIOLATED)
i_croc_soc/i_croc/i_core_wrap/i_ibex.register_file_i/rf_reg_222__reg/Q_N    0.00    0.00   -0.00 (VIOLATED)
i_croc_soc/i_croc/i_core_wrap/i_ibex.register_file_i/rf_reg_223__reg/Q_N    0.00    0.00   -0.00 (VIOLATED)
i_croc_soc/i_croc/i_core_wrap/i_ibex.register_file_i/rf_reg_224__reg/Q_N    0.00    0.00   -0.00 (VIOLATED)
i_croc_soc/i_croc/i_core_wrap/i_ibex.register_file_i/rf_reg_225__reg/Q_N    0.00    0.00   -0.00 (VIOLATED)
i_croc_soc/i_croc/i_core_wrap/i_ibex.register_file_i/rf_reg_226__reg/Q_N    0.00    0.00   -0.00 (VIOLATED)
i_croc_soc/i_croc/i_core_wrap/i_ibex.register_file_i/rf_reg_227__reg/Q_N    0.00    0.00   -0.00 (VIOLATED)
i_croc_soc/i_croc/i_core_wrap/i_ibex.register_file_i/rf_reg_228__reg/Q_N    0.00    0.00   -0.00 (VIOLATED)
i_croc_soc/i_croc/i_core_wrap/i_ibex.register_file_i/rf_reg_229__reg/Q_N    0.00    0.00   -0.00 (VIOLATED)
i_croc_soc/i_croc/i_core_wrap/i_ibex.register_file_i/rf_reg_230__reg/Q_N    0.00    0.00   -0.00 (VIOLATED)
i_croc_soc/i_croc/i_core_wrap/i_ibex.register_file_i/rf_reg_231__reg/Q_N    0.00    0.00   -0.00 (VIOLATED)
i_croc_soc/i_croc/i_core_wrap/i_ibex.register_file_i/rf_reg_232__reg/Q_N    0.00    0.00   -0.00 (VIOLATED)
i_croc_soc/i_croc/i_core_wrap/i_ibex.register_file_i/rf_reg_233__reg/Q_N    0.00    0.00   -0.00 (VIOLATED)
i_croc_soc/i_croc/i_core_wrap/i_ibex.register_file_i/rf_reg_234__reg/Q_N    0.00    0.00   -0.00 (VIOLATED)
i_croc_soc/i_croc/i_core_wrap/i_ibex.register_file_i/rf_reg_235__reg/Q_N    0.00    0.00   -0.00 (VIOLATED)
i_croc_soc/i_croc/i_core_wrap/i_ibex.register_file_i/rf_reg_236__reg/Q_N    0.00    0.00   -0.00 (VIOLATED)
i_croc_soc/i_croc/i_core_wrap/i_ibex.register_file_i/rf_reg_237__reg/Q_N    0.00    0.00   -0.00 (VIOLATED)
i_croc_soc/i_croc/i_core_wrap/i_ibex.register_file_i/rf_reg_238__reg/Q_N    0.00    0.00   -0.00 (VIOLATED)
i_croc_soc/i_croc/i_core_wrap/i_ibex.register_file_i/rf_reg_239__reg/Q_N    0.00    0.00   -0.00 (VIOLATED)
i_croc_soc/i_croc/i_core_wrap/i_ibex.register_file_i/rf_reg_240__reg/Q_N    0.00    0.00   -0.00 (VIOLATED)
i_croc_soc/i_croc/i_core_wrap/i_ibex.register_file_i/rf_reg_241__reg/Q_N    0.00    0.00   -0.00 (VIOLATED)
i_croc_soc/i_croc/i_core_wrap/i_ibex.register_file_i/rf_reg_242__reg/Q_N    0.00    0.00   -0.00 (VIOLATED)
i_croc_soc/i_croc/i_core_wrap/i_ibex.register_file_i/rf_reg_243__reg/Q_N    0.00    0.00   -0.00 (VIOLATED)
i_croc_soc/i_croc/i_core_wrap/i_ibex.register_file_i/rf_reg_244__reg/Q_N    0.00    0.00   -0.00 (VIOLATED)
i_croc_soc/i_croc/i_core_wrap/i_ibex.register_file_i/rf_reg_245__reg/Q_N    0.00    0.00   -0.00 (VIOLATED)
i_croc_soc/i_croc/i_core_wrap/i_ibex.register_file_i/rf_reg_246__reg/Q_N    0.00    0.00   -0.00 (VIOLATED)
i_croc_soc/i_croc/i_core_wrap/i_ibex.register_file_i/rf_reg_247__reg/Q_N    0.00    0.00   -0.00 (VIOLATED)
i_croc_soc/i_croc/i_core_wrap/i_ibex.register_file_i/rf_reg_248__reg/Q_N    0.00    0.00   -0.00 (VIOLATED)
i_croc_soc/i_croc/i_core_wrap/i_ibex.register_file_i/rf_reg_249__reg/Q_N    0.00    0.00   -0.00 (VIOLATED)
i_croc_soc/i_croc/i_core_wrap/i_ibex.register_file_i/rf_reg_250__reg/Q_N    0.00    0.00   -0.00 (VIOLATED)
i_croc_soc/i_croc/i_core_wrap/i_ibex.register_file_i/rf_reg_251__reg/Q_N    0.00    0.00   -0.00 (VIOLATED)
i_croc_soc/i_croc/i_core_wrap/i_ibex.register_file_i/rf_reg_252__reg/Q_N    0.00    0.00   -0.00 (VIOLATED)
i_croc_soc/i_croc/i_core_wrap/i_ibex.register_file_i/rf_reg_253__reg/Q_N    0.00    0.00   -0.00 (VIOLATED)
i_croc_soc/i_croc/i_core_wrap/i_ibex.register_file_i/rf_reg_254__reg/Q_N    0.00    0.00   -0.00 (VIOLATED)
i_croc_soc/i_croc/i_core_wrap/i_ibex.register_file_i/rf_reg_255__reg/Q_N    0.00    0.00   -0.00 (VIOLATED)
i_croc_soc/i_croc/i_core_wrap/i_ibex.register_file_i/rf_reg_256__reg/Q_N    0.00    0.00   -0.00 (VIOLATED)
i_croc_soc/i_croc/i_core_wrap/i_ibex.register_file_i/rf_reg_257__reg/Q_N    0.00    0.00   -0.00 (VIOLATED)
i_croc_soc/i_croc/i_core_wrap/i_ibex.register_file_i/rf_reg_258__reg/Q_N    0.00    0.00   -0.00 (VIOLATED)
i_croc_soc/i_croc/i_core_wrap/i_ibex.register_file_i/rf_reg_259__reg/Q_N    0.00    0.00   -0.00 (VIOLATED)
i_croc_soc/i_croc/i_core_wrap/i_ibex.register_file_i/rf_reg_260__reg/Q_N    0.00    0.00   -0.00 (VIOLATED)
i_croc_soc/i_croc/i_core_wrap/i_ibex.register_file_i/rf_reg_261__reg/Q_N    0.00    0.00   -0.00 (VIOLATED)
i_croc_soc/i_croc/i_core_wrap/i_ibex.register_file_i/rf_reg_262__reg/Q_N    0.00    0.00   -0.00 (VIOLATED)
i_croc_soc/i_croc/i_core_wrap/i_ibex.register_file_i/rf_reg_263__reg/Q_N    0.00    0.00   -0.00 (VIOLATED)
i_croc_soc/i_croc/i_core_wrap/i_ibex.register_file_i/rf_reg_264__reg/Q_N    0.00    0.00   -0.00 (VIOLATED)
i_croc_soc/i_croc/i_core_wrap/i_ibex.register_file_i/rf_reg_265__reg/Q_N    0.00    0.00   -0.00 (VIOLATED)
i_croc_soc/i_croc/i_core_wrap/i_ibex.register_file_i/rf_reg_266__reg/Q_N    0.00    0.00   -0.00 (VIOLATED)
i_croc_soc/i_croc/i_core_wrap/i_ibex.register_file_i/rf_reg_267__reg/Q_N    0.00    0.00   -0.00 (VIOLATED)
i_croc_soc/i_croc/i_core_wrap/i_ibex.register_file_i/rf_reg_268__reg/Q_N    0.00    0.00   -0.00 (VIOLATED)
i_croc_soc/i_croc/i_core_wrap/i_ibex.register_file_i/rf_reg_269__reg/Q_N    0.00    0.00   -0.00 (VIOLATED)
i_croc_soc/i_croc/i_core_wrap/i_ibex.register_file_i/rf_reg_270__reg/Q_N    0.00    0.00   -0.00 (VIOLATED)
i_croc_soc/i_croc/i_core_wrap/i_ibex.register_file_i/rf_reg_271__reg/Q_N    0.00    0.00   -0.00 (VIOLATED)
i_croc_soc/i_croc/i_core_wrap/i_ibex.register_file_i/rf_reg_272__reg/Q_N    0.00    0.00   -0.00 (VIOLATED)
i_croc_soc/i_croc/i_core_wrap/i_ibex.register_file_i/rf_reg_273__reg/Q_N    0.00    0.00   -0.00 (VIOLATED)
i_croc_soc/i_croc/i_core_wrap/i_ibex.register_file_i/rf_reg_274__reg/Q_N    0.00    0.00   -0.00 (VIOLATED)
i_croc_soc/i_croc/i_core_wrap/i_ibex.register_file_i/rf_reg_275__reg/Q_N    0.00    0.00   -0.00 (VIOLATED)
i_croc_soc/i_croc/i_core_wrap/i_ibex.register_file_i/rf_reg_276__reg/Q_N    0.00    0.00   -0.00 (VIOLATED)
i_croc_soc/i_croc/i_core_wrap/i_ibex.register_file_i/rf_reg_277__reg/Q_N    0.00    0.00   -0.00 (VIOLATED)
i_croc_soc/i_croc/i_core_wrap/i_ibex.register_file_i/rf_reg_278__reg/Q_N    0.00    0.00   -0.00 (VIOLATED)
i_croc_soc/i_croc/i_core_wrap/i_ibex.register_file_i/rf_reg_279__reg/Q_N    0.00    0.00   -0.00 (VIOLATED)
i_croc_soc/i_croc/i_core_wrap/i_ibex.register_file_i/rf_reg_280__reg/Q_N    0.00    0.00   -0.00 (VIOLATED)
i_croc_soc/i_croc/i_core_wrap/i_ibex.register_file_i/rf_reg_281__reg/Q_N    0.00    0.00   -0.00 (VIOLATED)
i_croc_soc/i_croc/i_core_wrap/i_ibex.register_file_i/rf_reg_282__reg/Q_N    0.00    0.00   -0.00 (VIOLATED)
i_croc_soc/i_croc/i_core_wrap/i_ibex.register_file_i/rf_reg_283__reg/Q_N    0.00    0.00   -0.00 (VIOLATED)
i_croc_soc/i_croc/i_core_wrap/i_ibex.register_file_i/rf_reg_284__reg/Q_N    0.00    0.00   -0.00 (VIOLATED)
i_croc_soc/i_croc/i_core_wrap/i_ibex.register_file_i/rf_reg_285__reg/Q_N    0.00    0.00   -0.00 (VIOLATED)
i_croc_soc/i_croc/i_core_wrap/i_ibex.register_file_i/rf_reg_286__reg/Q_N    0.00    0.00   -0.00 (VIOLATED)
i_croc_soc/i_croc/i_core_wrap/i_ibex.register_file_i/rf_reg_287__reg/Q_N    0.00    0.00   -0.00 (VIOLATED)
i_croc_soc/i_croc/i_core_wrap/i_ibex.register_file_i/rf_reg_288__reg/Q_N    0.00    0.00   -0.00 (VIOLATED)
i_croc_soc/i_croc/i_core_wrap/i_ibex.register_file_i/rf_reg_289__reg/Q_N    0.00    0.00   -0.00 (VIOLATED)
i_croc_soc/i_croc/i_core_wrap/i_ibex.register_file_i/rf_reg_290__reg/Q_N    0.00    0.00   -0.00 (VIOLATED)
i_croc_soc/i_croc/i_core_wrap/i_ibex.register_file_i/rf_reg_291__reg/Q_N    0.00    0.00   -0.00 (VIOLATED)
i_croc_soc/i_croc/i_core_wrap/i_ibex.register_file_i/rf_reg_292__reg/Q_N    0.00    0.00   -0.00 (VIOLATED)
i_croc_soc/i_croc/i_core_wrap/i_ibex.register_file_i/rf_reg_293__reg/Q_N    0.00    0.00   -0.00 (VIOLATED)
i_croc_soc/i_croc/i_core_wrap/i_ibex.register_file_i/rf_reg_294__reg/Q_N    0.00    0.00   -0.00 (VIOLATED)
i_croc_soc/i_croc/i_core_wrap/i_ibex.register_file_i/rf_reg_295__reg/Q_N    0.00    0.00   -0.00 (VIOLATED)
i_croc_soc/i_croc/i_core_wrap/i_ibex.register_file_i/rf_reg_296__reg/Q_N    0.00    0.00   -0.00 (VIOLATED)
i_croc_soc/i_croc/i_core_wrap/i_ibex.register_file_i/rf_reg_297__reg/Q_N    0.00    0.00   -0.00 (VIOLATED)
i_croc_soc/i_croc/i_core_wrap/i_ibex.register_file_i/rf_reg_298__reg/Q_N    0.00    0.00   -0.00 (VIOLATED)
i_croc_soc/i_croc/i_core_wrap/i_ibex.register_file_i/rf_reg_299__reg/Q_N    0.00    0.00   -0.00 (VIOLATED)
i_croc_soc/i_croc/i_core_wrap/i_ibex.register_file_i/rf_reg_300__reg/Q_N    0.00    0.00   -0.00 (VIOLATED)
i_croc_soc/i_croc/i_core_wrap/i_ibex.register_file_i/rf_reg_301__reg/Q_N    0.00    0.00   -0.00 (VIOLATED)
i_croc_soc/i_croc/i_core_wrap/i_ibex.register_file_i/rf_reg_302__reg/Q_N    0.00    0.00   -0.00 (VIOLATED)
i_croc_soc/i_croc/i_core_wrap/i_ibex.register_file_i/rf_reg_303__reg/Q_N    0.00    0.00   -0.00 (VIOLATED)
i_croc_soc/i_croc/i_core_wrap/i_ibex.register_file_i/rf_reg_304__reg/Q_N    0.00    0.00   -0.00 (VIOLATED)
i_croc_soc/i_croc/i_core_wrap/i_ibex.register_file_i/rf_reg_305__reg/Q_N    0.00    0.00   -0.00 (VIOLATED)
i_croc_soc/i_croc/i_core_wrap/i_ibex.register_file_i/rf_reg_306__reg/Q_N    0.00    0.00   -0.00 (VIOLATED)
i_croc_soc/i_croc/i_core_wrap/i_ibex.register_file_i/rf_reg_307__reg/Q_N    0.00    0.00   -0.00 (VIOLATED)
i_croc_soc/i_croc/i_core_wrap/i_ibex.register_file_i/rf_reg_308__reg/Q_N    0.00    0.00   -0.00 (VIOLATED)
i_croc_soc/i_croc/i_core_wrap/i_ibex.register_file_i/rf_reg_309__reg/Q_N    0.00    0.00   -0.00 (VIOLATED)
i_croc_soc/i_croc/i_core_wrap/i_ibex.register_file_i/rf_reg_310__reg/Q_N    0.00    0.00   -0.00 (VIOLATED)
i_croc_soc/i_croc/i_core_wrap/i_ibex.register_file_i/rf_reg_311__reg/Q_N    0.00    0.00   -0.00 (VIOLATED)
i_croc_soc/i_croc/i_core_wrap/i_ibex.register_file_i/rf_reg_312__reg/Q_N    0.00    0.00   -0.00 (VIOLATED)
i_croc_soc/i_croc/i_core_wrap/i_ibex.register_file_i/rf_reg_313__reg/Q_N    0.00    0.00   -0.00 (VIOLATED)
i_croc_soc/i_croc/i_core_wrap/i_ibex.register_file_i/rf_reg_314__reg/Q_N    0.00    0.00   -0.00 (VIOLATED)
i_croc_soc/i_croc/i_core_wrap/i_ibex.register_file_i/rf_reg_315__reg/Q_N    0.00    0.00   -0.00 (VIOLATED)
i_croc_soc/i_croc/i_core_wrap/i_ibex.register_file_i/rf_reg_316__reg/Q_N    0.00    0.00   -0.00 (VIOLATED)
i_croc_soc/i_croc/i_core_wrap/i_ibex.register_file_i/rf_reg_317__reg/Q_N    0.00    0.00   -0.00 (VIOLATED)
i_croc_soc/i_croc/i_core_wrap/i_ibex.register_file_i/rf_reg_318__reg/Q_N    0.00    0.00   -0.00 (VIOLATED)
i_croc_soc/i_croc/i_core_wrap/i_ibex.register_file_i/rf_reg_319__reg/Q_N    0.00    0.00   -0.00 (VIOLATED)
i_croc_soc/i_croc/i_core_wrap/i_ibex.register_file_i/rf_reg_320__reg/Q_N    0.00    0.00   -0.00 (VIOLATED)
i_croc_soc/i_croc/i_core_wrap/i_ibex.register_file_i/rf_reg_321__reg/Q_N    0.00    0.00   -0.00 (VIOLATED)
i_croc_soc/i_croc/i_core_wrap/i_ibex.register_file_i/rf_reg_322__reg/Q_N    0.00    0.00   -0.00 (VIOLATED)
i_croc_soc/i_croc/i_core_wrap/i_ibex.register_file_i/rf_reg_323__reg/Q_N    0.00    0.00   -0.00 (VIOLATED)
i_croc_soc/i_croc/i_core_wrap/i_ibex.register_file_i/rf_reg_324__reg/Q_N    0.00    0.00   -0.00 (VIOLATED)
i_croc_soc/i_croc/i_core_wrap/i_ibex.register_file_i/rf_reg_325__reg/Q_N    0.00    0.00   -0.00 (VIOLATED)
i_croc_soc/i_croc/i_core_wrap/i_ibex.register_file_i/rf_reg_326__reg/Q_N    0.00    0.00   -0.00 (VIOLATED)
i_croc_soc/i_croc/i_core_wrap/i_ibex.register_file_i/rf_reg_327__reg/Q_N    0.00    0.00   -0.00 (VIOLATED)
i_croc_soc/i_croc/i_core_wrap/i_ibex.register_file_i/rf_reg_328__reg/Q_N    0.00    0.00   -0.00 (VIOLATED)
i_croc_soc/i_croc/i_core_wrap/i_ibex.register_file_i/rf_reg_329__reg/Q_N    0.00    0.00   -0.00 (VIOLATED)
i_croc_soc/i_croc/i_core_wrap/i_ibex.register_file_i/rf_reg_32__reg/Q_N    0.00    0.00   -0.00 (VIOLATED)
i_croc_soc/i_croc/i_core_wrap/i_ibex.register_file_i/rf_reg_330__reg/Q_N    0.00    0.00   -0.00 (VIOLATED)
i_croc_soc/i_croc/i_core_wrap/i_ibex.register_file_i/rf_reg_331__reg/Q_N    0.00    0.00   -0.00 (VIOLATED)
i_croc_soc/i_croc/i_core_wrap/i_ibex.register_file_i/rf_reg_332__reg/Q_N    0.00    0.00   -0.00 (VIOLATED)
i_croc_soc/i_croc/i_core_wrap/i_ibex.register_file_i/rf_reg_333__reg/Q_N    0.00    0.00   -0.00 (VIOLATED)
i_croc_soc/i_croc/i_core_wrap/i_ibex.register_file_i/rf_reg_334__reg/Q_N    0.00    0.00   -0.00 (VIOLATED)
i_croc_soc/i_croc/i_core_wrap/i_ibex.register_file_i/rf_reg_335__reg/Q_N    0.00    0.00   -0.00 (VIOLATED)
i_croc_soc/i_croc/i_core_wrap/i_ibex.register_file_i/rf_reg_336__reg/Q_N    0.00    0.00   -0.00 (VIOLATED)
i_croc_soc/i_croc/i_core_wrap/i_ibex.register_file_i/rf_reg_337__reg/Q_N    0.00    0.00   -0.00 (VIOLATED)
i_croc_soc/i_croc/i_core_wrap/i_ibex.register_file_i/rf_reg_338__reg/Q_N    0.00    0.00   -0.00 (VIOLATED)
i_croc_soc/i_croc/i_core_wrap/i_ibex.register_file_i/rf_reg_339__reg/Q_N    0.00    0.00   -0.00 (VIOLATED)
i_croc_soc/i_croc/i_core_wrap/i_ibex.register_file_i/rf_reg_33__reg/Q_N    0.00    0.00   -0.00 (VIOLATED)
i_croc_soc/i_croc/i_core_wrap/i_ibex.register_file_i/rf_reg_340__reg/Q_N    0.00    0.00   -0.00 (VIOLATED)
i_croc_soc/i_croc/i_core_wrap/i_ibex.register_file_i/rf_reg_341__reg/Q_N    0.00    0.00   -0.00 (VIOLATED)
i_croc_soc/i_croc/i_core_wrap/i_ibex.register_file_i/rf_reg_342__reg/Q_N    0.00    0.00   -0.00 (VIOLATED)
i_croc_soc/i_croc/i_core_wrap/i_ibex.register_file_i/rf_reg_343__reg/Q_N    0.00    0.00   -0.00 (VIOLATED)
i_croc_soc/i_croc/i_core_wrap/i_ibex.register_file_i/rf_reg_344__reg/Q_N    0.00    0.00   -0.00 (VIOLATED)
i_croc_soc/i_croc/i_core_wrap/i_ibex.register_file_i/rf_reg_345__reg/Q_N    0.00    0.00   -0.00 (VIOLATED)
i_croc_soc/i_croc/i_core_wrap/i_ibex.register_file_i/rf_reg_346__reg/Q_N    0.00    0.00   -0.00 (VIOLATED)
i_croc_soc/i_croc/i_core_wrap/i_ibex.register_file_i/rf_reg_347__reg/Q_N    0.00    0.00   -0.00 (VIOLATED)
i_croc_soc/i_croc/i_core_wrap/i_ibex.register_file_i/rf_reg_348__reg/Q_N    0.00    0.00   -0.00 (VIOLATED)
i_croc_soc/i_croc/i_core_wrap/i_ibex.register_file_i/rf_reg_349__reg/Q_N    0.00    0.00   -0.00 (VIOLATED)
i_croc_soc/i_croc/i_core_wrap/i_ibex.register_file_i/rf_reg_34__reg/Q_N    0.00    0.00   -0.00 (VIOLATED)
i_croc_soc/i_croc/i_core_wrap/i_ibex.register_file_i/rf_reg_350__reg/Q_N    0.00    0.00   -0.00 (VIOLATED)
i_croc_soc/i_croc/i_core_wrap/i_ibex.register_file_i/rf_reg_351__reg/Q_N    0.00    0.00   -0.00 (VIOLATED)
i_croc_soc/i_croc/i_core_wrap/i_ibex.register_file_i/rf_reg_352__reg/Q_N    0.00    0.00   -0.00 (VIOLATED)
i_croc_soc/i_croc/i_core_wrap/i_ibex.register_file_i/rf_reg_353__reg/Q_N    0.00    0.00   -0.00 (VIOLATED)
i_croc_soc/i_croc/i_core_wrap/i_ibex.register_file_i/rf_reg_354__reg/Q_N    0.00    0.00   -0.00 (VIOLATED)
i_croc_soc/i_croc/i_core_wrap/i_ibex.register_file_i/rf_reg_355__reg/Q_N    0.00    0.00   -0.00 (VIOLATED)
i_croc_soc/i_croc/i_core_wrap/i_ibex.register_file_i/rf_reg_356__reg/Q_N    0.00    0.00   -0.00 (VIOLATED)
i_croc_soc/i_croc/i_core_wrap/i_ibex.register_file_i/rf_reg_357__reg/Q_N    0.00    0.00   -0.00 (VIOLATED)
i_croc_soc/i_croc/i_core_wrap/i_ibex.register_file_i/rf_reg_358__reg/Q_N    0.00    0.00   -0.00 (VIOLATED)
i_croc_soc/i_croc/i_core_wrap/i_ibex.register_file_i/rf_reg_359__reg/Q_N    0.00    0.00   -0.00 (VIOLATED)
i_croc_soc/i_croc/i_core_wrap/i_ibex.register_file_i/rf_reg_35__reg/Q_N    0.00    0.00   -0.00 (VIOLATED)
i_croc_soc/i_croc/i_core_wrap/i_ibex.register_file_i/rf_reg_360__reg/Q_N    0.00    0.00   -0.00 (VIOLATED)
i_croc_soc/i_croc/i_core_wrap/i_ibex.register_file_i/rf_reg_361__reg/Q_N    0.00    0.00   -0.00 (VIOLATED)
i_croc_soc/i_croc/i_core_wrap/i_ibex.register_file_i/rf_reg_362__reg/Q_N    0.00    0.00   -0.00 (VIOLATED)
i_croc_soc/i_croc/i_core_wrap/i_ibex.register_file_i/rf_reg_363__reg/Q_N    0.00    0.00   -0.00 (VIOLATED)
i_croc_soc/i_croc/i_core_wrap/i_ibex.register_file_i/rf_reg_364__reg/Q_N    0.00    0.00   -0.00 (VIOLATED)
i_croc_soc/i_croc/i_core_wrap/i_ibex.register_file_i/rf_reg_365__reg/Q_N    0.00    0.00   -0.00 (VIOLATED)
i_croc_soc/i_croc/i_core_wrap/i_ibex.register_file_i/rf_reg_366__reg/Q_N    0.00    0.00   -0.00 (VIOLATED)
i_croc_soc/i_croc/i_core_wrap/i_ibex.register_file_i/rf_reg_367__reg/Q_N    0.00    0.00   -0.00 (VIOLATED)
i_croc_soc/i_croc/i_core_wrap/i_ibex.register_file_i/rf_reg_368__reg/Q_N    0.00    0.00   -0.00 (VIOLATED)
i_croc_soc/i_croc/i_core_wrap/i_ibex.register_file_i/rf_reg_369__reg/Q_N    0.00    0.00   -0.00 (VIOLATED)
i_croc_soc/i_croc/i_core_wrap/i_ibex.register_file_i/rf_reg_36__reg/Q_N    0.00    0.00   -0.00 (VIOLATED)
i_croc_soc/i_croc/i_core_wrap/i_ibex.register_file_i/rf_reg_370__reg/Q_N    0.00    0.00   -0.00 (VIOLATED)
i_croc_soc/i_croc/i_core_wrap/i_ibex.register_file_i/rf_reg_371__reg/Q_N    0.00    0.00   -0.00 (VIOLATED)
i_croc_soc/i_croc/i_core_wrap/i_ibex.register_file_i/rf_reg_372__reg/Q_N    0.00    0.00   -0.00 (VIOLATED)
i_croc_soc/i_croc/i_core_wrap/i_ibex.register_file_i/rf_reg_373__reg/Q_N    0.00    0.00   -0.00 (VIOLATED)
i_croc_soc/i_croc/i_core_wrap/i_ibex.register_file_i/rf_reg_374__reg/Q_N    0.00    0.00   -0.00 (VIOLATED)
i_croc_soc/i_croc/i_core_wrap/i_ibex.register_file_i/rf_reg_375__reg/Q_N    0.00    0.00   -0.00 (VIOLATED)
i_croc_soc/i_croc/i_core_wrap/i_ibex.register_file_i/rf_reg_376__reg/Q_N    0.00    0.00   -0.00 (VIOLATED)
i_croc_soc/i_croc/i_core_wrap/i_ibex.register_file_i/rf_reg_377__reg/Q_N    0.00    0.00   -0.00 (VIOLATED)
i_croc_soc/i_croc/i_core_wrap/i_ibex.register_file_i/rf_reg_378__reg/Q_N    0.00    0.00   -0.00 (VIOLATED)
i_croc_soc/i_croc/i_core_wrap/i_ibex.register_file_i/rf_reg_379__reg/Q_N    0.00    0.00   -0.00 (VIOLATED)
i_croc_soc/i_croc/i_core_wrap/i_ibex.register_file_i/rf_reg_37__reg/Q_N    0.00    0.00   -0.00 (VIOLATED)
i_croc_soc/i_croc/i_core_wrap/i_ibex.register_file_i/rf_reg_380__reg/Q_N    0.00    0.00   -0.00 (VIOLATED)
i_croc_soc/i_croc/i_core_wrap/i_ibex.register_file_i/rf_reg_381__reg/Q_N    0.00    0.00   -0.00 (VIOLATED)
i_croc_soc/i_croc/i_core_wrap/i_ibex.register_file_i/rf_reg_382__reg/Q_N    0.00    0.00   -0.00 (VIOLATED)
i_croc_soc/i_croc/i_core_wrap/i_ibex.register_file_i/rf_reg_383__reg/Q_N    0.00    0.00   -0.00 (VIOLATED)
i_croc_soc/i_croc/i_core_wrap/i_ibex.register_file_i/rf_reg_384__reg/Q_N    0.00    0.00   -0.00 (VIOLATED)
i_croc_soc/i_croc/i_core_wrap/i_ibex.register_file_i/rf_reg_385__reg/Q_N    0.00    0.00   -0.00 (VIOLATED)
i_croc_soc/i_croc/i_core_wrap/i_ibex.register_file_i/rf_reg_386__reg/Q_N    0.00    0.00   -0.00 (VIOLATED)
i_croc_soc/i_croc/i_core_wrap/i_ibex.register_file_i/rf_reg_387__reg/Q_N    0.00    0.00   -0.00 (VIOLATED)
i_croc_soc/i_croc/i_core_wrap/i_ibex.register_file_i/rf_reg_388__reg/Q_N    0.00    0.00   -0.00 (VIOLATED)
i_croc_soc/i_croc/i_core_wrap/i_ibex.register_file_i/rf_reg_389__reg/Q_N    0.00    0.00   -0.00 (VIOLATED)
i_croc_soc/i_croc/i_core_wrap/i_ibex.register_file_i/rf_reg_38__reg/Q_N    0.00    0.00   -0.00 (VIOLATED)
i_croc_soc/i_croc/i_core_wrap/i_ibex.register_file_i/rf_reg_390__reg/Q_N    0.00    0.00   -0.00 (VIOLATED)
i_croc_soc/i_croc/i_core_wrap/i_ibex.register_file_i/rf_reg_391__reg/Q_N    0.00    0.00   -0.00 (VIOLATED)
i_croc_soc/i_croc/i_core_wrap/i_ibex.register_file_i/rf_reg_392__reg/Q_N    0.00    0.00   -0.00 (VIOLATED)
i_croc_soc/i_croc/i_core_wrap/i_ibex.register_file_i/rf_reg_393__reg/Q_N    0.00    0.00   -0.00 (VIOLATED)
i_croc_soc/i_croc/i_core_wrap/i_ibex.register_file_i/rf_reg_394__reg/Q_N    0.00    0.00   -0.00 (VIOLATED)
i_croc_soc/i_croc/i_core_wrap/i_ibex.register_file_i/rf_reg_395__reg/Q_N    0.00    0.00   -0.00 (VIOLATED)
i_croc_soc/i_croc/i_core_wrap/i_ibex.register_file_i/rf_reg_396__reg/Q_N    0.00    0.00   -0.00 (VIOLATED)
i_croc_soc/i_croc/i_core_wrap/i_ibex.register_file_i/rf_reg_397__reg/Q_N    0.00    0.00   -0.00 (VIOLATED)
i_croc_soc/i_croc/i_core_wrap/i_ibex.register_file_i/rf_reg_398__reg/Q_N    0.00    0.00   -0.00 (VIOLATED)
i_croc_soc/i_croc/i_core_wrap/i_ibex.register_file_i/rf_reg_399__reg/Q_N    0.00    0.00   -0.00 (VIOLATED)
i_croc_soc/i_croc/i_core_wrap/i_ibex.register_file_i/rf_reg_39__reg/Q_N    0.00    0.00   -0.00 (VIOLATED)
i_croc_soc/i_croc/i_core_wrap/i_ibex.register_file_i/rf_reg_400__reg/Q_N    0.00    0.00   -0.00 (VIOLATED)
i_croc_soc/i_croc/i_core_wrap/i_ibex.register_file_i/rf_reg_401__reg/Q_N    0.00    0.00   -0.00 (VIOLATED)
i_croc_soc/i_croc/i_core_wrap/i_ibex.register_file_i/rf_reg_402__reg/Q_N    0.00    0.00   -0.00 (VIOLATED)
i_croc_soc/i_croc/i_core_wrap/i_ibex.register_file_i/rf_reg_403__reg/Q_N    0.00    0.00   -0.00 (VIOLATED)
i_croc_soc/i_croc/i_core_wrap/i_ibex.register_file_i/rf_reg_404__reg/Q_N    0.00    0.00   -0.00 (VIOLATED)
i_croc_soc/i_croc/i_core_wrap/i_ibex.register_file_i/rf_reg_405__reg/Q_N    0.00    0.00   -0.00 (VIOLATED)
i_croc_soc/i_croc/i_core_wrap/i_ibex.register_file_i/rf_reg_406__reg/Q_N    0.00    0.00   -0.00 (VIOLATED)
i_croc_soc/i_croc/i_core_wrap/i_ibex.register_file_i/rf_reg_407__reg/Q_N    0.00    0.00   -0.00 (VIOLATED)
i_croc_soc/i_croc/i_core_wrap/i_ibex.register_file_i/rf_reg_408__reg/Q_N    0.00    0.00   -0.00 (VIOLATED)
i_croc_soc/i_croc/i_core_wrap/i_ibex.register_file_i/rf_reg_409__reg/Q_N    0.00    0.00   -0.00 (VIOLATED)
i_croc_soc/i_croc/i_core_wrap/i_ibex.register_file_i/rf_reg_40__reg/Q_N    0.00    0.00   -0.00 (VIOLATED)
i_croc_soc/i_croc/i_core_wrap/i_ibex.register_file_i/rf_reg_410__reg/Q_N    0.00    0.00   -0.00 (VIOLATED)
i_croc_soc/i_croc/i_core_wrap/i_ibex.register_file_i/rf_reg_411__reg/Q_N    0.00    0.00   -0.00 (VIOLATED)
i_croc_soc/i_croc/i_core_wrap/i_ibex.register_file_i/rf_reg_412__reg/Q_N    0.00    0.00   -0.00 (VIOLATED)
i_croc_soc/i_croc/i_core_wrap/i_ibex.register_file_i/rf_reg_413__reg/Q_N    0.00    0.00   -0.00 (VIOLATED)
i_croc_soc/i_croc/i_core_wrap/i_ibex.register_file_i/rf_reg_414__reg/Q_N    0.00    0.00   -0.00 (VIOLATED)
i_croc_soc/i_croc/i_core_wrap/i_ibex.register_file_i/rf_reg_415__reg/Q_N    0.00    0.00   -0.00 (VIOLATED)
i_croc_soc/i_croc/i_core_wrap/i_ibex.register_file_i/rf_reg_416__reg/Q_N    0.00    0.00   -0.00 (VIOLATED)
i_croc_soc/i_croc/i_core_wrap/i_ibex.register_file_i/rf_reg_417__reg/Q_N    0.00    0.00   -0.00 (VIOLATED)
i_croc_soc/i_croc/i_core_wrap/i_ibex.register_file_i/rf_reg_418__reg/Q_N    0.00    0.00   -0.00 (VIOLATED)
i_croc_soc/i_croc/i_core_wrap/i_ibex.register_file_i/rf_reg_419__reg/Q_N    0.00    0.00   -0.00 (VIOLATED)
i_croc_soc/i_croc/i_core_wrap/i_ibex.register_file_i/rf_reg_41__reg/Q_N    0.00    0.00   -0.00 (VIOLATED)
i_croc_soc/i_croc/i_core_wrap/i_ibex.register_file_i/rf_reg_420__reg/Q_N    0.00    0.00   -0.00 (VIOLATED)
i_croc_soc/i_croc/i_core_wrap/i_ibex.register_file_i/rf_reg_421__reg/Q_N    0.00    0.00   -0.00 (VIOLATED)
i_croc_soc/i_croc/i_core_wrap/i_ibex.register_file_i/rf_reg_422__reg/Q_N    0.00    0.00   -0.00 (VIOLATED)
i_croc_soc/i_croc/i_core_wrap/i_ibex.register_file_i/rf_reg_423__reg/Q_N    0.00    0.00   -0.00 (VIOLATED)
i_croc_soc/i_croc/i_core_wrap/i_ibex.register_file_i/rf_reg_424__reg/Q_N    0.00    0.00   -0.00 (VIOLATED)
i_croc_soc/i_croc/i_core_wrap/i_ibex.register_file_i/rf_reg_425__reg/Q_N    0.00    0.00   -0.00 (VIOLATED)
i_croc_soc/i_croc/i_core_wrap/i_ibex.register_file_i/rf_reg_426__reg/Q_N    0.00    0.00   -0.00 (VIOLATED)
i_croc_soc/i_croc/i_core_wrap/i_ibex.register_file_i/rf_reg_427__reg/Q_N    0.00    0.00   -0.00 (VIOLATED)
i_croc_soc/i_croc/i_core_wrap/i_ibex.register_file_i/rf_reg_428__reg/Q_N    0.00    0.00   -0.00 (VIOLATED)
i_croc_soc/i_croc/i_core_wrap/i_ibex.register_file_i/rf_reg_429__reg/Q_N    0.00    0.00   -0.00 (VIOLATED)
i_croc_soc/i_croc/i_core_wrap/i_ibex.register_file_i/rf_reg_42__reg/Q_N    0.00    0.00   -0.00 (VIOLATED)
i_croc_soc/i_croc/i_core_wrap/i_ibex.register_file_i/rf_reg_430__reg/Q_N    0.00    0.00   -0.00 (VIOLATED)
i_croc_soc/i_croc/i_core_wrap/i_ibex.register_file_i/rf_reg_431__reg/Q_N    0.00    0.00   -0.00 (VIOLATED)
i_croc_soc/i_croc/i_core_wrap/i_ibex.register_file_i/rf_reg_432__reg/Q_N    0.00    0.00   -0.00 (VIOLATED)
i_croc_soc/i_croc/i_core_wrap/i_ibex.register_file_i/rf_reg_433__reg/Q_N    0.00    0.00   -0.00 (VIOLATED)
i_croc_soc/i_croc/i_core_wrap/i_ibex.register_file_i/rf_reg_434__reg/Q_N    0.00    0.00   -0.00 (VIOLATED)
i_croc_soc/i_croc/i_core_wrap/i_ibex.register_file_i/rf_reg_435__reg/Q_N    0.00    0.00   -0.00 (VIOLATED)
i_croc_soc/i_croc/i_core_wrap/i_ibex.register_file_i/rf_reg_436__reg/Q_N    0.00    0.00   -0.00 (VIOLATED)
i_croc_soc/i_croc/i_core_wrap/i_ibex.register_file_i/rf_reg_437__reg/Q_N    0.00    0.00   -0.00 (VIOLATED)
i_croc_soc/i_croc/i_core_wrap/i_ibex.register_file_i/rf_reg_438__reg/Q_N    0.00    0.00   -0.00 (VIOLATED)
i_croc_soc/i_croc/i_core_wrap/i_ibex.register_file_i/rf_reg_439__reg/Q_N    0.00    0.00   -0.00 (VIOLATED)
i_croc_soc/i_croc/i_core_wrap/i_ibex.register_file_i/rf_reg_43__reg/Q_N    0.00    0.00   -0.00 (VIOLATED)
i_croc_soc/i_croc/i_core_wrap/i_ibex.register_file_i/rf_reg_440__reg/Q_N    0.00    0.00   -0.00 (VIOLATED)
i_croc_soc/i_croc/i_core_wrap/i_ibex.register_file_i/rf_reg_441__reg/Q_N    0.00    0.00   -0.00 (VIOLATED)
i_croc_soc/i_croc/i_core_wrap/i_ibex.register_file_i/rf_reg_442__reg/Q_N    0.00    0.00   -0.00 (VIOLATED)
i_croc_soc/i_croc/i_core_wrap/i_ibex.register_file_i/rf_reg_443__reg/Q_N    0.00    0.00   -0.00 (VIOLATED)
i_croc_soc/i_croc/i_core_wrap/i_ibex.register_file_i/rf_reg_444__reg/Q_N    0.00    0.00   -0.00 (VIOLATED)
i_croc_soc/i_croc/i_core_wrap/i_ibex.register_file_i/rf_reg_445__reg/Q_N    0.00    0.00   -0.00 (VIOLATED)
i_croc_soc/i_croc/i_core_wrap/i_ibex.register_file_i/rf_reg_446__reg/Q_N    0.00    0.00   -0.00 (VIOLATED)
i_croc_soc/i_croc/i_core_wrap/i_ibex.register_file_i/rf_reg_447__reg/Q_N    0.00    0.00   -0.00 (VIOLATED)
i_croc_soc/i_croc/i_core_wrap/i_ibex.register_file_i/rf_reg_448__reg/Q_N    0.00    0.00   -0.00 (VIOLATED)
i_croc_soc/i_croc/i_core_wrap/i_ibex.register_file_i/rf_reg_449__reg/Q_N    0.00    0.00   -0.00 (VIOLATED)
i_croc_soc/i_croc/i_core_wrap/i_ibex.register_file_i/rf_reg_44__reg/Q_N    0.00    0.00   -0.00 (VIOLATED)
i_croc_soc/i_croc/i_core_wrap/i_ibex.register_file_i/rf_reg_450__reg/Q_N    0.00    0.00   -0.00 (VIOLATED)
i_croc_soc/i_croc/i_core_wrap/i_ibex.register_file_i/rf_reg_451__reg/Q_N    0.00    0.00   -0.00 (VIOLATED)
i_croc_soc/i_croc/i_core_wrap/i_ibex.register_file_i/rf_reg_452__reg/Q_N    0.00    0.00   -0.00 (VIOLATED)
i_croc_soc/i_croc/i_core_wrap/i_ibex.register_file_i/rf_reg_453__reg/Q_N    0.00    0.00   -0.00 (VIOLATED)
i_croc_soc/i_croc/i_core_wrap/i_ibex.register_file_i/rf_reg_454__reg/Q_N    0.00    0.00   -0.00 (VIOLATED)
i_croc_soc/i_croc/i_core_wrap/i_ibex.register_file_i/rf_reg_455__reg/Q_N    0.00    0.00   -0.00 (VIOLATED)
i_croc_soc/i_croc/i_core_wrap/i_ibex.register_file_i/rf_reg_456__reg/Q_N    0.00    0.00   -0.00 (VIOLATED)
i_croc_soc/i_croc/i_core_wrap/i_ibex.register_file_i/rf_reg_457__reg/Q_N    0.00    0.00   -0.00 (VIOLATED)
i_croc_soc/i_croc/i_core_wrap/i_ibex.register_file_i/rf_reg_458__reg/Q_N    0.00    0.00   -0.00 (VIOLATED)
i_croc_soc/i_croc/i_core_wrap/i_ibex.register_file_i/rf_reg_459__reg/Q_N    0.00    0.00   -0.00 (VIOLATED)
i_croc_soc/i_croc/i_core_wrap/i_ibex.register_file_i/rf_reg_45__reg/Q_N    0.00    0.00   -0.00 (VIOLATED)
i_croc_soc/i_croc/i_core_wrap/i_ibex.register_file_i/rf_reg_460__reg/Q_N    0.00    0.00   -0.00 (VIOLATED)
i_croc_soc/i_croc/i_core_wrap/i_ibex.register_file_i/rf_reg_461__reg/Q_N    0.00    0.00   -0.00 (VIOLATED)
i_croc_soc/i_croc/i_core_wrap/i_ibex.register_file_i/rf_reg_462__reg/Q_N    0.00    0.00   -0.00 (VIOLATED)
i_croc_soc/i_croc/i_core_wrap/i_ibex.register_file_i/rf_reg_463__reg/Q_N    0.00    0.00   -0.00 (VIOLATED)
i_croc_soc/i_croc/i_core_wrap/i_ibex.register_file_i/rf_reg_464__reg/Q_N    0.00    0.00   -0.00 (VIOLATED)
i_croc_soc/i_croc/i_core_wrap/i_ibex.register_file_i/rf_reg_465__reg/Q_N    0.00    0.00   -0.00 (VIOLATED)
i_croc_soc/i_croc/i_core_wrap/i_ibex.register_file_i/rf_reg_466__reg/Q_N    0.00    0.00   -0.00 (VIOLATED)
i_croc_soc/i_croc/i_core_wrap/i_ibex.register_file_i/rf_reg_467__reg/Q_N    0.00    0.00   -0.00 (VIOLATED)
i_croc_soc/i_croc/i_core_wrap/i_ibex.register_file_i/rf_reg_468__reg/Q_N    0.00    0.00   -0.00 (VIOLATED)
i_croc_soc/i_croc/i_core_wrap/i_ibex.register_file_i/rf_reg_469__reg/Q_N    0.00    0.00   -0.00 (VIOLATED)
i_croc_soc/i_croc/i_core_wrap/i_ibex.register_file_i/rf_reg_46__reg/Q_N    0.00    0.00   -0.00 (VIOLATED)
i_croc_soc/i_croc/i_core_wrap/i_ibex.register_file_i/rf_reg_470__reg/Q_N    0.00    0.00   -0.00 (VIOLATED)
i_croc_soc/i_croc/i_core_wrap/i_ibex.register_file_i/rf_reg_471__reg/Q_N    0.00    0.00   -0.00 (VIOLATED)
i_croc_soc/i_croc/i_core_wrap/i_ibex.register_file_i/rf_reg_472__reg/Q_N    0.00    0.00   -0.00 (VIOLATED)
i_croc_soc/i_croc/i_core_wrap/i_ibex.register_file_i/rf_reg_473__reg/Q_N    0.00    0.00   -0.00 (VIOLATED)
i_croc_soc/i_croc/i_core_wrap/i_ibex.register_file_i/rf_reg_474__reg/Q_N    0.00    0.00   -0.00 (VIOLATED)
i_croc_soc/i_croc/i_core_wrap/i_ibex.register_file_i/rf_reg_475__reg/Q_N    0.00    0.00   -0.00 (VIOLATED)
i_croc_soc/i_croc/i_core_wrap/i_ibex.register_file_i/rf_reg_476__reg/Q_N    0.00    0.00   -0.00 (VIOLATED)
i_croc_soc/i_croc/i_core_wrap/i_ibex.register_file_i/rf_reg_477__reg/Q_N    0.00    0.00   -0.00 (VIOLATED)
i_croc_soc/i_croc/i_core_wrap/i_ibex.register_file_i/rf_reg_478__reg/Q_N    0.00    0.00   -0.00 (VIOLATED)
i_croc_soc/i_croc/i_core_wrap/i_ibex.register_file_i/rf_reg_479__reg/Q_N    0.00    0.00   -0.00 (VIOLATED)
i_croc_soc/i_croc/i_core_wrap/i_ibex.register_file_i/rf_reg_47__reg/Q_N    0.00    0.00   -0.00 (VIOLATED)
i_croc_soc/i_croc/i_core_wrap/i_ibex.register_file_i/rf_reg_480__reg/Q_N    0.00    0.00   -0.00 (VIOLATED)
i_croc_soc/i_croc/i_core_wrap/i_ibex.register_file_i/rf_reg_481__reg/Q_N    0.00    0.00   -0.00 (VIOLATED)
i_croc_soc/i_croc/i_core_wrap/i_ibex.register_file_i/rf_reg_482__reg/Q_N    0.00    0.00   -0.00 (VIOLATED)
i_croc_soc/i_croc/i_core_wrap/i_ibex.register_file_i/rf_reg_483__reg/Q_N    0.00    0.00   -0.00 (VIOLATED)
i_croc_soc/i_croc/i_core_wrap/i_ibex.register_file_i/rf_reg_484__reg/Q_N    0.00    0.00   -0.00 (VIOLATED)
i_croc_soc/i_croc/i_core_wrap/i_ibex.register_file_i/rf_reg_485__reg/Q_N    0.00    0.00   -0.00 (VIOLATED)
i_croc_soc/i_croc/i_core_wrap/i_ibex.register_file_i/rf_reg_486__reg/Q_N    0.00    0.00   -0.00 (VIOLATED)
i_croc_soc/i_croc/i_core_wrap/i_ibex.register_file_i/rf_reg_487__reg/Q_N    0.00    0.00   -0.00 (VIOLATED)
i_croc_soc/i_croc/i_core_wrap/i_ibex.register_file_i/rf_reg_488__reg/Q_N    0.00    0.00   -0.00 (VIOLATED)
i_croc_soc/i_croc/i_core_wrap/i_ibex.register_file_i/rf_reg_489__reg/Q_N    0.00    0.00   -0.00 (VIOLATED)
i_croc_soc/i_croc/i_core_wrap/i_ibex.register_file_i/rf_reg_48__reg/Q_N    0.00    0.00   -0.00 (VIOLATED)
i_croc_soc/i_croc/i_core_wrap/i_ibex.register_file_i/rf_reg_490__reg/Q_N    0.00    0.00   -0.00 (VIOLATED)
i_croc_soc/i_croc/i_core_wrap/i_ibex.register_file_i/rf_reg_491__reg/Q_N    0.00    0.00   -0.00 (VIOLATED)
i_croc_soc/i_croc/i_core_wrap/i_ibex.register_file_i/rf_reg_492__reg/Q_N    0.00    0.00   -0.00 (VIOLATED)
i_croc_soc/i_croc/i_core_wrap/i_ibex.register_file_i/rf_reg_493__reg/Q_N    0.00    0.00   -0.00 (VIOLATED)
i_croc_soc/i_croc/i_core_wrap/i_ibex.register_file_i/rf_reg_494__reg/Q_N    0.00    0.00   -0.00 (VIOLATED)
i_croc_soc/i_croc/i_core_wrap/i_ibex.register_file_i/rf_reg_495__reg/Q_N    0.00    0.00   -0.00 (VIOLATED)
i_croc_soc/i_croc/i_core_wrap/i_ibex.register_file_i/rf_reg_496__reg/Q_N    0.00    0.00   -0.00 (VIOLATED)
i_croc_soc/i_croc/i_core_wrap/i_ibex.register_file_i/rf_reg_497__reg/Q_N    0.00    0.00   -0.00 (VIOLATED)
i_croc_soc/i_croc/i_core_wrap/i_ibex.register_file_i/rf_reg_498__reg/Q_N    0.00    0.00   -0.00 (VIOLATED)
i_croc_soc/i_croc/i_core_wrap/i_ibex.register_file_i/rf_reg_499__reg/Q_N    0.00    0.00   -0.00 (VIOLATED)
i_croc_soc/i_croc/i_core_wrap/i_ibex.register_file_i/rf_reg_49__reg/Q_N    0.00    0.00   -0.00 (VIOLATED)
i_croc_soc/i_croc/i_core_wrap/i_ibex.register_file_i/rf_reg_500__reg/Q_N    0.00    0.00   -0.00 (VIOLATED)
i_croc_soc/i_croc/i_core_wrap/i_ibex.register_file_i/rf_reg_501__reg/Q_N    0.00    0.00   -0.00 (VIOLATED)
i_croc_soc/i_croc/i_core_wrap/i_ibex.register_file_i/rf_reg_502__reg/Q_N    0.00    0.00   -0.00 (VIOLATED)
i_croc_soc/i_croc/i_core_wrap/i_ibex.register_file_i/rf_reg_503__reg/Q_N    0.00    0.00   -0.00 (VIOLATED)
i_croc_soc/i_croc/i_core_wrap/i_ibex.register_file_i/rf_reg_504__reg/Q_N    0.00    0.00   -0.00 (VIOLATED)
i_croc_soc/i_croc/i_core_wrap/i_ibex.register_file_i/rf_reg_505__reg/Q_N    0.00    0.00   -0.00 (VIOLATED)
i_croc_soc/i_croc/i_core_wrap/i_ibex.register_file_i/rf_reg_506__reg/Q_N    0.00    0.00   -0.00 (VIOLATED)
i_croc_soc/i_croc/i_core_wrap/i_ibex.register_file_i/rf_reg_507__reg/Q_N    0.00    0.00   -0.00 (VIOLATED)
i_croc_soc/i_croc/i_core_wrap/i_ibex.register_file_i/rf_reg_508__reg/Q_N    0.00    0.00   -0.00 (VIOLATED)
i_croc_soc/i_croc/i_core_wrap/i_ibex.register_file_i/rf_reg_509__reg/Q_N    0.00    0.00   -0.00 (VIOLATED)
i_croc_soc/i_croc/i_core_wrap/i_ibex.register_file_i/rf_reg_50__reg/Q_N    0.00    0.00   -0.00 (VIOLATED)
i_croc_soc/i_croc/i_core_wrap/i_ibex.register_file_i/rf_reg_510__reg/Q_N    0.00    0.00   -0.00 (VIOLATED)
i_croc_soc/i_croc/i_core_wrap/i_ibex.register_file_i/rf_reg_511__reg/Q_N    0.00    0.00   -0.00 (VIOLATED)
i_croc_soc/i_croc/i_core_wrap/i_ibex.register_file_i/rf_reg_512__reg/Q_N    0.00    0.00   -0.00 (VIOLATED)
i_croc_soc/i_croc/i_core_wrap/i_ibex.register_file_i/rf_reg_513__reg/Q_N    0.00    0.00   -0.00 (VIOLATED)
i_croc_soc/i_croc/i_core_wrap/i_ibex.register_file_i/rf_reg_514__reg/Q_N    0.00    0.00   -0.00 (VIOLATED)
i_croc_soc/i_croc/i_core_wrap/i_ibex.register_file_i/rf_reg_515__reg/Q_N    0.00    0.00   -0.00 (VIOLATED)
i_croc_soc/i_croc/i_core_wrap/i_ibex.register_file_i/rf_reg_516__reg/Q_N    0.00    0.00   -0.00 (VIOLATED)
i_croc_soc/i_croc/i_core_wrap/i_ibex.register_file_i/rf_reg_517__reg/Q_N    0.00    0.00   -0.00 (VIOLATED)
i_croc_soc/i_croc/i_core_wrap/i_ibex.register_file_i/rf_reg_518__reg/Q_N    0.00    0.00   -0.00 (VIOLATED)
i_croc_soc/i_croc/i_core_wrap/i_ibex.register_file_i/rf_reg_519__reg/Q_N    0.00    0.00   -0.00 (VIOLATED)
i_croc_soc/i_croc/i_core_wrap/i_ibex.register_file_i/rf_reg_51__reg/Q_N    0.00    0.00   -0.00 (VIOLATED)
i_croc_soc/i_croc/i_core_wrap/i_ibex.register_file_i/rf_reg_520__reg/Q_N    0.00    0.00   -0.00 (VIOLATED)
i_croc_soc/i_croc/i_core_wrap/i_ibex.register_file_i/rf_reg_521__reg/Q_N    0.00    0.00   -0.00 (VIOLATED)
i_croc_soc/i_croc/i_core_wrap/i_ibex.register_file_i/rf_reg_522__reg/Q_N    0.00    0.00   -0.00 (VIOLATED)
i_croc_soc/i_croc/i_core_wrap/i_ibex.register_file_i/rf_reg_523__reg/Q_N    0.00    0.00   -0.00 (VIOLATED)
i_croc_soc/i_croc/i_core_wrap/i_ibex.register_file_i/rf_reg_524__reg/Q_N    0.00    0.00   -0.00 (VIOLATED)
i_croc_soc/i_croc/i_core_wrap/i_ibex.register_file_i/rf_reg_525__reg/Q_N    0.00    0.00   -0.00 (VIOLATED)
i_croc_soc/i_croc/i_core_wrap/i_ibex.register_file_i/rf_reg_526__reg/Q_N    0.00    0.00   -0.00 (VIOLATED)
i_croc_soc/i_croc/i_core_wrap/i_ibex.register_file_i/rf_reg_527__reg/Q_N    0.00    0.00   -0.00 (VIOLATED)
i_croc_soc/i_croc/i_core_wrap/i_ibex.register_file_i/rf_reg_528__reg/Q_N    0.00    0.00   -0.00 (VIOLATED)
i_croc_soc/i_croc/i_core_wrap/i_ibex.register_file_i/rf_reg_529__reg/Q_N    0.00    0.00   -0.00 (VIOLATED)
i_croc_soc/i_croc/i_core_wrap/i_ibex.register_file_i/rf_reg_52__reg/Q_N    0.00    0.00   -0.00 (VIOLATED)
i_croc_soc/i_croc/i_core_wrap/i_ibex.register_file_i/rf_reg_530__reg/Q_N    0.00    0.00   -0.00 (VIOLATED)
i_croc_soc/i_croc/i_core_wrap/i_ibex.register_file_i/rf_reg_531__reg/Q_N    0.00    0.00   -0.00 (VIOLATED)
i_croc_soc/i_croc/i_core_wrap/i_ibex.register_file_i/rf_reg_532__reg/Q_N    0.00    0.00   -0.00 (VIOLATED)
i_croc_soc/i_croc/i_core_wrap/i_ibex.register_file_i/rf_reg_533__reg/Q_N    0.00    0.00   -0.00 (VIOLATED)
i_croc_soc/i_croc/i_core_wrap/i_ibex.register_file_i/rf_reg_534__reg/Q_N    0.00    0.00   -0.00 (VIOLATED)
i_croc_soc/i_croc/i_core_wrap/i_ibex.register_file_i/rf_reg_535__reg/Q_N    0.00    0.00   -0.00 (VIOLATED)
i_croc_soc/i_croc/i_core_wrap/i_ibex.register_file_i/rf_reg_536__reg/Q_N    0.00    0.00   -0.00 (VIOLATED)
i_croc_soc/i_croc/i_core_wrap/i_ibex.register_file_i/rf_reg_537__reg/Q_N    0.00    0.00   -0.00 (VIOLATED)
i_croc_soc/i_croc/i_core_wrap/i_ibex.register_file_i/rf_reg_538__reg/Q_N    0.00    0.00   -0.00 (VIOLATED)
i_croc_soc/i_croc/i_core_wrap/i_ibex.register_file_i/rf_reg_539__reg/Q_N    0.00    0.00   -0.00 (VIOLATED)
i_croc_soc/i_croc/i_core_wrap/i_ibex.register_file_i/rf_reg_53__reg/Q_N    0.00    0.00   -0.00 (VIOLATED)
i_croc_soc/i_croc/i_core_wrap/i_ibex.register_file_i/rf_reg_540__reg/Q_N    0.00    0.00   -0.00 (VIOLATED)
i_croc_soc/i_croc/i_core_wrap/i_ibex.register_file_i/rf_reg_541__reg/Q_N    0.00    0.00   -0.00 (VIOLATED)
i_croc_soc/i_croc/i_core_wrap/i_ibex.register_file_i/rf_reg_542__reg/Q_N    0.00    0.00   -0.00 (VIOLATED)
i_croc_soc/i_croc/i_core_wrap/i_ibex.register_file_i/rf_reg_543__reg/Q_N    0.00    0.00   -0.00 (VIOLATED)
i_croc_soc/i_croc/i_core_wrap/i_ibex.register_file_i/rf_reg_544__reg/Q_N    0.00    0.00   -0.00 (VIOLATED)
i_croc_soc/i_croc/i_core_wrap/i_ibex.register_file_i/rf_reg_545__reg/Q_N    0.00    0.00   -0.00 (VIOLATED)
i_croc_soc/i_croc/i_core_wrap/i_ibex.register_file_i/rf_reg_546__reg/Q_N    0.00    0.00   -0.00 (VIOLATED)
i_croc_soc/i_croc/i_core_wrap/i_ibex.register_file_i/rf_reg_547__reg/Q_N    0.00    0.00   -0.00 (VIOLATED)
i_croc_soc/i_croc/i_core_wrap/i_ibex.register_file_i/rf_reg_548__reg/Q_N    0.00    0.00   -0.00 (VIOLATED)
i_croc_soc/i_croc/i_core_wrap/i_ibex.register_file_i/rf_reg_549__reg/Q_N    0.00    0.00   -0.00 (VIOLATED)
i_croc_soc/i_croc/i_core_wrap/i_ibex.register_file_i/rf_reg_54__reg/Q_N    0.00    0.00   -0.00 (VIOLATED)
i_croc_soc/i_croc/i_core_wrap/i_ibex.register_file_i/rf_reg_550__reg/Q_N    0.00    0.00   -0.00 (VIOLATED)
i_croc_soc/i_croc/i_core_wrap/i_ibex.register_file_i/rf_reg_551__reg/Q_N    0.00    0.00   -0.00 (VIOLATED)
i_croc_soc/i_croc/i_core_wrap/i_ibex.register_file_i/rf_reg_552__reg/Q_N    0.00    0.00   -0.00 (VIOLATED)
i_croc_soc/i_croc/i_core_wrap/i_ibex.register_file_i/rf_reg_553__reg/Q_N    0.00    0.00   -0.00 (VIOLATED)
i_croc_soc/i_croc/i_core_wrap/i_ibex.register_file_i/rf_reg_554__reg/Q_N    0.00    0.00   -0.00 (VIOLATED)
i_croc_soc/i_croc/i_core_wrap/i_ibex.register_file_i/rf_reg_555__reg/Q_N    0.00    0.00   -0.00 (VIOLATED)
i_croc_soc/i_croc/i_core_wrap/i_ibex.register_file_i/rf_reg_556__reg/Q_N    0.00    0.00   -0.00 (VIOLATED)
i_croc_soc/i_croc/i_core_wrap/i_ibex.register_file_i/rf_reg_557__reg/Q_N    0.00    0.00   -0.00 (VIOLATED)
i_croc_soc/i_croc/i_core_wrap/i_ibex.register_file_i/rf_reg_558__reg/Q_N    0.00    0.00   -0.00 (VIOLATED)
i_croc_soc/i_croc/i_core_wrap/i_ibex.register_file_i/rf_reg_559__reg/Q_N    0.00    0.00   -0.00 (VIOLATED)
i_croc_soc/i_croc/i_core_wrap/i_ibex.register_file_i/rf_reg_55__reg/Q_N    0.00    0.00   -0.00 (VIOLATED)
i_croc_soc/i_croc/i_core_wrap/i_ibex.register_file_i/rf_reg_560__reg/Q_N    0.00    0.00   -0.00 (VIOLATED)
i_croc_soc/i_croc/i_core_wrap/i_ibex.register_file_i/rf_reg_561__reg/Q_N    0.00    0.00   -0.00 (VIOLATED)
i_croc_soc/i_croc/i_core_wrap/i_ibex.register_file_i/rf_reg_562__reg/Q_N    0.00    0.00   -0.00 (VIOLATED)
i_croc_soc/i_croc/i_core_wrap/i_ibex.register_file_i/rf_reg_563__reg/Q_N    0.00    0.00   -0.00 (VIOLATED)
i_croc_soc/i_croc/i_core_wrap/i_ibex.register_file_i/rf_reg_564__reg/Q_N    0.00    0.00   -0.00 (VIOLATED)
i_croc_soc/i_croc/i_core_wrap/i_ibex.register_file_i/rf_reg_565__reg/Q_N    0.00    0.00   -0.00 (VIOLATED)
i_croc_soc/i_croc/i_core_wrap/i_ibex.register_file_i/rf_reg_566__reg/Q_N    0.00    0.00   -0.00 (VIOLATED)
i_croc_soc/i_croc/i_core_wrap/i_ibex.register_file_i/rf_reg_567__reg/Q_N    0.00    0.00   -0.00 (VIOLATED)
i_croc_soc/i_croc/i_core_wrap/i_ibex.register_file_i/rf_reg_568__reg/Q_N    0.00    0.00   -0.00 (VIOLATED)
i_croc_soc/i_croc/i_core_wrap/i_ibex.register_file_i/rf_reg_569__reg/Q_N    0.00    0.00   -0.00 (VIOLATED)
i_croc_soc/i_croc/i_core_wrap/i_ibex.register_file_i/rf_reg_56__reg/Q_N    0.00    0.00   -0.00 (VIOLATED)
i_croc_soc/i_croc/i_core_wrap/i_ibex.register_file_i/rf_reg_570__reg/Q_N    0.00    0.00   -0.00 (VIOLATED)
i_croc_soc/i_croc/i_core_wrap/i_ibex.register_file_i/rf_reg_571__reg/Q_N    0.00    0.00   -0.00 (VIOLATED)
i_croc_soc/i_croc/i_core_wrap/i_ibex.register_file_i/rf_reg_572__reg/Q_N    0.00    0.00   -0.00 (VIOLATED)
i_croc_soc/i_croc/i_core_wrap/i_ibex.register_file_i/rf_reg_573__reg/Q_N    0.00    0.00   -0.00 (VIOLATED)
i_croc_soc/i_croc/i_core_wrap/i_ibex.register_file_i/rf_reg_574__reg/Q_N    0.00    0.00   -0.00 (VIOLATED)
i_croc_soc/i_croc/i_core_wrap/i_ibex.register_file_i/rf_reg_575__reg/Q_N    0.00    0.00   -0.00 (VIOLATED)
i_croc_soc/i_croc/i_core_wrap/i_ibex.register_file_i/rf_reg_576__reg/Q_N    0.00    0.00   -0.00 (VIOLATED)
i_croc_soc/i_croc/i_core_wrap/i_ibex.register_file_i/rf_reg_577__reg/Q_N    0.00    0.00   -0.00 (VIOLATED)
i_croc_soc/i_croc/i_core_wrap/i_ibex.register_file_i/rf_reg_578__reg/Q_N    0.00    0.00   -0.00 (VIOLATED)
i_croc_soc/i_croc/i_core_wrap/i_ibex.register_file_i/rf_reg_579__reg/Q_N    0.00    0.00   -0.00 (VIOLATED)
i_croc_soc/i_croc/i_core_wrap/i_ibex.register_file_i/rf_reg_57__reg/Q_N    0.00    0.00   -0.00 (VIOLATED)
i_croc_soc/i_croc/i_core_wrap/i_ibex.register_file_i/rf_reg_580__reg/Q_N    0.00    0.00   -0.00 (VIOLATED)
i_croc_soc/i_croc/i_core_wrap/i_ibex.register_file_i/rf_reg_581__reg/Q_N    0.00    0.00   -0.00 (VIOLATED)
i_croc_soc/i_croc/i_core_wrap/i_ibex.register_file_i/rf_reg_582__reg/Q_N    0.00    0.00   -0.00 (VIOLATED)
i_croc_soc/i_croc/i_core_wrap/i_ibex.register_file_i/rf_reg_583__reg/Q_N    0.00    0.00   -0.00 (VIOLATED)
i_croc_soc/i_croc/i_core_wrap/i_ibex.register_file_i/rf_reg_584__reg/Q_N    0.00    0.00   -0.00 (VIOLATED)
i_croc_soc/i_croc/i_core_wrap/i_ibex.register_file_i/rf_reg_585__reg/Q_N    0.00    0.00   -0.00 (VIOLATED)
i_croc_soc/i_croc/i_core_wrap/i_ibex.register_file_i/rf_reg_586__reg/Q_N    0.00    0.00   -0.00 (VIOLATED)
i_croc_soc/i_croc/i_core_wrap/i_ibex.register_file_i/rf_reg_587__reg/Q_N    0.00    0.00   -0.00 (VIOLATED)
i_croc_soc/i_croc/i_core_wrap/i_ibex.register_file_i/rf_reg_588__reg/Q_N    0.00    0.00   -0.00 (VIOLATED)
i_croc_soc/i_croc/i_core_wrap/i_ibex.register_file_i/rf_reg_589__reg/Q_N    0.00    0.00   -0.00 (VIOLATED)
i_croc_soc/i_croc/i_core_wrap/i_ibex.register_file_i/rf_reg_58__reg/Q_N    0.00    0.00   -0.00 (VIOLATED)
i_croc_soc/i_croc/i_core_wrap/i_ibex.register_file_i/rf_reg_590__reg/Q_N    0.00    0.00   -0.00 (VIOLATED)
i_croc_soc/i_croc/i_core_wrap/i_ibex.register_file_i/rf_reg_591__reg/Q_N    0.00    0.00   -0.00 (VIOLATED)
i_croc_soc/i_croc/i_core_wrap/i_ibex.register_file_i/rf_reg_592__reg/Q_N    0.00    0.00   -0.00 (VIOLATED)
i_croc_soc/i_croc/i_core_wrap/i_ibex.register_file_i/rf_reg_593__reg/Q_N    0.00    0.00   -0.00 (VIOLATED)
i_croc_soc/i_croc/i_core_wrap/i_ibex.register_file_i/rf_reg_594__reg/Q_N    0.00    0.00   -0.00 (VIOLATED)
i_croc_soc/i_croc/i_core_wrap/i_ibex.register_file_i/rf_reg_595__reg/Q_N    0.00    0.00   -0.00 (VIOLATED)
i_croc_soc/i_croc/i_core_wrap/i_ibex.register_file_i/rf_reg_596__reg/Q_N    0.00    0.00   -0.00 (VIOLATED)
i_croc_soc/i_croc/i_core_wrap/i_ibex.register_file_i/rf_reg_597__reg/Q_N    0.00    0.00   -0.00 (VIOLATED)
i_croc_soc/i_croc/i_core_wrap/i_ibex.register_file_i/rf_reg_598__reg/Q_N    0.00    0.00   -0.00 (VIOLATED)
i_croc_soc/i_croc/i_core_wrap/i_ibex.register_file_i/rf_reg_599__reg/Q_N    0.00    0.00   -0.00 (VIOLATED)
i_croc_soc/i_croc/i_core_wrap/i_ibex.register_file_i/rf_reg_59__reg/Q_N    0.00    0.00   -0.00 (VIOLATED)
i_croc_soc/i_croc/i_core_wrap/i_ibex.register_file_i/rf_reg_600__reg/Q_N    0.00    0.00   -0.00 (VIOLATED)
i_croc_soc/i_croc/i_core_wrap/i_ibex.register_file_i/rf_reg_601__reg/Q_N    0.00    0.00   -0.00 (VIOLATED)
i_croc_soc/i_croc/i_core_wrap/i_ibex.register_file_i/rf_reg_602__reg/Q_N    0.00    0.00   -0.00 (VIOLATED)
i_croc_soc/i_croc/i_core_wrap/i_ibex.register_file_i/rf_reg_603__reg/Q_N    0.00    0.00   -0.00 (VIOLATED)
i_croc_soc/i_croc/i_core_wrap/i_ibex.register_file_i/rf_reg_604__reg/Q_N    0.00    0.00   -0.00 (VIOLATED)
i_croc_soc/i_croc/i_core_wrap/i_ibex.register_file_i/rf_reg_605__reg/Q_N    0.00    0.00   -0.00 (VIOLATED)
i_croc_soc/i_croc/i_core_wrap/i_ibex.register_file_i/rf_reg_606__reg/Q_N    0.00    0.00   -0.00 (VIOLATED)
i_croc_soc/i_croc/i_core_wrap/i_ibex.register_file_i/rf_reg_607__reg/Q_N    0.00    0.00   -0.00 (VIOLATED)
i_croc_soc/i_croc/i_core_wrap/i_ibex.register_file_i/rf_reg_608__reg/Q_N    0.00    0.00   -0.00 (VIOLATED)
i_croc_soc/i_croc/i_core_wrap/i_ibex.register_file_i/rf_reg_609__reg/Q_N    0.00    0.00   -0.00 (VIOLATED)
i_croc_soc/i_croc/i_core_wrap/i_ibex.register_file_i/rf_reg_60__reg/Q_N    0.00    0.00   -0.00 (VIOLATED)
i_croc_soc/i_croc/i_core_wrap/i_ibex.register_file_i/rf_reg_610__reg/Q_N    0.00    0.00   -0.00 (VIOLATED)
i_croc_soc/i_croc/i_core_wrap/i_ibex.register_file_i/rf_reg_611__reg/Q_N    0.00    0.00   -0.00 (VIOLATED)
i_croc_soc/i_croc/i_core_wrap/i_ibex.register_file_i/rf_reg_612__reg/Q_N    0.00    0.00   -0.00 (VIOLATED)
i_croc_soc/i_croc/i_core_wrap/i_ibex.register_file_i/rf_reg_613__reg/Q_N    0.00    0.00   -0.00 (VIOLATED)
i_croc_soc/i_croc/i_core_wrap/i_ibex.register_file_i/rf_reg_614__reg/Q_N    0.00    0.00   -0.00 (VIOLATED)
i_croc_soc/i_croc/i_core_wrap/i_ibex.register_file_i/rf_reg_615__reg/Q_N    0.00    0.00   -0.00 (VIOLATED)
i_croc_soc/i_croc/i_core_wrap/i_ibex.register_file_i/rf_reg_616__reg/Q_N    0.00    0.00   -0.00 (VIOLATED)
i_croc_soc/i_croc/i_core_wrap/i_ibex.register_file_i/rf_reg_617__reg/Q_N    0.00    0.00   -0.00 (VIOLATED)
i_croc_soc/i_croc/i_core_wrap/i_ibex.register_file_i/rf_reg_618__reg/Q_N    0.00    0.00   -0.00 (VIOLATED)
i_croc_soc/i_croc/i_core_wrap/i_ibex.register_file_i/rf_reg_619__reg/Q_N    0.00    0.00   -0.00 (VIOLATED)
i_croc_soc/i_croc/i_core_wrap/i_ibex.register_file_i/rf_reg_61__reg/Q_N    0.00    0.00   -0.00 (VIOLATED)
i_croc_soc/i_croc/i_core_wrap/i_ibex.register_file_i/rf_reg_620__reg/Q_N    0.00    0.00   -0.00 (VIOLATED)
i_croc_soc/i_croc/i_core_wrap/i_ibex.register_file_i/rf_reg_621__reg/Q_N    0.00    0.00   -0.00 (VIOLATED)
i_croc_soc/i_croc/i_core_wrap/i_ibex.register_file_i/rf_reg_622__reg/Q_N    0.00    0.00   -0.00 (VIOLATED)
i_croc_soc/i_croc/i_core_wrap/i_ibex.register_file_i/rf_reg_623__reg/Q_N    0.00    0.00   -0.00 (VIOLATED)
i_croc_soc/i_croc/i_core_wrap/i_ibex.register_file_i/rf_reg_624__reg/Q_N    0.00    0.00   -0.00 (VIOLATED)
i_croc_soc/i_croc/i_core_wrap/i_ibex.register_file_i/rf_reg_625__reg/Q_N    0.00    0.00   -0.00 (VIOLATED)
i_croc_soc/i_croc/i_core_wrap/i_ibex.register_file_i/rf_reg_626__reg/Q_N    0.00    0.00   -0.00 (VIOLATED)
i_croc_soc/i_croc/i_core_wrap/i_ibex.register_file_i/rf_reg_627__reg/Q_N    0.00    0.00   -0.00 (VIOLATED)
i_croc_soc/i_croc/i_core_wrap/i_ibex.register_file_i/rf_reg_628__reg/Q_N    0.00    0.00   -0.00 (VIOLATED)
i_croc_soc/i_croc/i_core_wrap/i_ibex.register_file_i/rf_reg_629__reg/Q_N    0.00    0.00   -0.00 (VIOLATED)
i_croc_soc/i_croc/i_core_wrap/i_ibex.register_file_i/rf_reg_62__reg/Q_N    0.00    0.00   -0.00 (VIOLATED)
i_croc_soc/i_croc/i_core_wrap/i_ibex.register_file_i/rf_reg_630__reg/Q_N    0.00    0.00   -0.00 (VIOLATED)
i_croc_soc/i_croc/i_core_wrap/i_ibex.register_file_i/rf_reg_631__reg/Q_N    0.00    0.00   -0.00 (VIOLATED)
i_croc_soc/i_croc/i_core_wrap/i_ibex.register_file_i/rf_reg_632__reg/Q_N    0.00    0.00   -0.00 (VIOLATED)
i_croc_soc/i_croc/i_core_wrap/i_ibex.register_file_i/rf_reg_633__reg/Q_N    0.00    0.00   -0.00 (VIOLATED)
i_croc_soc/i_croc/i_core_wrap/i_ibex.register_file_i/rf_reg_634__reg/Q_N    0.00    0.00   -0.00 (VIOLATED)
i_croc_soc/i_croc/i_core_wrap/i_ibex.register_file_i/rf_reg_635__reg/Q_N    0.00    0.00   -0.00 (VIOLATED)
i_croc_soc/i_croc/i_core_wrap/i_ibex.register_file_i/rf_reg_636__reg/Q_N    0.00    0.00   -0.00 (VIOLATED)
i_croc_soc/i_croc/i_core_wrap/i_ibex.register_file_i/rf_reg_637__reg/Q_N    0.00    0.00   -0.00 (VIOLATED)
i_croc_soc/i_croc/i_core_wrap/i_ibex.register_file_i/rf_reg_638__reg/Q_N    0.00    0.00   -0.00 (VIOLATED)
i_croc_soc/i_croc/i_core_wrap/i_ibex.register_file_i/rf_reg_639__reg/Q_N    0.00    0.00   -0.00 (VIOLATED)
i_croc_soc/i_croc/i_core_wrap/i_ibex.register_file_i/rf_reg_63__reg/Q_N    0.00    0.00   -0.00 (VIOLATED)
i_croc_soc/i_croc/i_core_wrap/i_ibex.register_file_i/rf_reg_640__reg/Q_N    0.00    0.00   -0.00 (VIOLATED)
i_croc_soc/i_croc/i_core_wrap/i_ibex.register_file_i/rf_reg_641__reg/Q_N    0.00    0.00   -0.00 (VIOLATED)
i_croc_soc/i_croc/i_core_wrap/i_ibex.register_file_i/rf_reg_642__reg/Q_N    0.00    0.00   -0.00 (VIOLATED)
i_croc_soc/i_croc/i_core_wrap/i_ibex.register_file_i/rf_reg_643__reg/Q_N    0.00    0.00   -0.00 (VIOLATED)
i_croc_soc/i_croc/i_core_wrap/i_ibex.register_file_i/rf_reg_644__reg/Q_N    0.00    0.00   -0.00 (VIOLATED)
i_croc_soc/i_croc/i_core_wrap/i_ibex.register_file_i/rf_reg_645__reg/Q_N    0.00    0.00   -0.00 (VIOLATED)
i_croc_soc/i_croc/i_core_wrap/i_ibex.register_file_i/rf_reg_646__reg/Q_N    0.00    0.00   -0.00 (VIOLATED)
i_croc_soc/i_croc/i_core_wrap/i_ibex.register_file_i/rf_reg_647__reg/Q_N    0.00    0.00   -0.00 (VIOLATED)
i_croc_soc/i_croc/i_core_wrap/i_ibex.register_file_i/rf_reg_648__reg/Q_N    0.00    0.00   -0.00 (VIOLATED)
i_croc_soc/i_croc/i_core_wrap/i_ibex.register_file_i/rf_reg_649__reg/Q_N    0.00    0.00   -0.00 (VIOLATED)
i_croc_soc/i_croc/i_core_wrap/i_ibex.register_file_i/rf_reg_64__reg/Q_N    0.00    0.00   -0.00 (VIOLATED)
i_croc_soc/i_croc/i_core_wrap/i_ibex.register_file_i/rf_reg_650__reg/Q_N    0.00    0.00   -0.00 (VIOLATED)
i_croc_soc/i_croc/i_core_wrap/i_ibex.register_file_i/rf_reg_651__reg/Q_N    0.00    0.00   -0.00 (VIOLATED)
i_croc_soc/i_croc/i_core_wrap/i_ibex.register_file_i/rf_reg_652__reg/Q_N    0.00    0.00   -0.00 (VIOLATED)
i_croc_soc/i_croc/i_core_wrap/i_ibex.register_file_i/rf_reg_653__reg/Q_N    0.00    0.00   -0.00 (VIOLATED)
i_croc_soc/i_croc/i_core_wrap/i_ibex.register_file_i/rf_reg_654__reg/Q_N    0.00    0.00   -0.00 (VIOLATED)
i_croc_soc/i_croc/i_core_wrap/i_ibex.register_file_i/rf_reg_655__reg/Q_N    0.00    0.00   -0.00 (VIOLATED)
i_croc_soc/i_croc/i_core_wrap/i_ibex.register_file_i/rf_reg_656__reg/Q_N    0.00    0.00   -0.00 (VIOLATED)
i_croc_soc/i_croc/i_core_wrap/i_ibex.register_file_i/rf_reg_657__reg/Q_N    0.00    0.00   -0.00 (VIOLATED)
i_croc_soc/i_croc/i_core_wrap/i_ibex.register_file_i/rf_reg_658__reg/Q_N    0.00    0.00   -0.00 (VIOLATED)
i_croc_soc/i_croc/i_core_wrap/i_ibex.register_file_i/rf_reg_659__reg/Q_N    0.00    0.00   -0.00 (VIOLATED)
i_croc_soc/i_croc/i_core_wrap/i_ibex.register_file_i/rf_reg_65__reg/Q_N    0.00    0.00   -0.00 (VIOLATED)
i_croc_soc/i_croc/i_core_wrap/i_ibex.register_file_i/rf_reg_660__reg/Q_N    0.00    0.00   -0.00 (VIOLATED)
i_croc_soc/i_croc/i_core_wrap/i_ibex.register_file_i/rf_reg_661__reg/Q_N    0.00    0.00   -0.00 (VIOLATED)
i_croc_soc/i_croc/i_core_wrap/i_ibex.register_file_i/rf_reg_662__reg/Q_N    0.00    0.00   -0.00 (VIOLATED)
i_croc_soc/i_croc/i_core_wrap/i_ibex.register_file_i/rf_reg_663__reg/Q_N    0.00    0.00   -0.00 (VIOLATED)
i_croc_soc/i_croc/i_core_wrap/i_ibex.register_file_i/rf_reg_664__reg/Q_N    0.00    0.00   -0.00 (VIOLATED)
i_croc_soc/i_croc/i_core_wrap/i_ibex.register_file_i/rf_reg_665__reg/Q_N    0.00    0.00   -0.00 (VIOLATED)
i_croc_soc/i_croc/i_core_wrap/i_ibex.register_file_i/rf_reg_666__reg/Q_N    0.00    0.00   -0.00 (VIOLATED)
i_croc_soc/i_croc/i_core_wrap/i_ibex.register_file_i/rf_reg_667__reg/Q_N    0.00    0.00   -0.00 (VIOLATED)
i_croc_soc/i_croc/i_core_wrap/i_ibex.register_file_i/rf_reg_668__reg/Q_N    0.00    0.00   -0.00 (VIOLATED)
i_croc_soc/i_croc/i_core_wrap/i_ibex.register_file_i/rf_reg_669__reg/Q_N    0.00    0.00   -0.00 (VIOLATED)
i_croc_soc/i_croc/i_core_wrap/i_ibex.register_file_i/rf_reg_66__reg/Q_N    0.00    0.00   -0.00 (VIOLATED)
i_croc_soc/i_croc/i_core_wrap/i_ibex.register_file_i/rf_reg_670__reg/Q_N    0.00    0.00   -0.00 (VIOLATED)
i_croc_soc/i_croc/i_core_wrap/i_ibex.register_file_i/rf_reg_671__reg/Q_N    0.00    0.00   -0.00 (VIOLATED)
i_croc_soc/i_croc/i_core_wrap/i_ibex.register_file_i/rf_reg_672__reg/Q_N    0.00    0.00   -0.00 (VIOLATED)
i_croc_soc/i_croc/i_core_wrap/i_ibex.register_file_i/rf_reg_673__reg/Q_N    0.00    0.00   -0.00 (VIOLATED)
i_croc_soc/i_croc/i_core_wrap/i_ibex.register_file_i/rf_reg_674__reg/Q_N    0.00    0.00   -0.00 (VIOLATED)
i_croc_soc/i_croc/i_core_wrap/i_ibex.register_file_i/rf_reg_675__reg/Q_N    0.00    0.00   -0.00 (VIOLATED)
i_croc_soc/i_croc/i_core_wrap/i_ibex.register_file_i/rf_reg_676__reg/Q_N    0.00    0.00   -0.00 (VIOLATED)
i_croc_soc/i_croc/i_core_wrap/i_ibex.register_file_i/rf_reg_677__reg/Q_N    0.00    0.00   -0.00 (VIOLATED)
i_croc_soc/i_croc/i_core_wrap/i_ibex.register_file_i/rf_reg_678__reg/Q_N    0.00    0.00   -0.00 (VIOLATED)
i_croc_soc/i_croc/i_core_wrap/i_ibex.register_file_i/rf_reg_679__reg/Q_N    0.00    0.00   -0.00 (VIOLATED)
i_croc_soc/i_croc/i_core_wrap/i_ibex.register_file_i/rf_reg_67__reg/Q_N    0.00    0.00   -0.00 (VIOLATED)
i_croc_soc/i_croc/i_core_wrap/i_ibex.register_file_i/rf_reg_680__reg/Q_N    0.00    0.00   -0.00 (VIOLATED)
i_croc_soc/i_croc/i_core_wrap/i_ibex.register_file_i/rf_reg_681__reg/Q_N    0.00    0.00   -0.00 (VIOLATED)
i_croc_soc/i_croc/i_core_wrap/i_ibex.register_file_i/rf_reg_682__reg/Q_N    0.00    0.00   -0.00 (VIOLATED)
i_croc_soc/i_croc/i_core_wrap/i_ibex.register_file_i/rf_reg_683__reg/Q_N    0.00    0.00   -0.00 (VIOLATED)
i_croc_soc/i_croc/i_core_wrap/i_ibex.register_file_i/rf_reg_684__reg/Q_N    0.00    0.00   -0.00 (VIOLATED)
i_croc_soc/i_croc/i_core_wrap/i_ibex.register_file_i/rf_reg_685__reg/Q_N    0.00    0.00   -0.00 (VIOLATED)
i_croc_soc/i_croc/i_core_wrap/i_ibex.register_file_i/rf_reg_686__reg/Q_N    0.00    0.00   -0.00 (VIOLATED)
i_croc_soc/i_croc/i_core_wrap/i_ibex.register_file_i/rf_reg_687__reg/Q_N    0.00    0.00   -0.00 (VIOLATED)
i_croc_soc/i_croc/i_core_wrap/i_ibex.register_file_i/rf_reg_688__reg/Q_N    0.00    0.00   -0.00 (VIOLATED)
i_croc_soc/i_croc/i_core_wrap/i_ibex.register_file_i/rf_reg_689__reg/Q_N    0.00    0.00   -0.00 (VIOLATED)
i_croc_soc/i_croc/i_core_wrap/i_ibex.register_file_i/rf_reg_68__reg/Q_N    0.00    0.00   -0.00 (VIOLATED)
i_croc_soc/i_croc/i_core_wrap/i_ibex.register_file_i/rf_reg_690__reg/Q_N    0.00    0.00   -0.00 (VIOLATED)
i_croc_soc/i_croc/i_core_wrap/i_ibex.register_file_i/rf_reg_691__reg/Q_N    0.00    0.00   -0.00 (VIOLATED)
i_croc_soc/i_croc/i_core_wrap/i_ibex.register_file_i/rf_reg_692__reg/Q_N    0.00    0.00   -0.00 (VIOLATED)
i_croc_soc/i_croc/i_core_wrap/i_ibex.register_file_i/rf_reg_693__reg/Q_N    0.00    0.00   -0.00 (VIOLATED)
i_croc_soc/i_croc/i_core_wrap/i_ibex.register_file_i/rf_reg_694__reg/Q_N    0.00    0.00   -0.00 (VIOLATED)
i_croc_soc/i_croc/i_core_wrap/i_ibex.register_file_i/rf_reg_695__reg/Q_N    0.00    0.00   -0.00 (VIOLATED)
i_croc_soc/i_croc/i_core_wrap/i_ibex.register_file_i/rf_reg_696__reg/Q_N    0.00    0.00   -0.00 (VIOLATED)
i_croc_soc/i_croc/i_core_wrap/i_ibex.register_file_i/rf_reg_697__reg/Q_N    0.00    0.00   -0.00 (VIOLATED)
i_croc_soc/i_croc/i_core_wrap/i_ibex.register_file_i/rf_reg_698__reg/Q_N    0.00    0.00   -0.00 (VIOLATED)
i_croc_soc/i_croc/i_core_wrap/i_ibex.register_file_i/rf_reg_699__reg/Q_N    0.00    0.00   -0.00 (VIOLATED)
i_croc_soc/i_croc/i_core_wrap/i_ibex.register_file_i/rf_reg_69__reg/Q_N    0.00    0.00   -0.00 (VIOLATED)
i_croc_soc/i_croc/i_core_wrap/i_ibex.register_file_i/rf_reg_700__reg/Q_N    0.00    0.00   -0.00 (VIOLATED)
i_croc_soc/i_croc/i_core_wrap/i_ibex.register_file_i/rf_reg_701__reg/Q_N    0.00    0.00   -0.00 (VIOLATED)
i_croc_soc/i_croc/i_core_wrap/i_ibex.register_file_i/rf_reg_702__reg/Q_N    0.00    0.00   -0.00 (VIOLATED)
i_croc_soc/i_croc/i_core_wrap/i_ibex.register_file_i/rf_reg_703__reg/Q_N    0.00    0.00   -0.00 (VIOLATED)
i_croc_soc/i_croc/i_core_wrap/i_ibex.register_file_i/rf_reg_704__reg/Q_N    0.00    0.00   -0.00 (VIOLATED)
i_croc_soc/i_croc/i_core_wrap/i_ibex.register_file_i/rf_reg_705__reg/Q_N    0.00    0.00   -0.00 (VIOLATED)
i_croc_soc/i_croc/i_core_wrap/i_ibex.register_file_i/rf_reg_706__reg/Q_N    0.00    0.00   -0.00 (VIOLATED)
i_croc_soc/i_croc/i_core_wrap/i_ibex.register_file_i/rf_reg_707__reg/Q_N    0.00    0.00   -0.00 (VIOLATED)
i_croc_soc/i_croc/i_core_wrap/i_ibex.register_file_i/rf_reg_708__reg/Q_N    0.00    0.00   -0.00 (VIOLATED)
i_croc_soc/i_croc/i_core_wrap/i_ibex.register_file_i/rf_reg_709__reg/Q_N    0.00    0.00   -0.00 (VIOLATED)
i_croc_soc/i_croc/i_core_wrap/i_ibex.register_file_i/rf_reg_70__reg/Q_N    0.00    0.00   -0.00 (VIOLATED)
i_croc_soc/i_croc/i_core_wrap/i_ibex.register_file_i/rf_reg_710__reg/Q_N    0.00    0.00   -0.00 (VIOLATED)
i_croc_soc/i_croc/i_core_wrap/i_ibex.register_file_i/rf_reg_711__reg/Q_N    0.00    0.00   -0.00 (VIOLATED)
i_croc_soc/i_croc/i_core_wrap/i_ibex.register_file_i/rf_reg_712__reg/Q_N    0.00    0.00   -0.00 (VIOLATED)
i_croc_soc/i_croc/i_core_wrap/i_ibex.register_file_i/rf_reg_713__reg/Q_N    0.00    0.00   -0.00 (VIOLATED)
i_croc_soc/i_croc/i_core_wrap/i_ibex.register_file_i/rf_reg_714__reg/Q_N    0.00    0.00   -0.00 (VIOLATED)
i_croc_soc/i_croc/i_core_wrap/i_ibex.register_file_i/rf_reg_715__reg/Q_N    0.00    0.00   -0.00 (VIOLATED)
i_croc_soc/i_croc/i_core_wrap/i_ibex.register_file_i/rf_reg_716__reg/Q_N    0.00    0.00   -0.00 (VIOLATED)
i_croc_soc/i_croc/i_core_wrap/i_ibex.register_file_i/rf_reg_717__reg/Q_N    0.00    0.00   -0.00 (VIOLATED)
i_croc_soc/i_croc/i_core_wrap/i_ibex.register_file_i/rf_reg_718__reg/Q_N    0.00    0.00   -0.00 (VIOLATED)
i_croc_soc/i_croc/i_core_wrap/i_ibex.register_file_i/rf_reg_719__reg/Q_N    0.00    0.00   -0.00 (VIOLATED)
i_croc_soc/i_croc/i_core_wrap/i_ibex.register_file_i/rf_reg_71__reg/Q_N    0.00    0.00   -0.00 (VIOLATED)
i_croc_soc/i_croc/i_core_wrap/i_ibex.register_file_i/rf_reg_720__reg/Q_N    0.00    0.00   -0.00 (VIOLATED)
i_croc_soc/i_croc/i_core_wrap/i_ibex.register_file_i/rf_reg_721__reg/Q_N    0.00    0.00   -0.00 (VIOLATED)
i_croc_soc/i_croc/i_core_wrap/i_ibex.register_file_i/rf_reg_722__reg/Q_N    0.00    0.00   -0.00 (VIOLATED)
i_croc_soc/i_croc/i_core_wrap/i_ibex.register_file_i/rf_reg_723__reg/Q_N    0.00    0.00   -0.00 (VIOLATED)
i_croc_soc/i_croc/i_core_wrap/i_ibex.register_file_i/rf_reg_724__reg/Q_N    0.00    0.00   -0.00 (VIOLATED)
i_croc_soc/i_croc/i_core_wrap/i_ibex.register_file_i/rf_reg_725__reg/Q_N    0.00    0.00   -0.00 (VIOLATED)
i_croc_soc/i_croc/i_core_wrap/i_ibex.register_file_i/rf_reg_726__reg/Q_N    0.00    0.00   -0.00 (VIOLATED)
i_croc_soc/i_croc/i_core_wrap/i_ibex.register_file_i/rf_reg_727__reg/Q_N    0.00    0.00   -0.00 (VIOLATED)
i_croc_soc/i_croc/i_core_wrap/i_ibex.register_file_i/rf_reg_728__reg/Q_N    0.00    0.00   -0.00 (VIOLATED)
i_croc_soc/i_croc/i_core_wrap/i_ibex.register_file_i/rf_reg_729__reg/Q_N    0.00    0.00   -0.00 (VIOLATED)
i_croc_soc/i_croc/i_core_wrap/i_ibex.register_file_i/rf_reg_72__reg/Q_N    0.00    0.00   -0.00 (VIOLATED)
i_croc_soc/i_croc/i_core_wrap/i_ibex.register_file_i/rf_reg_730__reg/Q_N    0.00    0.00   -0.00 (VIOLATED)
i_croc_soc/i_croc/i_core_wrap/i_ibex.register_file_i/rf_reg_731__reg/Q_N    0.00    0.00   -0.00 (VIOLATED)
i_croc_soc/i_croc/i_core_wrap/i_ibex.register_file_i/rf_reg_732__reg/Q_N    0.00    0.00   -0.00 (VIOLATED)
i_croc_soc/i_croc/i_core_wrap/i_ibex.register_file_i/rf_reg_733__reg/Q_N    0.00    0.00   -0.00 (VIOLATED)
i_croc_soc/i_croc/i_core_wrap/i_ibex.register_file_i/rf_reg_734__reg/Q_N    0.00    0.00   -0.00 (VIOLATED)
i_croc_soc/i_croc/i_core_wrap/i_ibex.register_file_i/rf_reg_735__reg/Q_N    0.00    0.00   -0.00 (VIOLATED)
i_croc_soc/i_croc/i_core_wrap/i_ibex.register_file_i/rf_reg_736__reg/Q_N    0.00    0.00   -0.00 (VIOLATED)
i_croc_soc/i_croc/i_core_wrap/i_ibex.register_file_i/rf_reg_737__reg/Q_N    0.00    0.00   -0.00 (VIOLATED)
i_croc_soc/i_croc/i_core_wrap/i_ibex.register_file_i/rf_reg_738__reg/Q_N    0.00    0.00   -0.00 (VIOLATED)
i_croc_soc/i_croc/i_core_wrap/i_ibex.register_file_i/rf_reg_739__reg/Q_N    0.00    0.00   -0.00 (VIOLATED)
i_croc_soc/i_croc/i_core_wrap/i_ibex.register_file_i/rf_reg_73__reg/Q_N    0.00    0.00   -0.00 (VIOLATED)
i_croc_soc/i_croc/i_core_wrap/i_ibex.register_file_i/rf_reg_740__reg/Q_N    0.00    0.00   -0.00 (VIOLATED)
i_croc_soc/i_croc/i_core_wrap/i_ibex.register_file_i/rf_reg_741__reg/Q_N    0.00    0.00   -0.00 (VIOLATED)
i_croc_soc/i_croc/i_core_wrap/i_ibex.register_file_i/rf_reg_742__reg/Q_N    0.00    0.00   -0.00 (VIOLATED)
i_croc_soc/i_croc/i_core_wrap/i_ibex.register_file_i/rf_reg_743__reg/Q_N    0.00    0.00   -0.00 (VIOLATED)
i_croc_soc/i_croc/i_core_wrap/i_ibex.register_file_i/rf_reg_744__reg/Q_N    0.00    0.00   -0.00 (VIOLATED)
i_croc_soc/i_croc/i_core_wrap/i_ibex.register_file_i/rf_reg_745__reg/Q_N    0.00    0.00   -0.00 (VIOLATED)
i_croc_soc/i_croc/i_core_wrap/i_ibex.register_file_i/rf_reg_746__reg/Q_N    0.00    0.00   -0.00 (VIOLATED)
i_croc_soc/i_croc/i_core_wrap/i_ibex.register_file_i/rf_reg_747__reg/Q_N    0.00    0.00   -0.00 (VIOLATED)
i_croc_soc/i_croc/i_core_wrap/i_ibex.register_file_i/rf_reg_748__reg/Q_N    0.00    0.00   -0.00 (VIOLATED)
i_croc_soc/i_croc/i_core_wrap/i_ibex.register_file_i/rf_reg_749__reg/Q_N    0.00    0.00   -0.00 (VIOLATED)
i_croc_soc/i_croc/i_core_wrap/i_ibex.register_file_i/rf_reg_74__reg/Q_N    0.00    0.00   -0.00 (VIOLATED)
i_croc_soc/i_croc/i_core_wrap/i_ibex.register_file_i/rf_reg_750__reg/Q_N    0.00    0.00   -0.00 (VIOLATED)
i_croc_soc/i_croc/i_core_wrap/i_ibex.register_file_i/rf_reg_751__reg/Q_N    0.00    0.00   -0.00 (VIOLATED)
i_croc_soc/i_croc/i_core_wrap/i_ibex.register_file_i/rf_reg_752__reg/Q_N    0.00    0.00   -0.00 (VIOLATED)
i_croc_soc/i_croc/i_core_wrap/i_ibex.register_file_i/rf_reg_753__reg/Q_N    0.00    0.00   -0.00 (VIOLATED)
i_croc_soc/i_croc/i_core_wrap/i_ibex.register_file_i/rf_reg_754__reg/Q_N    0.00    0.00   -0.00 (VIOLATED)
i_croc_soc/i_croc/i_core_wrap/i_ibex.register_file_i/rf_reg_755__reg/Q_N    0.00    0.00   -0.00 (VIOLATED)
i_croc_soc/i_croc/i_core_wrap/i_ibex.register_file_i/rf_reg_756__reg/Q_N    0.00    0.00   -0.00 (VIOLATED)
i_croc_soc/i_croc/i_core_wrap/i_ibex.register_file_i/rf_reg_757__reg/Q_N    0.00    0.00   -0.00 (VIOLATED)
i_croc_soc/i_croc/i_core_wrap/i_ibex.register_file_i/rf_reg_758__reg/Q_N    0.00    0.00   -0.00 (VIOLATED)
i_croc_soc/i_croc/i_core_wrap/i_ibex.register_file_i/rf_reg_759__reg/Q_N    0.00    0.00   -0.00 (VIOLATED)
i_croc_soc/i_croc/i_core_wrap/i_ibex.register_file_i/rf_reg_75__reg/Q_N    0.00    0.00   -0.00 (VIOLATED)
i_croc_soc/i_croc/i_core_wrap/i_ibex.register_file_i/rf_reg_760__reg/Q_N    0.00    0.00   -0.00 (VIOLATED)
i_croc_soc/i_croc/i_core_wrap/i_ibex.register_file_i/rf_reg_761__reg/Q_N    0.00    0.00   -0.00 (VIOLATED)
i_croc_soc/i_croc/i_core_wrap/i_ibex.register_file_i/rf_reg_762__reg/Q_N    0.00    0.00   -0.00 (VIOLATED)
i_croc_soc/i_croc/i_core_wrap/i_ibex.register_file_i/rf_reg_763__reg/Q_N    0.00    0.00   -0.00 (VIOLATED)
i_croc_soc/i_croc/i_core_wrap/i_ibex.register_file_i/rf_reg_764__reg/Q_N    0.00    0.00   -0.00 (VIOLATED)
i_croc_soc/i_croc/i_core_wrap/i_ibex.register_file_i/rf_reg_765__reg/Q_N    0.00    0.00   -0.00 (VIOLATED)
i_croc_soc/i_croc/i_core_wrap/i_ibex.register_file_i/rf_reg_766__reg/Q_N    0.00    0.00   -0.00 (VIOLATED)
i_croc_soc/i_croc/i_core_wrap/i_ibex.register_file_i/rf_reg_767__reg/Q_N    0.00    0.00   -0.00 (VIOLATED)
i_croc_soc/i_croc/i_core_wrap/i_ibex.register_file_i/rf_reg_768__reg/Q_N    0.00    0.00   -0.00 (VIOLATED)
i_croc_soc/i_croc/i_core_wrap/i_ibex.register_file_i/rf_reg_769__reg/Q_N    0.00    0.00   -0.00 (VIOLATED)
i_croc_soc/i_croc/i_core_wrap/i_ibex.register_file_i/rf_reg_76__reg/Q_N    0.00    0.00   -0.00 (VIOLATED)
i_croc_soc/i_croc/i_core_wrap/i_ibex.register_file_i/rf_reg_770__reg/Q_N    0.00    0.00   -0.00 (VIOLATED)
i_croc_soc/i_croc/i_core_wrap/i_ibex.register_file_i/rf_reg_771__reg/Q_N    0.00    0.00   -0.00 (VIOLATED)
i_croc_soc/i_croc/i_core_wrap/i_ibex.register_file_i/rf_reg_772__reg/Q_N    0.00    0.00   -0.00 (VIOLATED)
i_croc_soc/i_croc/i_core_wrap/i_ibex.register_file_i/rf_reg_773__reg/Q_N    0.00    0.00   -0.00 (VIOLATED)
i_croc_soc/i_croc/i_core_wrap/i_ibex.register_file_i/rf_reg_774__reg/Q_N    0.00    0.00   -0.00 (VIOLATED)
i_croc_soc/i_croc/i_core_wrap/i_ibex.register_file_i/rf_reg_775__reg/Q_N    0.00    0.00   -0.00 (VIOLATED)
i_croc_soc/i_croc/i_core_wrap/i_ibex.register_file_i/rf_reg_776__reg/Q_N    0.00    0.00   -0.00 (VIOLATED)
i_croc_soc/i_croc/i_core_wrap/i_ibex.register_file_i/rf_reg_777__reg/Q_N    0.00    0.00   -0.00 (VIOLATED)
i_croc_soc/i_croc/i_core_wrap/i_ibex.register_file_i/rf_reg_778__reg/Q_N    0.00    0.00   -0.00 (VIOLATED)
i_croc_soc/i_croc/i_core_wrap/i_ibex.register_file_i/rf_reg_779__reg/Q_N    0.00    0.00   -0.00 (VIOLATED)
i_croc_soc/i_croc/i_core_wrap/i_ibex.register_file_i/rf_reg_77__reg/Q_N    0.00    0.00   -0.00 (VIOLATED)
i_croc_soc/i_croc/i_core_wrap/i_ibex.register_file_i/rf_reg_780__reg/Q_N    0.00    0.00   -0.00 (VIOLATED)
i_croc_soc/i_croc/i_core_wrap/i_ibex.register_file_i/rf_reg_781__reg/Q_N    0.00    0.00   -0.00 (VIOLATED)
i_croc_soc/i_croc/i_core_wrap/i_ibex.register_file_i/rf_reg_782__reg/Q_N    0.00    0.00   -0.00 (VIOLATED)
i_croc_soc/i_croc/i_core_wrap/i_ibex.register_file_i/rf_reg_783__reg/Q_N    0.00    0.00   -0.00 (VIOLATED)
i_croc_soc/i_croc/i_core_wrap/i_ibex.register_file_i/rf_reg_784__reg/Q_N    0.00    0.00   -0.00 (VIOLATED)
i_croc_soc/i_croc/i_core_wrap/i_ibex.register_file_i/rf_reg_785__reg/Q_N    0.00    0.00   -0.00 (VIOLATED)
i_croc_soc/i_croc/i_core_wrap/i_ibex.register_file_i/rf_reg_786__reg/Q_N    0.00    0.00   -0.00 (VIOLATED)
i_croc_soc/i_croc/i_core_wrap/i_ibex.register_file_i/rf_reg_787__reg/Q_N    0.00    0.00   -0.00 (VIOLATED)
i_croc_soc/i_croc/i_core_wrap/i_ibex.register_file_i/rf_reg_788__reg/Q_N    0.00    0.00   -0.00 (VIOLATED)
i_croc_soc/i_croc/i_core_wrap/i_ibex.register_file_i/rf_reg_789__reg/Q_N    0.00    0.00   -0.00 (VIOLATED)
i_croc_soc/i_croc/i_core_wrap/i_ibex.register_file_i/rf_reg_78__reg/Q_N    0.00    0.00   -0.00 (VIOLATED)
i_croc_soc/i_croc/i_core_wrap/i_ibex.register_file_i/rf_reg_790__reg/Q_N    0.00    0.00   -0.00 (VIOLATED)
i_croc_soc/i_croc/i_core_wrap/i_ibex.register_file_i/rf_reg_791__reg/Q_N    0.00    0.00   -0.00 (VIOLATED)
i_croc_soc/i_croc/i_core_wrap/i_ibex.register_file_i/rf_reg_792__reg/Q_N    0.00    0.00   -0.00 (VIOLATED)
i_croc_soc/i_croc/i_core_wrap/i_ibex.register_file_i/rf_reg_793__reg/Q_N    0.00    0.00   -0.00 (VIOLATED)
i_croc_soc/i_croc/i_core_wrap/i_ibex.register_file_i/rf_reg_794__reg/Q_N    0.00    0.00   -0.00 (VIOLATED)
i_croc_soc/i_croc/i_core_wrap/i_ibex.register_file_i/rf_reg_795__reg/Q_N    0.00    0.00   -0.00 (VIOLATED)
i_croc_soc/i_croc/i_core_wrap/i_ibex.register_file_i/rf_reg_796__reg/Q_N    0.00    0.00   -0.00 (VIOLATED)
i_croc_soc/i_croc/i_core_wrap/i_ibex.register_file_i/rf_reg_797__reg/Q_N    0.00    0.00   -0.00 (VIOLATED)
i_croc_soc/i_croc/i_core_wrap/i_ibex.register_file_i/rf_reg_798__reg/Q_N    0.00    0.00   -0.00 (VIOLATED)
i_croc_soc/i_croc/i_core_wrap/i_ibex.register_file_i/rf_reg_799__reg/Q_N    0.00    0.00   -0.00 (VIOLATED)
i_croc_soc/i_croc/i_core_wrap/i_ibex.register_file_i/rf_reg_79__reg/Q_N    0.00    0.00   -0.00 (VIOLATED)
i_croc_soc/i_croc/i_core_wrap/i_ibex.register_file_i/rf_reg_800__reg/Q_N    0.00    0.00   -0.00 (VIOLATED)
i_croc_soc/i_croc/i_core_wrap/i_ibex.register_file_i/rf_reg_801__reg/Q_N    0.00    0.00   -0.00 (VIOLATED)
i_croc_soc/i_croc/i_core_wrap/i_ibex.register_file_i/rf_reg_802__reg/Q_N    0.00    0.00   -0.00 (VIOLATED)
i_croc_soc/i_croc/i_core_wrap/i_ibex.register_file_i/rf_reg_803__reg/Q_N    0.00    0.00   -0.00 (VIOLATED)
i_croc_soc/i_croc/i_core_wrap/i_ibex.register_file_i/rf_reg_804__reg/Q_N    0.00    0.00   -0.00 (VIOLATED)
i_croc_soc/i_croc/i_core_wrap/i_ibex.register_file_i/rf_reg_805__reg/Q_N    0.00    0.00   -0.00 (VIOLATED)
i_croc_soc/i_croc/i_core_wrap/i_ibex.register_file_i/rf_reg_806__reg/Q_N    0.00    0.00   -0.00 (VIOLATED)
i_croc_soc/i_croc/i_core_wrap/i_ibex.register_file_i/rf_reg_807__reg/Q_N    0.00    0.00   -0.00 (VIOLATED)
i_croc_soc/i_croc/i_core_wrap/i_ibex.register_file_i/rf_reg_808__reg/Q_N    0.00    0.00   -0.00 (VIOLATED)
i_croc_soc/i_croc/i_core_wrap/i_ibex.register_file_i/rf_reg_809__reg/Q_N    0.00    0.00   -0.00 (VIOLATED)
i_croc_soc/i_croc/i_core_wrap/i_ibex.register_file_i/rf_reg_80__reg/Q_N    0.00    0.00   -0.00 (VIOLATED)
i_croc_soc/i_croc/i_core_wrap/i_ibex.register_file_i/rf_reg_810__reg/Q_N    0.00    0.00   -0.00 (VIOLATED)
i_croc_soc/i_croc/i_core_wrap/i_ibex.register_file_i/rf_reg_811__reg/Q_N    0.00    0.00   -0.00 (VIOLATED)
i_croc_soc/i_croc/i_core_wrap/i_ibex.register_file_i/rf_reg_812__reg/Q_N    0.00    0.00   -0.00 (VIOLATED)
i_croc_soc/i_croc/i_core_wrap/i_ibex.register_file_i/rf_reg_813__reg/Q_N    0.00    0.00   -0.00 (VIOLATED)
i_croc_soc/i_croc/i_core_wrap/i_ibex.register_file_i/rf_reg_814__reg/Q_N    0.00    0.00   -0.00 (VIOLATED)
i_croc_soc/i_croc/i_core_wrap/i_ibex.register_file_i/rf_reg_815__reg/Q_N    0.00    0.00   -0.00 (VIOLATED)
i_croc_soc/i_croc/i_core_wrap/i_ibex.register_file_i/rf_reg_816__reg/Q_N    0.00    0.00   -0.00 (VIOLATED)
i_croc_soc/i_croc/i_core_wrap/i_ibex.register_file_i/rf_reg_817__reg/Q_N    0.00    0.00   -0.00 (VIOLATED)
i_croc_soc/i_croc/i_core_wrap/i_ibex.register_file_i/rf_reg_818__reg/Q_N    0.00    0.00   -0.00 (VIOLATED)
i_croc_soc/i_croc/i_core_wrap/i_ibex.register_file_i/rf_reg_819__reg/Q_N    0.00    0.00   -0.00 (VIOLATED)
i_croc_soc/i_croc/i_core_wrap/i_ibex.register_file_i/rf_reg_81__reg/Q_N    0.00    0.00   -0.00 (VIOLATED)
i_croc_soc/i_croc/i_core_wrap/i_ibex.register_file_i/rf_reg_820__reg/Q_N    0.00    0.00   -0.00 (VIOLATED)
i_croc_soc/i_croc/i_core_wrap/i_ibex.register_file_i/rf_reg_821__reg/Q_N    0.00    0.00   -0.00 (VIOLATED)
i_croc_soc/i_croc/i_core_wrap/i_ibex.register_file_i/rf_reg_822__reg/Q_N    0.00    0.00   -0.00 (VIOLATED)
i_croc_soc/i_croc/i_core_wrap/i_ibex.register_file_i/rf_reg_823__reg/Q_N    0.00    0.00   -0.00 (VIOLATED)
i_croc_soc/i_croc/i_core_wrap/i_ibex.register_file_i/rf_reg_824__reg/Q_N    0.00    0.00   -0.00 (VIOLATED)
i_croc_soc/i_croc/i_core_wrap/i_ibex.register_file_i/rf_reg_825__reg/Q_N    0.00    0.00   -0.00 (VIOLATED)
i_croc_soc/i_croc/i_core_wrap/i_ibex.register_file_i/rf_reg_826__reg/Q_N    0.00    0.00   -0.00 (VIOLATED)
i_croc_soc/i_croc/i_core_wrap/i_ibex.register_file_i/rf_reg_827__reg/Q_N    0.00    0.00   -0.00 (VIOLATED)
i_croc_soc/i_croc/i_core_wrap/i_ibex.register_file_i/rf_reg_828__reg/Q_N    0.00    0.00   -0.00 (VIOLATED)
i_croc_soc/i_croc/i_core_wrap/i_ibex.register_file_i/rf_reg_829__reg/Q_N    0.00    0.00   -0.00 (VIOLATED)
i_croc_soc/i_croc/i_core_wrap/i_ibex.register_file_i/rf_reg_82__reg/Q_N    0.00    0.00   -0.00 (VIOLATED)
i_croc_soc/i_croc/i_core_wrap/i_ibex.register_file_i/rf_reg_830__reg/Q_N    0.00    0.00   -0.00 (VIOLATED)
i_croc_soc/i_croc/i_core_wrap/i_ibex.register_file_i/rf_reg_831__reg/Q_N    0.00    0.00   -0.00 (VIOLATED)
i_croc_soc/i_croc/i_core_wrap/i_ibex.register_file_i/rf_reg_832__reg/Q_N    0.00    0.00   -0.00 (VIOLATED)
i_croc_soc/i_croc/i_core_wrap/i_ibex.register_file_i/rf_reg_833__reg/Q_N    0.00    0.00   -0.00 (VIOLATED)
i_croc_soc/i_croc/i_core_wrap/i_ibex.register_file_i/rf_reg_834__reg/Q_N    0.00    0.00   -0.00 (VIOLATED)
i_croc_soc/i_croc/i_core_wrap/i_ibex.register_file_i/rf_reg_835__reg/Q_N    0.00    0.00   -0.00 (VIOLATED)
i_croc_soc/i_croc/i_core_wrap/i_ibex.register_file_i/rf_reg_836__reg/Q_N    0.00    0.00   -0.00 (VIOLATED)
i_croc_soc/i_croc/i_core_wrap/i_ibex.register_file_i/rf_reg_837__reg/Q_N    0.00    0.00   -0.00 (VIOLATED)
i_croc_soc/i_croc/i_core_wrap/i_ibex.register_file_i/rf_reg_838__reg/Q_N    0.00    0.00   -0.00 (VIOLATED)
i_croc_soc/i_croc/i_core_wrap/i_ibex.register_file_i/rf_reg_839__reg/Q_N    0.00    0.00   -0.00 (VIOLATED)
i_croc_soc/i_croc/i_core_wrap/i_ibex.register_file_i/rf_reg_83__reg/Q_N    0.00    0.00   -0.00 (VIOLATED)
i_croc_soc/i_croc/i_core_wrap/i_ibex.register_file_i/rf_reg_840__reg/Q_N    0.00    0.00   -0.00 (VIOLATED)
i_croc_soc/i_croc/i_core_wrap/i_ibex.register_file_i/rf_reg_841__reg/Q_N    0.00    0.00   -0.00 (VIOLATED)
i_croc_soc/i_croc/i_core_wrap/i_ibex.register_file_i/rf_reg_842__reg/Q_N    0.00    0.00   -0.00 (VIOLATED)
i_croc_soc/i_croc/i_core_wrap/i_ibex.register_file_i/rf_reg_843__reg/Q_N    0.00    0.00   -0.00 (VIOLATED)
i_croc_soc/i_croc/i_core_wrap/i_ibex.register_file_i/rf_reg_844__reg/Q_N    0.00    0.00   -0.00 (VIOLATED)
i_croc_soc/i_croc/i_core_wrap/i_ibex.register_file_i/rf_reg_845__reg/Q_N    0.00    0.00   -0.00 (VIOLATED)
i_croc_soc/i_croc/i_core_wrap/i_ibex.register_file_i/rf_reg_846__reg/Q_N    0.00    0.00   -0.00 (VIOLATED)
i_croc_soc/i_croc/i_core_wrap/i_ibex.register_file_i/rf_reg_847__reg/Q_N    0.00    0.00   -0.00 (VIOLATED)
i_croc_soc/i_croc/i_core_wrap/i_ibex.register_file_i/rf_reg_848__reg/Q_N    0.00    0.00   -0.00 (VIOLATED)
i_croc_soc/i_croc/i_core_wrap/i_ibex.register_file_i/rf_reg_849__reg/Q_N    0.00    0.00   -0.00 (VIOLATED)
i_croc_soc/i_croc/i_core_wrap/i_ibex.register_file_i/rf_reg_84__reg/Q_N    0.00    0.00   -0.00 (VIOLATED)
i_croc_soc/i_croc/i_core_wrap/i_ibex.register_file_i/rf_reg_850__reg/Q_N    0.00    0.00   -0.00 (VIOLATED)
i_croc_soc/i_croc/i_core_wrap/i_ibex.register_file_i/rf_reg_851__reg/Q_N    0.00    0.00   -0.00 (VIOLATED)
i_croc_soc/i_croc/i_core_wrap/i_ibex.register_file_i/rf_reg_852__reg/Q_N    0.00    0.00   -0.00 (VIOLATED)
i_croc_soc/i_croc/i_core_wrap/i_ibex.register_file_i/rf_reg_853__reg/Q_N    0.00    0.00   -0.00 (VIOLATED)
i_croc_soc/i_croc/i_core_wrap/i_ibex.register_file_i/rf_reg_854__reg/Q_N    0.00    0.00   -0.00 (VIOLATED)
i_croc_soc/i_croc/i_core_wrap/i_ibex.register_file_i/rf_reg_855__reg/Q_N    0.00    0.00   -0.00 (VIOLATED)
i_croc_soc/i_croc/i_core_wrap/i_ibex.register_file_i/rf_reg_856__reg/Q_N    0.00    0.00   -0.00 (VIOLATED)
i_croc_soc/i_croc/i_core_wrap/i_ibex.register_file_i/rf_reg_857__reg/Q_N    0.00    0.00   -0.00 (VIOLATED)
i_croc_soc/i_croc/i_core_wrap/i_ibex.register_file_i/rf_reg_858__reg/Q_N    0.00    0.00   -0.00 (VIOLATED)
i_croc_soc/i_croc/i_core_wrap/i_ibex.register_file_i/rf_reg_859__reg/Q_N    0.00    0.00   -0.00 (VIOLATED)
i_croc_soc/i_croc/i_core_wrap/i_ibex.register_file_i/rf_reg_85__reg/Q_N    0.00    0.00   -0.00 (VIOLATED)
i_croc_soc/i_croc/i_core_wrap/i_ibex.register_file_i/rf_reg_860__reg/Q_N    0.00    0.00   -0.00 (VIOLATED)
i_croc_soc/i_croc/i_core_wrap/i_ibex.register_file_i/rf_reg_861__reg/Q_N    0.00    0.00   -0.00 (VIOLATED)
i_croc_soc/i_croc/i_core_wrap/i_ibex.register_file_i/rf_reg_862__reg/Q_N    0.00    0.00   -0.00 (VIOLATED)
i_croc_soc/i_croc/i_core_wrap/i_ibex.register_file_i/rf_reg_863__reg/Q_N    0.00    0.00   -0.00 (VIOLATED)
i_croc_soc/i_croc/i_core_wrap/i_ibex.register_file_i/rf_reg_864__reg/Q_N    0.00    0.00   -0.00 (VIOLATED)
i_croc_soc/i_croc/i_core_wrap/i_ibex.register_file_i/rf_reg_865__reg/Q_N    0.00    0.00   -0.00 (VIOLATED)
i_croc_soc/i_croc/i_core_wrap/i_ibex.register_file_i/rf_reg_866__reg/Q_N    0.00    0.00   -0.00 (VIOLATED)
i_croc_soc/i_croc/i_core_wrap/i_ibex.register_file_i/rf_reg_867__reg/Q_N    0.00    0.00   -0.00 (VIOLATED)
i_croc_soc/i_croc/i_core_wrap/i_ibex.register_file_i/rf_reg_868__reg/Q_N    0.00    0.00   -0.00 (VIOLATED)
i_croc_soc/i_croc/i_core_wrap/i_ibex.register_file_i/rf_reg_869__reg/Q_N    0.00    0.00   -0.00 (VIOLATED)
i_croc_soc/i_croc/i_core_wrap/i_ibex.register_file_i/rf_reg_86__reg/Q_N    0.00    0.00   -0.00 (VIOLATED)
i_croc_soc/i_croc/i_core_wrap/i_ibex.register_file_i/rf_reg_870__reg/Q_N    0.00    0.00   -0.00 (VIOLATED)
i_croc_soc/i_croc/i_core_wrap/i_ibex.register_file_i/rf_reg_871__reg/Q_N    0.00    0.00   -0.00 (VIOLATED)
i_croc_soc/i_croc/i_core_wrap/i_ibex.register_file_i/rf_reg_872__reg/Q_N    0.00    0.00   -0.00 (VIOLATED)
i_croc_soc/i_croc/i_core_wrap/i_ibex.register_file_i/rf_reg_873__reg/Q_N    0.00    0.00   -0.00 (VIOLATED)
i_croc_soc/i_croc/i_core_wrap/i_ibex.register_file_i/rf_reg_874__reg/Q_N    0.00    0.00   -0.00 (VIOLATED)
i_croc_soc/i_croc/i_core_wrap/i_ibex.register_file_i/rf_reg_875__reg/Q_N    0.00    0.00   -0.00 (VIOLATED)
i_croc_soc/i_croc/i_core_wrap/i_ibex.register_file_i/rf_reg_876__reg/Q_N    0.00    0.00   -0.00 (VIOLATED)
i_croc_soc/i_croc/i_core_wrap/i_ibex.register_file_i/rf_reg_877__reg/Q_N    0.00    0.00   -0.00 (VIOLATED)
i_croc_soc/i_croc/i_core_wrap/i_ibex.register_file_i/rf_reg_878__reg/Q_N    0.00    0.00   -0.00 (VIOLATED)
i_croc_soc/i_croc/i_core_wrap/i_ibex.register_file_i/rf_reg_879__reg/Q_N    0.00    0.00   -0.00 (VIOLATED)
i_croc_soc/i_croc/i_core_wrap/i_ibex.register_file_i/rf_reg_87__reg/Q_N    0.00    0.00   -0.00 (VIOLATED)
i_croc_soc/i_croc/i_core_wrap/i_ibex.register_file_i/rf_reg_880__reg/Q_N    0.00    0.00   -0.00 (VIOLATED)
i_croc_soc/i_croc/i_core_wrap/i_ibex.register_file_i/rf_reg_881__reg/Q_N    0.00    0.00   -0.00 (VIOLATED)
i_croc_soc/i_croc/i_core_wrap/i_ibex.register_file_i/rf_reg_882__reg/Q_N    0.00    0.00   -0.00 (VIOLATED)
i_croc_soc/i_croc/i_core_wrap/i_ibex.register_file_i/rf_reg_883__reg/Q_N    0.00    0.00   -0.00 (VIOLATED)
i_croc_soc/i_croc/i_core_wrap/i_ibex.register_file_i/rf_reg_884__reg/Q_N    0.00    0.00   -0.00 (VIOLATED)
i_croc_soc/i_croc/i_core_wrap/i_ibex.register_file_i/rf_reg_885__reg/Q_N    0.00    0.00   -0.00 (VIOLATED)
i_croc_soc/i_croc/i_core_wrap/i_ibex.register_file_i/rf_reg_886__reg/Q_N    0.00    0.00   -0.00 (VIOLATED)
i_croc_soc/i_croc/i_core_wrap/i_ibex.register_file_i/rf_reg_887__reg/Q_N    0.00    0.00   -0.00 (VIOLATED)
i_croc_soc/i_croc/i_core_wrap/i_ibex.register_file_i/rf_reg_888__reg/Q_N    0.00    0.00   -0.00 (VIOLATED)
i_croc_soc/i_croc/i_core_wrap/i_ibex.register_file_i/rf_reg_889__reg/Q_N    0.00    0.00   -0.00 (VIOLATED)
i_croc_soc/i_croc/i_core_wrap/i_ibex.register_file_i/rf_reg_88__reg/Q_N    0.00    0.00   -0.00 (VIOLATED)
i_croc_soc/i_croc/i_core_wrap/i_ibex.register_file_i/rf_reg_890__reg/Q_N    0.00    0.00   -0.00 (VIOLATED)
i_croc_soc/i_croc/i_core_wrap/i_ibex.register_file_i/rf_reg_891__reg/Q_N    0.00    0.00   -0.00 (VIOLATED)
i_croc_soc/i_croc/i_core_wrap/i_ibex.register_file_i/rf_reg_892__reg/Q_N    0.00    0.00   -0.00 (VIOLATED)
i_croc_soc/i_croc/i_core_wrap/i_ibex.register_file_i/rf_reg_893__reg/Q_N    0.00    0.00   -0.00 (VIOLATED)
i_croc_soc/i_croc/i_core_wrap/i_ibex.register_file_i/rf_reg_894__reg/Q_N    0.00    0.00   -0.00 (VIOLATED)
i_croc_soc/i_croc/i_core_wrap/i_ibex.register_file_i/rf_reg_895__reg/Q_N    0.00    0.00   -0.00 (VIOLATED)
i_croc_soc/i_croc/i_core_wrap/i_ibex.register_file_i/rf_reg_896__reg/Q_N    0.00    0.00   -0.00 (VIOLATED)
i_croc_soc/i_croc/i_core_wrap/i_ibex.register_file_i/rf_reg_897__reg/Q_N    0.00    0.00   -0.00 (VIOLATED)
i_croc_soc/i_croc/i_core_wrap/i_ibex.register_file_i/rf_reg_898__reg/Q_N    0.00    0.00   -0.00 (VIOLATED)
i_croc_soc/i_croc/i_core_wrap/i_ibex.register_file_i/rf_reg_899__reg/Q_N    0.00    0.00   -0.00 (VIOLATED)
i_croc_soc/i_croc/i_core_wrap/i_ibex.register_file_i/rf_reg_89__reg/Q_N    0.00    0.00   -0.00 (VIOLATED)
i_croc_soc/i_croc/i_core_wrap/i_ibex.register_file_i/rf_reg_900__reg/Q_N    0.00    0.00   -0.00 (VIOLATED)
i_croc_soc/i_croc/i_core_wrap/i_ibex.register_file_i/rf_reg_901__reg/Q_N    0.00    0.00   -0.00 (VIOLATED)
i_croc_soc/i_croc/i_core_wrap/i_ibex.register_file_i/rf_reg_902__reg/Q_N    0.00    0.00   -0.00 (VIOLATED)
i_croc_soc/i_croc/i_core_wrap/i_ibex.register_file_i/rf_reg_903__reg/Q_N    0.00    0.00   -0.00 (VIOLATED)
i_croc_soc/i_croc/i_core_wrap/i_ibex.register_file_i/rf_reg_904__reg/Q_N    0.00    0.00   -0.00 (VIOLATED)
i_croc_soc/i_croc/i_core_wrap/i_ibex.register_file_i/rf_reg_905__reg/Q_N    0.00    0.00   -0.00 (VIOLATED)
i_croc_soc/i_croc/i_core_wrap/i_ibex.register_file_i/rf_reg_906__reg/Q_N    0.00    0.00   -0.00 (VIOLATED)
i_croc_soc/i_croc/i_core_wrap/i_ibex.register_file_i/rf_reg_907__reg/Q_N    0.00    0.00   -0.00 (VIOLATED)
i_croc_soc/i_croc/i_core_wrap/i_ibex.register_file_i/rf_reg_908__reg/Q_N    0.00    0.00   -0.00 (VIOLATED)
i_croc_soc/i_croc/i_core_wrap/i_ibex.register_file_i/rf_reg_909__reg/Q_N    0.00    0.00   -0.00 (VIOLATED)
i_croc_soc/i_croc/i_core_wrap/i_ibex.register_file_i/rf_reg_90__reg/Q_N    0.00    0.00   -0.00 (VIOLATED)
i_croc_soc/i_croc/i_core_wrap/i_ibex.register_file_i/rf_reg_910__reg/Q_N    0.00    0.00   -0.00 (VIOLATED)
i_croc_soc/i_croc/i_core_wrap/i_ibex.register_file_i/rf_reg_911__reg/Q_N    0.00    0.00   -0.00 (VIOLATED)
i_croc_soc/i_croc/i_core_wrap/i_ibex.register_file_i/rf_reg_912__reg/Q_N    0.00    0.00   -0.00 (VIOLATED)
i_croc_soc/i_croc/i_core_wrap/i_ibex.register_file_i/rf_reg_913__reg/Q_N    0.00    0.00   -0.00 (VIOLATED)
i_croc_soc/i_croc/i_core_wrap/i_ibex.register_file_i/rf_reg_914__reg/Q_N    0.00    0.00   -0.00 (VIOLATED)
i_croc_soc/i_croc/i_core_wrap/i_ibex.register_file_i/rf_reg_915__reg/Q_N    0.00    0.00   -0.00 (VIOLATED)
i_croc_soc/i_croc/i_core_wrap/i_ibex.register_file_i/rf_reg_916__reg/Q_N    0.00    0.00   -0.00 (VIOLATED)
i_croc_soc/i_croc/i_core_wrap/i_ibex.register_file_i/rf_reg_917__reg/Q_N    0.00    0.00   -0.00 (VIOLATED)
i_croc_soc/i_croc/i_core_wrap/i_ibex.register_file_i/rf_reg_918__reg/Q_N    0.00    0.00   -0.00 (VIOLATED)
i_croc_soc/i_croc/i_core_wrap/i_ibex.register_file_i/rf_reg_919__reg/Q_N    0.00    0.00   -0.00 (VIOLATED)
i_croc_soc/i_croc/i_core_wrap/i_ibex.register_file_i/rf_reg_91__reg/Q_N    0.00    0.00   -0.00 (VIOLATED)
i_croc_soc/i_croc/i_core_wrap/i_ibex.register_file_i/rf_reg_920__reg/Q_N    0.00    0.00   -0.00 (VIOLATED)
i_croc_soc/i_croc/i_core_wrap/i_ibex.register_file_i/rf_reg_921__reg/Q_N    0.00    0.00   -0.00 (VIOLATED)
i_croc_soc/i_croc/i_core_wrap/i_ibex.register_file_i/rf_reg_922__reg/Q_N    0.00    0.00   -0.00 (VIOLATED)
i_croc_soc/i_croc/i_core_wrap/i_ibex.register_file_i/rf_reg_923__reg/Q_N    0.00    0.00   -0.00 (VIOLATED)
i_croc_soc/i_croc/i_core_wrap/i_ibex.register_file_i/rf_reg_924__reg/Q_N    0.00    0.00   -0.00 (VIOLATED)
i_croc_soc/i_croc/i_core_wrap/i_ibex.register_file_i/rf_reg_925__reg/Q_N    0.00    0.00   -0.00 (VIOLATED)
i_croc_soc/i_croc/i_core_wrap/i_ibex.register_file_i/rf_reg_926__reg/Q_N    0.00    0.00   -0.00 (VIOLATED)
i_croc_soc/i_croc/i_core_wrap/i_ibex.register_file_i/rf_reg_927__reg/Q_N    0.00    0.00   -0.00 (VIOLATED)
i_croc_soc/i_croc/i_core_wrap/i_ibex.register_file_i/rf_reg_928__reg/Q_N    0.00    0.00   -0.00 (VIOLATED)
i_croc_soc/i_croc/i_core_wrap/i_ibex.register_file_i/rf_reg_929__reg/Q_N    0.00    0.00   -0.00 (VIOLATED)
i_croc_soc/i_croc/i_core_wrap/i_ibex.register_file_i/rf_reg_92__reg/Q_N    0.00    0.00   -0.00 (VIOLATED)
i_croc_soc/i_croc/i_core_wrap/i_ibex.register_file_i/rf_reg_930__reg/Q_N    0.00    0.00   -0.00 (VIOLATED)
i_croc_soc/i_croc/i_core_wrap/i_ibex.register_file_i/rf_reg_931__reg/Q_N    0.00    0.00   -0.00 (VIOLATED)
i_croc_soc/i_croc/i_core_wrap/i_ibex.register_file_i/rf_reg_932__reg/Q_N    0.00    0.00   -0.00 (VIOLATED)
i_croc_soc/i_croc/i_core_wrap/i_ibex.register_file_i/rf_reg_933__reg/Q_N    0.00    0.00   -0.00 (VIOLATED)
i_croc_soc/i_croc/i_core_wrap/i_ibex.register_file_i/rf_reg_934__reg/Q_N    0.00    0.00   -0.00 (VIOLATED)
i_croc_soc/i_croc/i_core_wrap/i_ibex.register_file_i/rf_reg_935__reg/Q_N    0.00    0.00   -0.00 (VIOLATED)
i_croc_soc/i_croc/i_core_wrap/i_ibex.register_file_i/rf_reg_936__reg/Q_N    0.00    0.00   -0.00 (VIOLATED)
i_croc_soc/i_croc/i_core_wrap/i_ibex.register_file_i/rf_reg_937__reg/Q_N    0.00    0.00   -0.00 (VIOLATED)
i_croc_soc/i_croc/i_core_wrap/i_ibex.register_file_i/rf_reg_938__reg/Q_N    0.00    0.00   -0.00 (VIOLATED)
i_croc_soc/i_croc/i_core_wrap/i_ibex.register_file_i/rf_reg_939__reg/Q_N    0.00    0.00   -0.00 (VIOLATED)
i_croc_soc/i_croc/i_core_wrap/i_ibex.register_file_i/rf_reg_93__reg/Q_N    0.00    0.00   -0.00 (VIOLATED)
i_croc_soc/i_croc/i_core_wrap/i_ibex.register_file_i/rf_reg_940__reg/Q_N    0.00    0.00   -0.00 (VIOLATED)
i_croc_soc/i_croc/i_core_wrap/i_ibex.register_file_i/rf_reg_941__reg/Q_N    0.00    0.00   -0.00 (VIOLATED)
i_croc_soc/i_croc/i_core_wrap/i_ibex.register_file_i/rf_reg_942__reg/Q_N    0.00    0.00   -0.00 (VIOLATED)
i_croc_soc/i_croc/i_core_wrap/i_ibex.register_file_i/rf_reg_943__reg/Q_N    0.00    0.00   -0.00 (VIOLATED)
i_croc_soc/i_croc/i_core_wrap/i_ibex.register_file_i/rf_reg_944__reg/Q_N    0.00    0.00   -0.00 (VIOLATED)
i_croc_soc/i_croc/i_core_wrap/i_ibex.register_file_i/rf_reg_945__reg/Q_N    0.00    0.00   -0.00 (VIOLATED)
i_croc_soc/i_croc/i_core_wrap/i_ibex.register_file_i/rf_reg_946__reg/Q_N    0.00    0.00   -0.00 (VIOLATED)
i_croc_soc/i_croc/i_core_wrap/i_ibex.register_file_i/rf_reg_947__reg/Q_N    0.00    0.00   -0.00 (VIOLATED)
i_croc_soc/i_croc/i_core_wrap/i_ibex.register_file_i/rf_reg_948__reg/Q_N    0.00    0.00   -0.00 (VIOLATED)
i_croc_soc/i_croc/i_core_wrap/i_ibex.register_file_i/rf_reg_949__reg/Q_N    0.00    0.00   -0.00 (VIOLATED)
i_croc_soc/i_croc/i_core_wrap/i_ibex.register_file_i/rf_reg_94__reg/Q_N    0.00    0.00   -0.00 (VIOLATED)
i_croc_soc/i_croc/i_core_wrap/i_ibex.register_file_i/rf_reg_950__reg/Q_N    0.00    0.00   -0.00 (VIOLATED)
i_croc_soc/i_croc/i_core_wrap/i_ibex.register_file_i/rf_reg_951__reg/Q_N    0.00    0.00   -0.00 (VIOLATED)
i_croc_soc/i_croc/i_core_wrap/i_ibex.register_file_i/rf_reg_952__reg/Q_N    0.00    0.00   -0.00 (VIOLATED)
i_croc_soc/i_croc/i_core_wrap/i_ibex.register_file_i/rf_reg_953__reg/Q_N    0.00    0.00   -0.00 (VIOLATED)
i_croc_soc/i_croc/i_core_wrap/i_ibex.register_file_i/rf_reg_954__reg/Q_N    0.00    0.00   -0.00 (VIOLATED)
i_croc_soc/i_croc/i_core_wrap/i_ibex.register_file_i/rf_reg_955__reg/Q_N    0.00    0.00   -0.00 (VIOLATED)
i_croc_soc/i_croc/i_core_wrap/i_ibex.register_file_i/rf_reg_956__reg/Q_N    0.00    0.00   -0.00 (VIOLATED)
i_croc_soc/i_croc/i_core_wrap/i_ibex.register_file_i/rf_reg_957__reg/Q_N    0.00    0.00   -0.00 (VIOLATED)
i_croc_soc/i_croc/i_core_wrap/i_ibex.register_file_i/rf_reg_958__reg/Q_N    0.00    0.00   -0.00 (VIOLATED)
i_croc_soc/i_croc/i_core_wrap/i_ibex.register_file_i/rf_reg_959__reg/Q_N    0.00    0.00   -0.00 (VIOLATED)
i_croc_soc/i_croc/i_core_wrap/i_ibex.register_file_i/rf_reg_95__reg/Q_N    0.00    0.00   -0.00 (VIOLATED)
i_croc_soc/i_croc/i_core_wrap/i_ibex.register_file_i/rf_reg_960__reg/Q_N    0.00    0.00   -0.00 (VIOLATED)
i_croc_soc/i_croc/i_core_wrap/i_ibex.register_file_i/rf_reg_961__reg/Q_N    0.00    0.00   -0.00 (VIOLATED)
i_croc_soc/i_croc/i_core_wrap/i_ibex.register_file_i/rf_reg_962__reg/Q_N    0.00    0.00   -0.00 (VIOLATED)
i_croc_soc/i_croc/i_core_wrap/i_ibex.register_file_i/rf_reg_963__reg/Q_N    0.00    0.00   -0.00 (VIOLATED)
i_croc_soc/i_croc/i_core_wrap/i_ibex.register_file_i/rf_reg_964__reg/Q_N    0.00    0.00   -0.00 (VIOLATED)
i_croc_soc/i_croc/i_core_wrap/i_ibex.register_file_i/rf_reg_965__reg/Q_N    0.00    0.00   -0.00 (VIOLATED)
i_croc_soc/i_croc/i_core_wrap/i_ibex.register_file_i/rf_reg_966__reg/Q_N    0.00    0.00   -0.00 (VIOLATED)
i_croc_soc/i_croc/i_core_wrap/i_ibex.register_file_i/rf_reg_967__reg/Q_N    0.00    0.00   -0.00 (VIOLATED)
i_croc_soc/i_croc/i_core_wrap/i_ibex.register_file_i/rf_reg_968__reg/Q_N    0.00    0.00   -0.00 (VIOLATED)
i_croc_soc/i_croc/i_core_wrap/i_ibex.register_file_i/rf_reg_969__reg/Q_N    0.00    0.00   -0.00 (VIOLATED)
i_croc_soc/i_croc/i_core_wrap/i_ibex.register_file_i/rf_reg_96__reg/Q_N    0.00    0.00   -0.00 (VIOLATED)
i_croc_soc/i_croc/i_core_wrap/i_ibex.register_file_i/rf_reg_970__reg/Q_N    0.00    0.00   -0.00 (VIOLATED)
i_croc_soc/i_croc/i_core_wrap/i_ibex.register_file_i/rf_reg_971__reg/Q_N    0.00    0.00   -0.00 (VIOLATED)
i_croc_soc/i_croc/i_core_wrap/i_ibex.register_file_i/rf_reg_972__reg/Q_N    0.00    0.00   -0.00 (VIOLATED)
i_croc_soc/i_croc/i_core_wrap/i_ibex.register_file_i/rf_reg_973__reg/Q_N    0.00    0.00   -0.00 (VIOLATED)
i_croc_soc/i_croc/i_core_wrap/i_ibex.register_file_i/rf_reg_974__reg/Q_N    0.00    0.00   -0.00 (VIOLATED)
i_croc_soc/i_croc/i_core_wrap/i_ibex.register_file_i/rf_reg_975__reg/Q_N    0.00    0.00   -0.00 (VIOLATED)
i_croc_soc/i_croc/i_core_wrap/i_ibex.register_file_i/rf_reg_976__reg/Q_N    0.00    0.00   -0.00 (VIOLATED)
i_croc_soc/i_croc/i_core_wrap/i_ibex.register_file_i/rf_reg_977__reg/Q_N    0.00    0.00   -0.00 (VIOLATED)
i_croc_soc/i_croc/i_core_wrap/i_ibex.register_file_i/rf_reg_978__reg/Q_N    0.00    0.00   -0.00 (VIOLATED)
i_croc_soc/i_croc/i_core_wrap/i_ibex.register_file_i/rf_reg_979__reg/Q_N    0.00    0.00   -0.00 (VIOLATED)
i_croc_soc/i_croc/i_core_wrap/i_ibex.register_file_i/rf_reg_97__reg/Q_N    0.00    0.00   -0.00 (VIOLATED)
i_croc_soc/i_croc/i_core_wrap/i_ibex.register_file_i/rf_reg_980__reg/Q_N    0.00    0.00   -0.00 (VIOLATED)
i_croc_soc/i_croc/i_core_wrap/i_ibex.register_file_i/rf_reg_981__reg/Q_N    0.00    0.00   -0.00 (VIOLATED)
i_croc_soc/i_croc/i_core_wrap/i_ibex.register_file_i/rf_reg_982__reg/Q_N    0.00    0.00   -0.00 (VIOLATED)
i_croc_soc/i_croc/i_core_wrap/i_ibex.register_file_i/rf_reg_983__reg/Q_N    0.00    0.00   -0.00 (VIOLATED)
i_croc_soc/i_croc/i_core_wrap/i_ibex.register_file_i/rf_reg_984__reg/Q_N    0.00    0.00   -0.00 (VIOLATED)
i_croc_soc/i_croc/i_core_wrap/i_ibex.register_file_i/rf_reg_985__reg/Q_N    0.00    0.00   -0.00 (VIOLATED)
i_croc_soc/i_croc/i_core_wrap/i_ibex.register_file_i/rf_reg_986__reg/Q_N    0.00    0.00   -0.00 (VIOLATED)
i_croc_soc/i_croc/i_core_wrap/i_ibex.register_file_i/rf_reg_987__reg/Q_N    0.00    0.00   -0.00 (VIOLATED)
i_croc_soc/i_croc/i_core_wrap/i_ibex.register_file_i/rf_reg_988__reg/Q_N    0.00    0.00   -0.00 (VIOLATED)
i_croc_soc/i_croc/i_core_wrap/i_ibex.register_file_i/rf_reg_989__reg/Q_N    0.00    0.00   -0.00 (VIOLATED)
i_croc_soc/i_croc/i_core_wrap/i_ibex.register_file_i/rf_reg_98__reg/Q_N    0.00    0.00   -0.00 (VIOLATED)
i_croc_soc/i_croc/i_core_wrap/i_ibex.register_file_i/rf_reg_990__reg/Q_N    0.00    0.00   -0.00 (VIOLATED)
i_croc_soc/i_croc/i_core_wrap/i_ibex.register_file_i/rf_reg_991__reg/Q_N    0.00    0.00   -0.00 (VIOLATED)
i_croc_soc/i_croc/i_core_wrap/i_ibex.register_file_i/rf_reg_992__reg/Q_N    0.00    0.00   -0.00 (VIOLATED)
i_croc_soc/i_croc/i_core_wrap/i_ibex.register_file_i/rf_reg_993__reg/Q_N    0.00    0.00   -0.00 (VIOLATED)
i_croc_soc/i_croc/i_core_wrap/i_ibex.register_file_i/rf_reg_994__reg/Q_N    0.00    0.00   -0.00 (VIOLATED)
i_croc_soc/i_croc/i_core_wrap/i_ibex.register_file_i/rf_reg_995__reg/Q_N    0.00    0.00   -0.00 (VIOLATED)
i_croc_soc/i_croc/i_core_wrap/i_ibex.register_file_i/rf_reg_996__reg/Q_N    0.00    0.00   -0.00 (VIOLATED)
i_croc_soc/i_croc/i_core_wrap/i_ibex.register_file_i/rf_reg_997__reg/Q_N    0.00    0.00   -0.00 (VIOLATED)
i_croc_soc/i_croc/i_core_wrap/i_ibex.register_file_i/rf_reg_998__reg/Q_N    0.00    0.00   -0.00 (VIOLATED)
i_croc_soc/i_croc/i_core_wrap/i_ibex.register_file_i/rf_reg_999__reg/Q_N    0.00    0.00   -0.00 (VIOLATED)
i_croc_soc/i_croc/i_core_wrap/i_ibex.register_file_i/rf_reg_99__reg/Q_N    0.00    0.00   -0.00 (VIOLATED)
i_croc_soc/i_croc/i_dm_top.i_dm_top/cmd_0__reg/Q_N    0.00    0.00   -0.00 (VIOLATED)
i_croc_soc/i_croc/i_dm_top.i_dm_top/cmd_10__reg/Q_N    0.00    0.00   -0.00 (VIOLATED)
i_croc_soc/i_croc/i_dm_top.i_dm_top/cmd_11__reg/Q_N    0.00    0.00   -0.00 (VIOLATED)
i_croc_soc/i_croc/i_dm_top.i_dm_top/cmd_14__reg/Q_N    0.00    0.00   -0.00 (VIOLATED)
i_croc_soc/i_croc/i_dm_top.i_dm_top/cmd_15__reg/Q_N    0.00    0.00   -0.00 (VIOLATED)
i_croc_soc/i_croc/i_dm_top.i_dm_top/cmd_18__reg/Q_N    0.00    0.00   -0.00 (VIOLATED)
i_croc_soc/i_croc/i_dm_top.i_dm_top/cmd_19__reg/Q_N    0.00    0.00   -0.00 (VIOLATED)
i_croc_soc/i_croc/i_dm_top.i_dm_top/cmd_20__reg/Q_N    0.00    0.00   -0.00 (VIOLATED)
i_croc_soc/i_croc/i_dm_top.i_dm_top/cmd_21__reg/Q_N    0.00    0.00   -0.00 (VIOLATED)
i_croc_soc/i_croc/i_dm_top.i_dm_top/cmd_24__reg/Q_N    0.00    0.00   -0.00 (VIOLATED)
i_croc_soc/i_croc/i_dm_top.i_dm_top/cmd_25__reg/Q_N    0.00    0.00   -0.00 (VIOLATED)
i_croc_soc/i_croc/i_dm_top.i_dm_top/cmd_26__reg/Q_N    0.00    0.00   -0.00 (VIOLATED)
i_croc_soc/i_croc/i_dm_top.i_dm_top/cmd_27__reg/Q_N    0.00    0.00   -0.00 (VIOLATED)
i_croc_soc/i_croc/i_dm_top.i_dm_top/cmd_28__reg/Q_N    0.00    0.00   -0.00 (VIOLATED)
i_croc_soc/i_croc/i_dm_top.i_dm_top/cmd_29__reg/Q_N    0.00    0.00   -0.00 (VIOLATED)
i_croc_soc/i_croc/i_dm_top.i_dm_top/cmd_2__reg/Q_N    0.00    0.00   -0.00 (VIOLATED)
i_croc_soc/i_croc/i_dm_top.i_dm_top/cmd_30__reg/Q_N    0.00    0.00   -0.00 (VIOLATED)
i_croc_soc/i_croc/i_dm_top.i_dm_top/cmd_31__reg/Q_N    0.00    0.00   -0.00 (VIOLATED)
i_croc_soc/i_croc/i_dm_top.i_dm_top/cmd_4__reg/Q_N    0.00    0.00   -0.00 (VIOLATED)
i_croc_soc/i_croc/i_dm_top.i_dm_top/cmd_6__reg/Q_N    0.00    0.00   -0.00 (VIOLATED)
i_croc_soc/i_croc/i_dm_top.i_dm_top/cmd_7__reg/Q_N    0.00    0.00   -0.00 (VIOLATED)
i_croc_soc/i_croc/i_dm_top.i_dm_top/cmd_8__reg/Q_N    0.00    0.00   -0.00 (VIOLATED)
i_croc_soc/i_croc/i_dm_top.i_dm_top/cmd_9__reg/Q_N    0.00    0.00   -0.00 (VIOLATED)
i_croc_soc/i_croc/i_dm_top.i_dm_top/cmd_valid_reg/Q_N    0.00    0.00   -0.00 (VIOLATED)
i_croc_soc/i_croc/i_dm_top.i_dm_top/data_csrs_mem_0__reg/Q_N    0.00    0.00   -0.00 (VIOLATED)
i_croc_soc/i_croc/i_dm_top.i_dm_top/data_csrs_mem_10__reg/Q_N    0.00    0.00   -0.00 (VIOLATED)
i_croc_soc/i_croc/i_dm_top.i_dm_top/data_csrs_mem_11__reg/Q_N    0.00    0.00   -0.00 (VIOLATED)
i_croc_soc/i_croc/i_dm_top.i_dm_top/data_csrs_mem_12__reg/Q_N    0.00    0.00   -0.00 (VIOLATED)
i_croc_soc/i_croc/i_dm_top.i_dm_top/data_csrs_mem_13__reg/Q_N    0.00    0.00   -0.00 (VIOLATED)
i_croc_soc/i_croc/i_dm_top.i_dm_top/data_csrs_mem_14__reg/Q_N    0.00    0.00   -0.00 (VIOLATED)
i_croc_soc/i_croc/i_dm_top.i_dm_top/data_csrs_mem_15__reg/Q_N    0.00    0.00   -0.00 (VIOLATED)
i_croc_soc/i_croc/i_dm_top.i_dm_top/data_csrs_mem_16__reg/Q_N    0.00    0.00   -0.00 (VIOLATED)
i_croc_soc/i_croc/i_dm_top.i_dm_top/data_csrs_mem_17__reg/Q_N    0.00    0.00   -0.00 (VIOLATED)
i_croc_soc/i_croc/i_dm_top.i_dm_top/data_csrs_mem_18__reg/Q_N    0.00    0.00   -0.00 (VIOLATED)
i_croc_soc/i_croc/i_dm_top.i_dm_top/data_csrs_mem_19__reg/Q_N    0.00    0.00   -0.00 (VIOLATED)
i_croc_soc/i_croc/i_dm_top.i_dm_top/data_csrs_mem_1__reg/Q_N    0.00    0.00   -0.00 (VIOLATED)
i_croc_soc/i_croc/i_dm_top.i_dm_top/data_csrs_mem_20__reg/Q_N    0.00    0.00   -0.00 (VIOLATED)
i_croc_soc/i_croc/i_dm_top.i_dm_top/data_csrs_mem_21__reg/Q_N    0.00    0.00   -0.00 (VIOLATED)
i_croc_soc/i_croc/i_dm_top.i_dm_top/data_csrs_mem_22__reg/Q_N    0.00    0.00   -0.00 (VIOLATED)
i_croc_soc/i_croc/i_dm_top.i_dm_top/data_csrs_mem_23__reg/Q_N    0.00    0.00   -0.00 (VIOLATED)
i_croc_soc/i_croc/i_dm_top.i_dm_top/data_csrs_mem_24__reg/Q_N    0.00    0.00   -0.00 (VIOLATED)
i_croc_soc/i_croc/i_dm_top.i_dm_top/data_csrs_mem_25__reg/Q_N    0.00    0.00   -0.00 (VIOLATED)
i_croc_soc/i_croc/i_dm_top.i_dm_top/data_csrs_mem_26__reg/Q_N    0.00    0.00   -0.00 (VIOLATED)
i_croc_soc/i_croc/i_dm_top.i_dm_top/data_csrs_mem_27__reg/Q_N    0.00    0.00   -0.00 (VIOLATED)
i_croc_soc/i_croc/i_dm_top.i_dm_top/data_csrs_mem_28__reg/Q_N    0.00    0.00   -0.00 (VIOLATED)
i_croc_soc/i_croc/i_dm_top.i_dm_top/data_csrs_mem_29__reg/Q_N    0.00    0.00   -0.00 (VIOLATED)
i_croc_soc/i_croc/i_dm_top.i_dm_top/data_csrs_mem_2__reg/Q_N    0.00    0.00   -0.00 (VIOLATED)
i_croc_soc/i_croc/i_dm_top.i_dm_top/data_csrs_mem_30__reg/Q_N    0.00    0.00   -0.00 (VIOLATED)
i_croc_soc/i_croc/i_dm_top.i_dm_top/data_csrs_mem_31__reg/Q_N    0.00    0.00   -0.00 (VIOLATED)
i_croc_soc/i_croc/i_dm_top.i_dm_top/data_csrs_mem_32__reg/Q_N    0.00    0.00   -0.00 (VIOLATED)
i_croc_soc/i_croc/i_dm_top.i_dm_top/data_csrs_mem_33__reg/Q_N    0.00    0.00   -0.00 (VIOLATED)
i_croc_soc/i_croc/i_dm_top.i_dm_top/data_csrs_mem_34__reg/Q_N    0.00    0.00   -0.00 (VIOLATED)
i_croc_soc/i_croc/i_dm_top.i_dm_top/data_csrs_mem_35__reg/Q_N    0.00    0.00   -0.00 (VIOLATED)
i_croc_soc/i_croc/i_dm_top.i_dm_top/data_csrs_mem_36__reg/Q_N    0.00    0.00   -0.00 (VIOLATED)
i_croc_soc/i_croc/i_dm_top.i_dm_top/data_csrs_mem_37__reg/Q_N    0.00    0.00   -0.00 (VIOLATED)
i_croc_soc/i_croc/i_dm_top.i_dm_top/data_csrs_mem_38__reg/Q_N    0.00    0.00   -0.00 (VIOLATED)
i_croc_soc/i_croc/i_dm_top.i_dm_top/data_csrs_mem_39__reg/Q_N    0.00    0.00   -0.00 (VIOLATED)
i_croc_soc/i_croc/i_dm_top.i_dm_top/data_csrs_mem_3__reg/Q_N    0.00    0.00   -0.00 (VIOLATED)
i_croc_soc/i_croc/i_dm_top.i_dm_top/data_csrs_mem_40__reg/Q_N    0.00    0.00   -0.00 (VIOLATED)
i_croc_soc/i_croc/i_dm_top.i_dm_top/data_csrs_mem_41__reg/Q_N    0.00    0.00   -0.00 (VIOLATED)
i_croc_soc/i_croc/i_dm_top.i_dm_top/data_csrs_mem_42__reg/Q_N    0.00    0.00   -0.00 (VIOLATED)
i_croc_soc/i_croc/i_dm_top.i_dm_top/data_csrs_mem_43__reg/Q_N    0.00    0.00   -0.00 (VIOLATED)
i_croc_soc/i_croc/i_dm_top.i_dm_top/data_csrs_mem_44__reg/Q_N    0.00    0.00   -0.00 (VIOLATED)
i_croc_soc/i_croc/i_dm_top.i_dm_top/data_csrs_mem_45__reg/Q_N    0.00    0.00   -0.00 (VIOLATED)
i_croc_soc/i_croc/i_dm_top.i_dm_top/data_csrs_mem_46__reg/Q_N    0.00    0.00   -0.00 (VIOLATED)
i_croc_soc/i_croc/i_dm_top.i_dm_top/data_csrs_mem_47__reg/Q_N    0.00    0.00   -0.00 (VIOLATED)
i_croc_soc/i_croc/i_dm_top.i_dm_top/data_csrs_mem_48__reg/Q_N    0.00    0.00   -0.00 (VIOLATED)
i_croc_soc/i_croc/i_dm_top.i_dm_top/data_csrs_mem_49__reg/Q_N    0.00    0.00   -0.00 (VIOLATED)
i_croc_soc/i_croc/i_dm_top.i_dm_top/data_csrs_mem_4__reg/Q_N    0.00    0.00   -0.00 (VIOLATED)
i_croc_soc/i_croc/i_dm_top.i_dm_top/data_csrs_mem_50__reg/Q_N    0.00    0.00   -0.00 (VIOLATED)
i_croc_soc/i_croc/i_dm_top.i_dm_top/data_csrs_mem_51__reg/Q_N    0.00    0.00   -0.00 (VIOLATED)
i_croc_soc/i_croc/i_dm_top.i_dm_top/data_csrs_mem_52__reg/Q_N    0.00    0.00   -0.00 (VIOLATED)
i_croc_soc/i_croc/i_dm_top.i_dm_top/data_csrs_mem_53__reg/Q_N    0.00    0.00   -0.00 (VIOLATED)
i_croc_soc/i_croc/i_dm_top.i_dm_top/data_csrs_mem_54__reg/Q_N    0.00    0.00   -0.00 (VIOLATED)
i_croc_soc/i_croc/i_dm_top.i_dm_top/data_csrs_mem_55__reg/Q_N    0.00    0.00   -0.00 (VIOLATED)
i_croc_soc/i_croc/i_dm_top.i_dm_top/data_csrs_mem_56__reg/Q_N    0.00    0.00   -0.00 (VIOLATED)
i_croc_soc/i_croc/i_dm_top.i_dm_top/data_csrs_mem_57__reg/Q_N    0.00    0.00   -0.00 (VIOLATED)
i_croc_soc/i_croc/i_dm_top.i_dm_top/data_csrs_mem_58__reg/Q_N    0.00    0.00   -0.00 (VIOLATED)
i_croc_soc/i_croc/i_dm_top.i_dm_top/data_csrs_mem_59__reg/Q_N    0.00    0.00   -0.00 (VIOLATED)
i_croc_soc/i_croc/i_dm_top.i_dm_top/data_csrs_mem_5__reg/Q_N    0.00    0.00   -0.00 (VIOLATED)
i_croc_soc/i_croc/i_dm_top.i_dm_top/data_csrs_mem_60__reg/Q_N    0.00    0.00   -0.00 (VIOLATED)
i_croc_soc/i_croc/i_dm_top.i_dm_top/data_csrs_mem_61__reg/Q_N    0.00    0.00   -0.00 (VIOLATED)
i_croc_soc/i_croc/i_dm_top.i_dm_top/data_csrs_mem_62__reg/Q_N    0.00    0.00   -0.00 (VIOLATED)
i_croc_soc/i_croc/i_dm_top.i_dm_top/data_csrs_mem_63__reg/Q_N    0.00    0.00   -0.00 (VIOLATED)
i_croc_soc/i_croc/i_dm_top.i_dm_top/data_csrs_mem_6__reg/Q_N    0.00    0.00   -0.00 (VIOLATED)
i_croc_soc/i_croc/i_dm_top.i_dm_top/data_csrs_mem_7__reg/Q_N    0.00    0.00   -0.00 (VIOLATED)
i_croc_soc/i_croc/i_dm_top.i_dm_top/data_csrs_mem_8__reg/Q_N    0.00    0.00   -0.00 (VIOLATED)
i_croc_soc/i_croc/i_dm_top.i_dm_top/data_csrs_mem_9__reg/Q_N    0.00    0.00   -0.00 (VIOLATED)
i_croc_soc/i_croc/i_dm_top.i_dm_top/debug_req_o_reg/Q_N    0.00    0.00   -0.00 (VIOLATED)
i_croc_soc/i_croc/i_dm_top.i_dm_top/i_dm_csrs.abstractauto_q_0__reg/Q_N    0.00    0.00   -0.00 (VIOLATED)
i_croc_soc/i_croc/i_dm_top.i_dm_top/i_dm_csrs.abstractauto_q_16__reg/Q_N    0.00    0.00   -0.00 (VIOLATED)
i_croc_soc/i_croc/i_dm_top.i_dm_top/i_dm_csrs.abstractauto_q_17__reg/Q_N    0.00    0.00   -0.00 (VIOLATED)
i_croc_soc/i_croc/i_dm_top.i_dm_top/i_dm_csrs.abstractauto_q_18__reg/Q_N    0.00    0.00   -0.00 (VIOLATED)
i_croc_soc/i_croc/i_dm_top.i_dm_top/i_dm_csrs.abstractauto_q_19__reg/Q_N    0.00    0.00   -0.00 (VIOLATED)
i_croc_soc/i_croc/i_dm_top.i_dm_top/i_dm_csrs.abstractauto_q_1__reg/Q_N    0.00    0.00   -0.00 (VIOLATED)
i_croc_soc/i_croc/i_dm_top.i_dm_top/i_dm_csrs.abstractauto_q_20__reg/Q_N    0.00    0.00   -0.00 (VIOLATED)
i_croc_soc/i_croc/i_dm_top.i_dm_top/i_dm_csrs.abstractauto_q_21__reg/Q_N    0.00    0.00   -0.00 (VIOLATED)
i_croc_soc/i_croc/i_dm_top.i_dm_top/i_dm_csrs.abstractauto_q_22__reg/Q_N    0.00    0.00   -0.00 (VIOLATED)
i_croc_soc/i_croc/i_dm_top.i_dm_top/i_dm_csrs.abstractauto_q_23__reg/Q_N    0.00    0.00   -0.00 (VIOLATED)
i_croc_soc/i_croc/i_dm_top.i_dm_top/i_dm_csrs.cmderr_q_0__reg/Q_N    0.00    0.00   -0.00 (VIOLATED)
i_croc_soc/i_croc/i_dm_top.i_dm_top/i_dm_csrs.cmderr_q_1__reg/Q_N    0.00    0.00   -0.00 (VIOLATED)
i_croc_soc/i_croc/i_dm_top.i_dm_top/i_dm_csrs.cmderr_q_2__reg/Q_N    0.00    0.00   -0.00 (VIOLATED)
i_croc_soc/i_croc/i_dm_top.i_dm_top/i_dm_csrs.havereset_q_reg/Q    0.00    0.00   -0.00 (VIOLATED)
i_croc_soc/i_croc/i_dm_top.i_dm_top/i_dm_csrs.i_fifo.mem_q_0__reg/Q_N    0.00    0.00   -0.00 (VIOLATED)
i_croc_soc/i_croc/i_dm_top.i_dm_top/i_dm_csrs.i_fifo.mem_q_10__reg/Q_N    0.00    0.00   -0.00 (VIOLATED)
i_croc_soc/i_croc/i_dm_top.i_dm_top/i_dm_csrs.i_fifo.mem_q_11__reg/Q_N    0.00    0.00   -0.00 (VIOLATED)
i_croc_soc/i_croc/i_dm_top.i_dm_top/i_dm_csrs.i_fifo.mem_q_12__reg/Q_N    0.00    0.00   -0.00 (VIOLATED)
i_croc_soc/i_croc/i_dm_top.i_dm_top/i_dm_csrs.i_fifo.mem_q_13__reg/Q_N    0.00    0.00   -0.00 (VIOLATED)
i_croc_soc/i_croc/i_dm_top.i_dm_top/i_dm_csrs.i_fifo.mem_q_14__reg/Q_N    0.00    0.00   -0.00 (VIOLATED)
i_croc_soc/i_croc/i_dm_top.i_dm_top/i_dm_csrs.i_fifo.mem_q_15__reg/Q_N    0.00    0.00   -0.00 (VIOLATED)
i_croc_soc/i_croc/i_dm_top.i_dm_top/i_dm_csrs.i_fifo.mem_q_16__reg/Q_N    0.00    0.00   -0.00 (VIOLATED)
i_croc_soc/i_croc/i_dm_top.i_dm_top/i_dm_csrs.i_fifo.mem_q_17__reg/Q_N    0.00    0.00   -0.00 (VIOLATED)
i_croc_soc/i_croc/i_dm_top.i_dm_top/i_dm_csrs.i_fifo.mem_q_18__reg/Q_N    0.00    0.00   -0.00 (VIOLATED)
i_croc_soc/i_croc/i_dm_top.i_dm_top/i_dm_csrs.i_fifo.mem_q_19__reg/Q_N    0.00    0.00   -0.00 (VIOLATED)
i_croc_soc/i_croc/i_dm_top.i_dm_top/i_dm_csrs.i_fifo.mem_q_1__reg/Q_N    0.00    0.00   -0.00 (VIOLATED)
i_croc_soc/i_croc/i_dm_top.i_dm_top/i_dm_csrs.i_fifo.mem_q_20__reg/Q_N    0.00    0.00   -0.00 (VIOLATED)
i_croc_soc/i_croc/i_dm_top.i_dm_top/i_dm_csrs.i_fifo.mem_q_21__reg/Q_N    0.00    0.00   -0.00 (VIOLATED)
i_croc_soc/i_croc/i_dm_top.i_dm_top/i_dm_csrs.i_fifo.mem_q_22__reg/Q_N    0.00    0.00   -0.00 (VIOLATED)
i_croc_soc/i_croc/i_dm_top.i_dm_top/i_dm_csrs.i_fifo.mem_q_23__reg/Q_N    0.00    0.00   -0.00 (VIOLATED)
i_croc_soc/i_croc/i_dm_top.i_dm_top/i_dm_csrs.i_fifo.mem_q_24__reg/Q_N    0.00    0.00   -0.00 (VIOLATED)
i_croc_soc/i_croc/i_dm_top.i_dm_top/i_dm_csrs.i_fifo.mem_q_25__reg/Q_N    0.00    0.00   -0.00 (VIOLATED)
i_croc_soc/i_croc/i_dm_top.i_dm_top/i_dm_csrs.i_fifo.mem_q_26__reg/Q_N    0.00    0.00   -0.00 (VIOLATED)
i_croc_soc/i_croc/i_dm_top.i_dm_top/i_dm_csrs.i_fifo.mem_q_27__reg/Q_N    0.00    0.00   -0.00 (VIOLATED)
i_croc_soc/i_croc/i_dm_top.i_dm_top/i_dm_csrs.i_fifo.mem_q_28__reg/Q_N    0.00    0.00   -0.00 (VIOLATED)
i_croc_soc/i_croc/i_dm_top.i_dm_top/i_dm_csrs.i_fifo.mem_q_29__reg/Q_N    0.00    0.00   -0.00 (VIOLATED)
i_croc_soc/i_croc/i_dm_top.i_dm_top/i_dm_csrs.i_fifo.mem_q_2__reg/Q_N    0.00    0.00   -0.00 (VIOLATED)
i_croc_soc/i_croc/i_dm_top.i_dm_top/i_dm_csrs.i_fifo.mem_q_30__reg/Q_N    0.00    0.00   -0.00 (VIOLATED)
i_croc_soc/i_croc/i_dm_top.i_dm_top/i_dm_csrs.i_fifo.mem_q_31__reg/Q_N    0.00    0.00   -0.00 (VIOLATED)
i_croc_soc/i_croc/i_dm_top.i_dm_top/i_dm_csrs.i_fifo.mem_q_32__reg/Q_N    0.00    0.00   -0.00 (VIOLATED)
i_croc_soc/i_croc/i_dm_top.i_dm_top/i_dm_csrs.i_fifo.mem_q_33__reg/Q_N    0.00    0.00   -0.00 (VIOLATED)
i_croc_soc/i_croc/i_dm_top.i_dm_top/i_dm_csrs.i_fifo.mem_q_34__reg/Q_N    0.00    0.00   -0.00 (VIOLATED)
i_croc_soc/i_croc/i_dm_top.i_dm_top/i_dm_csrs.i_fifo.mem_q_35__reg/Q_N    0.00    0.00   -0.00 (VIOLATED)
i_croc_soc/i_croc/i_dm_top.i_dm_top/i_dm_csrs.i_fifo.mem_q_36__reg/Q_N    0.00    0.00   -0.00 (VIOLATED)
i_croc_soc/i_croc/i_dm_top.i_dm_top/i_dm_csrs.i_fifo.mem_q_37__reg/Q_N    0.00    0.00   -0.00 (VIOLATED)
i_croc_soc/i_croc/i_dm_top.i_dm_top/i_dm_csrs.i_fifo.mem_q_38__reg/Q_N    0.00    0.00   -0.00 (VIOLATED)
i_croc_soc/i_croc/i_dm_top.i_dm_top/i_dm_csrs.i_fifo.mem_q_39__reg/Q_N    0.00    0.00   -0.00 (VIOLATED)
i_croc_soc/i_croc/i_dm_top.i_dm_top/i_dm_csrs.i_fifo.mem_q_3__reg/Q_N    0.00    0.00   -0.00 (VIOLATED)
i_croc_soc/i_croc/i_dm_top.i_dm_top/i_dm_csrs.i_fifo.mem_q_40__reg/Q_N    0.00    0.00   -0.00 (VIOLATED)
i_croc_soc/i_croc/i_dm_top.i_dm_top/i_dm_csrs.i_fifo.mem_q_41__reg/Q_N    0.00    0.00   -0.00 (VIOLATED)
i_croc_soc/i_croc/i_dm_top.i_dm_top/i_dm_csrs.i_fifo.mem_q_42__reg/Q_N    0.00    0.00   -0.00 (VIOLATED)
i_croc_soc/i_croc/i_dm_top.i_dm_top/i_dm_csrs.i_fifo.mem_q_43__reg/Q_N    0.00    0.00   -0.00 (VIOLATED)
i_croc_soc/i_croc/i_dm_top.i_dm_top/i_dm_csrs.i_fifo.mem_q_44__reg/Q_N    0.00    0.00   -0.00 (VIOLATED)
i_croc_soc/i_croc/i_dm_top.i_dm_top/i_dm_csrs.i_fifo.mem_q_45__reg/Q_N    0.00    0.00   -0.00 (VIOLATED)
i_croc_soc/i_croc/i_dm_top.i_dm_top/i_dm_csrs.i_fifo.mem_q_46__reg/Q_N    0.00    0.00   -0.00 (VIOLATED)
i_croc_soc/i_croc/i_dm_top.i_dm_top/i_dm_csrs.i_fifo.mem_q_47__reg/Q_N    0.00    0.00   -0.00 (VIOLATED)
i_croc_soc/i_croc/i_dm_top.i_dm_top/i_dm_csrs.i_fifo.mem_q_48__reg/Q_N    0.00    0.00   -0.00 (VIOLATED)
i_croc_soc/i_croc/i_dm_top.i_dm_top/i_dm_csrs.i_fifo.mem_q_49__reg/Q_N    0.00    0.00   -0.00 (VIOLATED)
i_croc_soc/i_croc/i_dm_top.i_dm_top/i_dm_csrs.i_fifo.mem_q_4__reg/Q_N    0.00    0.00   -0.00 (VIOLATED)
i_croc_soc/i_croc/i_dm_top.i_dm_top/i_dm_csrs.i_fifo.mem_q_50__reg/Q_N    0.00    0.00   -0.00 (VIOLATED)
i_croc_soc/i_croc/i_dm_top.i_dm_top/i_dm_csrs.i_fifo.mem_q_51__reg/Q_N    0.00    0.00   -0.00 (VIOLATED)
i_croc_soc/i_croc/i_dm_top.i_dm_top/i_dm_csrs.i_fifo.mem_q_52__reg/Q_N    0.00    0.00   -0.00 (VIOLATED)
i_croc_soc/i_croc/i_dm_top.i_dm_top/i_dm_csrs.i_fifo.mem_q_53__reg/Q_N    0.00    0.00   -0.00 (VIOLATED)
i_croc_soc/i_croc/i_dm_top.i_dm_top/i_dm_csrs.i_fifo.mem_q_54__reg/Q_N    0.00    0.00   -0.00 (VIOLATED)
i_croc_soc/i_croc/i_dm_top.i_dm_top/i_dm_csrs.i_fifo.mem_q_55__reg/Q_N    0.00    0.00   -0.00 (VIOLATED)
i_croc_soc/i_croc/i_dm_top.i_dm_top/i_dm_csrs.i_fifo.mem_q_56__reg/Q_N    0.00    0.00   -0.00 (VIOLATED)
i_croc_soc/i_croc/i_dm_top.i_dm_top/i_dm_csrs.i_fifo.mem_q_57__reg/Q_N    0.00    0.00   -0.00 (VIOLATED)
i_croc_soc/i_croc/i_dm_top.i_dm_top/i_dm_csrs.i_fifo.mem_q_58__reg/Q_N    0.00    0.00   -0.00 (VIOLATED)
i_croc_soc/i_croc/i_dm_top.i_dm_top/i_dm_csrs.i_fifo.mem_q_59__reg/Q_N    0.00    0.00   -0.00 (VIOLATED)
i_croc_soc/i_croc/i_dm_top.i_dm_top/i_dm_csrs.i_fifo.mem_q_5__reg/Q_N    0.00    0.00   -0.00 (VIOLATED)
i_croc_soc/i_croc/i_dm_top.i_dm_top/i_dm_csrs.i_fifo.mem_q_60__reg/Q_N    0.00    0.00   -0.00 (VIOLATED)
i_croc_soc/i_croc/i_dm_top.i_dm_top/i_dm_csrs.i_fifo.mem_q_61__reg/Q_N    0.00    0.00   -0.00 (VIOLATED)
i_croc_soc/i_croc/i_dm_top.i_dm_top/i_dm_csrs.i_fifo.mem_q_62__reg/Q_N    0.00    0.00   -0.00 (VIOLATED)
i_croc_soc/i_croc/i_dm_top.i_dm_top/i_dm_csrs.i_fifo.mem_q_63__reg/Q_N    0.00    0.00   -0.00 (VIOLATED)
i_croc_soc/i_croc/i_dm_top.i_dm_top/i_dm_csrs.i_fifo.mem_q_64__reg/Q_N    0.00    0.00   -0.00 (VIOLATED)
i_croc_soc/i_croc/i_dm_top.i_dm_top/i_dm_csrs.i_fifo.mem_q_65__reg/Q_N    0.00    0.00   -0.00 (VIOLATED)
i_croc_soc/i_croc/i_dm_top.i_dm_top/i_dm_csrs.i_fifo.mem_q_66__reg/Q_N    0.00    0.00   -0.00 (VIOLATED)
i_croc_soc/i_croc/i_dm_top.i_dm_top/i_dm_csrs.i_fifo.mem_q_67__reg/Q_N    0.00    0.00   -0.00 (VIOLATED)
i_croc_soc/i_croc/i_dm_top.i_dm_top/i_dm_csrs.i_fifo.mem_q_6__reg/Q_N    0.00    0.00   -0.00 (VIOLATED)
i_croc_soc/i_croc/i_dm_top.i_dm_top/i_dm_csrs.i_fifo.mem_q_7__reg/Q_N    0.00    0.00   -0.00 (VIOLATED)
i_croc_soc/i_croc/i_dm_top.i_dm_top/i_dm_csrs.i_fifo.mem_q_8__reg/Q_N    0.00    0.00   -0.00 (VIOLATED)
i_croc_soc/i_croc/i_dm_top.i_dm_top/i_dm_csrs.i_fifo.mem_q_9__reg/Q_N    0.00    0.00   -0.00 (VIOLATED)
i_croc_soc/i_croc/i_dm_top.i_dm_top/i_dm_csrs.progbuf_o_0__reg/Q_N    0.00    0.00   -0.00 (VIOLATED)
i_croc_soc/i_croc/i_dm_top.i_dm_top/i_dm_csrs.progbuf_o_100__reg/Q_N    0.00    0.00   -0.00 (VIOLATED)
i_croc_soc/i_croc/i_dm_top.i_dm_top/i_dm_csrs.progbuf_o_101__reg/Q_N    0.00    0.00   -0.00 (VIOLATED)
i_croc_soc/i_croc/i_dm_top.i_dm_top/i_dm_csrs.progbuf_o_102__reg/Q_N    0.00    0.00   -0.00 (VIOLATED)
i_croc_soc/i_croc/i_dm_top.i_dm_top/i_dm_csrs.progbuf_o_103__reg/Q_N    0.00    0.00   -0.00 (VIOLATED)
i_croc_soc/i_croc/i_dm_top.i_dm_top/i_dm_csrs.progbuf_o_104__reg/Q_N    0.00    0.00   -0.00 (VIOLATED)
i_croc_soc/i_croc/i_dm_top.i_dm_top/i_dm_csrs.progbuf_o_105__reg/Q_N    0.00    0.00   -0.00 (VIOLATED)
i_croc_soc/i_croc/i_dm_top.i_dm_top/i_dm_csrs.progbuf_o_106__reg/Q_N    0.00    0.00   -0.00 (VIOLATED)
i_croc_soc/i_croc/i_dm_top.i_dm_top/i_dm_csrs.progbuf_o_107__reg/Q_N    0.00    0.00   -0.00 (VIOLATED)
i_croc_soc/i_croc/i_dm_top.i_dm_top/i_dm_csrs.progbuf_o_108__reg/Q_N    0.00    0.00   -0.00 (VIOLATED)
i_croc_soc/i_croc/i_dm_top.i_dm_top/i_dm_csrs.progbuf_o_109__reg/Q_N    0.00    0.00   -0.00 (VIOLATED)
i_croc_soc/i_croc/i_dm_top.i_dm_top/i_dm_csrs.progbuf_o_10__reg/Q_N    0.00    0.00   -0.00 (VIOLATED)
i_croc_soc/i_croc/i_dm_top.i_dm_top/i_dm_csrs.progbuf_o_110__reg/Q_N    0.00    0.00   -0.00 (VIOLATED)
i_croc_soc/i_croc/i_dm_top.i_dm_top/i_dm_csrs.progbuf_o_111__reg/Q_N    0.00    0.00   -0.00 (VIOLATED)
i_croc_soc/i_croc/i_dm_top.i_dm_top/i_dm_csrs.progbuf_o_112__reg/Q_N    0.00    0.00   -0.00 (VIOLATED)
i_croc_soc/i_croc/i_dm_top.i_dm_top/i_dm_csrs.progbuf_o_113__reg/Q_N    0.00    0.00   -0.00 (VIOLATED)
i_croc_soc/i_croc/i_dm_top.i_dm_top/i_dm_csrs.progbuf_o_114__reg/Q_N    0.00    0.00   -0.00 (VIOLATED)
i_croc_soc/i_croc/i_dm_top.i_dm_top/i_dm_csrs.progbuf_o_115__reg/Q_N    0.00    0.00   -0.00 (VIOLATED)
i_croc_soc/i_croc/i_dm_top.i_dm_top/i_dm_csrs.progbuf_o_116__reg/Q_N    0.00    0.00   -0.00 (VIOLATED)
i_croc_soc/i_croc/i_dm_top.i_dm_top/i_dm_csrs.progbuf_o_117__reg/Q_N    0.00    0.00   -0.00 (VIOLATED)
i_croc_soc/i_croc/i_dm_top.i_dm_top/i_dm_csrs.progbuf_o_118__reg/Q_N    0.00    0.00   -0.00 (VIOLATED)
i_croc_soc/i_croc/i_dm_top.i_dm_top/i_dm_csrs.progbuf_o_119__reg/Q_N    0.00    0.00   -0.00 (VIOLATED)
i_croc_soc/i_croc/i_dm_top.i_dm_top/i_dm_csrs.progbuf_o_11__reg/Q_N    0.00    0.00   -0.00 (VIOLATED)
i_croc_soc/i_croc/i_dm_top.i_dm_top/i_dm_csrs.progbuf_o_120__reg/Q_N    0.00    0.00   -0.00 (VIOLATED)
i_croc_soc/i_croc/i_dm_top.i_dm_top/i_dm_csrs.progbuf_o_121__reg/Q_N    0.00    0.00   -0.00 (VIOLATED)
i_croc_soc/i_croc/i_dm_top.i_dm_top/i_dm_csrs.progbuf_o_122__reg/Q_N    0.00    0.00   -0.00 (VIOLATED)
i_croc_soc/i_croc/i_dm_top.i_dm_top/i_dm_csrs.progbuf_o_123__reg/Q_N    0.00    0.00   -0.00 (VIOLATED)
i_croc_soc/i_croc/i_dm_top.i_dm_top/i_dm_csrs.progbuf_o_124__reg/Q_N    0.00    0.00   -0.00 (VIOLATED)
i_croc_soc/i_croc/i_dm_top.i_dm_top/i_dm_csrs.progbuf_o_125__reg/Q_N    0.00    0.00   -0.00 (VIOLATED)
i_croc_soc/i_croc/i_dm_top.i_dm_top/i_dm_csrs.progbuf_o_126__reg/Q_N    0.00    0.00   -0.00 (VIOLATED)
i_croc_soc/i_croc/i_dm_top.i_dm_top/i_dm_csrs.progbuf_o_127__reg/Q_N    0.00    0.00   -0.00 (VIOLATED)
i_croc_soc/i_croc/i_dm_top.i_dm_top/i_dm_csrs.progbuf_o_128__reg/Q_N    0.00    0.00   -0.00 (VIOLATED)
i_croc_soc/i_croc/i_dm_top.i_dm_top/i_dm_csrs.progbuf_o_129__reg/Q_N    0.00    0.00   -0.00 (VIOLATED)
i_croc_soc/i_croc/i_dm_top.i_dm_top/i_dm_csrs.progbuf_o_12__reg/Q_N    0.00    0.00   -0.00 (VIOLATED)
i_croc_soc/i_croc/i_dm_top.i_dm_top/i_dm_csrs.progbuf_o_130__reg/Q_N    0.00    0.00   -0.00 (VIOLATED)
i_croc_soc/i_croc/i_dm_top.i_dm_top/i_dm_csrs.progbuf_o_131__reg/Q_N    0.00    0.00   -0.00 (VIOLATED)
i_croc_soc/i_croc/i_dm_top.i_dm_top/i_dm_csrs.progbuf_o_132__reg/Q_N    0.00    0.00   -0.00 (VIOLATED)
i_croc_soc/i_croc/i_dm_top.i_dm_top/i_dm_csrs.progbuf_o_133__reg/Q_N    0.00    0.00   -0.00 (VIOLATED)
i_croc_soc/i_croc/i_dm_top.i_dm_top/i_dm_csrs.progbuf_o_134__reg/Q_N    0.00    0.00   -0.00 (VIOLATED)
i_croc_soc/i_croc/i_dm_top.i_dm_top/i_dm_csrs.progbuf_o_135__reg/Q_N    0.00    0.00   -0.00 (VIOLATED)
i_croc_soc/i_croc/i_dm_top.i_dm_top/i_dm_csrs.progbuf_o_136__reg/Q_N    0.00    0.00   -0.00 (VIOLATED)
i_croc_soc/i_croc/i_dm_top.i_dm_top/i_dm_csrs.progbuf_o_137__reg/Q_N    0.00    0.00   -0.00 (VIOLATED)
i_croc_soc/i_croc/i_dm_top.i_dm_top/i_dm_csrs.progbuf_o_138__reg/Q_N    0.00    0.00   -0.00 (VIOLATED)
i_croc_soc/i_croc/i_dm_top.i_dm_top/i_dm_csrs.progbuf_o_139__reg/Q_N    0.00    0.00   -0.00 (VIOLATED)
i_croc_soc/i_croc/i_dm_top.i_dm_top/i_dm_csrs.progbuf_o_13__reg/Q_N    0.00    0.00   -0.00 (VIOLATED)
i_croc_soc/i_croc/i_dm_top.i_dm_top/i_dm_csrs.progbuf_o_140__reg/Q_N    0.00    0.00   -0.00 (VIOLATED)
i_croc_soc/i_croc/i_dm_top.i_dm_top/i_dm_csrs.progbuf_o_141__reg/Q_N    0.00    0.00   -0.00 (VIOLATED)
i_croc_soc/i_croc/i_dm_top.i_dm_top/i_dm_csrs.progbuf_o_142__reg/Q_N    0.00    0.00   -0.00 (VIOLATED)
i_croc_soc/i_croc/i_dm_top.i_dm_top/i_dm_csrs.progbuf_o_143__reg/Q_N    0.00    0.00   -0.00 (VIOLATED)
i_croc_soc/i_croc/i_dm_top.i_dm_top/i_dm_csrs.progbuf_o_144__reg/Q_N    0.00    0.00   -0.00 (VIOLATED)
i_croc_soc/i_croc/i_dm_top.i_dm_top/i_dm_csrs.progbuf_o_145__reg/Q_N    0.00    0.00   -0.00 (VIOLATED)
i_croc_soc/i_croc/i_dm_top.i_dm_top/i_dm_csrs.progbuf_o_146__reg/Q_N    0.00    0.00   -0.00 (VIOLATED)
i_croc_soc/i_croc/i_dm_top.i_dm_top/i_dm_csrs.progbuf_o_147__reg/Q_N    0.00    0.00   -0.00 (VIOLATED)
i_croc_soc/i_croc/i_dm_top.i_dm_top/i_dm_csrs.progbuf_o_148__reg/Q_N    0.00    0.00   -0.00 (VIOLATED)
i_croc_soc/i_croc/i_dm_top.i_dm_top/i_dm_csrs.progbuf_o_149__reg/Q_N    0.00    0.00   -0.00 (VIOLATED)
i_croc_soc/i_croc/i_dm_top.i_dm_top/i_dm_csrs.progbuf_o_14__reg/Q_N    0.00    0.00   -0.00 (VIOLATED)
i_croc_soc/i_croc/i_dm_top.i_dm_top/i_dm_csrs.progbuf_o_150__reg/Q_N    0.00    0.00   -0.00 (VIOLATED)
i_croc_soc/i_croc/i_dm_top.i_dm_top/i_dm_csrs.progbuf_o_151__reg/Q_N    0.00    0.00   -0.00 (VIOLATED)
i_croc_soc/i_croc/i_dm_top.i_dm_top/i_dm_csrs.progbuf_o_152__reg/Q_N    0.00    0.00   -0.00 (VIOLATED)
i_croc_soc/i_croc/i_dm_top.i_dm_top/i_dm_csrs.progbuf_o_153__reg/Q_N    0.00    0.00   -0.00 (VIOLATED)
i_croc_soc/i_croc/i_dm_top.i_dm_top/i_dm_csrs.progbuf_o_154__reg/Q_N    0.00    0.00   -0.00 (VIOLATED)
i_croc_soc/i_croc/i_dm_top.i_dm_top/i_dm_csrs.progbuf_o_155__reg/Q_N    0.00    0.00   -0.00 (VIOLATED)
i_croc_soc/i_croc/i_dm_top.i_dm_top/i_dm_csrs.progbuf_o_156__reg/Q_N    0.00    0.00   -0.00 (VIOLATED)
i_croc_soc/i_croc/i_dm_top.i_dm_top/i_dm_csrs.progbuf_o_157__reg/Q_N    0.00    0.00   -0.00 (VIOLATED)
i_croc_soc/i_croc/i_dm_top.i_dm_top/i_dm_csrs.progbuf_o_158__reg/Q_N    0.00    0.00   -0.00 (VIOLATED)
i_croc_soc/i_croc/i_dm_top.i_dm_top/i_dm_csrs.progbuf_o_159__reg/Q_N    0.00    0.00   -0.00 (VIOLATED)
i_croc_soc/i_croc/i_dm_top.i_dm_top/i_dm_csrs.progbuf_o_15__reg/Q_N    0.00    0.00   -0.00 (VIOLATED)
i_croc_soc/i_croc/i_dm_top.i_dm_top/i_dm_csrs.progbuf_o_160__reg/Q_N    0.00    0.00   -0.00 (VIOLATED)
i_croc_soc/i_croc/i_dm_top.i_dm_top/i_dm_csrs.progbuf_o_161__reg/Q_N    0.00    0.00   -0.00 (VIOLATED)
i_croc_soc/i_croc/i_dm_top.i_dm_top/i_dm_csrs.progbuf_o_162__reg/Q_N    0.00    0.00   -0.00 (VIOLATED)
i_croc_soc/i_croc/i_dm_top.i_dm_top/i_dm_csrs.progbuf_o_163__reg/Q_N    0.00    0.00   -0.00 (VIOLATED)
i_croc_soc/i_croc/i_dm_top.i_dm_top/i_dm_csrs.progbuf_o_164__reg/Q_N    0.00    0.00   -0.00 (VIOLATED)
i_croc_soc/i_croc/i_dm_top.i_dm_top/i_dm_csrs.progbuf_o_165__reg/Q_N    0.00    0.00   -0.00 (VIOLATED)
i_croc_soc/i_croc/i_dm_top.i_dm_top/i_dm_csrs.progbuf_o_166__reg/Q_N    0.00    0.00   -0.00 (VIOLATED)
i_croc_soc/i_croc/i_dm_top.i_dm_top/i_dm_csrs.progbuf_o_167__reg/Q_N    0.00    0.00   -0.00 (VIOLATED)
i_croc_soc/i_croc/i_dm_top.i_dm_top/i_dm_csrs.progbuf_o_168__reg/Q_N    0.00    0.00   -0.00 (VIOLATED)
i_croc_soc/i_croc/i_dm_top.i_dm_top/i_dm_csrs.progbuf_o_169__reg/Q_N    0.00    0.00   -0.00 (VIOLATED)
i_croc_soc/i_croc/i_dm_top.i_dm_top/i_dm_csrs.progbuf_o_16__reg/Q_N    0.00    0.00   -0.00 (VIOLATED)
i_croc_soc/i_croc/i_dm_top.i_dm_top/i_dm_csrs.progbuf_o_170__reg/Q_N    0.00    0.00   -0.00 (VIOLATED)
i_croc_soc/i_croc/i_dm_top.i_dm_top/i_dm_csrs.progbuf_o_171__reg/Q_N    0.00    0.00   -0.00 (VIOLATED)
i_croc_soc/i_croc/i_dm_top.i_dm_top/i_dm_csrs.progbuf_o_172__reg/Q_N    0.00    0.00   -0.00 (VIOLATED)
i_croc_soc/i_croc/i_dm_top.i_dm_top/i_dm_csrs.progbuf_o_173__reg/Q_N    0.00    0.00   -0.00 (VIOLATED)
i_croc_soc/i_croc/i_dm_top.i_dm_top/i_dm_csrs.progbuf_o_174__reg/Q_N    0.00    0.00   -0.00 (VIOLATED)
i_croc_soc/i_croc/i_dm_top.i_dm_top/i_dm_csrs.progbuf_o_175__reg/Q_N    0.00    0.00   -0.00 (VIOLATED)
i_croc_soc/i_croc/i_dm_top.i_dm_top/i_dm_csrs.progbuf_o_176__reg/Q_N    0.00    0.00   -0.00 (VIOLATED)
i_croc_soc/i_croc/i_dm_top.i_dm_top/i_dm_csrs.progbuf_o_177__reg/Q_N    0.00    0.00   -0.00 (VIOLATED)
i_croc_soc/i_croc/i_dm_top.i_dm_top/i_dm_csrs.progbuf_o_178__reg/Q_N    0.00    0.00   -0.00 (VIOLATED)
i_croc_soc/i_croc/i_dm_top.i_dm_top/i_dm_csrs.progbuf_o_179__reg/Q_N    0.00    0.00   -0.00 (VIOLATED)
i_croc_soc/i_croc/i_dm_top.i_dm_top/i_dm_csrs.progbuf_o_17__reg/Q_N    0.00    0.00   -0.00 (VIOLATED)
i_croc_soc/i_croc/i_dm_top.i_dm_top/i_dm_csrs.progbuf_o_180__reg/Q_N    0.00    0.00   -0.00 (VIOLATED)
i_croc_soc/i_croc/i_dm_top.i_dm_top/i_dm_csrs.progbuf_o_181__reg/Q_N    0.00    0.00   -0.00 (VIOLATED)
i_croc_soc/i_croc/i_dm_top.i_dm_top/i_dm_csrs.progbuf_o_182__reg/Q_N    0.00    0.00   -0.00 (VIOLATED)
i_croc_soc/i_croc/i_dm_top.i_dm_top/i_dm_csrs.progbuf_o_183__reg/Q_N    0.00    0.00   -0.00 (VIOLATED)
i_croc_soc/i_croc/i_dm_top.i_dm_top/i_dm_csrs.progbuf_o_184__reg/Q_N    0.00    0.00   -0.00 (VIOLATED)
i_croc_soc/i_croc/i_dm_top.i_dm_top/i_dm_csrs.progbuf_o_185__reg/Q_N    0.00    0.00   -0.00 (VIOLATED)
i_croc_soc/i_croc/i_dm_top.i_dm_top/i_dm_csrs.progbuf_o_186__reg/Q_N    0.00    0.00   -0.00 (VIOLATED)
i_croc_soc/i_croc/i_dm_top.i_dm_top/i_dm_csrs.progbuf_o_187__reg/Q_N    0.00    0.00   -0.00 (VIOLATED)
i_croc_soc/i_croc/i_dm_top.i_dm_top/i_dm_csrs.progbuf_o_188__reg/Q_N    0.00    0.00   -0.00 (VIOLATED)
i_croc_soc/i_croc/i_dm_top.i_dm_top/i_dm_csrs.progbuf_o_189__reg/Q_N    0.00    0.00   -0.00 (VIOLATED)
i_croc_soc/i_croc/i_dm_top.i_dm_top/i_dm_csrs.progbuf_o_18__reg/Q_N    0.00    0.00   -0.00 (VIOLATED)
i_croc_soc/i_croc/i_dm_top.i_dm_top/i_dm_csrs.progbuf_o_190__reg/Q_N    0.00    0.00   -0.00 (VIOLATED)
i_croc_soc/i_croc/i_dm_top.i_dm_top/i_dm_csrs.progbuf_o_191__reg/Q_N    0.00    0.00   -0.00 (VIOLATED)
i_croc_soc/i_croc/i_dm_top.i_dm_top/i_dm_csrs.progbuf_o_192__reg/Q_N    0.00    0.00   -0.00 (VIOLATED)
i_croc_soc/i_croc/i_dm_top.i_dm_top/i_dm_csrs.progbuf_o_193__reg/Q_N    0.00    0.00   -0.00 (VIOLATED)
i_croc_soc/i_croc/i_dm_top.i_dm_top/i_dm_csrs.progbuf_o_194__reg/Q_N    0.00    0.00   -0.00 (VIOLATED)
i_croc_soc/i_croc/i_dm_top.i_dm_top/i_dm_csrs.progbuf_o_195__reg/Q_N    0.00    0.00   -0.00 (VIOLATED)
i_croc_soc/i_croc/i_dm_top.i_dm_top/i_dm_csrs.progbuf_o_196__reg/Q_N    0.00    0.00   -0.00 (VIOLATED)
i_croc_soc/i_croc/i_dm_top.i_dm_top/i_dm_csrs.progbuf_o_197__reg/Q_N    0.00    0.00   -0.00 (VIOLATED)
i_croc_soc/i_croc/i_dm_top.i_dm_top/i_dm_csrs.progbuf_o_198__reg/Q_N    0.00    0.00   -0.00 (VIOLATED)
i_croc_soc/i_croc/i_dm_top.i_dm_top/i_dm_csrs.progbuf_o_199__reg/Q_N    0.00    0.00   -0.00 (VIOLATED)
i_croc_soc/i_croc/i_dm_top.i_dm_top/i_dm_csrs.progbuf_o_19__reg/Q_N    0.00    0.00   -0.00 (VIOLATED)
i_croc_soc/i_croc/i_dm_top.i_dm_top/i_dm_csrs.progbuf_o_1__reg/Q_N    0.00    0.00   -0.00 (VIOLATED)
i_croc_soc/i_croc/i_dm_top.i_dm_top/i_dm_csrs.progbuf_o_200__reg/Q_N    0.00    0.00   -0.00 (VIOLATED)
i_croc_soc/i_croc/i_dm_top.i_dm_top/i_dm_csrs.progbuf_o_201__reg/Q_N    0.00    0.00   -0.00 (VIOLATED)
i_croc_soc/i_croc/i_dm_top.i_dm_top/i_dm_csrs.progbuf_o_202__reg/Q_N    0.00    0.00   -0.00 (VIOLATED)
i_croc_soc/i_croc/i_dm_top.i_dm_top/i_dm_csrs.progbuf_o_203__reg/Q_N    0.00    0.00   -0.00 (VIOLATED)
i_croc_soc/i_croc/i_dm_top.i_dm_top/i_dm_csrs.progbuf_o_204__reg/Q_N    0.00    0.00   -0.00 (VIOLATED)
i_croc_soc/i_croc/i_dm_top.i_dm_top/i_dm_csrs.progbuf_o_205__reg/Q_N    0.00    0.00   -0.00 (VIOLATED)
i_croc_soc/i_croc/i_dm_top.i_dm_top/i_dm_csrs.progbuf_o_206__reg/Q_N    0.00    0.00   -0.00 (VIOLATED)
i_croc_soc/i_croc/i_dm_top.i_dm_top/i_dm_csrs.progbuf_o_207__reg/Q_N    0.00    0.00   -0.00 (VIOLATED)
i_croc_soc/i_croc/i_dm_top.i_dm_top/i_dm_csrs.progbuf_o_208__reg/Q_N    0.00    0.00   -0.00 (VIOLATED)
i_croc_soc/i_croc/i_dm_top.i_dm_top/i_dm_csrs.progbuf_o_209__reg/Q_N    0.00    0.00   -0.00 (VIOLATED)
i_croc_soc/i_croc/i_dm_top.i_dm_top/i_dm_csrs.progbuf_o_20__reg/Q_N    0.00    0.00   -0.00 (VIOLATED)
i_croc_soc/i_croc/i_dm_top.i_dm_top/i_dm_csrs.progbuf_o_210__reg/Q_N    0.00    0.00   -0.00 (VIOLATED)
i_croc_soc/i_croc/i_dm_top.i_dm_top/i_dm_csrs.progbuf_o_211__reg/Q_N    0.00    0.00   -0.00 (VIOLATED)
i_croc_soc/i_croc/i_dm_top.i_dm_top/i_dm_csrs.progbuf_o_212__reg/Q_N    0.00    0.00   -0.00 (VIOLATED)
i_croc_soc/i_croc/i_dm_top.i_dm_top/i_dm_csrs.progbuf_o_213__reg/Q_N    0.00    0.00   -0.00 (VIOLATED)
i_croc_soc/i_croc/i_dm_top.i_dm_top/i_dm_csrs.progbuf_o_214__reg/Q_N    0.00    0.00   -0.00 (VIOLATED)
i_croc_soc/i_croc/i_dm_top.i_dm_top/i_dm_csrs.progbuf_o_215__reg/Q_N    0.00    0.00   -0.00 (VIOLATED)
i_croc_soc/i_croc/i_dm_top.i_dm_top/i_dm_csrs.progbuf_o_216__reg/Q_N    0.00    0.00   -0.00 (VIOLATED)
i_croc_soc/i_croc/i_dm_top.i_dm_top/i_dm_csrs.progbuf_o_217__reg/Q_N    0.00    0.00   -0.00 (VIOLATED)
i_croc_soc/i_croc/i_dm_top.i_dm_top/i_dm_csrs.progbuf_o_218__reg/Q_N    0.00    0.00   -0.00 (VIOLATED)
i_croc_soc/i_croc/i_dm_top.i_dm_top/i_dm_csrs.progbuf_o_219__reg/Q_N    0.00    0.00   -0.00 (VIOLATED)
i_croc_soc/i_croc/i_dm_top.i_dm_top/i_dm_csrs.progbuf_o_21__reg/Q_N    0.00    0.00   -0.00 (VIOLATED)
i_croc_soc/i_croc/i_dm_top.i_dm_top/i_dm_csrs.progbuf_o_220__reg/Q_N    0.00    0.00   -0.00 (VIOLATED)
i_croc_soc/i_croc/i_dm_top.i_dm_top/i_dm_csrs.progbuf_o_221__reg/Q_N    0.00    0.00   -0.00 (VIOLATED)
i_croc_soc/i_croc/i_dm_top.i_dm_top/i_dm_csrs.progbuf_o_222__reg/Q_N    0.00    0.00   -0.00 (VIOLATED)
i_croc_soc/i_croc/i_dm_top.i_dm_top/i_dm_csrs.progbuf_o_223__reg/Q_N    0.00    0.00   -0.00 (VIOLATED)
i_croc_soc/i_croc/i_dm_top.i_dm_top/i_dm_csrs.progbuf_o_224__reg/Q_N    0.00    0.00   -0.00 (VIOLATED)
i_croc_soc/i_croc/i_dm_top.i_dm_top/i_dm_csrs.progbuf_o_225__reg/Q_N    0.00    0.00   -0.00 (VIOLATED)
i_croc_soc/i_croc/i_dm_top.i_dm_top/i_dm_csrs.progbuf_o_226__reg/Q_N    0.00    0.00   -0.00 (VIOLATED)
i_croc_soc/i_croc/i_dm_top.i_dm_top/i_dm_csrs.progbuf_o_227__reg/Q_N    0.00    0.00   -0.00 (VIOLATED)
i_croc_soc/i_croc/i_dm_top.i_dm_top/i_dm_csrs.progbuf_o_228__reg/Q_N    0.00    0.00   -0.00 (VIOLATED)
i_croc_soc/i_croc/i_dm_top.i_dm_top/i_dm_csrs.progbuf_o_229__reg/Q_N    0.00    0.00   -0.00 (VIOLATED)
i_croc_soc/i_croc/i_dm_top.i_dm_top/i_dm_csrs.progbuf_o_22__reg/Q_N    0.00    0.00   -0.00 (VIOLATED)
i_croc_soc/i_croc/i_dm_top.i_dm_top/i_dm_csrs.progbuf_o_230__reg/Q_N    0.00    0.00   -0.00 (VIOLATED)
i_croc_soc/i_croc/i_dm_top.i_dm_top/i_dm_csrs.progbuf_o_231__reg/Q_N    0.00    0.00   -0.00 (VIOLATED)
i_croc_soc/i_croc/i_dm_top.i_dm_top/i_dm_csrs.progbuf_o_232__reg/Q_N    0.00    0.00   -0.00 (VIOLATED)
i_croc_soc/i_croc/i_dm_top.i_dm_top/i_dm_csrs.progbuf_o_233__reg/Q_N    0.00    0.00   -0.00 (VIOLATED)
i_croc_soc/i_croc/i_dm_top.i_dm_top/i_dm_csrs.progbuf_o_234__reg/Q_N    0.00    0.00   -0.00 (VIOLATED)
i_croc_soc/i_croc/i_dm_top.i_dm_top/i_dm_csrs.progbuf_o_235__reg/Q_N    0.00    0.00   -0.00 (VIOLATED)
i_croc_soc/i_croc/i_dm_top.i_dm_top/i_dm_csrs.progbuf_o_236__reg/Q_N    0.00    0.00   -0.00 (VIOLATED)
i_croc_soc/i_croc/i_dm_top.i_dm_top/i_dm_csrs.progbuf_o_237__reg/Q_N    0.00    0.00   -0.00 (VIOLATED)
i_croc_soc/i_croc/i_dm_top.i_dm_top/i_dm_csrs.progbuf_o_238__reg/Q_N    0.00    0.00   -0.00 (VIOLATED)
i_croc_soc/i_croc/i_dm_top.i_dm_top/i_dm_csrs.progbuf_o_239__reg/Q_N    0.00    0.00   -0.00 (VIOLATED)
i_croc_soc/i_croc/i_dm_top.i_dm_top/i_dm_csrs.progbuf_o_23__reg/Q_N    0.00    0.00   -0.00 (VIOLATED)
i_croc_soc/i_croc/i_dm_top.i_dm_top/i_dm_csrs.progbuf_o_240__reg/Q_N    0.00    0.00   -0.00 (VIOLATED)
i_croc_soc/i_croc/i_dm_top.i_dm_top/i_dm_csrs.progbuf_o_241__reg/Q_N    0.00    0.00   -0.00 (VIOLATED)
i_croc_soc/i_croc/i_dm_top.i_dm_top/i_dm_csrs.progbuf_o_242__reg/Q_N    0.00    0.00   -0.00 (VIOLATED)
i_croc_soc/i_croc/i_dm_top.i_dm_top/i_dm_csrs.progbuf_o_243__reg/Q_N    0.00    0.00   -0.00 (VIOLATED)
i_croc_soc/i_croc/i_dm_top.i_dm_top/i_dm_csrs.progbuf_o_244__reg/Q_N    0.00    0.00   -0.00 (VIOLATED)
i_croc_soc/i_croc/i_dm_top.i_dm_top/i_dm_csrs.progbuf_o_245__reg/Q_N    0.00    0.00   -0.00 (VIOLATED)
i_croc_soc/i_croc/i_dm_top.i_dm_top/i_dm_csrs.progbuf_o_246__reg/Q_N    0.00    0.00   -0.00 (VIOLATED)
i_croc_soc/i_croc/i_dm_top.i_dm_top/i_dm_csrs.progbuf_o_247__reg/Q_N    0.00    0.00   -0.00 (VIOLATED)
i_croc_soc/i_croc/i_dm_top.i_dm_top/i_dm_csrs.progbuf_o_248__reg/Q_N    0.00    0.00   -0.00 (VIOLATED)
i_croc_soc/i_croc/i_dm_top.i_dm_top/i_dm_csrs.progbuf_o_249__reg/Q_N    0.00    0.00   -0.00 (VIOLATED)
i_croc_soc/i_croc/i_dm_top.i_dm_top/i_dm_csrs.progbuf_o_24__reg/Q_N    0.00    0.00   -0.00 (VIOLATED)
i_croc_soc/i_croc/i_dm_top.i_dm_top/i_dm_csrs.progbuf_o_250__reg/Q_N    0.00    0.00   -0.00 (VIOLATED)
i_croc_soc/i_croc/i_dm_top.i_dm_top/i_dm_csrs.progbuf_o_251__reg/Q_N    0.00    0.00   -0.00 (VIOLATED)
i_croc_soc/i_croc/i_dm_top.i_dm_top/i_dm_csrs.progbuf_o_252__reg/Q_N    0.00    0.00   -0.00 (VIOLATED)
i_croc_soc/i_croc/i_dm_top.i_dm_top/i_dm_csrs.progbuf_o_253__reg/Q_N    0.00    0.00   -0.00 (VIOLATED)
i_croc_soc/i_croc/i_dm_top.i_dm_top/i_dm_csrs.progbuf_o_254__reg/Q_N    0.00    0.00   -0.00 (VIOLATED)
i_croc_soc/i_croc/i_dm_top.i_dm_top/i_dm_csrs.progbuf_o_255__reg/Q_N    0.00    0.00   -0.00 (VIOLATED)
i_croc_soc/i_croc/i_dm_top.i_dm_top/i_dm_csrs.progbuf_o_25__reg/Q_N    0.00    0.00   -0.00 (VIOLATED)
i_croc_soc/i_croc/i_dm_top.i_dm_top/i_dm_csrs.progbuf_o_26__reg/Q_N    0.00    0.00   -0.00 (VIOLATED)
i_croc_soc/i_croc/i_dm_top.i_dm_top/i_dm_csrs.progbuf_o_27__reg/Q_N    0.00    0.00   -0.00 (VIOLATED)
i_croc_soc/i_croc/i_dm_top.i_dm_top/i_dm_csrs.progbuf_o_28__reg/Q_N    0.00    0.00   -0.00 (VIOLATED)
i_croc_soc/i_croc/i_dm_top.i_dm_top/i_dm_csrs.progbuf_o_29__reg/Q_N    0.00    0.00   -0.00 (VIOLATED)
i_croc_soc/i_croc/i_dm_top.i_dm_top/i_dm_csrs.progbuf_o_2__reg/Q_N    0.00    0.00   -0.00 (VIOLATED)
i_croc_soc/i_croc/i_dm_top.i_dm_top/i_dm_csrs.progbuf_o_30__reg/Q_N    0.00    0.00   -0.00 (VIOLATED)
i_croc_soc/i_croc/i_dm_top.i_dm_top/i_dm_csrs.progbuf_o_31__reg/Q_N    0.00    0.00   -0.00 (VIOLATED)
i_croc_soc/i_croc/i_dm_top.i_dm_top/i_dm_csrs.progbuf_o_32__reg/Q_N    0.00    0.00   -0.00 (VIOLATED)
i_croc_soc/i_croc/i_dm_top.i_dm_top/i_dm_csrs.progbuf_o_33__reg/Q_N    0.00    0.00   -0.00 (VIOLATED)
i_croc_soc/i_croc/i_dm_top.i_dm_top/i_dm_csrs.progbuf_o_34__reg/Q_N    0.00    0.00   -0.00 (VIOLATED)
i_croc_soc/i_croc/i_dm_top.i_dm_top/i_dm_csrs.progbuf_o_35__reg/Q_N    0.00    0.00   -0.00 (VIOLATED)
i_croc_soc/i_croc/i_dm_top.i_dm_top/i_dm_csrs.progbuf_o_36__reg/Q_N    0.00    0.00   -0.00 (VIOLATED)
i_croc_soc/i_croc/i_dm_top.i_dm_top/i_dm_csrs.progbuf_o_37__reg/Q_N    0.00    0.00   -0.00 (VIOLATED)
i_croc_soc/i_croc/i_dm_top.i_dm_top/i_dm_csrs.progbuf_o_38__reg/Q_N    0.00    0.00   -0.00 (VIOLATED)
i_croc_soc/i_croc/i_dm_top.i_dm_top/i_dm_csrs.progbuf_o_39__reg/Q_N    0.00    0.00   -0.00 (VIOLATED)
i_croc_soc/i_croc/i_dm_top.i_dm_top/i_dm_csrs.progbuf_o_3__reg/Q_N    0.00    0.00   -0.00 (VIOLATED)
i_croc_soc/i_croc/i_dm_top.i_dm_top/i_dm_csrs.progbuf_o_40__reg/Q_N    0.00    0.00   -0.00 (VIOLATED)
i_croc_soc/i_croc/i_dm_top.i_dm_top/i_dm_csrs.progbuf_o_41__reg/Q_N    0.00    0.00   -0.00 (VIOLATED)
i_croc_soc/i_croc/i_dm_top.i_dm_top/i_dm_csrs.progbuf_o_42__reg/Q_N    0.00    0.00   -0.00 (VIOLATED)
i_croc_soc/i_croc/i_dm_top.i_dm_top/i_dm_csrs.progbuf_o_43__reg/Q_N    0.00    0.00   -0.00 (VIOLATED)
i_croc_soc/i_croc/i_dm_top.i_dm_top/i_dm_csrs.progbuf_o_44__reg/Q_N    0.00    0.00   -0.00 (VIOLATED)
i_croc_soc/i_croc/i_dm_top.i_dm_top/i_dm_csrs.progbuf_o_45__reg/Q_N    0.00    0.00   -0.00 (VIOLATED)
i_croc_soc/i_croc/i_dm_top.i_dm_top/i_dm_csrs.progbuf_o_46__reg/Q_N    0.00    0.00   -0.00 (VIOLATED)
i_croc_soc/i_croc/i_dm_top.i_dm_top/i_dm_csrs.progbuf_o_47__reg/Q_N    0.00    0.00   -0.00 (VIOLATED)
i_croc_soc/i_croc/i_dm_top.i_dm_top/i_dm_csrs.progbuf_o_48__reg/Q_N    0.00    0.00   -0.00 (VIOLATED)
i_croc_soc/i_croc/i_dm_top.i_dm_top/i_dm_csrs.progbuf_o_49__reg/Q_N    0.00    0.00   -0.00 (VIOLATED)
i_croc_soc/i_croc/i_dm_top.i_dm_top/i_dm_csrs.progbuf_o_4__reg/Q_N    0.00    0.00   -0.00 (VIOLATED)
i_croc_soc/i_croc/i_dm_top.i_dm_top/i_dm_csrs.progbuf_o_50__reg/Q_N    0.00    0.00   -0.00 (VIOLATED)
i_croc_soc/i_croc/i_dm_top.i_dm_top/i_dm_csrs.progbuf_o_51__reg/Q_N    0.00    0.00   -0.00 (VIOLATED)
i_croc_soc/i_croc/i_dm_top.i_dm_top/i_dm_csrs.progbuf_o_52__reg/Q_N    0.00    0.00   -0.00 (VIOLATED)
i_croc_soc/i_croc/i_dm_top.i_dm_top/i_dm_csrs.progbuf_o_53__reg/Q_N    0.00    0.00   -0.00 (VIOLATED)
i_croc_soc/i_croc/i_dm_top.i_dm_top/i_dm_csrs.progbuf_o_54__reg/Q_N    0.00    0.00   -0.00 (VIOLATED)
i_croc_soc/i_croc/i_dm_top.i_dm_top/i_dm_csrs.progbuf_o_55__reg/Q_N    0.00    0.00   -0.00 (VIOLATED)
i_croc_soc/i_croc/i_dm_top.i_dm_top/i_dm_csrs.progbuf_o_56__reg/Q_N    0.00    0.00   -0.00 (VIOLATED)
i_croc_soc/i_croc/i_dm_top.i_dm_top/i_dm_csrs.progbuf_o_57__reg/Q_N    0.00    0.00   -0.00 (VIOLATED)
i_croc_soc/i_croc/i_dm_top.i_dm_top/i_dm_csrs.progbuf_o_58__reg/Q_N    0.00    0.00   -0.00 (VIOLATED)
i_croc_soc/i_croc/i_dm_top.i_dm_top/i_dm_csrs.progbuf_o_59__reg/Q_N    0.00    0.00   -0.00 (VIOLATED)
i_croc_soc/i_croc/i_dm_top.i_dm_top/i_dm_csrs.progbuf_o_5__reg/Q_N    0.00    0.00   -0.00 (VIOLATED)
i_croc_soc/i_croc/i_dm_top.i_dm_top/i_dm_csrs.progbuf_o_60__reg/Q_N    0.00    0.00   -0.00 (VIOLATED)
i_croc_soc/i_croc/i_dm_top.i_dm_top/i_dm_csrs.progbuf_o_61__reg/Q_N    0.00    0.00   -0.00 (VIOLATED)
i_croc_soc/i_croc/i_dm_top.i_dm_top/i_dm_csrs.progbuf_o_62__reg/Q_N    0.00    0.00   -0.00 (VIOLATED)
i_croc_soc/i_croc/i_dm_top.i_dm_top/i_dm_csrs.progbuf_o_63__reg/Q_N    0.00    0.00   -0.00 (VIOLATED)
i_croc_soc/i_croc/i_dm_top.i_dm_top/i_dm_csrs.progbuf_o_64__reg/Q_N    0.00    0.00   -0.00 (VIOLATED)
i_croc_soc/i_croc/i_dm_top.i_dm_top/i_dm_csrs.progbuf_o_65__reg/Q_N    0.00    0.00   -0.00 (VIOLATED)
i_croc_soc/i_croc/i_dm_top.i_dm_top/i_dm_csrs.progbuf_o_66__reg/Q_N    0.00    0.00   -0.00 (VIOLATED)
i_croc_soc/i_croc/i_dm_top.i_dm_top/i_dm_csrs.progbuf_o_67__reg/Q_N    0.00    0.00   -0.00 (VIOLATED)
i_croc_soc/i_croc/i_dm_top.i_dm_top/i_dm_csrs.progbuf_o_68__reg/Q_N    0.00    0.00   -0.00 (VIOLATED)
i_croc_soc/i_croc/i_dm_top.i_dm_top/i_dm_csrs.progbuf_o_69__reg/Q_N    0.00    0.00   -0.00 (VIOLATED)
i_croc_soc/i_croc/i_dm_top.i_dm_top/i_dm_csrs.progbuf_o_6__reg/Q_N    0.00    0.00   -0.00 (VIOLATED)
i_croc_soc/i_croc/i_dm_top.i_dm_top/i_dm_csrs.progbuf_o_70__reg/Q_N    0.00    0.00   -0.00 (VIOLATED)
i_croc_soc/i_croc/i_dm_top.i_dm_top/i_dm_csrs.progbuf_o_71__reg/Q_N    0.00    0.00   -0.00 (VIOLATED)
i_croc_soc/i_croc/i_dm_top.i_dm_top/i_dm_csrs.progbuf_o_72__reg/Q_N    0.00    0.00   -0.00 (VIOLATED)
i_croc_soc/i_croc/i_dm_top.i_dm_top/i_dm_csrs.progbuf_o_73__reg/Q_N    0.00    0.00   -0.00 (VIOLATED)
i_croc_soc/i_croc/i_dm_top.i_dm_top/i_dm_csrs.progbuf_o_74__reg/Q_N    0.00    0.00   -0.00 (VIOLATED)
i_croc_soc/i_croc/i_dm_top.i_dm_top/i_dm_csrs.progbuf_o_75__reg/Q_N    0.00    0.00   -0.00 (VIOLATED)
i_croc_soc/i_croc/i_dm_top.i_dm_top/i_dm_csrs.progbuf_o_76__reg/Q_N    0.00    0.00   -0.00 (VIOLATED)
i_croc_soc/i_croc/i_dm_top.i_dm_top/i_dm_csrs.progbuf_o_77__reg/Q_N    0.00    0.00   -0.00 (VIOLATED)
i_croc_soc/i_croc/i_dm_top.i_dm_top/i_dm_csrs.progbuf_o_78__reg/Q_N    0.00    0.00   -0.00 (VIOLATED)
i_croc_soc/i_croc/i_dm_top.i_dm_top/i_dm_csrs.progbuf_o_79__reg/Q_N    0.00    0.00   -0.00 (VIOLATED)
i_croc_soc/i_croc/i_dm_top.i_dm_top/i_dm_csrs.progbuf_o_7__reg/Q_N    0.00    0.00   -0.00 (VIOLATED)
i_croc_soc/i_croc/i_dm_top.i_dm_top/i_dm_csrs.progbuf_o_80__reg/Q_N    0.00    0.00   -0.00 (VIOLATED)
i_croc_soc/i_croc/i_dm_top.i_dm_top/i_dm_csrs.progbuf_o_81__reg/Q_N    0.00    0.00   -0.00 (VIOLATED)
i_croc_soc/i_croc/i_dm_top.i_dm_top/i_dm_csrs.progbuf_o_82__reg/Q_N    0.00    0.00   -0.00 (VIOLATED)
i_croc_soc/i_croc/i_dm_top.i_dm_top/i_dm_csrs.progbuf_o_83__reg/Q_N    0.00    0.00   -0.00 (VIOLATED)
i_croc_soc/i_croc/i_dm_top.i_dm_top/i_dm_csrs.progbuf_o_84__reg/Q_N    0.00    0.00   -0.00 (VIOLATED)
i_croc_soc/i_croc/i_dm_top.i_dm_top/i_dm_csrs.progbuf_o_85__reg/Q_N    0.00    0.00   -0.00 (VIOLATED)
i_croc_soc/i_croc/i_dm_top.i_dm_top/i_dm_csrs.progbuf_o_86__reg/Q_N    0.00    0.00   -0.00 (VIOLATED)
i_croc_soc/i_croc/i_dm_top.i_dm_top/i_dm_csrs.progbuf_o_87__reg/Q_N    0.00    0.00   -0.00 (VIOLATED)
i_croc_soc/i_croc/i_dm_top.i_dm_top/i_dm_csrs.progbuf_o_88__reg/Q_N    0.00    0.00   -0.00 (VIOLATED)
i_croc_soc/i_croc/i_dm_top.i_dm_top/i_dm_csrs.progbuf_o_89__reg/Q_N    0.00    0.00   -0.00 (VIOLATED)
i_croc_soc/i_croc/i_dm_top.i_dm_top/i_dm_csrs.progbuf_o_8__reg/Q_N    0.00    0.00   -0.00 (VIOLATED)
i_croc_soc/i_croc/i_dm_top.i_dm_top/i_dm_csrs.progbuf_o_90__reg/Q_N    0.00    0.00   -0.00 (VIOLATED)
i_croc_soc/i_croc/i_dm_top.i_dm_top/i_dm_csrs.progbuf_o_91__reg/Q_N    0.00    0.00   -0.00 (VIOLATED)
i_croc_soc/i_croc/i_dm_top.i_dm_top/i_dm_csrs.progbuf_o_92__reg/Q_N    0.00    0.00   -0.00 (VIOLATED)
i_croc_soc/i_croc/i_dm_top.i_dm_top/i_dm_csrs.progbuf_o_93__reg/Q_N    0.00    0.00   -0.00 (VIOLATED)
i_croc_soc/i_croc/i_dm_top.i_dm_top/i_dm_csrs.progbuf_o_94__reg/Q_N    0.00    0.00   -0.00 (VIOLATED)
i_croc_soc/i_croc/i_dm_top.i_dm_top/i_dm_csrs.progbuf_o_95__reg/Q_N    0.00    0.00   -0.00 (VIOLATED)
i_croc_soc/i_croc/i_dm_top.i_dm_top/i_dm_csrs.progbuf_o_96__reg/Q_N    0.00    0.00   -0.00 (VIOLATED)
i_croc_soc/i_croc/i_dm_top.i_dm_top/i_dm_csrs.progbuf_o_97__reg/Q_N    0.00    0.00   -0.00 (VIOLATED)
i_croc_soc/i_croc/i_dm_top.i_dm_top/i_dm_csrs.progbuf_o_98__reg/Q_N    0.00    0.00   -0.00 (VIOLATED)
i_croc_soc/i_croc/i_dm_top.i_dm_top/i_dm_csrs.progbuf_o_99__reg/Q_N    0.00    0.00   -0.00 (VIOLATED)
i_croc_soc/i_croc/i_dm_top.i_dm_top/i_dm_csrs.progbuf_o_9__reg/Q_N    0.00    0.00   -0.00 (VIOLATED)
i_croc_soc/i_croc/i_dm_top.i_dm_top/i_dm_csrs.resumeack_i_reg/Q_N    0.00    0.00   -0.00 (VIOLATED)
i_croc_soc/i_croc/i_dm_top.i_dm_top/i_dm_csrs.sbaddr_q_32__reg/Q_N    0.00    0.00   -0.00 (VIOLATED)
i_croc_soc/i_croc/i_dm_top.i_dm_top/i_dm_csrs.sbaddr_q_33__reg/Q_N    0.00    0.00   -0.00 (VIOLATED)
i_croc_soc/i_croc/i_dm_top.i_dm_top/i_dm_csrs.sbaddr_q_34__reg/Q_N    0.00    0.00   -0.00 (VIOLATED)
i_croc_soc/i_croc/i_dm_top.i_dm_top/i_dm_csrs.sbaddr_q_35__reg/Q_N    0.00    0.00   -0.00 (VIOLATED)
i_croc_soc/i_croc/i_dm_top.i_dm_top/i_dm_csrs.sbaddr_q_36__reg/Q_N    0.00    0.00   -0.00 (VIOLATED)
i_croc_soc/i_croc/i_dm_top.i_dm_top/i_dm_csrs.sbaddr_q_37__reg/Q_N    0.00    0.00   -0.00 (VIOLATED)
i_croc_soc/i_croc/i_dm_top.i_dm_top/i_dm_csrs.sbaddr_q_38__reg/Q_N    0.00    0.00   -0.00 (VIOLATED)
i_croc_soc/i_croc/i_dm_top.i_dm_top/i_dm_csrs.sbaddr_q_39__reg/Q_N    0.00    0.00   -0.00 (VIOLATED)
i_croc_soc/i_croc/i_dm_top.i_dm_top/i_dm_csrs.sbaddr_q_40__reg/Q_N    0.00    0.00   -0.00 (VIOLATED)
i_croc_soc/i_croc/i_dm_top.i_dm_top/i_dm_csrs.sbaddr_q_41__reg/Q_N    0.00    0.00   -0.00 (VIOLATED)
i_croc_soc/i_croc/i_dm_top.i_dm_top/i_dm_csrs.sbaddr_q_42__reg/Q_N    0.00    0.00   -0.00 (VIOLATED)
i_croc_soc/i_croc/i_dm_top.i_dm_top/i_dm_csrs.sbaddr_q_43__reg/Q_N    0.00    0.00   -0.00 (VIOLATED)
i_croc_soc/i_croc/i_dm_top.i_dm_top/i_dm_csrs.sbaddr_q_44__reg/Q_N    0.00    0.00   -0.00 (VIOLATED)
i_croc_soc/i_croc/i_dm_top.i_dm_top/i_dm_csrs.sbaddr_q_45__reg/Q_N    0.00    0.00   -0.00 (VIOLATED)
i_croc_soc/i_croc/i_dm_top.i_dm_top/i_dm_csrs.sbaddr_q_46__reg/Q_N    0.00    0.00   -0.00 (VIOLATED)
i_croc_soc/i_croc/i_dm_top.i_dm_top/i_dm_csrs.sbaddr_q_47__reg/Q_N    0.00    0.00   -0.00 (VIOLATED)
i_croc_soc/i_croc/i_dm_top.i_dm_top/i_dm_csrs.sbaddr_q_48__reg/Q_N    0.00    0.00   -0.00 (VIOLATED)
i_croc_soc/i_croc/i_dm_top.i_dm_top/i_dm_csrs.sbaddr_q_49__reg/Q_N    0.00    0.00   -0.00 (VIOLATED)
i_croc_soc/i_croc/i_dm_top.i_dm_top/i_dm_csrs.sbaddr_q_50__reg/Q_N    0.00    0.00   -0.00 (VIOLATED)
i_croc_soc/i_croc/i_dm_top.i_dm_top/i_dm_csrs.sbaddr_q_51__reg/Q_N    0.00    0.00   -0.00 (VIOLATED)
i_croc_soc/i_croc/i_dm_top.i_dm_top/i_dm_csrs.sbaddr_q_52__reg/Q_N    0.00    0.00   -0.00 (VIOLATED)
i_croc_soc/i_croc/i_dm_top.i_dm_top/i_dm_csrs.sbaddr_q_53__reg/Q_N    0.00    0.00   -0.00 (VIOLATED)
i_croc_soc/i_croc/i_dm_top.i_dm_top/i_dm_csrs.sbaddr_q_54__reg/Q_N    0.00    0.00   -0.00 (VIOLATED)
i_croc_soc/i_croc/i_dm_top.i_dm_top/i_dm_csrs.sbaddr_q_55__reg/Q_N    0.00    0.00   -0.00 (VIOLATED)
i_croc_soc/i_croc/i_dm_top.i_dm_top/i_dm_csrs.sbaddr_q_56__reg/Q_N    0.00    0.00   -0.00 (VIOLATED)
i_croc_soc/i_croc/i_dm_top.i_dm_top/i_dm_csrs.sbaddr_q_57__reg/Q_N    0.00    0.00   -0.00 (VIOLATED)
i_croc_soc/i_croc/i_dm_top.i_dm_top/i_dm_csrs.sbaddr_q_58__reg/Q_N    0.00    0.00   -0.00 (VIOLATED)
i_croc_soc/i_croc/i_dm_top.i_dm_top/i_dm_csrs.sbaddr_q_59__reg/Q_N    0.00    0.00   -0.00 (VIOLATED)
i_croc_soc/i_croc/i_dm_top.i_dm_top/i_dm_csrs.sbaddr_q_60__reg/Q_N    0.00    0.00   -0.00 (VIOLATED)
i_croc_soc/i_croc/i_dm_top.i_dm_top/i_dm_csrs.sbaddr_q_61__reg/Q_N    0.00    0.00   -0.00 (VIOLATED)
i_croc_soc/i_croc/i_dm_top.i_dm_top/i_dm_csrs.sbaddr_q_62__reg/Q_N    0.00    0.00   -0.00 (VIOLATED)
i_croc_soc/i_croc/i_dm_top.i_dm_top/i_dm_csrs.sbaddr_q_63__reg/Q_N    0.00    0.00   -0.00 (VIOLATED)
i_croc_soc/i_croc/i_dm_top.i_dm_top/i_dm_csrs.sbautoincrement_o_reg/Q_N    0.00    0.00   -0.00 (VIOLATED)
i_croc_soc/i_croc/i_dm_top.i_dm_top/i_dm_csrs.sbcs_q_12__reg/Q_N    0.00    0.00   -0.00 (VIOLATED)
i_croc_soc/i_croc/i_dm_top.i_dm_top/i_dm_csrs.sbcs_q_13__reg/Q_N    0.00    0.00   -0.00 (VIOLATED)
i_croc_soc/i_croc/i_dm_top.i_dm_top/i_dm_csrs.sbcs_q_14__reg/Q_N    0.00    0.00   -0.00 (VIOLATED)
i_croc_soc/i_croc/i_dm_top.i_dm_top/i_dm_csrs.sbcs_q_21__reg/Q_N    0.00    0.00   -0.00 (VIOLATED)
i_croc_soc/i_croc/i_dm_top.i_dm_top/i_dm_csrs.sbcs_q_22__reg/Q_N    0.00    0.00   -0.00 (VIOLATED)
i_croc_soc/i_croc/i_dm_top.i_dm_top/i_dm_csrs.sbcs_q_23__reg/Q_N    0.00    0.00   -0.00 (VIOLATED)
i_croc_soc/i_croc/i_dm_top.i_dm_top/i_dm_csrs.sbcs_q_24__reg/Q_N    0.00    0.00   -0.00 (VIOLATED)
i_croc_soc/i_croc/i_dm_top.i_dm_top/i_dm_csrs.sbcs_q_25__reg/Q_N    0.00    0.00   -0.00 (VIOLATED)
i_croc_soc/i_croc/i_dm_top.i_dm_top/i_dm_csrs.sbcs_q_26__reg/Q_N    0.00    0.00   -0.00 (VIOLATED)
i_croc_soc/i_croc/i_dm_top.i_dm_top/i_dm_csrs.sbcs_q_27__reg/Q_N    0.00    0.00   -0.00 (VIOLATED)
i_croc_soc/i_croc/i_dm_top.i_dm_top/i_dm_csrs.sbcs_q_28__reg/Q_N    0.00    0.00   -0.00 (VIOLATED)
i_croc_soc/i_croc/i_dm_top.i_dm_top/i_dm_csrs.sbcs_q_29__reg/Q_N    0.00    0.00   -0.00 (VIOLATED)
i_croc_soc/i_croc/i_dm_top.i_dm_top/i_dm_csrs.sbdata_o_0__reg/Q_N    0.00    0.00   -0.00 (VIOLATED)
i_croc_soc/i_croc/i_dm_top.i_dm_top/i_dm_csrs.sbdata_o_10__reg/Q_N    0.00    0.00   -0.00 (VIOLATED)
i_croc_soc/i_croc/i_dm_top.i_dm_top/i_dm_csrs.sbdata_o_11__reg/Q_N    0.00    0.00   -0.00 (VIOLATED)
i_croc_soc/i_croc/i_dm_top.i_dm_top/i_dm_csrs.sbdata_o_12__reg/Q_N    0.00    0.00   -0.00 (VIOLATED)
i_croc_soc/i_croc/i_dm_top.i_dm_top/i_dm_csrs.sbdata_o_13__reg/Q_N    0.00    0.00   -0.00 (VIOLATED)
i_croc_soc/i_croc/i_dm_top.i_dm_top/i_dm_csrs.sbdata_o_14__reg/Q_N    0.00    0.00   -0.00 (VIOLATED)
i_croc_soc/i_croc/i_dm_top.i_dm_top/i_dm_csrs.sbdata_o_15__reg/Q_N    0.00    0.00   -0.00 (VIOLATED)
i_croc_soc/i_croc/i_dm_top.i_dm_top/i_dm_csrs.sbdata_o_16__reg/Q_N    0.00    0.00   -0.00 (VIOLATED)
i_croc_soc/i_croc/i_dm_top.i_dm_top/i_dm_csrs.sbdata_o_17__reg/Q_N    0.00    0.00   -0.00 (VIOLATED)
i_croc_soc/i_croc/i_dm_top.i_dm_top/i_dm_csrs.sbdata_o_18__reg/Q_N    0.00    0.00   -0.00 (VIOLATED)
i_croc_soc/i_croc/i_dm_top.i_dm_top/i_dm_csrs.sbdata_o_19__reg/Q_N    0.00    0.00   -0.00 (VIOLATED)
i_croc_soc/i_croc/i_dm_top.i_dm_top/i_dm_csrs.sbdata_o_1__reg/Q_N    0.00    0.00   -0.00 (VIOLATED)
i_croc_soc/i_croc/i_dm_top.i_dm_top/i_dm_csrs.sbdata_o_20__reg/Q_N    0.00    0.00   -0.00 (VIOLATED)
i_croc_soc/i_croc/i_dm_top.i_dm_top/i_dm_csrs.sbdata_o_21__reg/Q_N    0.00    0.00   -0.00 (VIOLATED)
i_croc_soc/i_croc/i_dm_top.i_dm_top/i_dm_csrs.sbdata_o_22__reg/Q_N    0.00    0.00   -0.00 (VIOLATED)
i_croc_soc/i_croc/i_dm_top.i_dm_top/i_dm_csrs.sbdata_o_23__reg/Q_N    0.00    0.00   -0.00 (VIOLATED)
i_croc_soc/i_croc/i_dm_top.i_dm_top/i_dm_csrs.sbdata_o_24__reg/Q_N    0.00    0.00   -0.00 (VIOLATED)
i_croc_soc/i_croc/i_dm_top.i_dm_top/i_dm_csrs.sbdata_o_25__reg/Q_N    0.00    0.00   -0.00 (VIOLATED)
i_croc_soc/i_croc/i_dm_top.i_dm_top/i_dm_csrs.sbdata_o_26__reg/Q_N    0.00    0.00   -0.00 (VIOLATED)
i_croc_soc/i_croc/i_dm_top.i_dm_top/i_dm_csrs.sbdata_o_27__reg/Q_N    0.00    0.00   -0.00 (VIOLATED)
i_croc_soc/i_croc/i_dm_top.i_dm_top/i_dm_csrs.sbdata_o_28__reg/Q_N    0.00    0.00   -0.00 (VIOLATED)
i_croc_soc/i_croc/i_dm_top.i_dm_top/i_dm_csrs.sbdata_o_29__reg/Q_N    0.00    0.00   -0.00 (VIOLATED)
i_croc_soc/i_croc/i_dm_top.i_dm_top/i_dm_csrs.sbdata_o_2__reg/Q_N    0.00    0.00   -0.00 (VIOLATED)
i_croc_soc/i_croc/i_dm_top.i_dm_top/i_dm_csrs.sbdata_o_30__reg/Q_N    0.00    0.00   -0.00 (VIOLATED)
i_croc_soc/i_croc/i_dm_top.i_dm_top/i_dm_csrs.sbdata_o_31__reg/Q_N    0.00    0.00   -0.00 (VIOLATED)
i_croc_soc/i_croc/i_dm_top.i_dm_top/i_dm_csrs.sbdata_o_3__reg/Q_N    0.00    0.00   -0.00 (VIOLATED)
i_croc_soc/i_croc/i_dm_top.i_dm_top/i_dm_csrs.sbdata_o_4__reg/Q_N    0.00    0.00   -0.00 (VIOLATED)
i_croc_soc/i_croc/i_dm_top.i_dm_top/i_dm_csrs.sbdata_o_5__reg/Q_N    0.00    0.00   -0.00 (VIOLATED)
i_croc_soc/i_croc/i_dm_top.i_dm_top/i_dm_csrs.sbdata_o_6__reg/Q_N    0.00    0.00   -0.00 (VIOLATED)
i_croc_soc/i_croc/i_dm_top.i_dm_top/i_dm_csrs.sbdata_o_7__reg/Q_N    0.00    0.00   -0.00 (VIOLATED)
i_croc_soc/i_croc/i_dm_top.i_dm_top/i_dm_csrs.sbdata_o_8__reg/Q_N    0.00    0.00   -0.00 (VIOLATED)
i_croc_soc/i_croc/i_dm_top.i_dm_top/i_dm_csrs.sbdata_o_9__reg/Q_N    0.00    0.00   -0.00 (VIOLATED)
i_croc_soc/i_croc/i_dm_top.i_dm_top/i_dm_csrs.sbdata_q_32__reg/Q_N    0.00    0.00   -0.00 (VIOLATED)
i_croc_soc/i_croc/i_dm_top.i_dm_top/i_dm_csrs.sbdata_q_33__reg/Q_N    0.00    0.00   -0.00 (VIOLATED)
i_croc_soc/i_croc/i_dm_top.i_dm_top/i_dm_csrs.sbdata_q_34__reg/Q_N    0.00    0.00   -0.00 (VIOLATED)
i_croc_soc/i_croc/i_dm_top.i_dm_top/i_dm_csrs.sbdata_q_35__reg/Q_N    0.00    0.00   -0.00 (VIOLATED)
i_croc_soc/i_croc/i_dm_top.i_dm_top/i_dm_csrs.sbdata_q_36__reg/Q_N    0.00    0.00   -0.00 (VIOLATED)
i_croc_soc/i_croc/i_dm_top.i_dm_top/i_dm_csrs.sbdata_q_37__reg/Q_N    0.00    0.00   -0.00 (VIOLATED)
i_croc_soc/i_croc/i_dm_top.i_dm_top/i_dm_csrs.sbdata_q_38__reg/Q_N    0.00    0.00   -0.00 (VIOLATED)
i_croc_soc/i_croc/i_dm_top.i_dm_top/i_dm_csrs.sbdata_q_39__reg/Q_N    0.00    0.00   -0.00 (VIOLATED)
i_croc_soc/i_croc/i_dm_top.i_dm_top/i_dm_csrs.sbdata_q_40__reg/Q_N    0.00    0.00   -0.00 (VIOLATED)
i_croc_soc/i_croc/i_dm_top.i_dm_top/i_dm_csrs.sbdata_q_41__reg/Q_N    0.00    0.00   -0.00 (VIOLATED)
i_croc_soc/i_croc/i_dm_top.i_dm_top/i_dm_csrs.sbdata_q_42__reg/Q_N    0.00    0.00   -0.00 (VIOLATED)
i_croc_soc/i_croc/i_dm_top.i_dm_top/i_dm_csrs.sbdata_q_43__reg/Q_N    0.00    0.00   -0.00 (VIOLATED)
i_croc_soc/i_croc/i_dm_top.i_dm_top/i_dm_csrs.sbdata_q_44__reg/Q_N    0.00    0.00   -0.00 (VIOLATED)
i_croc_soc/i_croc/i_dm_top.i_dm_top/i_dm_csrs.sbdata_q_45__reg/Q_N    0.00    0.00   -0.00 (VIOLATED)
i_croc_soc/i_croc/i_dm_top.i_dm_top/i_dm_csrs.sbdata_q_46__reg/Q_N    0.00    0.00   -0.00 (VIOLATED)
i_croc_soc/i_croc/i_dm_top.i_dm_top/i_dm_csrs.sbdata_q_47__reg/Q_N    0.00    0.00   -0.00 (VIOLATED)
i_croc_soc/i_croc/i_dm_top.i_dm_top/i_dm_csrs.sbdata_q_48__reg/Q_N    0.00    0.00   -0.00 (VIOLATED)
i_croc_soc/i_croc/i_dm_top.i_dm_top/i_dm_csrs.sbdata_q_49__reg/Q_N    0.00    0.00   -0.00 (VIOLATED)
i_croc_soc/i_croc/i_dm_top.i_dm_top/i_dm_csrs.sbdata_q_50__reg/Q_N    0.00    0.00   -0.00 (VIOLATED)
i_croc_soc/i_croc/i_dm_top.i_dm_top/i_dm_csrs.sbdata_q_51__reg/Q_N    0.00    0.00   -0.00 (VIOLATED)
i_croc_soc/i_croc/i_dm_top.i_dm_top/i_dm_csrs.sbdata_q_52__reg/Q_N    0.00    0.00   -0.00 (VIOLATED)
i_croc_soc/i_croc/i_dm_top.i_dm_top/i_dm_csrs.sbdata_q_53__reg/Q_N    0.00    0.00   -0.00 (VIOLATED)
i_croc_soc/i_croc/i_dm_top.i_dm_top/i_dm_csrs.sbdata_q_54__reg/Q_N    0.00    0.00   -0.00 (VIOLATED)
i_croc_soc/i_croc/i_dm_top.i_dm_top/i_dm_csrs.sbdata_q_55__reg/Q_N    0.00    0.00   -0.00 (VIOLATED)
i_croc_soc/i_croc/i_dm_top.i_dm_top/i_dm_csrs.sbdata_q_56__reg/Q_N    0.00    0.00   -0.00 (VIOLATED)
i_croc_soc/i_croc/i_dm_top.i_dm_top/i_dm_csrs.sbdata_q_57__reg/Q_N    0.00    0.00   -0.00 (VIOLATED)
i_croc_soc/i_croc/i_dm_top.i_dm_top/i_dm_csrs.sbdata_q_58__reg/Q_N    0.00    0.00   -0.00 (VIOLATED)
i_croc_soc/i_croc/i_dm_top.i_dm_top/i_dm_csrs.sbdata_q_59__reg/Q_N    0.00    0.00   -0.00 (VIOLATED)
i_croc_soc/i_croc/i_dm_top.i_dm_top/i_dm_csrs.sbdata_q_60__reg/Q_N    0.00    0.00   -0.00 (VIOLATED)
i_croc_soc/i_croc/i_dm_top.i_dm_top/i_dm_csrs.sbdata_q_61__reg/Q_N    0.00    0.00   -0.00 (VIOLATED)
i_croc_soc/i_croc/i_dm_top.i_dm_top/i_dm_csrs.sbdata_q_62__reg/Q_N    0.00    0.00   -0.00 (VIOLATED)
i_croc_soc/i_croc/i_dm_top.i_dm_top/i_dm_csrs.sbdata_q_63__reg/Q_N    0.00    0.00   -0.00 (VIOLATED)
i_croc_soc/i_croc/i_dm_top.i_dm_top/i_dm_csrs.sbreadonaddr_o_reg/Q_N    0.00    0.00   -0.00 (VIOLATED)
i_croc_soc/i_croc/i_dm_top.i_dm_top/i_dm_csrs.sbreadondata_o_reg/Q_N    0.00    0.00   -0.00 (VIOLATED)
i_croc_soc/i_croc/i_dm_top.i_dm_top/i_dm_mem.fwd_rom_q_reg/Q_N    0.00    0.00   -0.00 (VIOLATED)
i_croc_soc/i_croc/i_dm_top.i_dm_top/i_dm_mem.rdata_q_0__reg/Q_N    0.00    0.00   -0.00 (VIOLATED)
i_croc_soc/i_croc/i_dm_top.i_dm_top/i_dm_mem.rdata_q_10__reg/Q_N    0.00    0.00   -0.00 (VIOLATED)
i_croc_soc/i_croc/i_dm_top.i_dm_top/i_dm_mem.rdata_q_11__reg/Q_N    0.00    0.00   -0.00 (VIOLATED)
i_croc_soc/i_croc/i_dm_top.i_dm_top/i_dm_mem.rdata_q_12__reg/Q_N    0.00    0.00   -0.00 (VIOLATED)
i_croc_soc/i_croc/i_dm_top.i_dm_top/i_dm_mem.rdata_q_13__reg/Q_N    0.00    0.00   -0.00 (VIOLATED)
i_croc_soc/i_croc/i_dm_top.i_dm_top/i_dm_mem.rdata_q_14__reg/Q_N    0.00    0.00   -0.00 (VIOLATED)
i_croc_soc/i_croc/i_dm_top.i_dm_top/i_dm_mem.rdata_q_15__reg/Q_N    0.00    0.00   -0.00 (VIOLATED)
i_croc_soc/i_croc/i_dm_top.i_dm_top/i_dm_mem.rdata_q_16__reg/Q_N    0.00    0.00   -0.00 (VIOLATED)
i_croc_soc/i_croc/i_dm_top.i_dm_top/i_dm_mem.rdata_q_17__reg/Q_N    0.00    0.00   -0.00 (VIOLATED)
i_croc_soc/i_croc/i_dm_top.i_dm_top/i_dm_mem.rdata_q_18__reg/Q_N    0.00    0.00   -0.00 (VIOLATED)
i_croc_soc/i_croc/i_dm_top.i_dm_top/i_dm_mem.rdata_q_19__reg/Q_N    0.00    0.00   -0.00 (VIOLATED)
i_croc_soc/i_croc/i_dm_top.i_dm_top/i_dm_mem.rdata_q_1__reg/Q_N    0.00    0.00   -0.00 (VIOLATED)
i_croc_soc/i_croc/i_dm_top.i_dm_top/i_dm_mem.rdata_q_20__reg/Q_N    0.00    0.00   -0.00 (VIOLATED)
i_croc_soc/i_croc/i_dm_top.i_dm_top/i_dm_mem.rdata_q_21__reg/Q_N    0.00    0.00   -0.00 (VIOLATED)
i_croc_soc/i_croc/i_dm_top.i_dm_top/i_dm_mem.rdata_q_22__reg/Q_N    0.00    0.00   -0.00 (VIOLATED)
i_croc_soc/i_croc/i_dm_top.i_dm_top/i_dm_mem.rdata_q_23__reg/Q_N    0.00    0.00   -0.00 (VIOLATED)
i_croc_soc/i_croc/i_dm_top.i_dm_top/i_dm_mem.rdata_q_24__reg/Q_N    0.00    0.00   -0.00 (VIOLATED)
i_croc_soc/i_croc/i_dm_top.i_dm_top/i_dm_mem.rdata_q_25__reg/Q_N    0.00    0.00   -0.00 (VIOLATED)
i_croc_soc/i_croc/i_dm_top.i_dm_top/i_dm_mem.rdata_q_26__reg/Q_N    0.00    0.00   -0.00 (VIOLATED)
i_croc_soc/i_croc/i_dm_top.i_dm_top/i_dm_mem.rdata_q_27__reg/Q_N    0.00    0.00   -0.00 (VIOLATED)
i_croc_soc/i_croc/i_dm_top.i_dm_top/i_dm_mem.rdata_q_28__reg/Q_N    0.00    0.00   -0.00 (VIOLATED)
i_croc_soc/i_croc/i_dm_top.i_dm_top/i_dm_mem.rdata_q_29__reg/Q_N    0.00    0.00   -0.00 (VIOLATED)
i_croc_soc/i_croc/i_dm_top.i_dm_top/i_dm_mem.rdata_q_2__reg/Q_N    0.00    0.00   -0.00 (VIOLATED)
i_croc_soc/i_croc/i_dm_top.i_dm_top/i_dm_mem.rdata_q_30__reg/Q_N    0.00    0.00   -0.00 (VIOLATED)
i_croc_soc/i_croc/i_dm_top.i_dm_top/i_dm_mem.rdata_q_31__reg/Q_N    0.00    0.00   -0.00 (VIOLATED)
i_croc_soc/i_croc/i_dm_top.i_dm_top/i_dm_mem.rdata_q_32__reg/Q_N    0.00    0.00   -0.00 (VIOLATED)
i_croc_soc/i_croc/i_dm_top.i_dm_top/i_dm_mem.rdata_q_33__reg/Q_N    0.00    0.00   -0.00 (VIOLATED)
i_croc_soc/i_croc/i_dm_top.i_dm_top/i_dm_mem.rdata_q_34__reg/Q_N    0.00    0.00   -0.00 (VIOLATED)
i_croc_soc/i_croc/i_dm_top.i_dm_top/i_dm_mem.rdata_q_35__reg/Q_N    0.00    0.00   -0.00 (VIOLATED)
i_croc_soc/i_croc/i_dm_top.i_dm_top/i_dm_mem.rdata_q_36__reg/Q_N    0.00    0.00   -0.00 (VIOLATED)
i_croc_soc/i_croc/i_dm_top.i_dm_top/i_dm_mem.rdata_q_37__reg/Q_N    0.00    0.00   -0.00 (VIOLATED)
i_croc_soc/i_croc/i_dm_top.i_dm_top/i_dm_mem.rdata_q_38__reg/Q_N    0.00    0.00   -0.00 (VIOLATED)
i_croc_soc/i_croc/i_dm_top.i_dm_top/i_dm_mem.rdata_q_39__reg/Q_N    0.00    0.00   -0.00 (VIOLATED)
i_croc_soc/i_croc/i_dm_top.i_dm_top/i_dm_mem.rdata_q_3__reg/Q_N    0.00    0.00   -0.00 (VIOLATED)
i_croc_soc/i_croc/i_dm_top.i_dm_top/i_dm_mem.rdata_q_40__reg/Q_N    0.00    0.00   -0.00 (VIOLATED)
i_croc_soc/i_croc/i_dm_top.i_dm_top/i_dm_mem.rdata_q_41__reg/Q_N    0.00    0.00   -0.00 (VIOLATED)
i_croc_soc/i_croc/i_dm_top.i_dm_top/i_dm_mem.rdata_q_42__reg/Q_N    0.00    0.00   -0.00 (VIOLATED)
i_croc_soc/i_croc/i_dm_top.i_dm_top/i_dm_mem.rdata_q_43__reg/Q_N    0.00    0.00   -0.00 (VIOLATED)
i_croc_soc/i_croc/i_dm_top.i_dm_top/i_dm_mem.rdata_q_44__reg/Q_N    0.00    0.00   -0.00 (VIOLATED)
i_croc_soc/i_croc/i_dm_top.i_dm_top/i_dm_mem.rdata_q_45__reg/Q_N    0.00    0.00   -0.00 (VIOLATED)
i_croc_soc/i_croc/i_dm_top.i_dm_top/i_dm_mem.rdata_q_46__reg/Q_N    0.00    0.00   -0.00 (VIOLATED)
i_croc_soc/i_croc/i_dm_top.i_dm_top/i_dm_mem.rdata_q_47__reg/Q_N    0.00    0.00   -0.00 (VIOLATED)
i_croc_soc/i_croc/i_dm_top.i_dm_top/i_dm_mem.rdata_q_48__reg/Q_N    0.00    0.00   -0.00 (VIOLATED)
i_croc_soc/i_croc/i_dm_top.i_dm_top/i_dm_mem.rdata_q_49__reg/Q_N    0.00    0.00   -0.00 (VIOLATED)
i_croc_soc/i_croc/i_dm_top.i_dm_top/i_dm_mem.rdata_q_4__reg/Q_N    0.00    0.00   -0.00 (VIOLATED)
i_croc_soc/i_croc/i_dm_top.i_dm_top/i_dm_mem.rdata_q_50__reg/Q_N    0.00    0.00   -0.00 (VIOLATED)
i_croc_soc/i_croc/i_dm_top.i_dm_top/i_dm_mem.rdata_q_51__reg/Q_N    0.00    0.00   -0.00 (VIOLATED)
i_croc_soc/i_croc/i_dm_top.i_dm_top/i_dm_mem.rdata_q_52__reg/Q_N    0.00    0.00   -0.00 (VIOLATED)
i_croc_soc/i_croc/i_dm_top.i_dm_top/i_dm_mem.rdata_q_53__reg/Q_N    0.00    0.00   -0.00 (VIOLATED)
i_croc_soc/i_croc/i_dm_top.i_dm_top/i_dm_mem.rdata_q_54__reg/Q_N    0.00    0.00   -0.00 (VIOLATED)
i_croc_soc/i_croc/i_dm_top.i_dm_top/i_dm_mem.rdata_q_55__reg/Q_N    0.00    0.00   -0.00 (VIOLATED)
i_croc_soc/i_croc/i_dm_top.i_dm_top/i_dm_mem.rdata_q_56__reg/Q_N    0.00    0.00   -0.00 (VIOLATED)
i_croc_soc/i_croc/i_dm_top.i_dm_top/i_dm_mem.rdata_q_57__reg/Q_N    0.00    0.00   -0.00 (VIOLATED)
i_croc_soc/i_croc/i_dm_top.i_dm_top/i_dm_mem.rdata_q_58__reg/Q_N    0.00    0.00   -0.00 (VIOLATED)
i_croc_soc/i_croc/i_dm_top.i_dm_top/i_dm_mem.rdata_q_59__reg/Q_N    0.00    0.00   -0.00 (VIOLATED)
i_croc_soc/i_croc/i_dm_top.i_dm_top/i_dm_mem.rdata_q_5__reg/Q_N    0.00    0.00   -0.00 (VIOLATED)
i_croc_soc/i_croc/i_dm_top.i_dm_top/i_dm_mem.rdata_q_60__reg/Q_N    0.00    0.00   -0.00 (VIOLATED)
i_croc_soc/i_croc/i_dm_top.i_dm_top/i_dm_mem.rdata_q_61__reg/Q_N    0.00    0.00   -0.00 (VIOLATED)
i_croc_soc/i_croc/i_dm_top.i_dm_top/i_dm_mem.rdata_q_62__reg/Q_N    0.00    0.00   -0.00 (VIOLATED)
i_croc_soc/i_croc/i_dm_top.i_dm_top/i_dm_mem.rdata_q_63__reg/Q_N    0.00    0.00   -0.00 (VIOLATED)
i_croc_soc/i_croc/i_dm_top.i_dm_top/i_dm_mem.rdata_q_6__reg/Q_N    0.00    0.00   -0.00 (VIOLATED)
i_croc_soc/i_croc/i_dm_top.i_dm_top/i_dm_mem.rdata_q_7__reg/Q_N    0.00    0.00   -0.00 (VIOLATED)
i_croc_soc/i_croc/i_dm_top.i_dm_top/i_dm_mem.rdata_q_8__reg/Q_N    0.00    0.00   -0.00 (VIOLATED)
i_croc_soc/i_croc/i_dm_top.i_dm_top/i_dm_mem.rdata_q_9__reg/Q_N    0.00    0.00   -0.00 (VIOLATED)
i_croc_soc/i_croc/i_dm_top.i_dm_top/i_dm_mem.word_enable32_q_reg/Q_N    0.00    0.00   -0.00 (VIOLATED)
i_croc_soc/i_croc/i_dm_top.i_dm_top/master_add_o[10]_reg/Q_N    0.00    0.00   -0.00 (VIOLATED)
i_croc_soc/i_croc/i_dm_top.i_dm_top/master_add_o[11]_reg/Q_N    0.00    0.00   -0.00 (VIOLATED)
i_croc_soc/i_croc/i_dm_top.i_dm_top/master_add_o[12]_reg/Q_N    0.00    0.00   -0.00 (VIOLATED)
i_croc_soc/i_croc/i_dm_top.i_dm_top/master_add_o[13]_reg/Q_N    0.00    0.00   -0.00 (VIOLATED)
i_croc_soc/i_croc/i_dm_top.i_dm_top/master_add_o[14]_reg/Q_N    0.00    0.00   -0.00 (VIOLATED)
i_croc_soc/i_croc/i_dm_top.i_dm_top/master_add_o[15]_reg/Q_N    0.00    0.00   -0.00 (VIOLATED)
i_croc_soc/i_croc/i_dm_top.i_dm_top/master_add_o[16]_reg/Q_N    0.00    0.00   -0.00 (VIOLATED)
i_croc_soc/i_croc/i_dm_top.i_dm_top/master_add_o[17]_reg/Q_N    0.00    0.00   -0.00 (VIOLATED)
i_croc_soc/i_croc/i_dm_top.i_dm_top/master_add_o[18]_reg/Q_N    0.00    0.00   -0.00 (VIOLATED)
i_croc_soc/i_croc/i_dm_top.i_dm_top/master_add_o[19]_reg/Q_N    0.00    0.00   -0.00 (VIOLATED)
i_croc_soc/i_croc/i_dm_top.i_dm_top/master_add_o[20]_reg/Q_N    0.00    0.00   -0.00 (VIOLATED)
i_croc_soc/i_croc/i_dm_top.i_dm_top/master_add_o[21]_reg/Q_N    0.00    0.00   -0.00 (VIOLATED)
i_croc_soc/i_croc/i_dm_top.i_dm_top/master_add_o[22]_reg/Q_N    0.00    0.00   -0.00 (VIOLATED)
i_croc_soc/i_croc/i_dm_top.i_dm_top/master_add_o[23]_reg/Q_N    0.00    0.00   -0.00 (VIOLATED)
i_croc_soc/i_croc/i_dm_top.i_dm_top/master_add_o[24]_reg/Q_N    0.00    0.00   -0.00 (VIOLATED)
i_croc_soc/i_croc/i_dm_top.i_dm_top/master_add_o[25]_reg/Q_N    0.00    0.00   -0.00 (VIOLATED)
i_croc_soc/i_croc/i_dm_top.i_dm_top/master_add_o[26]_reg/Q_N    0.00    0.00   -0.00 (VIOLATED)
i_croc_soc/i_croc/i_dm_top.i_dm_top/master_add_o[27]_reg/Q_N    0.00    0.00   -0.00 (VIOLATED)
i_croc_soc/i_croc/i_dm_top.i_dm_top/master_add_o[28]_reg/Q_N    0.00    0.00   -0.00 (VIOLATED)
i_croc_soc/i_croc/i_dm_top.i_dm_top/master_add_o[29]_reg/Q_N    0.00    0.00   -0.00 (VIOLATED)
i_croc_soc/i_croc/i_dm_top.i_dm_top/master_add_o[2]_reg/Q_N    0.00    0.00   -0.00 (VIOLATED)
i_croc_soc/i_croc/i_dm_top.i_dm_top/master_add_o[30]_reg/Q_N    0.00    0.00   -0.00 (VIOLATED)
i_croc_soc/i_croc/i_dm_top.i_dm_top/master_add_o[31]_reg/Q_N    0.00    0.00   -0.00 (VIOLATED)
i_croc_soc/i_croc/i_dm_top.i_dm_top/master_add_o[3]_reg/Q_N    0.00    0.00   -0.00 (VIOLATED)
i_croc_soc/i_croc/i_dm_top.i_dm_top/master_add_o[4]_reg/Q_N    0.00    0.00   -0.00 (VIOLATED)
i_croc_soc/i_croc/i_dm_top.i_dm_top/master_add_o[5]_reg/Q_N    0.00    0.00   -0.00 (VIOLATED)
i_croc_soc/i_croc/i_dm_top.i_dm_top/master_add_o[6]_reg/Q_N    0.00    0.00   -0.00 (VIOLATED)
i_croc_soc/i_croc/i_dm_top.i_dm_top/master_add_o[7]_reg/Q_N    0.00    0.00   -0.00 (VIOLATED)
i_croc_soc/i_croc/i_dm_top.i_dm_top/master_add_o[8]_reg/Q_N    0.00    0.00   -0.00 (VIOLATED)
i_croc_soc/i_croc/i_dm_top.i_dm_top/master_add_o[9]_reg/Q_N    0.00    0.00   -0.00 (VIOLATED)
i_croc_soc/i_croc/i_dm_top.i_dm_top/ndmreset_o_reg/Q_N    0.00    0.00   -0.00 (VIOLATED)
i_croc_soc/i_croc/i_dm_top.slave_rvalid_o_reg/Q_N    0.00    0.00   -0.00 (VIOLATED)
i_croc_soc/i_croc/i_dmi_jtag/address_q_0__reg/Q_N    0.00    0.00   -0.00 (VIOLATED)
i_croc_soc/i_croc/i_dmi_jtag/address_q_1__reg/Q_N    0.00    0.00   -0.00 (VIOLATED)
i_croc_soc/i_croc/i_dmi_jtag/address_q_2__reg/Q_N    0.00    0.00   -0.00 (VIOLATED)
i_croc_soc/i_croc/i_dmi_jtag/address_q_3__reg/Q_N    0.00    0.00   -0.00 (VIOLATED)
i_croc_soc/i_croc/i_dmi_jtag/address_q_4__reg/Q_N    0.00    0.00   -0.00 (VIOLATED)
i_croc_soc/i_croc/i_dmi_jtag/address_q_5__reg/Q_N    0.00    0.00   -0.00 (VIOLATED)
i_croc_soc/i_croc/i_dmi_jtag/address_q_6__reg/Q_N    0.00    0.00   -0.00 (VIOLATED)
i_croc_soc/i_croc/i_dmi_jtag/data_q_0__reg/Q_N    0.00    0.00   -0.00 (VIOLATED)
i_croc_soc/i_croc/i_dmi_jtag/data_q_10__reg/Q_N    0.00    0.00   -0.00 (VIOLATED)
i_croc_soc/i_croc/i_dmi_jtag/data_q_11__reg/Q_N    0.00    0.00   -0.00 (VIOLATED)
i_croc_soc/i_croc/i_dmi_jtag/data_q_12__reg/Q_N    0.00    0.00   -0.00 (VIOLATED)
i_croc_soc/i_croc/i_dmi_jtag/data_q_13__reg/Q_N    0.00    0.00   -0.00 (VIOLATED)
i_croc_soc/i_croc/i_dmi_jtag/data_q_14__reg/Q_N    0.00    0.00   -0.00 (VIOLATED)
i_croc_soc/i_croc/i_dmi_jtag/data_q_15__reg/Q_N    0.00    0.00   -0.00 (VIOLATED)
i_croc_soc/i_croc/i_dmi_jtag/data_q_16__reg/Q_N    0.00    0.00   -0.00 (VIOLATED)
i_croc_soc/i_croc/i_dmi_jtag/data_q_17__reg/Q_N    0.00    0.00   -0.00 (VIOLATED)
i_croc_soc/i_croc/i_dmi_jtag/data_q_18__reg/Q_N    0.00    0.00   -0.00 (VIOLATED)
i_croc_soc/i_croc/i_dmi_jtag/data_q_19__reg/Q_N    0.00    0.00   -0.00 (VIOLATED)
i_croc_soc/i_croc/i_dmi_jtag/data_q_1__reg/Q_N    0.00    0.00   -0.00 (VIOLATED)
i_croc_soc/i_croc/i_dmi_jtag/data_q_20__reg/Q_N    0.00    0.00   -0.00 (VIOLATED)
i_croc_soc/i_croc/i_dmi_jtag/data_q_21__reg/Q_N    0.00    0.00   -0.00 (VIOLATED)
i_croc_soc/i_croc/i_dmi_jtag/data_q_22__reg/Q_N    0.00    0.00   -0.00 (VIOLATED)
i_croc_soc/i_croc/i_dmi_jtag/data_q_23__reg/Q_N    0.00    0.00   -0.00 (VIOLATED)
i_croc_soc/i_croc/i_dmi_jtag/data_q_24__reg/Q_N    0.00    0.00   -0.00 (VIOLATED)
i_croc_soc/i_croc/i_dmi_jtag/data_q_25__reg/Q_N    0.00    0.00   -0.00 (VIOLATED)
i_croc_soc/i_croc/i_dmi_jtag/data_q_26__reg/Q_N    0.00    0.00   -0.00 (VIOLATED)
i_croc_soc/i_croc/i_dmi_jtag/data_q_27__reg/Q_N    0.00    0.00   -0.00 (VIOLATED)
i_croc_soc/i_croc/i_dmi_jtag/data_q_28__reg/Q_N    0.00    0.00   -0.00 (VIOLATED)
i_croc_soc/i_croc/i_dmi_jtag/data_q_29__reg/Q_N    0.00    0.00   -0.00 (VIOLATED)
i_croc_soc/i_croc/i_dmi_jtag/data_q_2__reg/Q_N    0.00    0.00   -0.00 (VIOLATED)
i_croc_soc/i_croc/i_dmi_jtag/data_q_30__reg/Q_N    0.00    0.00   -0.00 (VIOLATED)
i_croc_soc/i_croc/i_dmi_jtag/data_q_31__reg/Q_N    0.00    0.00   -0.00 (VIOLATED)
i_croc_soc/i_croc/i_dmi_jtag/data_q_3__reg/Q_N    0.00    0.00   -0.00 (VIOLATED)
i_croc_soc/i_croc/i_dmi_jtag/data_q_4__reg/Q_N    0.00    0.00   -0.00 (VIOLATED)
i_croc_soc/i_croc/i_dmi_jtag/data_q_5__reg/Q_N    0.00    0.00   -0.00 (VIOLATED)
i_croc_soc/i_croc/i_dmi_jtag/data_q_6__reg/Q_N    0.00    0.00   -0.00 (VIOLATED)
i_croc_soc/i_croc/i_dmi_jtag/data_q_7__reg/Q_N    0.00    0.00   -0.00 (VIOLATED)
i_croc_soc/i_croc/i_dmi_jtag/data_q_8__reg/Q_N    0.00    0.00   -0.00 (VIOLATED)
i_croc_soc/i_croc/i_dmi_jtag/data_q_9__reg/Q_N    0.00    0.00   -0.00 (VIOLATED)
i_croc_soc/i_croc/i_dmi_jtag/dmi_10__reg/Q_N    0.00    0.00   -0.00 (VIOLATED)
i_croc_soc/i_croc/i_dmi_jtag/dmi_11__reg/Q_N    0.00    0.00   -0.00 (VIOLATED)
i_croc_soc/i_croc/i_dmi_jtag/dmi_12__reg/Q_N    0.00    0.00   -0.00 (VIOLATED)
i_croc_soc/i_croc/i_dmi_jtag/dmi_13__reg/Q_N    0.00    0.00   -0.00 (VIOLATED)
i_croc_soc/i_croc/i_dmi_jtag/dmi_14__reg/Q_N    0.00    0.00   -0.00 (VIOLATED)
i_croc_soc/i_croc/i_dmi_jtag/dmi_15__reg/Q_N    0.00    0.00   -0.00 (VIOLATED)
i_croc_soc/i_croc/i_dmi_jtag/dmi_16__reg/Q_N    0.00    0.00   -0.00 (VIOLATED)
i_croc_soc/i_croc/i_dmi_jtag/dmi_17__reg/Q_N    0.00    0.00   -0.00 (VIOLATED)
i_croc_soc/i_croc/i_dmi_jtag/dmi_18__reg/Q_N    0.00    0.00   -0.00 (VIOLATED)
i_croc_soc/i_croc/i_dmi_jtag/dmi_19__reg/Q_N    0.00    0.00   -0.00 (VIOLATED)
i_croc_soc/i_croc/i_dmi_jtag/dmi_20__reg/Q_N    0.00    0.00   -0.00 (VIOLATED)
i_croc_soc/i_croc/i_dmi_jtag/dmi_21__reg/Q_N    0.00    0.00   -0.00 (VIOLATED)
i_croc_soc/i_croc/i_dmi_jtag/dmi_22__reg/Q_N    0.00    0.00   -0.00 (VIOLATED)
i_croc_soc/i_croc/i_dmi_jtag/dmi_23__reg/Q_N    0.00    0.00   -0.00 (VIOLATED)
i_croc_soc/i_croc/i_dmi_jtag/dmi_24__reg/Q_N    0.00    0.00   -0.00 (VIOLATED)
i_croc_soc/i_croc/i_dmi_jtag/dmi_25__reg/Q_N    0.00    0.00   -0.00 (VIOLATED)
i_croc_soc/i_croc/i_dmi_jtag/dmi_26__reg/Q_N    0.00    0.00   -0.00 (VIOLATED)
i_croc_soc/i_croc/i_dmi_jtag/dmi_27__reg/Q_N    0.00    0.00   -0.00 (VIOLATED)
i_croc_soc/i_croc/i_dmi_jtag/dmi_28__reg/Q_N    0.00    0.00   -0.00 (VIOLATED)
i_croc_soc/i_croc/i_dmi_jtag/dmi_29__reg/Q_N    0.00    0.00   -0.00 (VIOLATED)
i_croc_soc/i_croc/i_dmi_jtag/dmi_2__reg/Q_N    0.00    0.00   -0.00 (VIOLATED)
i_croc_soc/i_croc/i_dmi_jtag/dmi_30__reg/Q_N    0.00    0.00   -0.00 (VIOLATED)
i_croc_soc/i_croc/i_dmi_jtag/dmi_31__reg/Q_N    0.00    0.00   -0.00 (VIOLATED)
i_croc_soc/i_croc/i_dmi_jtag/dmi_32__reg/Q_N    0.00    0.00   -0.00 (VIOLATED)
i_croc_soc/i_croc/i_dmi_jtag/dmi_33__reg/Q_N    0.00    0.00   -0.00 (VIOLATED)
i_croc_soc/i_croc/i_dmi_jtag/dmi_34__reg/Q_N    0.00    0.00   -0.00 (VIOLATED)
i_croc_soc/i_croc/i_dmi_jtag/dmi_35__reg/Q_N    0.00    0.00   -0.00 (VIOLATED)
i_croc_soc/i_croc/i_dmi_jtag/dmi_36__reg/Q_N    0.00    0.00   -0.00 (VIOLATED)
i_croc_soc/i_croc/i_dmi_jtag/dmi_37__reg/Q_N    0.00    0.00   -0.00 (VIOLATED)
i_croc_soc/i_croc/i_dmi_jtag/dmi_38__reg/Q_N    0.00    0.00   -0.00 (VIOLATED)
i_croc_soc/i_croc/i_dmi_jtag/dmi_39__reg/Q_N    0.00    0.00   -0.00 (VIOLATED)
i_croc_soc/i_croc/i_dmi_jtag/dmi_3__reg/Q_N    0.00    0.00   -0.00 (VIOLATED)
i_croc_soc/i_croc/i_dmi_jtag/dmi_40__reg/Q_N    0.00    0.00   -0.00 (VIOLATED)
i_croc_soc/i_croc/i_dmi_jtag/dmi_4__reg/Q_N    0.00    0.00   -0.00 (VIOLATED)
i_croc_soc/i_croc/i_dmi_jtag/dmi_5__reg/Q_N    0.00    0.00   -0.00 (VIOLATED)
i_croc_soc/i_croc/i_dmi_jtag/dmi_6__reg/Q_N    0.00    0.00   -0.00 (VIOLATED)
i_croc_soc/i_croc/i_dmi_jtag/dmi_7__reg/Q_N    0.00    0.00   -0.00 (VIOLATED)
i_croc_soc/i_croc/i_dmi_jtag/dmi_8__reg/Q_N    0.00    0.00   -0.00 (VIOLATED)
i_croc_soc/i_croc/i_dmi_jtag/dmi_9__reg/Q_N    0.00    0.00   -0.00 (VIOLATED)
i_croc_soc/i_croc/i_dmi_jtag/dmi_rst_no_reg/Q    0.00    0.00   -0.00 (VIOLATED)
i_croc_soc/i_croc/i_dmi_jtag/dtmcs_q_10__reg/Q_N    0.00    0.00   -0.00 (VIOLATED)
i_croc_soc/i_croc/i_dmi_jtag/dtmcs_q_11__reg/Q_N    0.00    0.00   -0.00 (VIOLATED)
i_croc_soc/i_croc/i_dmi_jtag/dtmcs_q_12__reg/Q_N    0.00    0.00   -0.00 (VIOLATED)
i_croc_soc/i_croc/i_dmi_jtag/dtmcs_q_13__reg/Q_N    0.00    0.00   -0.00 (VIOLATED)
i_croc_soc/i_croc/i_dmi_jtag/dtmcs_q_14__reg/Q_N    0.00    0.00   -0.00 (VIOLATED)
i_croc_soc/i_croc/i_dmi_jtag/dtmcs_q_15__reg/Q_N    0.00    0.00   -0.00 (VIOLATED)
i_croc_soc/i_croc/i_dmi_jtag/dtmcs_q_16__reg/Q_N    0.00    0.00   -0.00 (VIOLATED)
i_croc_soc/i_croc/i_dmi_jtag/dtmcs_q_17__reg/Q_N    0.00    0.00   -0.00 (VIOLATED)
i_croc_soc/i_croc/i_dmi_jtag/dtmcs_q_18__reg/Q_N    0.00    0.00   -0.00 (VIOLATED)
i_croc_soc/i_croc/i_dmi_jtag/dtmcs_q_19__reg/Q_N    0.00    0.00   -0.00 (VIOLATED)
i_croc_soc/i_croc/i_dmi_jtag/dtmcs_q_1__reg/Q_N    0.00    0.00   -0.00 (VIOLATED)
i_croc_soc/i_croc/i_dmi_jtag/dtmcs_q_20__reg/Q_N    0.00    0.00   -0.00 (VIOLATED)
i_croc_soc/i_croc/i_dmi_jtag/dtmcs_q_21__reg/Q_N    0.00    0.00   -0.00 (VIOLATED)
i_croc_soc/i_croc/i_dmi_jtag/dtmcs_q_22__reg/Q_N    0.00    0.00   -0.00 (VIOLATED)
i_croc_soc/i_croc/i_dmi_jtag/dtmcs_q_23__reg/Q_N    0.00    0.00   -0.00 (VIOLATED)
i_croc_soc/i_croc/i_dmi_jtag/dtmcs_q_24__reg/Q_N    0.00    0.00   -0.00 (VIOLATED)
i_croc_soc/i_croc/i_dmi_jtag/dtmcs_q_25__reg/Q_N    0.00    0.00   -0.00 (VIOLATED)
i_croc_soc/i_croc/i_dmi_jtag/dtmcs_q_26__reg/Q_N    0.00    0.00   -0.00 (VIOLATED)
i_croc_soc/i_croc/i_dmi_jtag/dtmcs_q_27__reg/Q_N    0.00    0.00   -0.00 (VIOLATED)
i_croc_soc/i_croc/i_dmi_jtag/dtmcs_q_28__reg/Q_N    0.00    0.00   -0.00 (VIOLATED)
i_croc_soc/i_croc/i_dmi_jtag/dtmcs_q_29__reg/Q_N    0.00    0.00   -0.00 (VIOLATED)
i_croc_soc/i_croc/i_dmi_jtag/dtmcs_q_2__reg/Q_N    0.00    0.00   -0.00 (VIOLATED)
i_croc_soc/i_croc/i_dmi_jtag/dtmcs_q_30__reg/Q_N    0.00    0.00   -0.00 (VIOLATED)
i_croc_soc/i_croc/i_dmi_jtag/dtmcs_q_31__reg/Q_N    0.00    0.00   -0.00 (VIOLATED)
i_croc_soc/i_croc/i_dmi_jtag/dtmcs_q_3__reg/Q_N    0.00    0.00   -0.00 (VIOLATED)
i_croc_soc/i_croc/i_dmi_jtag/dtmcs_q_4__reg/Q_N    0.00    0.00   -0.00 (VIOLATED)
i_croc_soc/i_croc/i_dmi_jtag/dtmcs_q_5__reg/Q_N    0.00    0.00   -0.00 (VIOLATED)
i_croc_soc/i_croc/i_dmi_jtag/dtmcs_q_6__reg/Q_N    0.00    0.00   -0.00 (VIOLATED)
i_croc_soc/i_croc/i_dmi_jtag/dtmcs_q_7__reg/Q_N    0.00    0.00   -0.00 (VIOLATED)
i_croc_soc/i_croc/i_dmi_jtag/dtmcs_q_8__reg/Q_N    0.00    0.00   -0.00 (VIOLATED)
i_croc_soc/i_croc/i_dmi_jtag/dtmcs_q_9__reg/Q_N    0.00    0.00   -0.00 (VIOLATED)
i_croc_soc/i_croc/i_dmi_jtag/i_dmi_cdc.core_clear_pending_q_reg/Q    0.00    0.00   -0.00 (VIOLATED)
i_croc_soc/i_croc/i_dmi_jtag/i_dmi_cdc.i_cdc_req/i_cdc_reset_ctrlr/i_cdc_reset_ctrlr_half_a/i_state_transition_cdc_dst/async_ack_o_reg/Q_N    0.00    0.00   -0.00 (VIOLATED)
i_croc_soc/i_croc/i_dmi_jtag/i_dmi_cdc.i_cdc_req/i_cdc_reset_ctrlr/i_cdc_reset_ctrlr_half_a/i_state_transition_cdc_dst/i_sync/reg_q_0__reg/Q_N    0.00    0.00   -0.00 (VIOLATED)
i_croc_soc/i_croc/i_dmi_jtag/i_dmi_cdc.i_cdc_req/i_cdc_reset_ctrlr/i_cdc_reset_ctrlr_half_a/i_state_transition_cdc_dst/i_sync/serial_o_reg/Q_N    0.00    0.00   -0.00 (VIOLATED)
i_croc_soc/i_croc/i_dmi_jtag/i_dmi_cdc.i_cdc_req/i_cdc_reset_ctrlr/i_cdc_reset_ctrlr_half_a/i_state_transition_cdc_src/_23_/Y    0.00    0.00   -0.00 (VIOLATED)
i_croc_soc/i_croc/i_dmi_jtag/i_dmi_cdc.i_cdc_req/i_cdc_reset_ctrlr/i_cdc_reset_ctrlr_half_a/i_state_transition_cdc_src/_29_/X    0.00    0.00   -0.00 (VIOLATED)
i_croc_soc/i_croc/i_dmi_jtag/i_dmi_cdc.i_cdc_req/i_cdc_reset_ctrlr/i_cdc_reset_ctrlr_half_a/i_state_transition_cdc_src/_30_/X    0.00    0.00   -0.00 (VIOLATED)
i_croc_soc/i_croc/i_dmi_jtag/i_dmi_cdc.i_cdc_req/i_cdc_reset_ctrlr/i_cdc_reset_ctrlr_half_a/i_state_transition_cdc_src/async_data_o[1]_reg/Q_N    0.00    0.00   -0.00 (VIOLATED)
i_croc_soc/i_croc/i_dmi_jtag/i_dmi_cdc.i_cdc_req/i_cdc_reset_ctrlr/i_cdc_reset_ctrlr_half_a/i_state_transition_cdc_src/async_req_o_reg/Q    0.00    0.00   -0.00 (VIOLATED)
i_croc_soc/i_croc/i_dmi_jtag/i_dmi_cdc.i_cdc_req/i_cdc_reset_ctrlr/i_cdc_reset_ctrlr_half_a/i_state_transition_cdc_src/i_sync/reg_q_0__reg/Q_N    0.00    0.00   -0.00 (VIOLATED)
i_croc_soc/i_croc/i_dmi_jtag/i_dmi_cdc.i_cdc_req/i_cdc_reset_ctrlr/i_cdc_reset_ctrlr_half_a/i_state_transition_cdc_src/i_sync/serial_o_reg/Q_N    0.00    0.00   -0.00 (VIOLATED)
i_croc_soc/i_croc/i_dmi_jtag/i_dmi_cdc.i_cdc_req/i_cdc_reset_ctrlr/i_cdc_reset_ctrlr_half_b/i_state_transition_cdc_dst/async_ack_o_reg/Q_N    0.00    0.00   -0.00 (VIOLATED)
i_croc_soc/i_croc/i_dmi_jtag/i_dmi_cdc.i_cdc_req/i_cdc_reset_ctrlr/i_cdc_reset_ctrlr_half_b/i_state_transition_cdc_dst/i_sync/reg_q_0__reg/Q_N    0.00    0.00   -0.00 (VIOLATED)
i_croc_soc/i_croc/i_dmi_jtag/i_dmi_cdc.i_cdc_req/i_cdc_reset_ctrlr/i_cdc_reset_ctrlr_half_b/i_state_transition_cdc_dst/i_sync/serial_o_reg/Q_N    0.00    0.00   -0.00 (VIOLATED)
i_croc_soc/i_croc/i_dmi_jtag/i_dmi_cdc.i_cdc_req/i_cdc_reset_ctrlr/i_cdc_reset_ctrlr_half_b/i_state_transition_cdc_src/_23_/Y    0.00    0.00   -0.00 (VIOLATED)
i_croc_soc/i_croc/i_dmi_jtag/i_dmi_cdc.i_cdc_req/i_cdc_reset_ctrlr/i_cdc_reset_ctrlr_half_b/i_state_transition_cdc_src/_29_/X    0.00    0.00   -0.00 (VIOLATED)
i_croc_soc/i_croc/i_dmi_jtag/i_dmi_cdc.i_cdc_req/i_cdc_reset_ctrlr/i_cdc_reset_ctrlr_half_b/i_state_transition_cdc_src/_30_/X    0.00    0.00   -0.00 (VIOLATED)
i_croc_soc/i_croc/i_dmi_jtag/i_dmi_cdc.i_cdc_req/i_cdc_reset_ctrlr/i_cdc_reset_ctrlr_half_b/i_state_transition_cdc_src/async_data_o[1]_reg/Q_N    0.00    0.00   -0.00 (VIOLATED)
i_croc_soc/i_croc/i_dmi_jtag/i_dmi_cdc.i_cdc_req/i_cdc_reset_ctrlr/i_cdc_reset_ctrlr_half_b/i_state_transition_cdc_src/async_req_o_reg/Q    0.00    0.00   -0.00 (VIOLATED)
i_croc_soc/i_croc/i_dmi_jtag/i_dmi_cdc.i_cdc_req/i_cdc_reset_ctrlr/i_cdc_reset_ctrlr_half_b/i_state_transition_cdc_src/i_sync/reg_q_0__reg/Q_N    0.00    0.00   -0.00 (VIOLATED)
i_croc_soc/i_croc/i_dmi_jtag/i_dmi_cdc.i_cdc_req/i_cdc_reset_ctrlr/i_cdc_reset_ctrlr_half_b/i_state_transition_cdc_src/i_sync/serial_o_reg/Q_N    0.00    0.00   -0.00 (VIOLATED)
i_croc_soc/i_croc/i_dmi_jtag/i_dmi_cdc.i_cdc_req/i_dst/_100_/Y    0.00    0.00   -0.00 (VIOLATED)
i_croc_soc/i_croc/i_dmi_jtag/i_dmi_cdc.i_cdc_req/i_dst/_110_/X    0.00    0.00   -0.00 (VIOLATED)
i_croc_soc/i_croc/i_dmi_jtag/i_dmi_cdc.i_cdc_req/i_dst/_111_/X    0.00    0.00   -0.00 (VIOLATED)
i_croc_soc/i_croc/i_dmi_jtag/i_dmi_cdc.i_cdc_req/i_dst/_112_/X    0.00    0.00   -0.00 (VIOLATED)
i_croc_soc/i_croc/i_dmi_jtag/i_dmi_cdc.i_cdc_req/i_dst/_113_/X    0.00    0.00   -0.00 (VIOLATED)
i_croc_soc/i_croc/i_dmi_jtag/i_dmi_cdc.i_cdc_req/i_dst/_114_/X    0.00    0.00   -0.00 (VIOLATED)
i_croc_soc/i_croc/i_dmi_jtag/i_dmi_cdc.i_cdc_req/i_dst/_115_/X    0.00    0.00   -0.00 (VIOLATED)
i_croc_soc/i_croc/i_dmi_jtag/i_dmi_cdc.i_cdc_req/i_dst/_116_/X    0.00    0.00   -0.00 (VIOLATED)
i_croc_soc/i_croc/i_dmi_jtag/i_dmi_cdc.i_cdc_req/i_dst/_117_/X    0.00    0.00   -0.00 (VIOLATED)
i_croc_soc/i_croc/i_dmi_jtag/i_dmi_cdc.i_cdc_req/i_dst/_118_/X    0.00    0.00   -0.00 (VIOLATED)
i_croc_soc/i_croc/i_dmi_jtag/i_dmi_cdc.i_cdc_req/i_dst/_119_/X    0.00    0.00   -0.00 (VIOLATED)
i_croc_soc/i_croc/i_dmi_jtag/i_dmi_cdc.i_cdc_req/i_dst/_121_/X    0.00    0.00   -0.00 (VIOLATED)
i_croc_soc/i_croc/i_dmi_jtag/i_dmi_cdc.i_cdc_req/i_dst/_122_/X    0.00    0.00   -0.00 (VIOLATED)
i_croc_soc/i_croc/i_dmi_jtag/i_dmi_cdc.i_cdc_req/i_dst/_123_/X    0.00    0.00   -0.00 (VIOLATED)
i_croc_soc/i_croc/i_dmi_jtag/i_dmi_cdc.i_cdc_req/i_dst/_124_/X    0.00    0.00   -0.00 (VIOLATED)
i_croc_soc/i_croc/i_dmi_jtag/i_dmi_cdc.i_cdc_req/i_dst/_125_/X    0.00    0.00   -0.00 (VIOLATED)
i_croc_soc/i_croc/i_dmi_jtag/i_dmi_cdc.i_cdc_req/i_dst/_126_/X    0.00    0.00   -0.00 (VIOLATED)
i_croc_soc/i_croc/i_dmi_jtag/i_dmi_cdc.i_cdc_req/i_dst/_127_/X    0.00    0.00   -0.00 (VIOLATED)
i_croc_soc/i_croc/i_dmi_jtag/i_dmi_cdc.i_cdc_req/i_dst/_128_/X    0.00    0.00   -0.00 (VIOLATED)
i_croc_soc/i_croc/i_dmi_jtag/i_dmi_cdc.i_cdc_req/i_dst/_129_/X    0.00    0.00   -0.00 (VIOLATED)
i_croc_soc/i_croc/i_dmi_jtag/i_dmi_cdc.i_cdc_req/i_dst/_130_/X    0.00    0.00   -0.00 (VIOLATED)
i_croc_soc/i_croc/i_dmi_jtag/i_dmi_cdc.i_cdc_req/i_dst/_132_/X    0.00    0.00   -0.00 (VIOLATED)
i_croc_soc/i_croc/i_dmi_jtag/i_dmi_cdc.i_cdc_req/i_dst/_133_/X    0.00    0.00   -0.00 (VIOLATED)
i_croc_soc/i_croc/i_dmi_jtag/i_dmi_cdc.i_cdc_req/i_dst/_134_/X    0.00    0.00   -0.00 (VIOLATED)
i_croc_soc/i_croc/i_dmi_jtag/i_dmi_cdc.i_cdc_req/i_dst/_135_/X    0.00    0.00   -0.00 (VIOLATED)
i_croc_soc/i_croc/i_dmi_jtag/i_dmi_cdc.i_cdc_req/i_dst/_136_/X    0.00    0.00   -0.00 (VIOLATED)
i_croc_soc/i_croc/i_dmi_jtag/i_dmi_cdc.i_cdc_req/i_dst/_137_/X    0.00    0.00   -0.00 (VIOLATED)
i_croc_soc/i_croc/i_dmi_jtag/i_dmi_cdc.i_cdc_req/i_dst/_138_/X    0.00    0.00   -0.00 (VIOLATED)
i_croc_soc/i_croc/i_dmi_jtag/i_dmi_cdc.i_cdc_req/i_dst/_139_/X    0.00    0.00   -0.00 (VIOLATED)
i_croc_soc/i_croc/i_dmi_jtag/i_dmi_cdc.i_cdc_req/i_dst/_140_/X    0.00    0.00   -0.00 (VIOLATED)
i_croc_soc/i_croc/i_dmi_jtag/i_dmi_cdc.i_cdc_req/i_dst/_141_/X    0.00    0.00   -0.00 (VIOLATED)
i_croc_soc/i_croc/i_dmi_jtag/i_dmi_cdc.i_cdc_req/i_dst/_143_/X    0.00    0.00   -0.00 (VIOLATED)
i_croc_soc/i_croc/i_dmi_jtag/i_dmi_cdc.i_cdc_req/i_dst/_144_/X    0.00    0.00   -0.00 (VIOLATED)
i_croc_soc/i_croc/i_dmi_jtag/i_dmi_cdc.i_cdc_req/i_dst/_145_/X    0.00    0.00   -0.00 (VIOLATED)
i_croc_soc/i_croc/i_dmi_jtag/i_dmi_cdc.i_cdc_req/i_dst/_146_/X    0.00    0.00   -0.00 (VIOLATED)
i_croc_soc/i_croc/i_dmi_jtag/i_dmi_cdc.i_cdc_req/i_dst/_147_/X    0.00    0.00   -0.00 (VIOLATED)
i_croc_soc/i_croc/i_dmi_jtag/i_dmi_cdc.i_cdc_req/i_dst/_148_/X    0.00    0.00   -0.00 (VIOLATED)
i_croc_soc/i_croc/i_dmi_jtag/i_dmi_cdc.i_cdc_req/i_dst/_149_/X    0.00    0.00   -0.00 (VIOLATED)
i_croc_soc/i_croc/i_dmi_jtag/i_dmi_cdc.i_cdc_req/i_dst/_150_/X    0.00    0.00   -0.00 (VIOLATED)
i_croc_soc/i_croc/i_dmi_jtag/i_dmi_cdc.i_cdc_req/i_dst/_151_/X    0.00    0.00   -0.00 (VIOLATED)
i_croc_soc/i_croc/i_dmi_jtag/i_dmi_cdc.i_cdc_req/i_dst/_152_/X    0.00    0.00   -0.00 (VIOLATED)
i_croc_soc/i_croc/i_dmi_jtag/i_dmi_cdc.i_cdc_req/i_dst/_154_/X    0.00    0.00   -0.00 (VIOLATED)
i_croc_soc/i_croc/i_dmi_jtag/i_dmi_cdc.i_cdc_req/i_dst/data_o[0]_reg/Q_N    0.00    0.00   -0.00 (VIOLATED)
i_croc_soc/i_croc/i_dmi_jtag/i_dmi_cdc.i_cdc_req/i_dst/data_o[10]_reg/Q_N    0.00    0.00   -0.00 (VIOLATED)
i_croc_soc/i_croc/i_dmi_jtag/i_dmi_cdc.i_cdc_req/i_dst/data_o[11]_reg/Q_N    0.00    0.00   -0.00 (VIOLATED)
i_croc_soc/i_croc/i_dmi_jtag/i_dmi_cdc.i_cdc_req/i_dst/data_o[12]_reg/Q_N    0.00    0.00   -0.00 (VIOLATED)
i_croc_soc/i_croc/i_dmi_jtag/i_dmi_cdc.i_cdc_req/i_dst/data_o[13]_reg/Q_N    0.00    0.00   -0.00 (VIOLATED)
i_croc_soc/i_croc/i_dmi_jtag/i_dmi_cdc.i_cdc_req/i_dst/data_o[14]_reg/Q_N    0.00    0.00   -0.00 (VIOLATED)
i_croc_soc/i_croc/i_dmi_jtag/i_dmi_cdc.i_cdc_req/i_dst/data_o[15]_reg/Q_N    0.00    0.00   -0.00 (VIOLATED)
i_croc_soc/i_croc/i_dmi_jtag/i_dmi_cdc.i_cdc_req/i_dst/data_o[16]_reg/Q_N    0.00    0.00   -0.00 (VIOLATED)
i_croc_soc/i_croc/i_dmi_jtag/i_dmi_cdc.i_cdc_req/i_dst/data_o[17]_reg/Q_N    0.00    0.00   -0.00 (VIOLATED)
i_croc_soc/i_croc/i_dmi_jtag/i_dmi_cdc.i_cdc_req/i_dst/data_o[18]_reg/Q_N    0.00    0.00   -0.00 (VIOLATED)
i_croc_soc/i_croc/i_dmi_jtag/i_dmi_cdc.i_cdc_req/i_dst/data_o[19]_reg/Q_N    0.00    0.00   -0.00 (VIOLATED)
i_croc_soc/i_croc/i_dmi_jtag/i_dmi_cdc.i_cdc_req/i_dst/data_o[1]_reg/Q_N    0.00    0.00   -0.00 (VIOLATED)
i_croc_soc/i_croc/i_dmi_jtag/i_dmi_cdc.i_cdc_req/i_dst/data_o[20]_reg/Q_N    0.00    0.00   -0.00 (VIOLATED)
i_croc_soc/i_croc/i_dmi_jtag/i_dmi_cdc.i_cdc_req/i_dst/data_o[21]_reg/Q_N    0.00    0.00   -0.00 (VIOLATED)
i_croc_soc/i_croc/i_dmi_jtag/i_dmi_cdc.i_cdc_req/i_dst/data_o[22]_reg/Q_N    0.00    0.00   -0.00 (VIOLATED)
i_croc_soc/i_croc/i_dmi_jtag/i_dmi_cdc.i_cdc_req/i_dst/data_o[23]_reg/Q_N    0.00    0.00   -0.00 (VIOLATED)
i_croc_soc/i_croc/i_dmi_jtag/i_dmi_cdc.i_cdc_req/i_dst/data_o[24]_reg/Q_N    0.00    0.00   -0.00 (VIOLATED)
i_croc_soc/i_croc/i_dmi_jtag/i_dmi_cdc.i_cdc_req/i_dst/data_o[25]_reg/Q_N    0.00    0.00   -0.00 (VIOLATED)
i_croc_soc/i_croc/i_dmi_jtag/i_dmi_cdc.i_cdc_req/i_dst/data_o[26]_reg/Q_N    0.00    0.00   -0.00 (VIOLATED)
i_croc_soc/i_croc/i_dmi_jtag/i_dmi_cdc.i_cdc_req/i_dst/data_o[27]_reg/Q_N    0.00    0.00   -0.00 (VIOLATED)
i_croc_soc/i_croc/i_dmi_jtag/i_dmi_cdc.i_cdc_req/i_dst/data_o[28]_reg/Q_N    0.00    0.00   -0.00 (VIOLATED)
i_croc_soc/i_croc/i_dmi_jtag/i_dmi_cdc.i_cdc_req/i_dst/data_o[29]_reg/Q_N    0.00    0.00   -0.00 (VIOLATED)
i_croc_soc/i_croc/i_dmi_jtag/i_dmi_cdc.i_cdc_req/i_dst/data_o[2]_reg/Q_N    0.00    0.00   -0.00 (VIOLATED)
i_croc_soc/i_croc/i_dmi_jtag/i_dmi_cdc.i_cdc_req/i_dst/data_o[30]_reg/Q_N    0.00    0.00   -0.00 (VIOLATED)
i_croc_soc/i_croc/i_dmi_jtag/i_dmi_cdc.i_cdc_req/i_dst/data_o[31]_reg/Q_N    0.00    0.00   -0.00 (VIOLATED)
i_croc_soc/i_croc/i_dmi_jtag/i_dmi_cdc.i_cdc_req/i_dst/data_o[32]_reg/Q_N    0.00    0.00   -0.00 (VIOLATED)
i_croc_soc/i_croc/i_dmi_jtag/i_dmi_cdc.i_cdc_req/i_dst/data_o[33]_reg/Q_N    0.00    0.00   -0.00 (VIOLATED)
i_croc_soc/i_croc/i_dmi_jtag/i_dmi_cdc.i_cdc_req/i_dst/data_o[34]_reg/Q_N    0.00    0.00   -0.00 (VIOLATED)
i_croc_soc/i_croc/i_dmi_jtag/i_dmi_cdc.i_cdc_req/i_dst/data_o[35]_reg/Q_N    0.00    0.00   -0.00 (VIOLATED)
i_croc_soc/i_croc/i_dmi_jtag/i_dmi_cdc.i_cdc_req/i_dst/data_o[36]_reg/Q_N    0.00    0.00   -0.00 (VIOLATED)
i_croc_soc/i_croc/i_dmi_jtag/i_dmi_cdc.i_cdc_req/i_dst/data_o[37]_reg/Q_N    0.00    0.00   -0.00 (VIOLATED)
i_croc_soc/i_croc/i_dmi_jtag/i_dmi_cdc.i_cdc_req/i_dst/data_o[38]_reg/Q_N    0.00    0.00   -0.00 (VIOLATED)
i_croc_soc/i_croc/i_dmi_jtag/i_dmi_cdc.i_cdc_req/i_dst/data_o[39]_reg/Q_N    0.00    0.00   -0.00 (VIOLATED)
i_croc_soc/i_croc/i_dmi_jtag/i_dmi_cdc.i_cdc_req/i_dst/data_o[3]_reg/Q_N    0.00    0.00   -0.00 (VIOLATED)
i_croc_soc/i_croc/i_dmi_jtag/i_dmi_cdc.i_cdc_req/i_dst/data_o[40]_reg/Q_N    0.00    0.00   -0.00 (VIOLATED)
i_croc_soc/i_croc/i_dmi_jtag/i_dmi_cdc.i_cdc_req/i_dst/data_o[4]_reg/Q_N    0.00    0.00   -0.00 (VIOLATED)
i_croc_soc/i_croc/i_dmi_jtag/i_dmi_cdc.i_cdc_req/i_dst/data_o[5]_reg/Q_N    0.00    0.00   -0.00 (VIOLATED)
i_croc_soc/i_croc/i_dmi_jtag/i_dmi_cdc.i_cdc_req/i_dst/data_o[6]_reg/Q_N    0.00    0.00   -0.00 (VIOLATED)
i_croc_soc/i_croc/i_dmi_jtag/i_dmi_cdc.i_cdc_req/i_dst/data_o[7]_reg/Q_N    0.00    0.00   -0.00 (VIOLATED)
i_croc_soc/i_croc/i_dmi_jtag/i_dmi_cdc.i_cdc_req/i_dst/data_o[8]_reg/Q_N    0.00    0.00   -0.00 (VIOLATED)
i_croc_soc/i_croc/i_dmi_jtag/i_dmi_cdc.i_cdc_req/i_dst/data_o[9]_reg/Q_N    0.00    0.00   -0.00 (VIOLATED)
i_croc_soc/i_croc/i_dmi_jtag/i_dmi_cdc.i_cdc_req/i_dst/i_sync/reg_q_0__reg/Q_N    0.00    0.00   -0.00 (VIOLATED)
i_croc_soc/i_croc/i_dmi_jtag/i_dmi_cdc.i_cdc_req/i_dst/i_sync/reg_q_1__reg/Q_N    0.00    0.00   -0.00 (VIOLATED)
i_croc_soc/i_croc/i_dmi_jtag/i_dmi_cdc.i_cdc_req/i_dst/i_sync/serial_o_reg/Q_N    0.00    0.00   -0.00 (VIOLATED)
i_croc_soc/i_croc/i_dmi_jtag/i_dmi_cdc.i_cdc_req/i_dst/req_synced_q1_reg/Q_N    0.00    0.00   -0.00 (VIOLATED)
i_croc_soc/i_croc/i_dmi_jtag/i_dmi_cdc.i_cdc_req/i_src/_149_/Y    0.00    0.00   -0.00 (VIOLATED)
i_croc_soc/i_croc/i_dmi_jtag/i_dmi_cdc.i_cdc_req/i_src/_155_/X    0.00    0.00   -0.00 (VIOLATED)
i_croc_soc/i_croc/i_dmi_jtag/i_dmi_cdc.i_cdc_req/i_src/_156_/X    0.00    0.00   -0.00 (VIOLATED)
i_croc_soc/i_croc/i_dmi_jtag/i_dmi_cdc.i_cdc_req/i_src/_157_/X    0.00    0.00   -0.00 (VIOLATED)
i_croc_soc/i_croc/i_dmi_jtag/i_dmi_cdc.i_cdc_req/i_src/_158_/X    0.00    0.00   -0.00 (VIOLATED)
i_croc_soc/i_croc/i_dmi_jtag/i_dmi_cdc.i_cdc_req/i_src/_159_/X    0.00    0.00   -0.00 (VIOLATED)
i_croc_soc/i_croc/i_dmi_jtag/i_dmi_cdc.i_cdc_req/i_src/_160_/X    0.00    0.00   -0.00 (VIOLATED)
i_croc_soc/i_croc/i_dmi_jtag/i_dmi_cdc.i_cdc_req/i_src/_161_/X    0.00    0.00   -0.00 (VIOLATED)
i_croc_soc/i_croc/i_dmi_jtag/i_dmi_cdc.i_cdc_req/i_src/_162_/X    0.00    0.00   -0.00 (VIOLATED)
i_croc_soc/i_croc/i_dmi_jtag/i_dmi_cdc.i_cdc_req/i_src/_163_/X    0.00    0.00   -0.00 (VIOLATED)
i_croc_soc/i_croc/i_dmi_jtag/i_dmi_cdc.i_cdc_req/i_src/_165_/X    0.00    0.00   -0.00 (VIOLATED)
i_croc_soc/i_croc/i_dmi_jtag/i_dmi_cdc.i_cdc_req/i_src/_166_/X    0.00    0.00   -0.00 (VIOLATED)
i_croc_soc/i_croc/i_dmi_jtag/i_dmi_cdc.i_cdc_req/i_src/_167_/X    0.00    0.00   -0.00 (VIOLATED)
i_croc_soc/i_croc/i_dmi_jtag/i_dmi_cdc.i_cdc_req/i_src/_168_/X    0.00    0.00   -0.00 (VIOLATED)
i_croc_soc/i_croc/i_dmi_jtag/i_dmi_cdc.i_cdc_req/i_src/_169_/X    0.00    0.00   -0.00 (VIOLATED)
i_croc_soc/i_croc/i_dmi_jtag/i_dmi_cdc.i_cdc_req/i_src/_170_/X    0.00    0.00   -0.00 (VIOLATED)
i_croc_soc/i_croc/i_dmi_jtag/i_dmi_cdc.i_cdc_req/i_src/_171_/X    0.00    0.00   -0.00 (VIOLATED)
i_croc_soc/i_croc/i_dmi_jtag/i_dmi_cdc.i_cdc_req/i_src/_172_/X    0.00    0.00   -0.00 (VIOLATED)
i_croc_soc/i_croc/i_dmi_jtag/i_dmi_cdc.i_cdc_req/i_src/_173_/X    0.00    0.00   -0.00 (VIOLATED)
i_croc_soc/i_croc/i_dmi_jtag/i_dmi_cdc.i_cdc_req/i_src/_174_/X    0.00    0.00   -0.00 (VIOLATED)
i_croc_soc/i_croc/i_dmi_jtag/i_dmi_cdc.i_cdc_req/i_src/_176_/X    0.00    0.00   -0.00 (VIOLATED)
i_croc_soc/i_croc/i_dmi_jtag/i_dmi_cdc.i_cdc_req/i_src/_177_/X    0.00    0.00   -0.00 (VIOLATED)
i_croc_soc/i_croc/i_dmi_jtag/i_dmi_cdc.i_cdc_req/i_src/_178_/X    0.00    0.00   -0.00 (VIOLATED)
i_croc_soc/i_croc/i_dmi_jtag/i_dmi_cdc.i_cdc_req/i_src/_179_/X    0.00    0.00   -0.00 (VIOLATED)
i_croc_soc/i_croc/i_dmi_jtag/i_dmi_cdc.i_cdc_req/i_src/_180_/X    0.00    0.00   -0.00 (VIOLATED)
i_croc_soc/i_croc/i_dmi_jtag/i_dmi_cdc.i_cdc_req/i_src/_181_/X    0.00    0.00   -0.00 (VIOLATED)
i_croc_soc/i_croc/i_dmi_jtag/i_dmi_cdc.i_cdc_req/i_src/_182_/X    0.00    0.00   -0.00 (VIOLATED)
i_croc_soc/i_croc/i_dmi_jtag/i_dmi_cdc.i_cdc_req/i_src/_183_/X    0.00    0.00   -0.00 (VIOLATED)
i_croc_soc/i_croc/i_dmi_jtag/i_dmi_cdc.i_cdc_req/i_src/_184_/X    0.00    0.00   -0.00 (VIOLATED)
i_croc_soc/i_croc/i_dmi_jtag/i_dmi_cdc.i_cdc_req/i_src/_185_/X    0.00    0.00   -0.00 (VIOLATED)
i_croc_soc/i_croc/i_dmi_jtag/i_dmi_cdc.i_cdc_req/i_src/_187_/X    0.00    0.00   -0.00 (VIOLATED)
i_croc_soc/i_croc/i_dmi_jtag/i_dmi_cdc.i_cdc_req/i_src/_188_/X    0.00    0.00   -0.00 (VIOLATED)
i_croc_soc/i_croc/i_dmi_jtag/i_dmi_cdc.i_cdc_req/i_src/_189_/X    0.00    0.00   -0.00 (VIOLATED)
i_croc_soc/i_croc/i_dmi_jtag/i_dmi_cdc.i_cdc_req/i_src/_190_/X    0.00    0.00   -0.00 (VIOLATED)
i_croc_soc/i_croc/i_dmi_jtag/i_dmi_cdc.i_cdc_req/i_src/_191_/X    0.00    0.00   -0.00 (VIOLATED)
i_croc_soc/i_croc/i_dmi_jtag/i_dmi_cdc.i_cdc_req/i_src/_192_/X    0.00    0.00   -0.00 (VIOLATED)
i_croc_soc/i_croc/i_dmi_jtag/i_dmi_cdc.i_cdc_req/i_src/_193_/X    0.00    0.00   -0.00 (VIOLATED)
i_croc_soc/i_croc/i_dmi_jtag/i_dmi_cdc.i_cdc_req/i_src/_194_/X    0.00    0.00   -0.00 (VIOLATED)
i_croc_soc/i_croc/i_dmi_jtag/i_dmi_cdc.i_cdc_req/i_src/_195_/X    0.00    0.00   -0.00 (VIOLATED)
i_croc_soc/i_croc/i_dmi_jtag/i_dmi_cdc.i_cdc_req/i_src/_196_/X    0.00    0.00   -0.00 (VIOLATED)
i_croc_soc/i_croc/i_dmi_jtag/i_dmi_cdc.i_cdc_req/i_src/_197_/X    0.00    0.00   -0.00 (VIOLATED)
i_croc_soc/i_croc/i_dmi_jtag/i_dmi_cdc.i_cdc_req/i_src/_198_/X    0.00    0.00   -0.00 (VIOLATED)
i_croc_soc/i_croc/i_dmi_jtag/i_dmi_cdc.i_cdc_req/i_src/async_data_o[0]_reg/Q_N    0.00    0.00   -0.00 (VIOLATED)
i_croc_soc/i_croc/i_dmi_jtag/i_dmi_cdc.i_cdc_req/i_src/async_data_o[10]_reg/Q_N    0.00    0.00   -0.00 (VIOLATED)
i_croc_soc/i_croc/i_dmi_jtag/i_dmi_cdc.i_cdc_req/i_src/async_data_o[11]_reg/Q_N    0.00    0.00   -0.00 (VIOLATED)
i_croc_soc/i_croc/i_dmi_jtag/i_dmi_cdc.i_cdc_req/i_src/async_data_o[12]_reg/Q_N    0.00    0.00   -0.00 (VIOLATED)
i_croc_soc/i_croc/i_dmi_jtag/i_dmi_cdc.i_cdc_req/i_src/async_data_o[13]_reg/Q_N    0.00    0.00   -0.00 (VIOLATED)
i_croc_soc/i_croc/i_dmi_jtag/i_dmi_cdc.i_cdc_req/i_src/async_data_o[14]_reg/Q_N    0.00    0.00   -0.00 (VIOLATED)
i_croc_soc/i_croc/i_dmi_jtag/i_dmi_cdc.i_cdc_req/i_src/async_data_o[15]_reg/Q_N    0.00    0.00   -0.00 (VIOLATED)
i_croc_soc/i_croc/i_dmi_jtag/i_dmi_cdc.i_cdc_req/i_src/async_data_o[16]_reg/Q_N    0.00    0.00   -0.00 (VIOLATED)
i_croc_soc/i_croc/i_dmi_jtag/i_dmi_cdc.i_cdc_req/i_src/async_data_o[17]_reg/Q_N    0.00    0.00   -0.00 (VIOLATED)
i_croc_soc/i_croc/i_dmi_jtag/i_dmi_cdc.i_cdc_req/i_src/async_data_o[18]_reg/Q_N    0.00    0.00   -0.00 (VIOLATED)
i_croc_soc/i_croc/i_dmi_jtag/i_dmi_cdc.i_cdc_req/i_src/async_data_o[19]_reg/Q_N    0.00    0.00   -0.00 (VIOLATED)
i_croc_soc/i_croc/i_dmi_jtag/i_dmi_cdc.i_cdc_req/i_src/async_data_o[1]_reg/Q_N    0.00    0.00   -0.00 (VIOLATED)
i_croc_soc/i_croc/i_dmi_jtag/i_dmi_cdc.i_cdc_req/i_src/async_data_o[20]_reg/Q_N    0.00    0.00   -0.00 (VIOLATED)
i_croc_soc/i_croc/i_dmi_jtag/i_dmi_cdc.i_cdc_req/i_src/async_data_o[21]_reg/Q_N    0.00    0.00   -0.00 (VIOLATED)
i_croc_soc/i_croc/i_dmi_jtag/i_dmi_cdc.i_cdc_req/i_src/async_data_o[22]_reg/Q_N    0.00    0.00   -0.00 (VIOLATED)
i_croc_soc/i_croc/i_dmi_jtag/i_dmi_cdc.i_cdc_req/i_src/async_data_o[23]_reg/Q_N    0.00    0.00   -0.00 (VIOLATED)
i_croc_soc/i_croc/i_dmi_jtag/i_dmi_cdc.i_cdc_req/i_src/async_data_o[24]_reg/Q_N    0.00    0.00   -0.00 (VIOLATED)
i_croc_soc/i_croc/i_dmi_jtag/i_dmi_cdc.i_cdc_req/i_src/async_data_o[25]_reg/Q_N    0.00    0.00   -0.00 (VIOLATED)
i_croc_soc/i_croc/i_dmi_jtag/i_dmi_cdc.i_cdc_req/i_src/async_data_o[26]_reg/Q_N    0.00    0.00   -0.00 (VIOLATED)
i_croc_soc/i_croc/i_dmi_jtag/i_dmi_cdc.i_cdc_req/i_src/async_data_o[27]_reg/Q_N    0.00    0.00   -0.00 (VIOLATED)
i_croc_soc/i_croc/i_dmi_jtag/i_dmi_cdc.i_cdc_req/i_src/async_data_o[28]_reg/Q_N    0.00    0.00   -0.00 (VIOLATED)
i_croc_soc/i_croc/i_dmi_jtag/i_dmi_cdc.i_cdc_req/i_src/async_data_o[29]_reg/Q_N    0.00    0.00   -0.00 (VIOLATED)
i_croc_soc/i_croc/i_dmi_jtag/i_dmi_cdc.i_cdc_req/i_src/async_data_o[2]_reg/Q_N    0.00    0.00   -0.00 (VIOLATED)
i_croc_soc/i_croc/i_dmi_jtag/i_dmi_cdc.i_cdc_req/i_src/async_data_o[30]_reg/Q_N    0.00    0.00   -0.00 (VIOLATED)
i_croc_soc/i_croc/i_dmi_jtag/i_dmi_cdc.i_cdc_req/i_src/async_data_o[31]_reg/Q_N    0.00    0.00   -0.00 (VIOLATED)
i_croc_soc/i_croc/i_dmi_jtag/i_dmi_cdc.i_cdc_req/i_src/async_data_o[32]_reg/Q_N    0.00    0.00   -0.00 (VIOLATED)
i_croc_soc/i_croc/i_dmi_jtag/i_dmi_cdc.i_cdc_req/i_src/async_data_o[33]_reg/Q_N    0.00    0.00   -0.00 (VIOLATED)
i_croc_soc/i_croc/i_dmi_jtag/i_dmi_cdc.i_cdc_req/i_src/async_data_o[34]_reg/Q_N    0.00    0.00   -0.00 (VIOLATED)
i_croc_soc/i_croc/i_dmi_jtag/i_dmi_cdc.i_cdc_req/i_src/async_data_o[35]_reg/Q_N    0.00    0.00   -0.00 (VIOLATED)
i_croc_soc/i_croc/i_dmi_jtag/i_dmi_cdc.i_cdc_req/i_src/async_data_o[36]_reg/Q_N    0.00    0.00   -0.00 (VIOLATED)
i_croc_soc/i_croc/i_dmi_jtag/i_dmi_cdc.i_cdc_req/i_src/async_data_o[37]_reg/Q_N    0.00    0.00   -0.00 (VIOLATED)
i_croc_soc/i_croc/i_dmi_jtag/i_dmi_cdc.i_cdc_req/i_src/async_data_o[38]_reg/Q_N    0.00    0.00   -0.00 (VIOLATED)
i_croc_soc/i_croc/i_dmi_jtag/i_dmi_cdc.i_cdc_req/i_src/async_data_o[39]_reg/Q_N    0.00    0.00   -0.00 (VIOLATED)
i_croc_soc/i_croc/i_dmi_jtag/i_dmi_cdc.i_cdc_req/i_src/async_data_o[3]_reg/Q_N    0.00    0.00   -0.00 (VIOLATED)
i_croc_soc/i_croc/i_dmi_jtag/i_dmi_cdc.i_cdc_req/i_src/async_data_o[40]_reg/Q_N    0.00    0.00   -0.00 (VIOLATED)
i_croc_soc/i_croc/i_dmi_jtag/i_dmi_cdc.i_cdc_req/i_src/async_data_o[4]_reg/Q_N    0.00    0.00   -0.00 (VIOLATED)
i_croc_soc/i_croc/i_dmi_jtag/i_dmi_cdc.i_cdc_req/i_src/async_data_o[5]_reg/Q_N    0.00    0.00   -0.00 (VIOLATED)
i_croc_soc/i_croc/i_dmi_jtag/i_dmi_cdc.i_cdc_req/i_src/async_data_o[6]_reg/Q_N    0.00    0.00   -0.00 (VIOLATED)
i_croc_soc/i_croc/i_dmi_jtag/i_dmi_cdc.i_cdc_req/i_src/async_data_o[7]_reg/Q_N    0.00    0.00   -0.00 (VIOLATED)
i_croc_soc/i_croc/i_dmi_jtag/i_dmi_cdc.i_cdc_req/i_src/async_data_o[8]_reg/Q_N    0.00    0.00   -0.00 (VIOLATED)
i_croc_soc/i_croc/i_dmi_jtag/i_dmi_cdc.i_cdc_req/i_src/async_data_o[9]_reg/Q_N    0.00    0.00   -0.00 (VIOLATED)
i_croc_soc/i_croc/i_dmi_jtag/i_dmi_cdc.i_cdc_req/i_src/i_sync/reg_q_0__reg/Q_N    0.00    0.00   -0.00 (VIOLATED)
i_croc_soc/i_croc/i_dmi_jtag/i_dmi_cdc.i_cdc_req/i_src/i_sync/reg_q_1__reg/Q_N    0.00    0.00   -0.00 (VIOLATED)
i_croc_soc/i_croc/i_dmi_jtag/i_dmi_cdc.i_cdc_req/i_src/i_sync/serial_o_reg/Q_N    0.00    0.00   -0.00 (VIOLATED)
i_croc_soc/i_croc/i_dmi_jtag/i_dmi_cdc.i_cdc_req/s_dst_clear_ack_q_reg/Q_N    0.00    0.00   -0.00 (VIOLATED)
i_croc_soc/i_croc/i_dmi_jtag/i_dmi_cdc.i_cdc_req/s_dst_isolate_ack_q_reg/Q_N    0.00    0.00   -0.00 (VIOLATED)
i_croc_soc/i_croc/i_dmi_jtag/i_dmi_cdc.i_cdc_req/s_src_clear_ack_q_reg/Q_N    0.00    0.00   -0.00 (VIOLATED)
i_croc_soc/i_croc/i_dmi_jtag/i_dmi_cdc.i_cdc_req/s_src_isolate_ack_q_reg/Q_N    0.00    0.00   -0.00 (VIOLATED)
i_croc_soc/i_croc/i_dmi_jtag/i_dmi_cdc.i_cdc_resp/i_cdc_reset_ctrlr/i_cdc_reset_ctrlr_half_a/i_state_transition_cdc_dst/async_ack_o_reg/Q_N    0.00    0.00   -0.00 (VIOLATED)
i_croc_soc/i_croc/i_dmi_jtag/i_dmi_cdc.i_cdc_resp/i_cdc_reset_ctrlr/i_cdc_reset_ctrlr_half_a/i_state_transition_cdc_dst/i_sync/reg_q_0__reg/Q_N    0.00    0.00   -0.00 (VIOLATED)
i_croc_soc/i_croc/i_dmi_jtag/i_dmi_cdc.i_cdc_resp/i_cdc_reset_ctrlr/i_cdc_reset_ctrlr_half_a/i_state_transition_cdc_dst/i_sync/serial_o_reg/Q_N    0.00    0.00   -0.00 (VIOLATED)
i_croc_soc/i_croc/i_dmi_jtag/i_dmi_cdc.i_cdc_resp/i_cdc_reset_ctrlr/i_cdc_reset_ctrlr_half_a/i_state_transition_cdc_src/_23_/Y    0.00    0.00   -0.00 (VIOLATED)
i_croc_soc/i_croc/i_dmi_jtag/i_dmi_cdc.i_cdc_resp/i_cdc_reset_ctrlr/i_cdc_reset_ctrlr_half_a/i_state_transition_cdc_src/_29_/X    0.00    0.00   -0.00 (VIOLATED)
i_croc_soc/i_croc/i_dmi_jtag/i_dmi_cdc.i_cdc_resp/i_cdc_reset_ctrlr/i_cdc_reset_ctrlr_half_a/i_state_transition_cdc_src/_30_/X    0.00    0.00   -0.00 (VIOLATED)
i_croc_soc/i_croc/i_dmi_jtag/i_dmi_cdc.i_cdc_resp/i_cdc_reset_ctrlr/i_cdc_reset_ctrlr_half_a/i_state_transition_cdc_src/async_data_o[1]_reg/Q_N    0.00    0.00   -0.00 (VIOLATED)
i_croc_soc/i_croc/i_dmi_jtag/i_dmi_cdc.i_cdc_resp/i_cdc_reset_ctrlr/i_cdc_reset_ctrlr_half_a/i_state_transition_cdc_src/async_req_o_reg/Q    0.00    0.00   -0.00 (VIOLATED)
i_croc_soc/i_croc/i_dmi_jtag/i_dmi_cdc.i_cdc_resp/i_cdc_reset_ctrlr/i_cdc_reset_ctrlr_half_a/i_state_transition_cdc_src/i_sync/reg_q_0__reg/Q_N    0.00    0.00   -0.00 (VIOLATED)
i_croc_soc/i_croc/i_dmi_jtag/i_dmi_cdc.i_cdc_resp/i_cdc_reset_ctrlr/i_cdc_reset_ctrlr_half_a/i_state_transition_cdc_src/i_sync/serial_o_reg/Q_N    0.00    0.00   -0.00 (VIOLATED)
i_croc_soc/i_croc/i_dmi_jtag/i_dmi_cdc.i_cdc_resp/i_cdc_reset_ctrlr/i_cdc_reset_ctrlr_half_b/i_state_transition_cdc_dst/async_ack_o_reg/Q_N    0.00    0.00   -0.00 (VIOLATED)
i_croc_soc/i_croc/i_dmi_jtag/i_dmi_cdc.i_cdc_resp/i_cdc_reset_ctrlr/i_cdc_reset_ctrlr_half_b/i_state_transition_cdc_dst/i_sync/reg_q_0__reg/Q_N    0.00    0.00   -0.00 (VIOLATED)
i_croc_soc/i_croc/i_dmi_jtag/i_dmi_cdc.i_cdc_resp/i_cdc_reset_ctrlr/i_cdc_reset_ctrlr_half_b/i_state_transition_cdc_dst/i_sync/serial_o_reg/Q_N    0.00    0.00   -0.00 (VIOLATED)
i_croc_soc/i_croc/i_dmi_jtag/i_dmi_cdc.i_cdc_resp/i_cdc_reset_ctrlr/i_cdc_reset_ctrlr_half_b/i_state_transition_cdc_src/_23_/Y    0.00    0.00   -0.00 (VIOLATED)
i_croc_soc/i_croc/i_dmi_jtag/i_dmi_cdc.i_cdc_resp/i_cdc_reset_ctrlr/i_cdc_reset_ctrlr_half_b/i_state_transition_cdc_src/_29_/X    0.00    0.00   -0.00 (VIOLATED)
i_croc_soc/i_croc/i_dmi_jtag/i_dmi_cdc.i_cdc_resp/i_cdc_reset_ctrlr/i_cdc_reset_ctrlr_half_b/i_state_transition_cdc_src/_30_/X    0.00    0.00   -0.00 (VIOLATED)
i_croc_soc/i_croc/i_dmi_jtag/i_dmi_cdc.i_cdc_resp/i_cdc_reset_ctrlr/i_cdc_reset_ctrlr_half_b/i_state_transition_cdc_src/async_data_o[1]_reg/Q_N    0.00    0.00   -0.00 (VIOLATED)
i_croc_soc/i_croc/i_dmi_jtag/i_dmi_cdc.i_cdc_resp/i_cdc_reset_ctrlr/i_cdc_reset_ctrlr_half_b/i_state_transition_cdc_src/async_req_o_reg/Q    0.00    0.00   -0.00 (VIOLATED)
i_croc_soc/i_croc/i_dmi_jtag/i_dmi_cdc.i_cdc_resp/i_cdc_reset_ctrlr/i_cdc_reset_ctrlr_half_b/i_state_transition_cdc_src/i_sync/reg_q_0__reg/Q_N    0.00    0.00   -0.00 (VIOLATED)
i_croc_soc/i_croc/i_dmi_jtag/i_dmi_cdc.i_cdc_resp/i_cdc_reset_ctrlr/i_cdc_reset_ctrlr_half_b/i_state_transition_cdc_src/i_sync/serial_o_reg/Q_N    0.00    0.00   -0.00 (VIOLATED)
i_croc_soc/i_croc/i_dmi_jtag/i_dmi_cdc.i_cdc_resp/i_dst/_085_/Y    0.00    0.00   -0.00 (VIOLATED)
i_croc_soc/i_croc/i_dmi_jtag/i_dmi_cdc.i_cdc_resp/i_dst/_096_/X    0.00    0.00   -0.00 (VIOLATED)
i_croc_soc/i_croc/i_dmi_jtag/i_dmi_cdc.i_cdc_resp/i_dst/_097_/X    0.00    0.00   -0.00 (VIOLATED)
i_croc_soc/i_croc/i_dmi_jtag/i_dmi_cdc.i_cdc_resp/i_dst/_098_/X    0.00    0.00   -0.00 (VIOLATED)
i_croc_soc/i_croc/i_dmi_jtag/i_dmi_cdc.i_cdc_resp/i_dst/_099_/X    0.00    0.00   -0.00 (VIOLATED)
i_croc_soc/i_croc/i_dmi_jtag/i_dmi_cdc.i_cdc_resp/i_dst/_100_/X    0.00    0.00   -0.00 (VIOLATED)
i_croc_soc/i_croc/i_dmi_jtag/i_dmi_cdc.i_cdc_resp/i_dst/_101_/X    0.00    0.00   -0.00 (VIOLATED)
i_croc_soc/i_croc/i_dmi_jtag/i_dmi_cdc.i_cdc_resp/i_dst/_102_/X    0.00    0.00   -0.00 (VIOLATED)
i_croc_soc/i_croc/i_dmi_jtag/i_dmi_cdc.i_cdc_resp/i_dst/_103_/X    0.00    0.00   -0.00 (VIOLATED)
i_croc_soc/i_croc/i_dmi_jtag/i_dmi_cdc.i_cdc_resp/i_dst/_104_/X    0.00    0.00   -0.00 (VIOLATED)
i_croc_soc/i_croc/i_dmi_jtag/i_dmi_cdc.i_cdc_resp/i_dst/_105_/X    0.00    0.00   -0.00 (VIOLATED)
i_croc_soc/i_croc/i_dmi_jtag/i_dmi_cdc.i_cdc_resp/i_dst/_107_/X    0.00    0.00   -0.00 (VIOLATED)
i_croc_soc/i_croc/i_dmi_jtag/i_dmi_cdc.i_cdc_resp/i_dst/_108_/X    0.00    0.00   -0.00 (VIOLATED)
i_croc_soc/i_croc/i_dmi_jtag/i_dmi_cdc.i_cdc_resp/i_dst/_109_/X    0.00    0.00   -0.00 (VIOLATED)
i_croc_soc/i_croc/i_dmi_jtag/i_dmi_cdc.i_cdc_resp/i_dst/_110_/X    0.00    0.00   -0.00 (VIOLATED)
i_croc_soc/i_croc/i_dmi_jtag/i_dmi_cdc.i_cdc_resp/i_dst/_111_/X    0.00    0.00   -0.00 (VIOLATED)
i_croc_soc/i_croc/i_dmi_jtag/i_dmi_cdc.i_cdc_resp/i_dst/_112_/X    0.00    0.00   -0.00 (VIOLATED)
i_croc_soc/i_croc/i_dmi_jtag/i_dmi_cdc.i_cdc_resp/i_dst/_113_/X    0.00    0.00   -0.00 (VIOLATED)
i_croc_soc/i_croc/i_dmi_jtag/i_dmi_cdc.i_cdc_resp/i_dst/_114_/X    0.00    0.00   -0.00 (VIOLATED)
i_croc_soc/i_croc/i_dmi_jtag/i_dmi_cdc.i_cdc_resp/i_dst/_115_/X    0.00    0.00   -0.00 (VIOLATED)
i_croc_soc/i_croc/i_dmi_jtag/i_dmi_cdc.i_cdc_resp/i_dst/_116_/X    0.00    0.00   -0.00 (VIOLATED)
i_croc_soc/i_croc/i_dmi_jtag/i_dmi_cdc.i_cdc_resp/i_dst/_118_/X    0.00    0.00   -0.00 (VIOLATED)
i_croc_soc/i_croc/i_dmi_jtag/i_dmi_cdc.i_cdc_resp/i_dst/_119_/X    0.00    0.00   -0.00 (VIOLATED)
i_croc_soc/i_croc/i_dmi_jtag/i_dmi_cdc.i_cdc_resp/i_dst/_120_/X    0.00    0.00   -0.00 (VIOLATED)
i_croc_soc/i_croc/i_dmi_jtag/i_dmi_cdc.i_cdc_resp/i_dst/_121_/X    0.00    0.00   -0.00 (VIOLATED)
i_croc_soc/i_croc/i_dmi_jtag/i_dmi_cdc.i_cdc_resp/i_dst/_122_/X    0.00    0.00   -0.00 (VIOLATED)
i_croc_soc/i_croc/i_dmi_jtag/i_dmi_cdc.i_cdc_resp/i_dst/_123_/X    0.00    0.00   -0.00 (VIOLATED)
i_croc_soc/i_croc/i_dmi_jtag/i_dmi_cdc.i_cdc_resp/i_dst/_124_/X    0.00    0.00   -0.00 (VIOLATED)
i_croc_soc/i_croc/i_dmi_jtag/i_dmi_cdc.i_cdc_resp/i_dst/_125_/X    0.00    0.00   -0.00 (VIOLATED)
i_croc_soc/i_croc/i_dmi_jtag/i_dmi_cdc.i_cdc_resp/i_dst/_126_/X    0.00    0.00   -0.00 (VIOLATED)
i_croc_soc/i_croc/i_dmi_jtag/i_dmi_cdc.i_cdc_resp/i_dst/_127_/X    0.00    0.00   -0.00 (VIOLATED)
i_croc_soc/i_croc/i_dmi_jtag/i_dmi_cdc.i_cdc_resp/i_dst/_129_/X    0.00    0.00   -0.00 (VIOLATED)
i_croc_soc/i_croc/i_dmi_jtag/i_dmi_cdc.i_cdc_resp/i_dst/_130_/X    0.00    0.00   -0.00 (VIOLATED)
i_croc_soc/i_croc/i_dmi_jtag/i_dmi_cdc.i_cdc_resp/i_dst/_131_/X    0.00    0.00   -0.00 (VIOLATED)
i_croc_soc/i_croc/i_dmi_jtag/i_dmi_cdc.i_cdc_resp/i_dst/_132_/X    0.00    0.00   -0.00 (VIOLATED)
i_croc_soc/i_croc/i_dmi_jtag/i_dmi_cdc.i_cdc_resp/i_dst/data_o[0]_reg/Q_N    0.00    0.00   -0.00 (VIOLATED)
i_croc_soc/i_croc/i_dmi_jtag/i_dmi_cdc.i_cdc_resp/i_dst/data_o[10]_reg/Q_N    0.00    0.00   -0.00 (VIOLATED)
i_croc_soc/i_croc/i_dmi_jtag/i_dmi_cdc.i_cdc_resp/i_dst/data_o[11]_reg/Q_N    0.00    0.00   -0.00 (VIOLATED)
i_croc_soc/i_croc/i_dmi_jtag/i_dmi_cdc.i_cdc_resp/i_dst/data_o[12]_reg/Q_N    0.00    0.00   -0.00 (VIOLATED)
i_croc_soc/i_croc/i_dmi_jtag/i_dmi_cdc.i_cdc_resp/i_dst/data_o[13]_reg/Q_N    0.00    0.00   -0.00 (VIOLATED)
i_croc_soc/i_croc/i_dmi_jtag/i_dmi_cdc.i_cdc_resp/i_dst/data_o[14]_reg/Q_N    0.00    0.00   -0.00 (VIOLATED)
i_croc_soc/i_croc/i_dmi_jtag/i_dmi_cdc.i_cdc_resp/i_dst/data_o[15]_reg/Q_N    0.00    0.00   -0.00 (VIOLATED)
i_croc_soc/i_croc/i_dmi_jtag/i_dmi_cdc.i_cdc_resp/i_dst/data_o[16]_reg/Q_N    0.00    0.00   -0.00 (VIOLATED)
i_croc_soc/i_croc/i_dmi_jtag/i_dmi_cdc.i_cdc_resp/i_dst/data_o[17]_reg/Q_N    0.00    0.00   -0.00 (VIOLATED)
i_croc_soc/i_croc/i_dmi_jtag/i_dmi_cdc.i_cdc_resp/i_dst/data_o[18]_reg/Q_N    0.00    0.00   -0.00 (VIOLATED)
i_croc_soc/i_croc/i_dmi_jtag/i_dmi_cdc.i_cdc_resp/i_dst/data_o[19]_reg/Q_N    0.00    0.00   -0.00 (VIOLATED)
i_croc_soc/i_croc/i_dmi_jtag/i_dmi_cdc.i_cdc_resp/i_dst/data_o[1]_reg/Q_N    0.00    0.00   -0.00 (VIOLATED)
i_croc_soc/i_croc/i_dmi_jtag/i_dmi_cdc.i_cdc_resp/i_dst/data_o[20]_reg/Q_N    0.00    0.00   -0.00 (VIOLATED)
i_croc_soc/i_croc/i_dmi_jtag/i_dmi_cdc.i_cdc_resp/i_dst/data_o[21]_reg/Q_N    0.00    0.00   -0.00 (VIOLATED)
i_croc_soc/i_croc/i_dmi_jtag/i_dmi_cdc.i_cdc_resp/i_dst/data_o[22]_reg/Q_N    0.00    0.00   -0.00 (VIOLATED)
i_croc_soc/i_croc/i_dmi_jtag/i_dmi_cdc.i_cdc_resp/i_dst/data_o[23]_reg/Q_N    0.00    0.00   -0.00 (VIOLATED)
i_croc_soc/i_croc/i_dmi_jtag/i_dmi_cdc.i_cdc_resp/i_dst/data_o[24]_reg/Q_N    0.00    0.00   -0.00 (VIOLATED)
i_croc_soc/i_croc/i_dmi_jtag/i_dmi_cdc.i_cdc_resp/i_dst/data_o[25]_reg/Q_N    0.00    0.00   -0.00 (VIOLATED)
i_croc_soc/i_croc/i_dmi_jtag/i_dmi_cdc.i_cdc_resp/i_dst/data_o[26]_reg/Q_N    0.00    0.00   -0.00 (VIOLATED)
i_croc_soc/i_croc/i_dmi_jtag/i_dmi_cdc.i_cdc_resp/i_dst/data_o[27]_reg/Q_N    0.00    0.00   -0.00 (VIOLATED)
i_croc_soc/i_croc/i_dmi_jtag/i_dmi_cdc.i_cdc_resp/i_dst/data_o[28]_reg/Q_N    0.00    0.00   -0.00 (VIOLATED)
i_croc_soc/i_croc/i_dmi_jtag/i_dmi_cdc.i_cdc_resp/i_dst/data_o[29]_reg/Q_N    0.00    0.00   -0.00 (VIOLATED)
i_croc_soc/i_croc/i_dmi_jtag/i_dmi_cdc.i_cdc_resp/i_dst/data_o[2]_reg/Q_N    0.00    0.00   -0.00 (VIOLATED)
i_croc_soc/i_croc/i_dmi_jtag/i_dmi_cdc.i_cdc_resp/i_dst/data_o[30]_reg/Q_N    0.00    0.00   -0.00 (VIOLATED)
i_croc_soc/i_croc/i_dmi_jtag/i_dmi_cdc.i_cdc_resp/i_dst/data_o[31]_reg/Q_N    0.00    0.00   -0.00 (VIOLATED)
i_croc_soc/i_croc/i_dmi_jtag/i_dmi_cdc.i_cdc_resp/i_dst/data_o[32]_reg/Q_N    0.00    0.00   -0.00 (VIOLATED)
i_croc_soc/i_croc/i_dmi_jtag/i_dmi_cdc.i_cdc_resp/i_dst/data_o[33]_reg/Q_N    0.00    0.00   -0.00 (VIOLATED)
i_croc_soc/i_croc/i_dmi_jtag/i_dmi_cdc.i_cdc_resp/i_dst/data_o[3]_reg/Q_N    0.00    0.00   -0.00 (VIOLATED)
i_croc_soc/i_croc/i_dmi_jtag/i_dmi_cdc.i_cdc_resp/i_dst/data_o[4]_reg/Q_N    0.00    0.00   -0.00 (VIOLATED)
i_croc_soc/i_croc/i_dmi_jtag/i_dmi_cdc.i_cdc_resp/i_dst/data_o[5]_reg/Q_N    0.00    0.00   -0.00 (VIOLATED)
i_croc_soc/i_croc/i_dmi_jtag/i_dmi_cdc.i_cdc_resp/i_dst/data_o[6]_reg/Q_N    0.00    0.00   -0.00 (VIOLATED)
i_croc_soc/i_croc/i_dmi_jtag/i_dmi_cdc.i_cdc_resp/i_dst/data_o[7]_reg/Q_N    0.00    0.00   -0.00 (VIOLATED)
i_croc_soc/i_croc/i_dmi_jtag/i_dmi_cdc.i_cdc_resp/i_dst/data_o[8]_reg/Q_N    0.00    0.00   -0.00 (VIOLATED)
i_croc_soc/i_croc/i_dmi_jtag/i_dmi_cdc.i_cdc_resp/i_dst/data_o[9]_reg/Q_N    0.00    0.00   -0.00 (VIOLATED)
i_croc_soc/i_croc/i_dmi_jtag/i_dmi_cdc.i_cdc_resp/i_dst/i_sync/reg_q_0__reg/Q_N    0.00    0.00   -0.00 (VIOLATED)
i_croc_soc/i_croc/i_dmi_jtag/i_dmi_cdc.i_cdc_resp/i_dst/i_sync/reg_q_1__reg/Q_N    0.00    0.00   -0.00 (VIOLATED)
i_croc_soc/i_croc/i_dmi_jtag/i_dmi_cdc.i_cdc_resp/i_dst/i_sync/serial_o_reg/Q_N    0.00    0.00   -0.00 (VIOLATED)
i_croc_soc/i_croc/i_dmi_jtag/i_dmi_cdc.i_cdc_resp/i_dst/req_synced_q1_reg/Q_N    0.00    0.00   -0.00 (VIOLATED)
i_croc_soc/i_croc/i_dmi_jtag/i_dmi_cdc.i_cdc_resp/i_src/_127_/Y    0.00    0.00   -0.00 (VIOLATED)
i_croc_soc/i_croc/i_dmi_jtag/i_dmi_cdc.i_cdc_resp/i_src/_133_/X    0.00    0.00   -0.00 (VIOLATED)
i_croc_soc/i_croc/i_dmi_jtag/i_dmi_cdc.i_cdc_resp/i_src/_134_/X    0.00    0.00   -0.00 (VIOLATED)
i_croc_soc/i_croc/i_dmi_jtag/i_dmi_cdc.i_cdc_resp/i_src/_135_/X    0.00    0.00   -0.00 (VIOLATED)
i_croc_soc/i_croc/i_dmi_jtag/i_dmi_cdc.i_cdc_resp/i_src/_136_/X    0.00    0.00   -0.00 (VIOLATED)
i_croc_soc/i_croc/i_dmi_jtag/i_dmi_cdc.i_cdc_resp/i_src/_137_/X    0.00    0.00   -0.00 (VIOLATED)
i_croc_soc/i_croc/i_dmi_jtag/i_dmi_cdc.i_cdc_resp/i_src/_138_/X    0.00    0.00   -0.00 (VIOLATED)
i_croc_soc/i_croc/i_dmi_jtag/i_dmi_cdc.i_cdc_resp/i_src/_140_/X    0.00    0.00   -0.00 (VIOLATED)
i_croc_soc/i_croc/i_dmi_jtag/i_dmi_cdc.i_cdc_resp/i_src/_141_/X    0.00    0.00   -0.00 (VIOLATED)
i_croc_soc/i_croc/i_dmi_jtag/i_dmi_cdc.i_cdc_resp/i_src/_142_/X    0.00    0.00   -0.00 (VIOLATED)
i_croc_soc/i_croc/i_dmi_jtag/i_dmi_cdc.i_cdc_resp/i_src/_143_/X    0.00    0.00   -0.00 (VIOLATED)
i_croc_soc/i_croc/i_dmi_jtag/i_dmi_cdc.i_cdc_resp/i_src/_144_/X    0.00    0.00   -0.00 (VIOLATED)
i_croc_soc/i_croc/i_dmi_jtag/i_dmi_cdc.i_cdc_resp/i_src/_145_/X    0.00    0.00   -0.00 (VIOLATED)
i_croc_soc/i_croc/i_dmi_jtag/i_dmi_cdc.i_cdc_resp/i_src/_146_/X    0.00    0.00   -0.00 (VIOLATED)
i_croc_soc/i_croc/i_dmi_jtag/i_dmi_cdc.i_cdc_resp/i_src/_147_/X    0.00    0.00   -0.00 (VIOLATED)
i_croc_soc/i_croc/i_dmi_jtag/i_dmi_cdc.i_cdc_resp/i_src/_148_/X    0.00    0.00   -0.00 (VIOLATED)
i_croc_soc/i_croc/i_dmi_jtag/i_dmi_cdc.i_cdc_resp/i_src/_149_/X    0.00    0.00   -0.00 (VIOLATED)
i_croc_soc/i_croc/i_dmi_jtag/i_dmi_cdc.i_cdc_resp/i_src/_151_/X    0.00    0.00   -0.00 (VIOLATED)
i_croc_soc/i_croc/i_dmi_jtag/i_dmi_cdc.i_cdc_resp/i_src/_152_/X    0.00    0.00   -0.00 (VIOLATED)
i_croc_soc/i_croc/i_dmi_jtag/i_dmi_cdc.i_cdc_resp/i_src/_153_/X    0.00    0.00   -0.00 (VIOLATED)
i_croc_soc/i_croc/i_dmi_jtag/i_dmi_cdc.i_cdc_resp/i_src/_154_/X    0.00    0.00   -0.00 (VIOLATED)
i_croc_soc/i_croc/i_dmi_jtag/i_dmi_cdc.i_cdc_resp/i_src/_155_/X    0.00    0.00   -0.00 (VIOLATED)
i_croc_soc/i_croc/i_dmi_jtag/i_dmi_cdc.i_cdc_resp/i_src/_156_/X    0.00    0.00   -0.00 (VIOLATED)
i_croc_soc/i_croc/i_dmi_jtag/i_dmi_cdc.i_cdc_resp/i_src/_157_/X    0.00    0.00   -0.00 (VIOLATED)
i_croc_soc/i_croc/i_dmi_jtag/i_dmi_cdc.i_cdc_resp/i_src/_158_/X    0.00    0.00   -0.00 (VIOLATED)
i_croc_soc/i_croc/i_dmi_jtag/i_dmi_cdc.i_cdc_resp/i_src/_159_/X    0.00    0.00   -0.00 (VIOLATED)
i_croc_soc/i_croc/i_dmi_jtag/i_dmi_cdc.i_cdc_resp/i_src/_160_/X    0.00    0.00   -0.00 (VIOLATED)
i_croc_soc/i_croc/i_dmi_jtag/i_dmi_cdc.i_cdc_resp/i_src/_161_/X    0.00    0.00   -0.00 (VIOLATED)
i_croc_soc/i_croc/i_dmi_jtag/i_dmi_cdc.i_cdc_resp/i_src/_162_/X    0.00    0.00   -0.00 (VIOLATED)
i_croc_soc/i_croc/i_dmi_jtag/i_dmi_cdc.i_cdc_resp/i_src/_163_/X    0.00    0.00   -0.00 (VIOLATED)
i_croc_soc/i_croc/i_dmi_jtag/i_dmi_cdc.i_cdc_resp/i_src/_164_/X    0.00    0.00   -0.00 (VIOLATED)
i_croc_soc/i_croc/i_dmi_jtag/i_dmi_cdc.i_cdc_resp/i_src/_165_/X    0.00    0.00   -0.00 (VIOLATED)
i_croc_soc/i_croc/i_dmi_jtag/i_dmi_cdc.i_cdc_resp/i_src/_166_/X    0.00    0.00   -0.00 (VIOLATED)
i_croc_soc/i_croc/i_dmi_jtag/i_dmi_cdc.i_cdc_resp/i_src/_167_/X    0.00    0.00   -0.00 (VIOLATED)
i_croc_soc/i_croc/i_dmi_jtag/i_dmi_cdc.i_cdc_resp/i_src/_168_/X    0.00    0.00   -0.00 (VIOLATED)
i_croc_soc/i_croc/i_dmi_jtag/i_dmi_cdc.i_cdc_resp/i_src/async_data_o[0]_reg/Q_N    0.00    0.00   -0.00 (VIOLATED)
i_croc_soc/i_croc/i_dmi_jtag/i_dmi_cdc.i_cdc_resp/i_src/async_data_o[10]_reg/Q_N    0.00    0.00   -0.00 (VIOLATED)
i_croc_soc/i_croc/i_dmi_jtag/i_dmi_cdc.i_cdc_resp/i_src/async_data_o[11]_reg/Q_N    0.00    0.00   -0.00 (VIOLATED)
i_croc_soc/i_croc/i_dmi_jtag/i_dmi_cdc.i_cdc_resp/i_src/async_data_o[12]_reg/Q_N    0.00    0.00   -0.00 (VIOLATED)
i_croc_soc/i_croc/i_dmi_jtag/i_dmi_cdc.i_cdc_resp/i_src/async_data_o[13]_reg/Q_N    0.00    0.00   -0.00 (VIOLATED)
i_croc_soc/i_croc/i_dmi_jtag/i_dmi_cdc.i_cdc_resp/i_src/async_data_o[14]_reg/Q_N    0.00    0.00   -0.00 (VIOLATED)
i_croc_soc/i_croc/i_dmi_jtag/i_dmi_cdc.i_cdc_resp/i_src/async_data_o[15]_reg/Q_N    0.00    0.00   -0.00 (VIOLATED)
i_croc_soc/i_croc/i_dmi_jtag/i_dmi_cdc.i_cdc_resp/i_src/async_data_o[16]_reg/Q_N    0.00    0.00   -0.00 (VIOLATED)
i_croc_soc/i_croc/i_dmi_jtag/i_dmi_cdc.i_cdc_resp/i_src/async_data_o[17]_reg/Q_N    0.00    0.00   -0.00 (VIOLATED)
i_croc_soc/i_croc/i_dmi_jtag/i_dmi_cdc.i_cdc_resp/i_src/async_data_o[18]_reg/Q_N    0.00    0.00   -0.00 (VIOLATED)
i_croc_soc/i_croc/i_dmi_jtag/i_dmi_cdc.i_cdc_resp/i_src/async_data_o[19]_reg/Q_N    0.00    0.00   -0.00 (VIOLATED)
i_croc_soc/i_croc/i_dmi_jtag/i_dmi_cdc.i_cdc_resp/i_src/async_data_o[1]_reg/Q_N    0.00    0.00   -0.00 (VIOLATED)
i_croc_soc/i_croc/i_dmi_jtag/i_dmi_cdc.i_cdc_resp/i_src/async_data_o[20]_reg/Q_N    0.00    0.00   -0.00 (VIOLATED)
i_croc_soc/i_croc/i_dmi_jtag/i_dmi_cdc.i_cdc_resp/i_src/async_data_o[21]_reg/Q_N    0.00    0.00   -0.00 (VIOLATED)
i_croc_soc/i_croc/i_dmi_jtag/i_dmi_cdc.i_cdc_resp/i_src/async_data_o[22]_reg/Q_N    0.00    0.00   -0.00 (VIOLATED)
i_croc_soc/i_croc/i_dmi_jtag/i_dmi_cdc.i_cdc_resp/i_src/async_data_o[23]_reg/Q_N    0.00    0.00   -0.00 (VIOLATED)
i_croc_soc/i_croc/i_dmi_jtag/i_dmi_cdc.i_cdc_resp/i_src/async_data_o[24]_reg/Q_N    0.00    0.00   -0.00 (VIOLATED)
i_croc_soc/i_croc/i_dmi_jtag/i_dmi_cdc.i_cdc_resp/i_src/async_data_o[25]_reg/Q_N    0.00    0.00   -0.00 (VIOLATED)
i_croc_soc/i_croc/i_dmi_jtag/i_dmi_cdc.i_cdc_resp/i_src/async_data_o[26]_reg/Q_N    0.00    0.00   -0.00 (VIOLATED)
i_croc_soc/i_croc/i_dmi_jtag/i_dmi_cdc.i_cdc_resp/i_src/async_data_o[27]_reg/Q_N    0.00    0.00   -0.00 (VIOLATED)
i_croc_soc/i_croc/i_dmi_jtag/i_dmi_cdc.i_cdc_resp/i_src/async_data_o[28]_reg/Q_N    0.00    0.00   -0.00 (VIOLATED)
i_croc_soc/i_croc/i_dmi_jtag/i_dmi_cdc.i_cdc_resp/i_src/async_data_o[29]_reg/Q_N    0.00    0.00   -0.00 (VIOLATED)
i_croc_soc/i_croc/i_dmi_jtag/i_dmi_cdc.i_cdc_resp/i_src/async_data_o[2]_reg/Q_N    0.00    0.00   -0.00 (VIOLATED)
i_croc_soc/i_croc/i_dmi_jtag/i_dmi_cdc.i_cdc_resp/i_src/async_data_o[30]_reg/Q_N    0.00    0.00   -0.00 (VIOLATED)
i_croc_soc/i_croc/i_dmi_jtag/i_dmi_cdc.i_cdc_resp/i_src/async_data_o[31]_reg/Q_N    0.00    0.00   -0.00 (VIOLATED)
i_croc_soc/i_croc/i_dmi_jtag/i_dmi_cdc.i_cdc_resp/i_src/async_data_o[32]_reg/Q_N    0.00    0.00   -0.00 (VIOLATED)
i_croc_soc/i_croc/i_dmi_jtag/i_dmi_cdc.i_cdc_resp/i_src/async_data_o[33]_reg/Q_N    0.00    0.00   -0.00 (VIOLATED)
i_croc_soc/i_croc/i_dmi_jtag/i_dmi_cdc.i_cdc_resp/i_src/async_data_o[3]_reg/Q_N    0.00    0.00   -0.00 (VIOLATED)
i_croc_soc/i_croc/i_dmi_jtag/i_dmi_cdc.i_cdc_resp/i_src/async_data_o[4]_reg/Q_N    0.00    0.00   -0.00 (VIOLATED)
i_croc_soc/i_croc/i_dmi_jtag/i_dmi_cdc.i_cdc_resp/i_src/async_data_o[5]_reg/Q_N    0.00    0.00   -0.00 (VIOLATED)
i_croc_soc/i_croc/i_dmi_jtag/i_dmi_cdc.i_cdc_resp/i_src/async_data_o[6]_reg/Q_N    0.00    0.00   -0.00 (VIOLATED)
i_croc_soc/i_croc/i_dmi_jtag/i_dmi_cdc.i_cdc_resp/i_src/async_data_o[7]_reg/Q_N    0.00    0.00   -0.00 (VIOLATED)
i_croc_soc/i_croc/i_dmi_jtag/i_dmi_cdc.i_cdc_resp/i_src/async_data_o[8]_reg/Q_N    0.00    0.00   -0.00 (VIOLATED)
i_croc_soc/i_croc/i_dmi_jtag/i_dmi_cdc.i_cdc_resp/i_src/async_data_o[9]_reg/Q_N    0.00    0.00   -0.00 (VIOLATED)
i_croc_soc/i_croc/i_dmi_jtag/i_dmi_cdc.i_cdc_resp/i_src/i_sync/reg_q_0__reg/Q_N    0.00    0.00   -0.00 (VIOLATED)
i_croc_soc/i_croc/i_dmi_jtag/i_dmi_cdc.i_cdc_resp/i_src/i_sync/reg_q_1__reg/Q_N    0.00    0.00   -0.00 (VIOLATED)
i_croc_soc/i_croc/i_dmi_jtag/i_dmi_cdc.i_cdc_resp/i_src/i_sync/serial_o_reg/Q_N    0.00    0.00   -0.00 (VIOLATED)
i_croc_soc/i_croc/i_dmi_jtag/i_dmi_cdc.i_cdc_resp/s_dst_clear_ack_q_reg/Q_N    0.00    0.00   -0.00 (VIOLATED)
i_croc_soc/i_croc/i_dmi_jtag/i_dmi_cdc.i_cdc_resp/s_dst_isolate_ack_q_reg/Q_N    0.00    0.00   -0.00 (VIOLATED)
i_croc_soc/i_croc/i_dmi_jtag/i_dmi_cdc.i_cdc_resp/s_src_clear_ack_q_reg/Q_N    0.00    0.00   -0.00 (VIOLATED)
i_croc_soc/i_croc/i_dmi_jtag/i_dmi_cdc.i_cdc_resp/s_src_isolate_ack_q_reg/Q_N    0.00    0.00   -0.00 (VIOLATED)
i_croc_soc/i_croc/i_dmi_jtag/i_dmi_jtag_tap.bypass_q_reg/Q_N    0.00    0.00   -0.00 (VIOLATED)
i_croc_soc/i_croc/i_dmi_jtag/i_dmi_jtag_tap.dtmcs_tdo_i_reg/Q_N    0.00    0.00   -0.00 (VIOLATED)
i_croc_soc/i_croc/i_dmi_jtag/i_dmi_jtag_tap.idcode_q_0__reg/Q    0.00    0.00   -0.00 (VIOLATED)
i_croc_soc/i_croc/i_dmi_jtag/i_dmi_jtag_tap.idcode_q_10__reg/Q    0.00    0.00   -0.00 (VIOLATED)
i_croc_soc/i_croc/i_dmi_jtag/i_dmi_jtag_tap.idcode_q_11__reg/Q    0.00    0.00   -0.00 (VIOLATED)
i_croc_soc/i_croc/i_dmi_jtag/i_dmi_jtag_tap.idcode_q_12__reg/Q    0.00    0.00   -0.00 (VIOLATED)
i_croc_soc/i_croc/i_dmi_jtag/i_dmi_jtag_tap.idcode_q_13__reg/Q_N    0.00    0.00   -0.00 (VIOLATED)
i_croc_soc/i_croc/i_dmi_jtag/i_dmi_jtag_tap.idcode_q_14__reg/Q    0.00    0.00   -0.00 (VIOLATED)
i_croc_soc/i_croc/i_dmi_jtag/i_dmi_jtag_tap.idcode_q_15__reg/Q_N    0.00    0.00   -0.00 (VIOLATED)
i_croc_soc/i_croc/i_dmi_jtag/i_dmi_jtag_tap.idcode_q_16__reg/Q_N    0.00    0.00   -0.00 (VIOLATED)
i_croc_soc/i_croc/i_dmi_jtag/i_dmi_jtag_tap.idcode_q_17__reg/Q_N    0.00    0.00   -0.00 (VIOLATED)
i_croc_soc/i_croc/i_dmi_jtag/i_dmi_jtag_tap.idcode_q_18__reg/Q    0.00    0.00   -0.00 (VIOLATED)
i_croc_soc/i_croc/i_dmi_jtag/i_dmi_jtag_tap.idcode_q_19__reg/Q    0.00    0.00   -0.00 (VIOLATED)
i_croc_soc/i_croc/i_dmi_jtag/i_dmi_jtag_tap.idcode_q_1__reg/Q    0.00    0.00   -0.00 (VIOLATED)
i_croc_soc/i_croc/i_dmi_jtag/i_dmi_jtag_tap.idcode_q_20__reg/Q_N    0.00    0.00   -0.00 (VIOLATED)
i_croc_soc/i_croc/i_dmi_jtag/i_dmi_jtag_tap.idcode_q_21__reg/Q_N    0.00    0.00   -0.00 (VIOLATED)
i_croc_soc/i_croc/i_dmi_jtag/i_dmi_jtag_tap.idcode_q_22__reg/Q_N    0.00    0.00   -0.00 (VIOLATED)
i_croc_soc/i_croc/i_dmi_jtag/i_dmi_jtag_tap.idcode_q_23__reg/Q_N    0.00    0.00   -0.00 (VIOLATED)
i_croc_soc/i_croc/i_dmi_jtag/i_dmi_jtag_tap.idcode_q_24__reg/Q_N    0.00    0.00   -0.00 (VIOLATED)
i_croc_soc/i_croc/i_dmi_jtag/i_dmi_jtag_tap.idcode_q_25__reg/Q_N    0.00    0.00   -0.00 (VIOLATED)
i_croc_soc/i_croc/i_dmi_jtag/i_dmi_jtag_tap.idcode_q_26__reg/Q    0.00    0.00   -0.00 (VIOLATED)
i_croc_soc/i_croc/i_dmi_jtag/i_dmi_jtag_tap.idcode_q_27__reg/Q    0.00    0.00   -0.00 (VIOLATED)
i_croc_soc/i_croc/i_dmi_jtag/i_dmi_jtag_tap.idcode_q_28__reg/Q_N    0.00    0.00   -0.00 (VIOLATED)
i_croc_soc/i_croc/i_dmi_jtag/i_dmi_jtag_tap.idcode_q_29__reg/Q_N    0.00    0.00   -0.00 (VIOLATED)
i_croc_soc/i_croc/i_dmi_jtag/i_dmi_jtag_tap.idcode_q_2__reg/Q_N    0.00    0.00   -0.00 (VIOLATED)
i_croc_soc/i_croc/i_dmi_jtag/i_dmi_jtag_tap.idcode_q_30__reg/Q_N    0.00    0.00   -0.00 (VIOLATED)
i_croc_soc/i_croc/i_dmi_jtag/i_dmi_jtag_tap.idcode_q_31__reg/Q_N    0.00    0.00   -0.00 (VIOLATED)
i_croc_soc/i_croc/i_dmi_jtag/i_dmi_jtag_tap.idcode_q_3__reg/Q_N    0.00    0.00   -0.00 (VIOLATED)
i_croc_soc/i_croc/i_dmi_jtag/i_dmi_jtag_tap.idcode_q_4__reg/Q    0.00    0.00   -0.00 (VIOLATED)
i_croc_soc/i_croc/i_dmi_jtag/i_dmi_jtag_tap.idcode_q_5__reg/Q    0.00    0.00   -0.00 (VIOLATED)
i_croc_soc/i_croc/i_dmi_jtag/i_dmi_jtag_tap.idcode_q_6__reg/Q_N    0.00    0.00   -0.00 (VIOLATED)
i_croc_soc/i_croc/i_dmi_jtag/i_dmi_jtag_tap.idcode_q_7__reg/Q    0.00    0.00   -0.00 (VIOLATED)
i_croc_soc/i_croc/i_dmi_jtag/i_dmi_jtag_tap.idcode_q_8__reg/Q    0.00    0.00   -0.00 (VIOLATED)
i_croc_soc/i_croc/i_dmi_jtag/i_dmi_jtag_tap.idcode_q_9__reg/Q_N    0.00    0.00   -0.00 (VIOLATED)
i_croc_soc/i_croc/i_dmi_jtag/i_dmi_jtag_tap.jtag_ir_q_1__reg/Q_N    0.00    0.00   -0.00 (VIOLATED)
i_croc_soc/i_croc/i_dmi_jtag/i_dmi_jtag_tap.jtag_ir_q_2__reg/Q_N    0.00    0.00   -0.00 (VIOLATED)
i_croc_soc/i_croc/i_dmi_jtag/i_dmi_jtag_tap.jtag_ir_q_3__reg/Q_N    0.00    0.00   -0.00 (VIOLATED)
i_croc_soc/i_croc/i_dmi_jtag/i_dmi_jtag_tap.jtag_ir_shift_q_0__reg/Q_N    0.00    0.00   -0.00 (VIOLATED)
i_croc_soc/i_croc/i_dmi_jtag/i_dmi_jtag_tap.jtag_ir_shift_q_1__reg/Q_N    0.00    0.00   -0.00 (VIOLATED)
i_croc_soc/i_croc/i_dmi_jtag/i_dmi_jtag_tap.jtag_ir_shift_q_2__reg/Q_N    0.00    0.00   -0.00 (VIOLATED)
i_croc_soc/i_croc/i_dmi_jtag/i_dmi_jtag_tap.jtag_ir_shift_q_3__reg/Q_N    0.00    0.00   -0.00 (VIOLATED)
i_croc_soc/i_croc/i_dmi_jtag/i_dmi_jtag_tap.jtag_ir_shift_q_4__reg/Q_N    0.00    0.00   -0.00 (VIOLATED)
i_croc_soc/i_croc/i_dmi_jtag/i_dmi_jtag_tap.tap_state_q_0__reg/Q    0.00    0.00   -0.00 (VIOLATED)
i_croc_soc/i_croc/i_dmi_jtag/td_o_reg/Q_N    0.00    0.00   -0.00 (VIOLATED)
i_croc_soc/i_croc/i_dmi_jtag/tdo_oe_o_reg/Q    0.00    0.00   -0.00 (VIOLATED)
i_croc_soc/i_croc/i_dmi_jtag/tdo_oe_o_reg/Q_N    0.00    0.00   -0.00 (VIOLATED)
i_croc_soc/i_croc/i_gpio/gen_gpios[0].i_sync/reg_q_0__reg/Q_N    0.00    0.00   -0.00 (VIOLATED)
i_croc_soc/i_croc/i_gpio/gen_gpios[0].i_sync/serial_o_reg/Q_N    0.00    0.00   -0.00 (VIOLATED)
i_croc_soc/i_croc/i_gpio/gen_gpios[10].i_sync/reg_q_0__reg/Q_N    0.00    0.00   -0.00 (VIOLATED)
i_croc_soc/i_croc/i_gpio/gen_gpios[10].i_sync/serial_o_reg/Q_N    0.00    0.00   -0.00 (VIOLATED)
i_croc_soc/i_croc/i_gpio/gen_gpios[11].i_sync/reg_q_0__reg/Q_N    0.00    0.00   -0.00 (VIOLATED)
i_croc_soc/i_croc/i_gpio/gen_gpios[11].i_sync/serial_o_reg/Q_N    0.00    0.00   -0.00 (VIOLATED)
i_croc_soc/i_croc/i_gpio/gen_gpios[12].i_sync/reg_q_0__reg/Q_N    0.00    0.00   -0.00 (VIOLATED)
i_croc_soc/i_croc/i_gpio/gen_gpios[12].i_sync/serial_o_reg/Q_N    0.00    0.00   -0.00 (VIOLATED)
i_croc_soc/i_croc/i_gpio/gen_gpios[13].i_sync/reg_q_0__reg/Q_N    0.00    0.00   -0.00 (VIOLATED)
i_croc_soc/i_croc/i_gpio/gen_gpios[13].i_sync/serial_o_reg/Q_N    0.00    0.00   -0.00 (VIOLATED)
i_croc_soc/i_croc/i_gpio/gen_gpios[14].i_sync/reg_q_0__reg/Q_N    0.00    0.00   -0.00 (VIOLATED)
i_croc_soc/i_croc/i_gpio/gen_gpios[14].i_sync/serial_o_reg/Q_N    0.00    0.00   -0.00 (VIOLATED)
i_croc_soc/i_croc/i_gpio/gen_gpios[15].i_sync/reg_q_0__reg/Q_N    0.00    0.00   -0.00 (VIOLATED)
i_croc_soc/i_croc/i_gpio/gen_gpios[15].i_sync/serial_o_reg/Q_N    0.00    0.00   -0.00 (VIOLATED)
i_croc_soc/i_croc/i_gpio/gen_gpios[16].i_sync/reg_q_0__reg/Q_N    0.00    0.00   -0.00 (VIOLATED)
i_croc_soc/i_croc/i_gpio/gen_gpios[16].i_sync/serial_o_reg/Q_N    0.00    0.00   -0.00 (VIOLATED)
i_croc_soc/i_croc/i_gpio/gen_gpios[17].i_sync/reg_q_0__reg/Q_N    0.00    0.00   -0.00 (VIOLATED)
i_croc_soc/i_croc/i_gpio/gen_gpios[17].i_sync/serial_o_reg/Q_N    0.00    0.00   -0.00 (VIOLATED)
i_croc_soc/i_croc/i_gpio/gen_gpios[18].i_sync/reg_q_0__reg/Q_N    0.00    0.00   -0.00 (VIOLATED)
i_croc_soc/i_croc/i_gpio/gen_gpios[18].i_sync/serial_o_reg/Q_N    0.00    0.00   -0.00 (VIOLATED)
i_croc_soc/i_croc/i_gpio/gen_gpios[19].i_sync/reg_q_0__reg/Q_N    0.00    0.00   -0.00 (VIOLATED)
i_croc_soc/i_croc/i_gpio/gen_gpios[19].i_sync/serial_o_reg/Q_N    0.00    0.00   -0.00 (VIOLATED)
i_croc_soc/i_croc/i_gpio/gen_gpios[1].i_sync/reg_q_0__reg/Q_N    0.00    0.00   -0.00 (VIOLATED)
i_croc_soc/i_croc/i_gpio/gen_gpios[1].i_sync/serial_o_reg/Q_N    0.00    0.00   -0.00 (VIOLATED)
i_croc_soc/i_croc/i_gpio/gen_gpios[20].i_sync/reg_q_0__reg/Q_N    0.00    0.00   -0.00 (VIOLATED)
i_croc_soc/i_croc/i_gpio/gen_gpios[20].i_sync/serial_o_reg/Q_N    0.00    0.00   -0.00 (VIOLATED)
i_croc_soc/i_croc/i_gpio/gen_gpios[21].i_sync/reg_q_0__reg/Q_N    0.00    0.00   -0.00 (VIOLATED)
i_croc_soc/i_croc/i_gpio/gen_gpios[21].i_sync/serial_o_reg/Q_N    0.00    0.00   -0.00 (VIOLATED)
i_croc_soc/i_croc/i_gpio/gen_gpios[22].i_sync/reg_q_0__reg/Q_N    0.00    0.00   -0.00 (VIOLATED)
i_croc_soc/i_croc/i_gpio/gen_gpios[22].i_sync/serial_o_reg/Q_N    0.00    0.00   -0.00 (VIOLATED)
i_croc_soc/i_croc/i_gpio/gen_gpios[23].i_sync/reg_q_0__reg/Q_N    0.00    0.00   -0.00 (VIOLATED)
i_croc_soc/i_croc/i_gpio/gen_gpios[23].i_sync/serial_o_reg/Q_N    0.00    0.00   -0.00 (VIOLATED)
i_croc_soc/i_croc/i_gpio/gen_gpios[24].i_sync/reg_q_0__reg/Q_N    0.00    0.00   -0.00 (VIOLATED)
i_croc_soc/i_croc/i_gpio/gen_gpios[24].i_sync/serial_o_reg/Q_N    0.00    0.00   -0.00 (VIOLATED)
i_croc_soc/i_croc/i_gpio/gen_gpios[25].i_sync/reg_q_0__reg/Q_N    0.00    0.00   -0.00 (VIOLATED)
i_croc_soc/i_croc/i_gpio/gen_gpios[25].i_sync/serial_o_reg/Q_N    0.00    0.00   -0.00 (VIOLATED)
i_croc_soc/i_croc/i_gpio/gen_gpios[26].i_sync/reg_q_0__reg/Q_N    0.00    0.00   -0.00 (VIOLATED)
i_croc_soc/i_croc/i_gpio/gen_gpios[26].i_sync/serial_o_reg/Q_N    0.00    0.00   -0.00 (VIOLATED)
i_croc_soc/i_croc/i_gpio/gen_gpios[27].i_sync/reg_q_0__reg/Q_N    0.00    0.00   -0.00 (VIOLATED)
i_croc_soc/i_croc/i_gpio/gen_gpios[27].i_sync/serial_o_reg/Q_N    0.00    0.00   -0.00 (VIOLATED)
i_croc_soc/i_croc/i_gpio/gen_gpios[28].i_sync/reg_q_0__reg/Q_N    0.00    0.00   -0.00 (VIOLATED)
i_croc_soc/i_croc/i_gpio/gen_gpios[28].i_sync/serial_o_reg/Q_N    0.00    0.00   -0.00 (VIOLATED)
i_croc_soc/i_croc/i_gpio/gen_gpios[29].i_sync/reg_q_0__reg/Q_N    0.00    0.00   -0.00 (VIOLATED)
i_croc_soc/i_croc/i_gpio/gen_gpios[29].i_sync/serial_o_reg/Q_N    0.00    0.00   -0.00 (VIOLATED)
i_croc_soc/i_croc/i_gpio/gen_gpios[2].i_sync/reg_q_0__reg/Q_N    0.00    0.00   -0.00 (VIOLATED)
i_croc_soc/i_croc/i_gpio/gen_gpios[2].i_sync/serial_o_reg/Q_N    0.00    0.00   -0.00 (VIOLATED)
i_croc_soc/i_croc/i_gpio/gen_gpios[30].i_sync/reg_q_0__reg/Q_N    0.00    0.00   -0.00 (VIOLATED)
i_croc_soc/i_croc/i_gpio/gen_gpios[30].i_sync/serial_o_reg/Q_N    0.00    0.00   -0.00 (VIOLATED)
i_croc_soc/i_croc/i_gpio/gen_gpios[31].i_sync/reg_q_0__reg/Q_N    0.00    0.00   -0.00 (VIOLATED)
i_croc_soc/i_croc/i_gpio/gen_gpios[31].i_sync/serial_o_reg/Q_N    0.00    0.00   -0.00 (VIOLATED)
i_croc_soc/i_croc/i_gpio/gen_gpios[3].i_sync/reg_q_0__reg/Q_N    0.00    0.00   -0.00 (VIOLATED)
i_croc_soc/i_croc/i_gpio/gen_gpios[3].i_sync/serial_o_reg/Q_N    0.00    0.00   -0.00 (VIOLATED)
i_croc_soc/i_croc/i_gpio/gen_gpios[4].i_sync/reg_q_0__reg/Q_N    0.00    0.00   -0.00 (VIOLATED)
i_croc_soc/i_croc/i_gpio/gen_gpios[4].i_sync/serial_o_reg/Q_N    0.00    0.00   -0.00 (VIOLATED)
i_croc_soc/i_croc/i_gpio/gen_gpios[5].i_sync/reg_q_0__reg/Q_N    0.00    0.00   -0.00 (VIOLATED)
i_croc_soc/i_croc/i_gpio/gen_gpios[5].i_sync/serial_o_reg/Q_N    0.00    0.00   -0.00 (VIOLATED)
i_croc_soc/i_croc/i_gpio/gen_gpios[6].i_sync/reg_q_0__reg/Q_N    0.00    0.00   -0.00 (VIOLATED)
i_croc_soc/i_croc/i_gpio/gen_gpios[6].i_sync/serial_o_reg/Q_N    0.00    0.00   -0.00 (VIOLATED)
i_croc_soc/i_croc/i_gpio/gen_gpios[7].i_sync/reg_q_0__reg/Q_N    0.00    0.00   -0.00 (VIOLATED)
i_croc_soc/i_croc/i_gpio/gen_gpios[7].i_sync/serial_o_reg/Q_N    0.00    0.00   -0.00 (VIOLATED)
i_croc_soc/i_croc/i_gpio/gen_gpios[8].i_sync/reg_q_0__reg/Q_N    0.00    0.00   -0.00 (VIOLATED)
i_croc_soc/i_croc/i_gpio/gen_gpios[8].i_sync/serial_o_reg/Q_N    0.00    0.00   -0.00 (VIOLATED)
i_croc_soc/i_croc/i_gpio/gen_gpios[9].i_sync/reg_q_0__reg/Q_N    0.00    0.00   -0.00 (VIOLATED)
i_croc_soc/i_croc/i_gpio/gen_gpios[9].i_sync/serial_o_reg/Q_N    0.00    0.00   -0.00 (VIOLATED)
i_croc_soc/i_croc/i_gpio/i_reg_file.id_q_reg/Q_N    0.00    0.00   -0.00 (VIOLATED)
i_croc_soc/i_croc/i_gpio/i_reg_file.new_reg_0__reg/Q_N    0.00    0.00   -0.00 (VIOLATED)
i_croc_soc/i_croc/i_gpio/i_reg_file.new_reg_10__reg/Q_N    0.00    0.00   -0.00 (VIOLATED)
i_croc_soc/i_croc/i_gpio/i_reg_file.new_reg_11__reg/Q_N    0.00    0.00   -0.00 (VIOLATED)
i_croc_soc/i_croc/i_gpio/i_reg_file.new_reg_12__reg/Q_N    0.00    0.00   -0.00 (VIOLATED)
i_croc_soc/i_croc/i_gpio/i_reg_file.new_reg_13__reg/Q_N    0.00    0.00   -0.00 (VIOLATED)
i_croc_soc/i_croc/i_gpio/i_reg_file.new_reg_14__reg/Q_N    0.00    0.00   -0.00 (VIOLATED)
i_croc_soc/i_croc/i_gpio/i_reg_file.new_reg_15__reg/Q_N    0.00    0.00   -0.00 (VIOLATED)
i_croc_soc/i_croc/i_gpio/i_reg_file.new_reg_16__reg/Q_N    0.00    0.00   -0.00 (VIOLATED)
i_croc_soc/i_croc/i_gpio/i_reg_file.new_reg_17__reg/Q_N    0.00    0.00   -0.00 (VIOLATED)
i_croc_soc/i_croc/i_gpio/i_reg_file.new_reg_18__reg/Q_N    0.00    0.00   -0.00 (VIOLATED)
i_croc_soc/i_croc/i_gpio/i_reg_file.new_reg_192__reg/Q_N    0.00    0.00   -0.00 (VIOLATED)
i_croc_soc/i_croc/i_gpio/i_reg_file.new_reg_193__reg/Q_N    0.00    0.00   -0.00 (VIOLATED)
i_croc_soc/i_croc/i_gpio/i_reg_file.new_reg_194__reg/Q_N    0.00    0.00   -0.00 (VIOLATED)
i_croc_soc/i_croc/i_gpio/i_reg_file.new_reg_195__reg/Q_N    0.00    0.00   -0.00 (VIOLATED)
i_croc_soc/i_croc/i_gpio/i_reg_file.new_reg_196__reg/Q_N    0.00    0.00   -0.00 (VIOLATED)
i_croc_soc/i_croc/i_gpio/i_reg_file.new_reg_197__reg/Q_N    0.00    0.00   -0.00 (VIOLATED)
i_croc_soc/i_croc/i_gpio/i_reg_file.new_reg_198__reg/Q_N    0.00    0.00   -0.00 (VIOLATED)
i_croc_soc/i_croc/i_gpio/i_reg_file.new_reg_199__reg/Q_N    0.00    0.00   -0.00 (VIOLATED)
i_croc_soc/i_croc/i_gpio/i_reg_file.new_reg_19__reg/Q_N    0.00    0.00   -0.00 (VIOLATED)
i_croc_soc/i_croc/i_gpio/i_reg_file.new_reg_1__reg/Q_N    0.00    0.00   -0.00 (VIOLATED)
i_croc_soc/i_croc/i_gpio/i_reg_file.new_reg_200__reg/Q_N    0.00    0.00   -0.00 (VIOLATED)
i_croc_soc/i_croc/i_gpio/i_reg_file.new_reg_201__reg/Q_N    0.00    0.00   -0.00 (VIOLATED)
i_croc_soc/i_croc/i_gpio/i_reg_file.new_reg_202__reg/Q_N    0.00    0.00   -0.00 (VIOLATED)
i_croc_soc/i_croc/i_gpio/i_reg_file.new_reg_203__reg/Q_N    0.00    0.00   -0.00 (VIOLATED)
i_croc_soc/i_croc/i_gpio/i_reg_file.new_reg_204__reg/Q_N    0.00    0.00   -0.00 (VIOLATED)
i_croc_soc/i_croc/i_gpio/i_reg_file.new_reg_205__reg/Q_N    0.00    0.00   -0.00 (VIOLATED)
i_croc_soc/i_croc/i_gpio/i_reg_file.new_reg_206__reg/Q_N    0.00    0.00   -0.00 (VIOLATED)
i_croc_soc/i_croc/i_gpio/i_reg_file.new_reg_207__reg/Q_N    0.00    0.00   -0.00 (VIOLATED)
i_croc_soc/i_croc/i_gpio/i_reg_file.new_reg_208__reg/Q_N    0.00    0.00   -0.00 (VIOLATED)
i_croc_soc/i_croc/i_gpio/i_reg_file.new_reg_209__reg/Q_N    0.00    0.00   -0.00 (VIOLATED)
i_croc_soc/i_croc/i_gpio/i_reg_file.new_reg_20__reg/Q_N    0.00    0.00   -0.00 (VIOLATED)
i_croc_soc/i_croc/i_gpio/i_reg_file.new_reg_210__reg/Q_N    0.00    0.00   -0.00 (VIOLATED)
i_croc_soc/i_croc/i_gpio/i_reg_file.new_reg_211__reg/Q_N    0.00    0.00   -0.00 (VIOLATED)
i_croc_soc/i_croc/i_gpio/i_reg_file.new_reg_212__reg/Q_N    0.00    0.00   -0.00 (VIOLATED)
i_croc_soc/i_croc/i_gpio/i_reg_file.new_reg_213__reg/Q_N    0.00    0.00   -0.00 (VIOLATED)
i_croc_soc/i_croc/i_gpio/i_reg_file.new_reg_214__reg/Q_N    0.00    0.00   -0.00 (VIOLATED)
i_croc_soc/i_croc/i_gpio/i_reg_file.new_reg_215__reg/Q_N    0.00    0.00   -0.00 (VIOLATED)
i_croc_soc/i_croc/i_gpio/i_reg_file.new_reg_216__reg/Q_N    0.00    0.00   -0.00 (VIOLATED)
i_croc_soc/i_croc/i_gpio/i_reg_file.new_reg_217__reg/Q_N    0.00    0.00   -0.00 (VIOLATED)
i_croc_soc/i_croc/i_gpio/i_reg_file.new_reg_218__reg/Q_N    0.00    0.00   -0.00 (VIOLATED)
i_croc_soc/i_croc/i_gpio/i_reg_file.new_reg_219__reg/Q_N    0.00    0.00   -0.00 (VIOLATED)
i_croc_soc/i_croc/i_gpio/i_reg_file.new_reg_21__reg/Q_N    0.00    0.00   -0.00 (VIOLATED)
i_croc_soc/i_croc/i_gpio/i_reg_file.new_reg_220__reg/Q_N    0.00    0.00   -0.00 (VIOLATED)
i_croc_soc/i_croc/i_gpio/i_reg_file.new_reg_221__reg/Q_N    0.00    0.00   -0.00 (VIOLATED)
i_croc_soc/i_croc/i_gpio/i_reg_file.new_reg_222__reg/Q_N    0.00    0.00   -0.00 (VIOLATED)
i_croc_soc/i_croc/i_gpio/i_reg_file.new_reg_223__reg/Q_N    0.00    0.00   -0.00 (VIOLATED)
i_croc_soc/i_croc/i_gpio/i_reg_file.new_reg_22__reg/Q_N    0.00    0.00   -0.00 (VIOLATED)
i_croc_soc/i_croc/i_gpio/i_reg_file.new_reg_23__reg/Q_N    0.00    0.00   -0.00 (VIOLATED)
i_croc_soc/i_croc/i_gpio/i_reg_file.new_reg_24__reg/Q_N    0.00    0.00   -0.00 (VIOLATED)
i_croc_soc/i_croc/i_gpio/i_reg_file.new_reg_25__reg/Q_N    0.00    0.00   -0.00 (VIOLATED)
i_croc_soc/i_croc/i_gpio/i_reg_file.new_reg_26__reg/Q_N    0.00    0.00   -0.00 (VIOLATED)
i_croc_soc/i_croc/i_gpio/i_reg_file.new_reg_27__reg/Q_N    0.00    0.00   -0.00 (VIOLATED)
i_croc_soc/i_croc/i_gpio/i_reg_file.new_reg_28__reg/Q_N    0.00    0.00   -0.00 (VIOLATED)
i_croc_soc/i_croc/i_gpio/i_reg_file.new_reg_29__reg/Q_N    0.00    0.00   -0.00 (VIOLATED)
i_croc_soc/i_croc/i_gpio/i_reg_file.new_reg_2__reg/Q_N    0.00    0.00   -0.00 (VIOLATED)
i_croc_soc/i_croc/i_gpio/i_reg_file.new_reg_30__reg/Q_N    0.00    0.00   -0.00 (VIOLATED)
i_croc_soc/i_croc/i_gpio/i_reg_file.new_reg_31__reg/Q_N    0.00    0.00   -0.00 (VIOLATED)
i_croc_soc/i_croc/i_gpio/i_reg_file.new_reg_3__reg/Q_N    0.00    0.00   -0.00 (VIOLATED)
i_croc_soc/i_croc/i_gpio/i_reg_file.new_reg_4__reg/Q_N    0.00    0.00   -0.00 (VIOLATED)
i_croc_soc/i_croc/i_gpio/i_reg_file.new_reg_5__reg/Q_N    0.00    0.00   -0.00 (VIOLATED)
i_croc_soc/i_croc/i_gpio/i_reg_file.new_reg_64__reg/Q_N    0.00    0.00   -0.00 (VIOLATED)
i_croc_soc/i_croc/i_gpio/i_reg_file.new_reg_65__reg/Q_N    0.00    0.00   -0.00 (VIOLATED)
i_croc_soc/i_croc/i_gpio/i_reg_file.new_reg_66__reg/Q_N    0.00    0.00   -0.00 (VIOLATED)
i_croc_soc/i_croc/i_gpio/i_reg_file.new_reg_67__reg/Q_N    0.00    0.00   -0.00 (VIOLATED)
i_croc_soc/i_croc/i_gpio/i_reg_file.new_reg_68__reg/Q_N    0.00    0.00   -0.00 (VIOLATED)
i_croc_soc/i_croc/i_gpio/i_reg_file.new_reg_69__reg/Q_N    0.00    0.00   -0.00 (VIOLATED)
i_croc_soc/i_croc/i_gpio/i_reg_file.new_reg_6__reg/Q_N    0.00    0.00   -0.00 (VIOLATED)
i_croc_soc/i_croc/i_gpio/i_reg_file.new_reg_70__reg/Q_N    0.00    0.00   -0.00 (VIOLATED)
i_croc_soc/i_croc/i_gpio/i_reg_file.new_reg_71__reg/Q_N    0.00    0.00   -0.00 (VIOLATED)
i_croc_soc/i_croc/i_gpio/i_reg_file.new_reg_72__reg/Q_N    0.00    0.00   -0.00 (VIOLATED)
i_croc_soc/i_croc/i_gpio/i_reg_file.new_reg_73__reg/Q_N    0.00    0.00   -0.00 (VIOLATED)
i_croc_soc/i_croc/i_gpio/i_reg_file.new_reg_74__reg/Q_N    0.00    0.00   -0.00 (VIOLATED)
i_croc_soc/i_croc/i_gpio/i_reg_file.new_reg_75__reg/Q_N    0.00    0.00   -0.00 (VIOLATED)
i_croc_soc/i_croc/i_gpio/i_reg_file.new_reg_76__reg/Q_N    0.00    0.00   -0.00 (VIOLATED)
i_croc_soc/i_croc/i_gpio/i_reg_file.new_reg_77__reg/Q_N    0.00    0.00   -0.00 (VIOLATED)
i_croc_soc/i_croc/i_gpio/i_reg_file.new_reg_78__reg/Q_N    0.00    0.00   -0.00 (VIOLATED)
i_croc_soc/i_croc/i_gpio/i_reg_file.new_reg_79__reg/Q_N    0.00    0.00   -0.00 (VIOLATED)
i_croc_soc/i_croc/i_gpio/i_reg_file.new_reg_7__reg/Q_N    0.00    0.00   -0.00 (VIOLATED)
i_croc_soc/i_croc/i_gpio/i_reg_file.new_reg_80__reg/Q_N    0.00    0.00   -0.00 (VIOLATED)
i_croc_soc/i_croc/i_gpio/i_reg_file.new_reg_81__reg/Q_N    0.00    0.00   -0.00 (VIOLATED)
i_croc_soc/i_croc/i_gpio/i_reg_file.new_reg_82__reg/Q_N    0.00    0.00   -0.00 (VIOLATED)
i_croc_soc/i_croc/i_gpio/i_reg_file.new_reg_83__reg/Q_N    0.00    0.00   -0.00 (VIOLATED)
i_croc_soc/i_croc/i_gpio/i_reg_file.new_reg_84__reg/Q_N    0.00    0.00   -0.00 (VIOLATED)
i_croc_soc/i_croc/i_gpio/i_reg_file.new_reg_85__reg/Q_N    0.00    0.00   -0.00 (VIOLATED)
i_croc_soc/i_croc/i_gpio/i_reg_file.new_reg_86__reg/Q_N    0.00    0.00   -0.00 (VIOLATED)
i_croc_soc/i_croc/i_gpio/i_reg_file.new_reg_87__reg/Q_N    0.00    0.00   -0.00 (VIOLATED)
i_croc_soc/i_croc/i_gpio/i_reg_file.new_reg_88__reg/Q_N    0.00    0.00   -0.00 (VIOLATED)
i_croc_soc/i_croc/i_gpio/i_reg_file.new_reg_89__reg/Q_N    0.00    0.00   -0.00 (VIOLATED)
i_croc_soc/i_croc/i_gpio/i_reg_file.new_reg_8__reg/Q_N    0.00    0.00   -0.00 (VIOLATED)
i_croc_soc/i_croc/i_gpio/i_reg_file.new_reg_90__reg/Q_N    0.00    0.00   -0.00 (VIOLATED)
i_croc_soc/i_croc/i_gpio/i_reg_file.new_reg_91__reg/Q_N    0.00    0.00   -0.00 (VIOLATED)
i_croc_soc/i_croc/i_gpio/i_reg_file.new_reg_92__reg/Q_N    0.00    0.00   -0.00 (VIOLATED)
i_croc_soc/i_croc/i_gpio/i_reg_file.new_reg_93__reg/Q_N    0.00    0.00   -0.00 (VIOLATED)
i_croc_soc/i_croc/i_gpio/i_reg_file.new_reg_94__reg/Q_N    0.00    0.00   -0.00 (VIOLATED)
i_croc_soc/i_croc/i_gpio/i_reg_file.new_reg_95__reg/Q_N    0.00    0.00   -0.00 (VIOLATED)
i_croc_soc/i_croc/i_gpio/i_reg_file.new_reg_9__reg/Q_N    0.00    0.00   -0.00 (VIOLATED)
i_croc_soc/i_croc/i_gpio/i_reg_file.read_addr_q_0__reg/Q_N    0.00    0.00   -0.00 (VIOLATED)
i_croc_soc/i_croc/i_gpio/i_reg_file.read_addr_q_1__reg/Q_N    0.00    0.00   -0.00 (VIOLATED)
i_croc_soc/i_croc/i_gpio/i_reg_file.read_addr_q_2__reg/Q_N    0.00    0.00   -0.00 (VIOLATED)
i_croc_soc/i_croc/i_gpio/i_reg_file.read_addr_q_3__reg/Q_N    0.00    0.00   -0.00 (VIOLATED)
i_croc_soc/i_croc/i_gpio/i_reg_file.read_addr_q_4__reg/Q_N    0.00    0.00   -0.00 (VIOLATED)
i_croc_soc/i_croc/i_gpio/i_reg_file.read_addr_q_8__reg/Q_N    0.00    0.00   -0.00 (VIOLATED)
i_croc_soc/i_croc/i_gpio/i_reg_file.read_addr_q_9__reg/Q_N    0.00    0.00   -0.00 (VIOLATED)
i_croc_soc/i_croc/i_gpio/i_reg_file.reg2hw_106__reg/Q_N    0.00    0.00   -0.00 (VIOLATED)
i_croc_soc/i_croc/i_gpio/i_reg_file.reg2hw_113__reg/Q_N    0.00    0.00   -0.00 (VIOLATED)
i_croc_soc/i_croc/i_gpio/i_reg_file.reg2hw_120__reg/Q_N    0.00    0.00   -0.00 (VIOLATED)
i_croc_soc/i_croc/i_gpio/i_reg_file.reg2hw_127__reg/Q_N    0.00    0.00   -0.00 (VIOLATED)
i_croc_soc/i_croc/i_gpio/i_reg_file.reg2hw_134__reg/Q_N    0.00    0.00   -0.00 (VIOLATED)
i_croc_soc/i_croc/i_gpio/i_reg_file.reg2hw_141__reg/Q_N    0.00    0.00   -0.00 (VIOLATED)
i_croc_soc/i_croc/i_gpio/i_reg_file.reg2hw_148__reg/Q_N    0.00    0.00   -0.00 (VIOLATED)
i_croc_soc/i_croc/i_gpio/i_reg_file.reg2hw_155__reg/Q_N    0.00    0.00   -0.00 (VIOLATED)
i_croc_soc/i_croc/i_gpio/i_reg_file.reg2hw_15__reg/Q_N    0.00    0.00   -0.00 (VIOLATED)
i_croc_soc/i_croc/i_gpio/i_reg_file.reg2hw_162__reg/Q_N    0.00    0.00   -0.00 (VIOLATED)
i_croc_soc/i_croc/i_gpio/i_reg_file.reg2hw_169__reg/Q_N    0.00    0.00   -0.00 (VIOLATED)
i_croc_soc/i_croc/i_gpio/i_reg_file.reg2hw_176__reg/Q_N    0.00    0.00   -0.00 (VIOLATED)
i_croc_soc/i_croc/i_gpio/i_reg_file.reg2hw_183__reg/Q_N    0.00    0.00   -0.00 (VIOLATED)
i_croc_soc/i_croc/i_gpio/i_reg_file.reg2hw_190__reg/Q_N    0.00    0.00   -0.00 (VIOLATED)
i_croc_soc/i_croc/i_gpio/i_reg_file.reg2hw_197__reg/Q_N    0.00    0.00   -0.00 (VIOLATED)
i_croc_soc/i_croc/i_gpio/i_reg_file.reg2hw_1__reg/Q_N    0.00    0.00   -0.00 (VIOLATED)
i_croc_soc/i_croc/i_gpio/i_reg_file.reg2hw_204__reg/Q_N    0.00    0.00   -0.00 (VIOLATED)
i_croc_soc/i_croc/i_gpio/i_reg_file.reg2hw_211__reg/Q_N    0.00    0.00   -0.00 (VIOLATED)
i_croc_soc/i_croc/i_gpio/i_reg_file.reg2hw_218__reg/Q_N    0.00    0.00   -0.00 (VIOLATED)
i_croc_soc/i_croc/i_gpio/i_reg_file.reg2hw_22__reg/Q_N    0.00    0.00   -0.00 (VIOLATED)
i_croc_soc/i_croc/i_gpio/i_reg_file.reg2hw_29__reg/Q_N    0.00    0.00   -0.00 (VIOLATED)
i_croc_soc/i_croc/i_gpio/i_reg_file.reg2hw_36__reg/Q_N    0.00    0.00   -0.00 (VIOLATED)
i_croc_soc/i_croc/i_gpio/i_reg_file.reg2hw_43__reg/Q_N    0.00    0.00   -0.00 (VIOLATED)
i_croc_soc/i_croc/i_gpio/i_reg_file.reg2hw_50__reg/Q_N    0.00    0.00   -0.00 (VIOLATED)
i_croc_soc/i_croc/i_gpio/i_reg_file.reg2hw_57__reg/Q_N    0.00    0.00   -0.00 (VIOLATED)
i_croc_soc/i_croc/i_gpio/i_reg_file.reg2hw_64__reg/Q_N    0.00    0.00   -0.00 (VIOLATED)
i_croc_soc/i_croc/i_gpio/i_reg_file.reg2hw_71__reg/Q_N    0.00    0.00   -0.00 (VIOLATED)
i_croc_soc/i_croc/i_gpio/i_reg_file.reg2hw_78__reg/Q_N    0.00    0.00   -0.00 (VIOLATED)
i_croc_soc/i_croc/i_gpio/i_reg_file.reg2hw_85__reg/Q_N    0.00    0.00   -0.00 (VIOLATED)
i_croc_soc/i_croc/i_gpio/i_reg_file.reg2hw_8__reg/Q_N    0.00    0.00   -0.00 (VIOLATED)
i_croc_soc/i_croc/i_gpio/i_reg_file.reg2hw_92__reg/Q_N    0.00    0.00   -0.00 (VIOLATED)
i_croc_soc/i_croc/i_gpio/i_reg_file.reg2hw_99__reg/Q_N    0.00    0.00   -0.00 (VIOLATED)
i_croc_soc/i_croc/i_gpio/i_reg_file.reg_q_160__reg/Q_N    0.00    0.00   -0.00 (VIOLATED)
i_croc_soc/i_croc/i_gpio/i_reg_file.reg_q_161__reg/Q_N    0.00    0.00   -0.00 (VIOLATED)
i_croc_soc/i_croc/i_gpio/i_reg_file.reg_q_162__reg/Q_N    0.00    0.00   -0.00 (VIOLATED)
i_croc_soc/i_croc/i_gpio/i_reg_file.reg_q_163__reg/Q_N    0.00    0.00   -0.00 (VIOLATED)
i_croc_soc/i_croc/i_gpio/i_reg_file.reg_q_164__reg/Q_N    0.00    0.00   -0.00 (VIOLATED)
i_croc_soc/i_croc/i_gpio/i_reg_file.reg_q_165__reg/Q_N    0.00    0.00   -0.00 (VIOLATED)
i_croc_soc/i_croc/i_gpio/i_reg_file.reg_q_166__reg/Q_N    0.00    0.00   -0.00 (VIOLATED)
i_croc_soc/i_croc/i_gpio/i_reg_file.reg_q_167__reg/Q_N    0.00    0.00   -0.00 (VIOLATED)
i_croc_soc/i_croc/i_gpio/i_reg_file.reg_q_168__reg/Q_N    0.00    0.00   -0.00 (VIOLATED)
i_croc_soc/i_croc/i_gpio/i_reg_file.reg_q_169__reg/Q_N    0.00    0.00   -0.00 (VIOLATED)
i_croc_soc/i_croc/i_gpio/i_reg_file.reg_q_170__reg/Q_N    0.00    0.00   -0.00 (VIOLATED)
i_croc_soc/i_croc/i_gpio/i_reg_file.reg_q_171__reg/Q_N    0.00    0.00   -0.00 (VIOLATED)
i_croc_soc/i_croc/i_gpio/i_reg_file.reg_q_172__reg/Q_N    0.00    0.00   -0.00 (VIOLATED)
i_croc_soc/i_croc/i_gpio/i_reg_file.reg_q_173__reg/Q_N    0.00    0.00   -0.00 (VIOLATED)
i_croc_soc/i_croc/i_gpio/i_reg_file.reg_q_174__reg/Q_N    0.00    0.00   -0.00 (VIOLATED)
i_croc_soc/i_croc/i_gpio/i_reg_file.reg_q_175__reg/Q_N    0.00    0.00   -0.00 (VIOLATED)
i_croc_soc/i_croc/i_gpio/i_reg_file.reg_q_176__reg/Q_N    0.00    0.00   -0.00 (VIOLATED)
i_croc_soc/i_croc/i_gpio/i_reg_file.reg_q_177__reg/Q_N    0.00    0.00   -0.00 (VIOLATED)
i_croc_soc/i_croc/i_gpio/i_reg_file.reg_q_178__reg/Q_N    0.00    0.00   -0.00 (VIOLATED)
i_croc_soc/i_croc/i_gpio/i_reg_file.reg_q_179__reg/Q_N    0.00    0.00   -0.00 (VIOLATED)
i_croc_soc/i_croc/i_gpio/i_reg_file.reg_q_180__reg/Q_N    0.00    0.00   -0.00 (VIOLATED)
i_croc_soc/i_croc/i_gpio/i_reg_file.reg_q_181__reg/Q_N    0.00    0.00   -0.00 (VIOLATED)
i_croc_soc/i_croc/i_gpio/i_reg_file.reg_q_182__reg/Q_N    0.00    0.00   -0.00 (VIOLATED)
i_croc_soc/i_croc/i_gpio/i_reg_file.reg_q_183__reg/Q_N    0.00    0.00   -0.00 (VIOLATED)
i_croc_soc/i_croc/i_gpio/i_reg_file.reg_q_184__reg/Q_N    0.00    0.00   -0.00 (VIOLATED)
i_croc_soc/i_croc/i_gpio/i_reg_file.reg_q_185__reg/Q_N    0.00    0.00   -0.00 (VIOLATED)
i_croc_soc/i_croc/i_gpio/i_reg_file.reg_q_186__reg/Q_N    0.00    0.00   -0.00 (VIOLATED)
i_croc_soc/i_croc/i_gpio/i_reg_file.reg_q_187__reg/Q_N    0.00    0.00   -0.00 (VIOLATED)
i_croc_soc/i_croc/i_gpio/i_reg_file.reg_q_188__reg/Q_N    0.00    0.00   -0.00 (VIOLATED)
i_croc_soc/i_croc/i_gpio/i_reg_file.reg_q_189__reg/Q_N    0.00    0.00   -0.00 (VIOLATED)
i_croc_soc/i_croc/i_gpio/i_reg_file.reg_q_190__reg/Q_N    0.00    0.00   -0.00 (VIOLATED)
i_croc_soc/i_croc/i_gpio/i_reg_file.reg_q_191__reg/Q_N    0.00    0.00   -0.00 (VIOLATED)
i_croc_soc/i_croc/i_gpio/i_reg_file.req_q_reg/Q_N    0.00    0.00   -0.00 (VIOLATED)
i_croc_soc/i_croc/i_gpio/i_reg_file.w_err_q_reg/Q_N    0.00    0.00   -0.00 (VIOLATED)
i_croc_soc/i_croc/i_gpio/i_reg_file.we_q_reg/Q    0.00    0.00   -0.00 (VIOLATED)
i_croc_soc/i_croc/i_main_xbar.gen_demux[0].i_demux.i_counter.overflow_o_reg/Q_N    0.00    0.00   -0.00 (VIOLATED)
i_croc_soc/i_croc/i_main_xbar.gen_demux[0].i_demux.select_q_0__reg/Q_N    0.00    0.00   -0.00 (VIOLATED)
i_croc_soc/i_croc/i_main_xbar.gen_demux[0].i_demux.select_q_1__reg/Q_N    0.00    0.00   -0.00 (VIOLATED)
i_croc_soc/i_croc/i_main_xbar.gen_demux[0].i_demux.select_q_2__reg/Q_N    0.00    0.00   -0.00 (VIOLATED)
i_croc_soc/i_croc/i_main_xbar.gen_demux[1].i_demux.i_counter.overflow_o_reg/Q_N    0.00    0.00   -0.00 (VIOLATED)
i_croc_soc/i_croc/i_main_xbar.gen_demux[1].i_demux.select_q_0__reg/Q_N    0.00    0.00   -0.00 (VIOLATED)
i_croc_soc/i_croc/i_main_xbar.gen_demux[1].i_demux.select_q_1__reg/Q_N    0.00    0.00   -0.00 (VIOLATED)
i_croc_soc/i_croc/i_main_xbar.gen_demux[1].i_demux.select_q_2__reg/Q_N    0.00    0.00   -0.00 (VIOLATED)
i_croc_soc/i_croc/i_main_xbar.gen_demux[2].i_demux.i_counter.overflow_o_reg/Q_N    0.00    0.00   -0.00 (VIOLATED)
i_croc_soc/i_croc/i_main_xbar.gen_demux[2].i_demux.select_q_0__reg/Q_N    0.00    0.00   -0.00 (VIOLATED)
i_croc_soc/i_croc/i_main_xbar.gen_demux[2].i_demux.select_q_1__reg/Q_N    0.00    0.00   -0.00 (VIOLATED)
i_croc_soc/i_croc/i_main_xbar.gen_demux[2].i_demux.select_q_2__reg/Q_N    0.00    0.00   -0.00 (VIOLATED)
i_croc_soc/i_croc/i_main_xbar.gen_demux[3].i_demux.i_counter.overflow_o_reg/Q_N    0.00    0.00   -0.00 (VIOLATED)
i_croc_soc/i_croc/i_main_xbar.gen_demux[3].i_demux.select_q_0__reg/Q_N    0.00    0.00   -0.00 (VIOLATED)
i_croc_soc/i_croc/i_main_xbar.gen_demux[3].i_demux.select_q_1__reg/Q_N    0.00    0.00   -0.00 (VIOLATED)
i_croc_soc/i_croc/i_main_xbar.gen_demux[3].i_demux.select_q_2__reg/Q_N    0.00    0.00   -0.00 (VIOLATED)
i_croc_soc/i_croc/i_main_xbar.gen_mux[0].i_mux.gen_no_id_assign.i_fifo.mem_q_0__reg/Q_N    0.00    0.00   -0.00 (VIOLATED)
i_croc_soc/i_croc/i_main_xbar.gen_mux[0].i_mux.gen_no_id_assign.i_fifo.mem_q_1__reg/Q_N    0.00    0.00   -0.00 (VIOLATED)
i_croc_soc/i_croc/i_main_xbar.gen_mux[0].i_mux.gen_no_id_assign.i_fifo.mem_q_2__reg/Q_N    0.00    0.00   -0.00 (VIOLATED)
i_croc_soc/i_croc/i_main_xbar.gen_mux[0].i_mux.gen_no_id_assign.i_fifo.mem_q_3__reg/Q_N    0.00    0.00   -0.00 (VIOLATED)
i_croc_soc/i_croc/i_main_xbar.gen_mux[0].i_mux.i_rr_arb.gen_arbiter.gen_int_rr.gen_lock.lock_q_reg/Q_N    0.00    0.00   -0.00 (VIOLATED)
i_croc_soc/i_croc/i_main_xbar.gen_mux[0].i_mux.i_rr_arb.gen_arbiter.gen_int_rr.gen_lock.req_q_0__reg/Q_N    0.00    0.00   -0.00 (VIOLATED)
i_croc_soc/i_croc/i_main_xbar.gen_mux[0].i_mux.i_rr_arb.gen_arbiter.gen_int_rr.gen_lock.req_q_1__reg/Q_N    0.00    0.00   -0.00 (VIOLATED)
i_croc_soc/i_croc/i_main_xbar.gen_mux[0].i_mux.i_rr_arb.gen_arbiter.gen_int_rr.gen_lock.req_q_2__reg/Q_N    0.00    0.00   -0.00 (VIOLATED)
i_croc_soc/i_croc/i_main_xbar.gen_mux[0].i_mux.i_rr_arb.gen_arbiter.gen_int_rr.gen_lock.req_q_3__reg/Q_N    0.00    0.00   -0.00 (VIOLATED)
i_croc_soc/i_croc/i_main_xbar.gen_mux[0].i_mux.i_rr_arb.gen_arbiter.rr_q_0__reg/Q_N    0.00    0.00   -0.00 (VIOLATED)
i_croc_soc/i_croc/i_main_xbar.gen_mux[0].i_mux.i_rr_arb.gen_arbiter.rr_q_1__reg/Q_N    0.00    0.00   -0.00 (VIOLATED)
i_croc_soc/i_croc/i_main_xbar.gen_mux[1].i_mux.gen_no_id_assign.i_fifo.mem_q_0__reg/Q_N    0.00    0.00   -0.00 (VIOLATED)
i_croc_soc/i_croc/i_main_xbar.gen_mux[1].i_mux.gen_no_id_assign.i_fifo.mem_q_1__reg/Q_N    0.00    0.00   -0.00 (VIOLATED)
i_croc_soc/i_croc/i_main_xbar.gen_mux[1].i_mux.gen_no_id_assign.i_fifo.mem_q_2__reg/Q_N    0.00    0.00   -0.00 (VIOLATED)
i_croc_soc/i_croc/i_main_xbar.gen_mux[1].i_mux.gen_no_id_assign.i_fifo.mem_q_3__reg/Q_N    0.00    0.00   -0.00 (VIOLATED)
i_croc_soc/i_croc/i_main_xbar.gen_mux[1].i_mux.i_rr_arb.gen_arbiter.gen_int_rr.gen_lock.lock_q_reg/Q_N    0.00    0.00   -0.00 (VIOLATED)
i_croc_soc/i_croc/i_main_xbar.gen_mux[1].i_mux.i_rr_arb.gen_arbiter.gen_int_rr.gen_lock.req_q_0__reg/Q_N    0.00    0.00   -0.00 (VIOLATED)
i_croc_soc/i_croc/i_main_xbar.gen_mux[1].i_mux.i_rr_arb.gen_arbiter.gen_int_rr.gen_lock.req_q_1__reg/Q_N    0.00    0.00   -0.00 (VIOLATED)
i_croc_soc/i_croc/i_main_xbar.gen_mux[1].i_mux.i_rr_arb.gen_arbiter.gen_int_rr.gen_lock.req_q_2__reg/Q_N    0.00    0.00   -0.00 (VIOLATED)
i_croc_soc/i_croc/i_main_xbar.gen_mux[1].i_mux.i_rr_arb.gen_arbiter.gen_int_rr.gen_lock.req_q_3__reg/Q_N    0.00    0.00   -0.00 (VIOLATED)
i_croc_soc/i_croc/i_main_xbar.gen_mux[1].i_mux.i_rr_arb.gen_arbiter.rr_q_0__reg/Q_N    0.00    0.00   -0.00 (VIOLATED)
i_croc_soc/i_croc/i_main_xbar.gen_mux[1].i_mux.i_rr_arb.gen_arbiter.rr_q_1__reg/Q_N    0.00    0.00   -0.00 (VIOLATED)
i_croc_soc/i_croc/i_main_xbar.gen_mux[2].i_mux.gen_no_id_assign.i_fifo.mem_q_0__reg/Q_N    0.00    0.00   -0.00 (VIOLATED)
i_croc_soc/i_croc/i_main_xbar.gen_mux[2].i_mux.gen_no_id_assign.i_fifo.mem_q_1__reg/Q_N    0.00    0.00   -0.00 (VIOLATED)
i_croc_soc/i_croc/i_main_xbar.gen_mux[2].i_mux.gen_no_id_assign.i_fifo.mem_q_2__reg/Q_N    0.00    0.00   -0.00 (VIOLATED)
i_croc_soc/i_croc/i_main_xbar.gen_mux[2].i_mux.gen_no_id_assign.i_fifo.mem_q_3__reg/Q_N    0.00    0.00   -0.00 (VIOLATED)
i_croc_soc/i_croc/i_main_xbar.gen_mux[2].i_mux.i_rr_arb.gen_arbiter.gen_int_rr.gen_lock.lock_q_reg/Q_N    0.00    0.00   -0.00 (VIOLATED)
i_croc_soc/i_croc/i_main_xbar.gen_mux[2].i_mux.i_rr_arb.gen_arbiter.gen_int_rr.gen_lock.req_q_0__reg/Q_N    0.00    0.00   -0.00 (VIOLATED)
i_croc_soc/i_croc/i_main_xbar.gen_mux[2].i_mux.i_rr_arb.gen_arbiter.gen_int_rr.gen_lock.req_q_1__reg/Q_N    0.00    0.00   -0.00 (VIOLATED)
i_croc_soc/i_croc/i_main_xbar.gen_mux[2].i_mux.i_rr_arb.gen_arbiter.gen_int_rr.gen_lock.req_q_2__reg/Q_N    0.00    0.00   -0.00 (VIOLATED)
i_croc_soc/i_croc/i_main_xbar.gen_mux[2].i_mux.i_rr_arb.gen_arbiter.gen_int_rr.gen_lock.req_q_3__reg/Q_N    0.00    0.00   -0.00 (VIOLATED)
i_croc_soc/i_croc/i_main_xbar.gen_mux[2].i_mux.i_rr_arb.gen_arbiter.rr_q_0__reg/Q_N    0.00    0.00   -0.00 (VIOLATED)
i_croc_soc/i_croc/i_main_xbar.gen_mux[2].i_mux.i_rr_arb.gen_arbiter.rr_q_1__reg/Q_N    0.00    0.00   -0.00 (VIOLATED)
i_croc_soc/i_croc/i_main_xbar.gen_mux[3].i_mux.gen_no_id_assign.i_fifo.mem_q_0__reg/Q_N    0.00    0.00   -0.00 (VIOLATED)
i_croc_soc/i_croc/i_main_xbar.gen_mux[3].i_mux.gen_no_id_assign.i_fifo.mem_q_1__reg/Q_N    0.00    0.00   -0.00 (VIOLATED)
i_croc_soc/i_croc/i_main_xbar.gen_mux[3].i_mux.gen_no_id_assign.i_fifo.mem_q_2__reg/Q_N    0.00    0.00   -0.00 (VIOLATED)
i_croc_soc/i_croc/i_main_xbar.gen_mux[3].i_mux.gen_no_id_assign.i_fifo.mem_q_3__reg/Q_N    0.00    0.00   -0.00 (VIOLATED)
i_croc_soc/i_croc/i_main_xbar.gen_mux[3].i_mux.i_rr_arb.gen_arbiter.gen_int_rr.gen_lock.lock_q_reg/Q_N    0.00    0.00   -0.00 (VIOLATED)
i_croc_soc/i_croc/i_main_xbar.gen_mux[3].i_mux.i_rr_arb.gen_arbiter.gen_int_rr.gen_lock.req_q_0__reg/Q_N    0.00    0.00   -0.00 (VIOLATED)
i_croc_soc/i_croc/i_main_xbar.gen_mux[3].i_mux.i_rr_arb.gen_arbiter.gen_int_rr.gen_lock.req_q_1__reg/Q_N    0.00    0.00   -0.00 (VIOLATED)
i_croc_soc/i_croc/i_main_xbar.gen_mux[3].i_mux.i_rr_arb.gen_arbiter.gen_int_rr.gen_lock.req_q_2__reg/Q_N    0.00    0.00   -0.00 (VIOLATED)
i_croc_soc/i_croc/i_main_xbar.gen_mux[3].i_mux.i_rr_arb.gen_arbiter.gen_int_rr.gen_lock.req_q_3__reg/Q_N    0.00    0.00   -0.00 (VIOLATED)
i_croc_soc/i_croc/i_main_xbar.gen_mux[3].i_mux.i_rr_arb.gen_arbiter.rr_q_0__reg/Q_N    0.00    0.00   -0.00 (VIOLATED)
i_croc_soc/i_croc/i_main_xbar.gen_mux[3].i_mux.i_rr_arb.gen_arbiter.rr_q_1__reg/Q_N    0.00    0.00   -0.00 (VIOLATED)
i_croc_soc/i_croc/i_main_xbar.gen_mux[4].i_mux.gen_no_id_assign.i_fifo.mem_q_0__reg/Q_N    0.00    0.00   -0.00 (VIOLATED)
i_croc_soc/i_croc/i_main_xbar.gen_mux[4].i_mux.gen_no_id_assign.i_fifo.mem_q_1__reg/Q_N    0.00    0.00   -0.00 (VIOLATED)
i_croc_soc/i_croc/i_main_xbar.gen_mux[4].i_mux.gen_no_id_assign.i_fifo.mem_q_2__reg/Q_N    0.00    0.00   -0.00 (VIOLATED)
i_croc_soc/i_croc/i_main_xbar.gen_mux[4].i_mux.gen_no_id_assign.i_fifo.mem_q_3__reg/Q_N    0.00    0.00   -0.00 (VIOLATED)
i_croc_soc/i_croc/i_main_xbar.gen_mux[4].i_mux.i_rr_arb.gen_arbiter.gen_int_rr.gen_lock.lock_q_reg/Q_N    0.00    0.00   -0.00 (VIOLATED)
i_croc_soc/i_croc/i_main_xbar.gen_mux[4].i_mux.i_rr_arb.gen_arbiter.gen_int_rr.gen_lock.req_q_0__reg/Q_N    0.00    0.00   -0.00 (VIOLATED)
i_croc_soc/i_croc/i_main_xbar.gen_mux[4].i_mux.i_rr_arb.gen_arbiter.gen_int_rr.gen_lock.req_q_1__reg/Q_N    0.00    0.00   -0.00 (VIOLATED)
i_croc_soc/i_croc/i_main_xbar.gen_mux[4].i_mux.i_rr_arb.gen_arbiter.gen_int_rr.gen_lock.req_q_2__reg/Q_N    0.00    0.00   -0.00 (VIOLATED)
i_croc_soc/i_croc/i_main_xbar.gen_mux[4].i_mux.i_rr_arb.gen_arbiter.gen_int_rr.gen_lock.req_q_3__reg/Q_N    0.00    0.00   -0.00 (VIOLATED)
i_croc_soc/i_croc/i_main_xbar.gen_mux[4].i_mux.i_rr_arb.gen_arbiter.rr_q_0__reg/Q_N    0.00    0.00   -0.00 (VIOLATED)
i_croc_soc/i_croc/i_main_xbar.gen_mux[4].i_mux.i_rr_arb.gen_arbiter.rr_q_1__reg/Q_N    0.00    0.00   -0.00 (VIOLATED)
i_croc_soc/i_croc/i_obi_demux.i_counter.overflow_o_reg/Q_N    0.00    0.00   -0.00 (VIOLATED)
i_croc_soc/i_croc/i_obi_demux.select_q_0__reg/Q_N    0.00    0.00   -0.00 (VIOLATED)
i_croc_soc/i_croc/i_obi_demux.select_q_1__reg/Q_N    0.00    0.00   -0.00 (VIOLATED)
i_croc_soc/i_croc/i_obi_demux.select_q_2__reg/Q_N    0.00    0.00   -0.00 (VIOLATED)
i_croc_soc/i_croc/i_periph_err.i_id_fifo.status_cnt_q_1__reg/Q_N    0.00    0.00   -0.00 (VIOLATED)
i_croc_soc/i_croc/i_soc_ctrl/bootmode_qs_reg/Q_N    0.00    0.00   -0.00 (VIOLATED)
i_croc_soc/i_croc/i_soc_ctrl/fetchen_qs_reg/Q_N    0.00    0.00   -0.00 (VIOLATED)
i_croc_soc/i_croc/i_soc_ctrl/reg2hw[10]_reg/Q_N    0.00    0.00   -0.00 (VIOLATED)
i_croc_soc/i_croc/i_soc_ctrl/reg2hw[11]_reg/Q_N    0.00    0.00   -0.00 (VIOLATED)
i_croc_soc/i_croc/i_soc_ctrl/reg2hw[12]_reg/Q_N    0.00    0.00   -0.00 (VIOLATED)
i_croc_soc/i_croc/i_soc_ctrl/reg2hw[13]_reg/Q_N    0.00    0.00   -0.00 (VIOLATED)
i_croc_soc/i_croc/i_soc_ctrl/reg2hw[14]_reg/Q_N    0.00    0.00   -0.00 (VIOLATED)
i_croc_soc/i_croc/i_soc_ctrl/reg2hw[15]_reg/Q_N    0.00    0.00   -0.00 (VIOLATED)
i_croc_soc/i_croc/i_soc_ctrl/reg2hw[16]_reg/Q_N    0.00    0.00   -0.00 (VIOLATED)
i_croc_soc/i_croc/i_soc_ctrl/reg2hw[17]_reg/Q_N    0.00    0.00   -0.00 (VIOLATED)
i_croc_soc/i_croc/i_soc_ctrl/reg2hw[18]_reg/Q_N    0.00    0.00   -0.00 (VIOLATED)
i_croc_soc/i_croc/i_soc_ctrl/reg2hw[19]_reg/Q_N    0.00    0.00   -0.00 (VIOLATED)
i_croc_soc/i_croc/i_soc_ctrl/reg2hw[20]_reg/Q_N    0.00    0.00   -0.00 (VIOLATED)
i_croc_soc/i_croc/i_soc_ctrl/reg2hw[21]_reg/Q_N    0.00    0.00   -0.00 (VIOLATED)
i_croc_soc/i_croc/i_soc_ctrl/reg2hw[22]_reg/Q_N    0.00    0.00   -0.00 (VIOLATED)
i_croc_soc/i_croc/i_soc_ctrl/reg2hw[23]_reg/Q_N    0.00    0.00   -0.00 (VIOLATED)
i_croc_soc/i_croc/i_soc_ctrl/reg2hw[24]_reg/Q_N    0.00    0.00   -0.00 (VIOLATED)
i_croc_soc/i_croc/i_soc_ctrl/reg2hw[25]_reg/Q_N    0.00    0.00   -0.00 (VIOLATED)
i_croc_soc/i_croc/i_soc_ctrl/reg2hw[26]_reg/Q_N    0.00    0.00   -0.00 (VIOLATED)
i_croc_soc/i_croc/i_soc_ctrl/reg2hw[27]_reg/Q_N    0.00    0.00   -0.00 (VIOLATED)
i_croc_soc/i_croc/i_soc_ctrl/reg2hw[28]_reg/Q_N    0.00    0.00   -0.00 (VIOLATED)
i_croc_soc/i_croc/i_soc_ctrl/reg2hw[29]_reg/Q_N    0.00    0.00   -0.00 (VIOLATED)
i_croc_soc/i_croc/i_soc_ctrl/reg2hw[2]_reg/Q_N    0.00    0.00   -0.00 (VIOLATED)
i_croc_soc/i_croc/i_soc_ctrl/reg2hw[30]_reg/Q_N    0.00    0.00   -0.00 (VIOLATED)
i_croc_soc/i_croc/i_soc_ctrl/reg2hw[31]_reg/Q_N    0.00    0.00   -0.00 (VIOLATED)
i_croc_soc/i_croc/i_soc_ctrl/reg2hw[32]_reg/Q_N    0.00    0.00   -0.00 (VIOLATED)
i_croc_soc/i_croc/i_soc_ctrl/reg2hw[33]_reg/Q_N    0.00    0.00   -0.00 (VIOLATED)
i_croc_soc/i_croc/i_soc_ctrl/reg2hw[35]_reg/Q_N    0.00    0.00   -0.00 (VIOLATED)
i_croc_soc/i_croc/i_soc_ctrl/reg2hw[36]_reg/Q_N    0.00    0.00   -0.00 (VIOLATED)
i_croc_soc/i_croc/i_soc_ctrl/reg2hw[37]_reg/Q_N    0.00    0.00   -0.00 (VIOLATED)
i_croc_soc/i_croc/i_soc_ctrl/reg2hw[38]_reg/Q_N    0.00    0.00   -0.00 (VIOLATED)
i_croc_soc/i_croc/i_soc_ctrl/reg2hw[39]_reg/Q_N    0.00    0.00   -0.00 (VIOLATED)
i_croc_soc/i_croc/i_soc_ctrl/reg2hw[3]_reg/Q_N    0.00    0.00   -0.00 (VIOLATED)
i_croc_soc/i_croc/i_soc_ctrl/reg2hw[40]_reg/Q_N    0.00    0.00   -0.00 (VIOLATED)
i_croc_soc/i_croc/i_soc_ctrl/reg2hw[41]_reg/Q_N    0.00    0.00   -0.00 (VIOLATED)
i_croc_soc/i_croc/i_soc_ctrl/reg2hw[42]_reg/Q_N    0.00    0.00   -0.00 (VIOLATED)
i_croc_soc/i_croc/i_soc_ctrl/reg2hw[43]_reg/Q_N    0.00    0.00   -0.00 (VIOLATED)
i_croc_soc/i_croc/i_soc_ctrl/reg2hw[44]_reg/Q_N    0.00    0.00   -0.00 (VIOLATED)
i_croc_soc/i_croc/i_soc_ctrl/reg2hw[45]_reg/Q_N    0.00    0.00   -0.00 (VIOLATED)
i_croc_soc/i_croc/i_soc_ctrl/reg2hw[46]_reg/Q_N    0.00    0.00   -0.00 (VIOLATED)
i_croc_soc/i_croc/i_soc_ctrl/reg2hw[47]_reg/Q_N    0.00    0.00   -0.00 (VIOLATED)
i_croc_soc/i_croc/i_soc_ctrl/reg2hw[48]_reg/Q_N    0.00    0.00   -0.00 (VIOLATED)
i_croc_soc/i_croc/i_soc_ctrl/reg2hw[49]_reg/Q_N    0.00    0.00   -0.00 (VIOLATED)
i_croc_soc/i_croc/i_soc_ctrl/reg2hw[4]_reg/Q_N    0.00    0.00   -0.00 (VIOLATED)
i_croc_soc/i_croc/i_soc_ctrl/reg2hw[50]_reg/Q_N    0.00    0.00   -0.00 (VIOLATED)
i_croc_soc/i_croc/i_soc_ctrl/reg2hw[51]_reg/Q_N    0.00    0.00   -0.00 (VIOLATED)
i_croc_soc/i_croc/i_soc_ctrl/reg2hw[52]_reg/Q_N    0.00    0.00   -0.00 (VIOLATED)
i_croc_soc/i_croc/i_soc_ctrl/reg2hw[53]_reg/Q_N    0.00    0.00   -0.00 (VIOLATED)
i_croc_soc/i_croc/i_soc_ctrl/reg2hw[54]_reg/Q_N    0.00    0.00   -0.00 (VIOLATED)
i_croc_soc/i_croc/i_soc_ctrl/reg2hw[55]_reg/Q_N    0.00    0.00   -0.00 (VIOLATED)
i_croc_soc/i_croc/i_soc_ctrl/reg2hw[56]_reg/Q_N    0.00    0.00   -0.00 (VIOLATED)
i_croc_soc/i_croc/i_soc_ctrl/reg2hw[57]_reg/Q_N    0.00    0.00   -0.00 (VIOLATED)
i_croc_soc/i_croc/i_soc_ctrl/reg2hw[58]_reg/Q_N    0.00    0.00   -0.00 (VIOLATED)
i_croc_soc/i_croc/i_soc_ctrl/reg2hw[59]_reg/Q_N    0.00    0.00   -0.00 (VIOLATED)
i_croc_soc/i_croc/i_soc_ctrl/reg2hw[5]_reg/Q_N    0.00    0.00   -0.00 (VIOLATED)
i_croc_soc/i_croc/i_soc_ctrl/reg2hw[60]_reg/Q_N    0.00    0.00   -0.00 (VIOLATED)
i_croc_soc/i_croc/i_soc_ctrl/reg2hw[61]_reg/Q_N    0.00    0.00   -0.00 (VIOLATED)
i_croc_soc/i_croc/i_soc_ctrl/reg2hw[62]_reg/Q_N    0.00    0.00   -0.00 (VIOLATED)
i_croc_soc/i_croc/i_soc_ctrl/reg2hw[64]_reg/Q_N    0.00    0.00   -0.00 (VIOLATED)
i_croc_soc/i_croc/i_soc_ctrl/reg2hw[65]_reg/Q_N    0.00    0.00   -0.00 (VIOLATED)
i_croc_soc/i_croc/i_soc_ctrl/reg2hw[66]_reg/Q_N    0.00    0.00   -0.00 (VIOLATED)
i_croc_soc/i_croc/i_soc_ctrl/reg2hw[6]_reg/Q_N    0.00    0.00   -0.00 (VIOLATED)
i_croc_soc/i_croc/i_soc_ctrl/reg2hw[7]_reg/Q_N    0.00    0.00   -0.00 (VIOLATED)
i_croc_soc/i_croc/i_soc_ctrl/reg2hw[8]_reg/Q_N    0.00    0.00   -0.00 (VIOLATED)
i_croc_soc/i_croc/i_soc_ctrl/reg2hw[9]_reg/Q_N    0.00    0.00   -0.00 (VIOLATED)
i_croc_soc/i_croc/i_soc_ctrl_translate.r_opc_o_reg/Q_N    0.00    0.00   -0.00 (VIOLATED)
i_croc_soc/i_croc/i_soc_ctrl_translate.r_valid_o_reg/Q_N    0.00    0.00   -0.00 (VIOLATED)
i_croc_soc/i_croc/i_timer/_1471_/X      0.00    0.00   -0.00 (VIOLATED)
i_croc_soc/i_croc/i_timer/counter_hi_i.compare_value_i_0__reg/Q_N    0.00    0.00   -0.00 (VIOLATED)
i_croc_soc/i_croc/i_timer/counter_hi_i.compare_value_i_10__reg/Q_N    0.00    0.00   -0.00 (VIOLATED)
i_croc_soc/i_croc/i_timer/counter_hi_i.compare_value_i_11__reg/Q_N    0.00    0.00   -0.00 (VIOLATED)
i_croc_soc/i_croc/i_timer/counter_hi_i.compare_value_i_12__reg/Q_N    0.00    0.00   -0.00 (VIOLATED)
i_croc_soc/i_croc/i_timer/counter_hi_i.compare_value_i_13__reg/Q_N    0.00    0.00   -0.00 (VIOLATED)
i_croc_soc/i_croc/i_timer/counter_hi_i.compare_value_i_14__reg/Q_N    0.00    0.00   -0.00 (VIOLATED)
i_croc_soc/i_croc/i_timer/counter_hi_i.compare_value_i_15__reg/Q_N    0.00    0.00   -0.00 (VIOLATED)
i_croc_soc/i_croc/i_timer/counter_hi_i.compare_value_i_16__reg/Q_N    0.00    0.00   -0.00 (VIOLATED)
i_croc_soc/i_croc/i_timer/counter_hi_i.compare_value_i_17__reg/Q_N    0.00    0.00   -0.00 (VIOLATED)
i_croc_soc/i_croc/i_timer/counter_hi_i.compare_value_i_18__reg/Q_N    0.00    0.00   -0.00 (VIOLATED)
i_croc_soc/i_croc/i_timer/counter_hi_i.compare_value_i_19__reg/Q_N    0.00    0.00   -0.00 (VIOLATED)
i_croc_soc/i_croc/i_timer/counter_hi_i.compare_value_i_1__reg/Q_N    0.00    0.00   -0.00 (VIOLATED)
i_croc_soc/i_croc/i_timer/counter_hi_i.compare_value_i_20__reg/Q_N    0.00    0.00   -0.00 (VIOLATED)
i_croc_soc/i_croc/i_timer/counter_hi_i.compare_value_i_21__reg/Q_N    0.00    0.00   -0.00 (VIOLATED)
i_croc_soc/i_croc/i_timer/counter_hi_i.compare_value_i_22__reg/Q_N    0.00    0.00   -0.00 (VIOLATED)
i_croc_soc/i_croc/i_timer/counter_hi_i.compare_value_i_23__reg/Q_N    0.00    0.00   -0.00 (VIOLATED)
i_croc_soc/i_croc/i_timer/counter_hi_i.compare_value_i_24__reg/Q_N    0.00    0.00   -0.00 (VIOLATED)
i_croc_soc/i_croc/i_timer/counter_hi_i.compare_value_i_25__reg/Q_N    0.00    0.00   -0.00 (VIOLATED)
i_croc_soc/i_croc/i_timer/counter_hi_i.compare_value_i_26__reg/Q_N    0.00    0.00   -0.00 (VIOLATED)
i_croc_soc/i_croc/i_timer/counter_hi_i.compare_value_i_27__reg/Q_N    0.00    0.00   -0.00 (VIOLATED)
i_croc_soc/i_croc/i_timer/counter_hi_i.compare_value_i_28__reg/Q_N    0.00    0.00   -0.00 (VIOLATED)
i_croc_soc/i_croc/i_timer/counter_hi_i.compare_value_i_29__reg/Q_N    0.00    0.00   -0.00 (VIOLATED)
i_croc_soc/i_croc/i_timer/counter_hi_i.compare_value_i_2__reg/Q_N    0.00    0.00   -0.00 (VIOLATED)
i_croc_soc/i_croc/i_timer/counter_hi_i.compare_value_i_30__reg/Q_N    0.00    0.00   -0.00 (VIOLATED)
i_croc_soc/i_croc/i_timer/counter_hi_i.compare_value_i_31__reg/Q_N    0.00    0.00   -0.00 (VIOLATED)
i_croc_soc/i_croc/i_timer/counter_hi_i.compare_value_i_3__reg/Q_N    0.00    0.00   -0.00 (VIOLATED)
i_croc_soc/i_croc/i_timer/counter_hi_i.compare_value_i_4__reg/Q_N    0.00    0.00   -0.00 (VIOLATED)
i_croc_soc/i_croc/i_timer/counter_hi_i.compare_value_i_5__reg/Q_N    0.00    0.00   -0.00 (VIOLATED)
i_croc_soc/i_croc/i_timer/counter_hi_i.compare_value_i_6__reg/Q_N    0.00    0.00   -0.00 (VIOLATED)
i_croc_soc/i_croc/i_timer/counter_hi_i.compare_value_i_7__reg/Q_N    0.00    0.00   -0.00 (VIOLATED)
i_croc_soc/i_croc/i_timer/counter_hi_i.compare_value_i_8__reg/Q_N    0.00    0.00   -0.00 (VIOLATED)
i_croc_soc/i_croc/i_timer/counter_hi_i.compare_value_i_9__reg/Q_N    0.00    0.00   -0.00 (VIOLATED)
i_croc_soc/i_croc/i_timer/counter_hi_i.counter_value_o_10__reg/Q_N    0.00    0.00   -0.00 (VIOLATED)
i_croc_soc/i_croc/i_timer/counter_hi_i.counter_value_o_11__reg/Q_N    0.00    0.00   -0.00 (VIOLATED)
i_croc_soc/i_croc/i_timer/counter_hi_i.counter_value_o_12__reg/Q_N    0.00    0.00   -0.00 (VIOLATED)
i_croc_soc/i_croc/i_timer/counter_hi_i.counter_value_o_13__reg/Q_N    0.00    0.00   -0.00 (VIOLATED)
i_croc_soc/i_croc/i_timer/counter_hi_i.counter_value_o_14__reg/Q_N    0.00    0.00   -0.00 (VIOLATED)
i_croc_soc/i_croc/i_timer/counter_hi_i.counter_value_o_15__reg/Q_N    0.00    0.00   -0.00 (VIOLATED)
i_croc_soc/i_croc/i_timer/counter_hi_i.counter_value_o_16__reg/Q_N    0.00    0.00   -0.00 (VIOLATED)
i_croc_soc/i_croc/i_timer/counter_hi_i.counter_value_o_17__reg/Q_N    0.00    0.00   -0.00 (VIOLATED)
i_croc_soc/i_croc/i_timer/counter_hi_i.counter_value_o_18__reg/Q_N    0.00    0.00   -0.00 (VIOLATED)
i_croc_soc/i_croc/i_timer/counter_hi_i.counter_value_o_19__reg/Q_N    0.00    0.00   -0.00 (VIOLATED)
i_croc_soc/i_croc/i_timer/counter_hi_i.counter_value_o_1__reg/Q_N    0.00    0.00   -0.00 (VIOLATED)
i_croc_soc/i_croc/i_timer/counter_hi_i.counter_value_o_20__reg/Q_N    0.00    0.00   -0.00 (VIOLATED)
i_croc_soc/i_croc/i_timer/counter_hi_i.counter_value_o_21__reg/Q_N    0.00    0.00   -0.00 (VIOLATED)
i_croc_soc/i_croc/i_timer/counter_hi_i.counter_value_o_22__reg/Q_N    0.00    0.00   -0.00 (VIOLATED)
i_croc_soc/i_croc/i_timer/counter_hi_i.counter_value_o_23__reg/Q_N    0.00    0.00   -0.00 (VIOLATED)
i_croc_soc/i_croc/i_timer/counter_hi_i.counter_value_o_24__reg/Q_N    0.00    0.00   -0.00 (VIOLATED)
i_croc_soc/i_croc/i_timer/counter_hi_i.counter_value_o_25__reg/Q_N    0.00    0.00   -0.00 (VIOLATED)
i_croc_soc/i_croc/i_timer/counter_hi_i.counter_value_o_26__reg/Q_N    0.00    0.00   -0.00 (VIOLATED)
i_croc_soc/i_croc/i_timer/counter_hi_i.counter_value_o_27__reg/Q_N    0.00    0.00   -0.00 (VIOLATED)
i_croc_soc/i_croc/i_timer/counter_hi_i.counter_value_o_28__reg/Q_N    0.00    0.00   -0.00 (VIOLATED)
i_croc_soc/i_croc/i_timer/counter_hi_i.counter_value_o_29__reg/Q_N    0.00    0.00   -0.00 (VIOLATED)
i_croc_soc/i_croc/i_timer/counter_hi_i.counter_value_o_2__reg/Q_N    0.00    0.00   -0.00 (VIOLATED)
i_croc_soc/i_croc/i_timer/counter_hi_i.counter_value_o_30__reg/Q_N    0.00    0.00   -0.00 (VIOLATED)
i_croc_soc/i_croc/i_timer/counter_hi_i.counter_value_o_31__reg/Q_N    0.00    0.00   -0.00 (VIOLATED)
i_croc_soc/i_croc/i_timer/counter_hi_i.counter_value_o_3__reg/Q_N    0.00    0.00   -0.00 (VIOLATED)
i_croc_soc/i_croc/i_timer/counter_hi_i.counter_value_o_4__reg/Q_N    0.00    0.00   -0.00 (VIOLATED)
i_croc_soc/i_croc/i_timer/counter_hi_i.counter_value_o_5__reg/Q_N    0.00    0.00   -0.00 (VIOLATED)
i_croc_soc/i_croc/i_timer/counter_hi_i.counter_value_o_6__reg/Q_N    0.00    0.00   -0.00 (VIOLATED)
i_croc_soc/i_croc/i_timer/counter_hi_i.counter_value_o_7__reg/Q_N    0.00    0.00   -0.00 (VIOLATED)
i_croc_soc/i_croc/i_timer/counter_hi_i.counter_value_o_8__reg/Q_N    0.00    0.00   -0.00 (VIOLATED)
i_croc_soc/i_croc/i_timer/counter_hi_i.counter_value_o_9__reg/Q_N    0.00    0.00   -0.00 (VIOLATED)
i_croc_soc/i_croc/i_timer/counter_hi_i.target_reached_o_reg/Q_N    0.00    0.00   -0.00 (VIOLATED)
i_croc_soc/i_croc/i_timer/counter_lo_i.compare_value_i_0__reg/Q_N    0.00    0.00   -0.00 (VIOLATED)
i_croc_soc/i_croc/i_timer/counter_lo_i.compare_value_i_10__reg/Q_N    0.00    0.00   -0.00 (VIOLATED)
i_croc_soc/i_croc/i_timer/counter_lo_i.compare_value_i_11__reg/Q_N    0.00    0.00   -0.00 (VIOLATED)
i_croc_soc/i_croc/i_timer/counter_lo_i.compare_value_i_12__reg/Q_N    0.00    0.00   -0.00 (VIOLATED)
i_croc_soc/i_croc/i_timer/counter_lo_i.compare_value_i_13__reg/Q_N    0.00    0.00   -0.00 (VIOLATED)
i_croc_soc/i_croc/i_timer/counter_lo_i.compare_value_i_14__reg/Q_N    0.00    0.00   -0.00 (VIOLATED)
i_croc_soc/i_croc/i_timer/counter_lo_i.compare_value_i_15__reg/Q_N    0.00    0.00   -0.00 (VIOLATED)
i_croc_soc/i_croc/i_timer/counter_lo_i.compare_value_i_16__reg/Q_N    0.00    0.00   -0.00 (VIOLATED)
i_croc_soc/i_croc/i_timer/counter_lo_i.compare_value_i_17__reg/Q_N    0.00    0.00   -0.00 (VIOLATED)
i_croc_soc/i_croc/i_timer/counter_lo_i.compare_value_i_18__reg/Q_N    0.00    0.00   -0.00 (VIOLATED)
i_croc_soc/i_croc/i_timer/counter_lo_i.compare_value_i_19__reg/Q_N    0.00    0.00   -0.00 (VIOLATED)
i_croc_soc/i_croc/i_timer/counter_lo_i.compare_value_i_1__reg/Q_N    0.00    0.00   -0.00 (VIOLATED)
i_croc_soc/i_croc/i_timer/counter_lo_i.compare_value_i_20__reg/Q_N    0.00    0.00   -0.00 (VIOLATED)
i_croc_soc/i_croc/i_timer/counter_lo_i.compare_value_i_21__reg/Q_N    0.00    0.00   -0.00 (VIOLATED)
i_croc_soc/i_croc/i_timer/counter_lo_i.compare_value_i_22__reg/Q_N    0.00    0.00   -0.00 (VIOLATED)
i_croc_soc/i_croc/i_timer/counter_lo_i.compare_value_i_23__reg/Q_N    0.00    0.00   -0.00 (VIOLATED)
i_croc_soc/i_croc/i_timer/counter_lo_i.compare_value_i_24__reg/Q_N    0.00    0.00   -0.00 (VIOLATED)
i_croc_soc/i_croc/i_timer/counter_lo_i.compare_value_i_25__reg/Q_N    0.00    0.00   -0.00 (VIOLATED)
i_croc_soc/i_croc/i_timer/counter_lo_i.compare_value_i_26__reg/Q_N    0.00    0.00   -0.00 (VIOLATED)
i_croc_soc/i_croc/i_timer/counter_lo_i.compare_value_i_27__reg/Q_N    0.00    0.00   -0.00 (VIOLATED)
i_croc_soc/i_croc/i_timer/counter_lo_i.compare_value_i_28__reg/Q_N    0.00    0.00   -0.00 (VIOLATED)
i_croc_soc/i_croc/i_timer/counter_lo_i.compare_value_i_29__reg/Q_N    0.00    0.00   -0.00 (VIOLATED)
i_croc_soc/i_croc/i_timer/counter_lo_i.compare_value_i_2__reg/Q_N    0.00    0.00   -0.00 (VIOLATED)
i_croc_soc/i_croc/i_timer/counter_lo_i.compare_value_i_30__reg/Q_N    0.00    0.00   -0.00 (VIOLATED)
i_croc_soc/i_croc/i_timer/counter_lo_i.compare_value_i_31__reg/Q_N    0.00    0.00   -0.00 (VIOLATED)
i_croc_soc/i_croc/i_timer/counter_lo_i.compare_value_i_3__reg/Q_N    0.00    0.00   -0.00 (VIOLATED)
i_croc_soc/i_croc/i_timer/counter_lo_i.compare_value_i_4__reg/Q_N    0.00    0.00   -0.00 (VIOLATED)
i_croc_soc/i_croc/i_timer/counter_lo_i.compare_value_i_5__reg/Q_N    0.00    0.00   -0.00 (VIOLATED)
i_croc_soc/i_croc/i_timer/counter_lo_i.compare_value_i_6__reg/Q_N    0.00    0.00   -0.00 (VIOLATED)
i_croc_soc/i_croc/i_timer/counter_lo_i.compare_value_i_7__reg/Q_N    0.00    0.00   -0.00 (VIOLATED)
i_croc_soc/i_croc/i_timer/counter_lo_i.compare_value_i_8__reg/Q_N    0.00    0.00   -0.00 (VIOLATED)
i_croc_soc/i_croc/i_timer/counter_lo_i.compare_value_i_9__reg/Q_N    0.00    0.00   -0.00 (VIOLATED)
i_croc_soc/i_croc/i_timer/counter_lo_i.target_reached_o_reg/Q_N    0.00    0.00   -0.00 (VIOLATED)
i_croc_soc/i_croc/i_timer/prescaler_hi_i.compare_value_i_0__reg/Q_N    0.00    0.00   -0.00 (VIOLATED)
i_croc_soc/i_croc/i_timer/prescaler_hi_i.compare_value_i_1__reg/Q_N    0.00    0.00   -0.00 (VIOLATED)
i_croc_soc/i_croc/i_timer/prescaler_hi_i.compare_value_i_2__reg/Q_N    0.00    0.00   -0.00 (VIOLATED)
i_croc_soc/i_croc/i_timer/prescaler_hi_i.compare_value_i_3__reg/Q_N    0.00    0.00   -0.00 (VIOLATED)
i_croc_soc/i_croc/i_timer/prescaler_hi_i.compare_value_i_4__reg/Q_N    0.00    0.00   -0.00 (VIOLATED)
i_croc_soc/i_croc/i_timer/prescaler_hi_i.compare_value_i_5__reg/Q_N    0.00    0.00   -0.00 (VIOLATED)
i_croc_soc/i_croc/i_timer/prescaler_hi_i.compare_value_i_6__reg/Q_N    0.00    0.00   -0.00 (VIOLATED)
i_croc_soc/i_croc/i_timer/prescaler_hi_i.compare_value_i_7__reg/Q_N    0.00    0.00   -0.00 (VIOLATED)
i_croc_soc/i_croc/i_timer/prescaler_hi_i.counter_value_o_10__reg/Q_N    0.00    0.00   -0.00 (VIOLATED)
i_croc_soc/i_croc/i_timer/prescaler_hi_i.counter_value_o_11__reg/Q_N    0.00    0.00   -0.00 (VIOLATED)
i_croc_soc/i_croc/i_timer/prescaler_hi_i.counter_value_o_12__reg/Q_N    0.00    0.00   -0.00 (VIOLATED)
i_croc_soc/i_croc/i_timer/prescaler_hi_i.counter_value_o_13__reg/Q_N    0.00    0.00   -0.00 (VIOLATED)
i_croc_soc/i_croc/i_timer/prescaler_hi_i.counter_value_o_14__reg/Q_N    0.00    0.00   -0.00 (VIOLATED)
i_croc_soc/i_croc/i_timer/prescaler_hi_i.counter_value_o_15__reg/Q_N    0.00    0.00   -0.00 (VIOLATED)
i_croc_soc/i_croc/i_timer/prescaler_hi_i.counter_value_o_16__reg/Q_N    0.00    0.00   -0.00 (VIOLATED)
i_croc_soc/i_croc/i_timer/prescaler_hi_i.counter_value_o_17__reg/Q_N    0.00    0.00   -0.00 (VIOLATED)
i_croc_soc/i_croc/i_timer/prescaler_hi_i.counter_value_o_18__reg/Q_N    0.00    0.00   -0.00 (VIOLATED)
i_croc_soc/i_croc/i_timer/prescaler_hi_i.counter_value_o_19__reg/Q_N    0.00    0.00   -0.00 (VIOLATED)
i_croc_soc/i_croc/i_timer/prescaler_hi_i.counter_value_o_1__reg/Q_N    0.00    0.00   -0.00 (VIOLATED)
i_croc_soc/i_croc/i_timer/prescaler_hi_i.counter_value_o_20__reg/Q_N    0.00    0.00   -0.00 (VIOLATED)
i_croc_soc/i_croc/i_timer/prescaler_hi_i.counter_value_o_21__reg/Q_N    0.00    0.00   -0.00 (VIOLATED)
i_croc_soc/i_croc/i_timer/prescaler_hi_i.counter_value_o_22__reg/Q_N    0.00    0.00   -0.00 (VIOLATED)
i_croc_soc/i_croc/i_timer/prescaler_hi_i.counter_value_o_23__reg/Q_N    0.00    0.00   -0.00 (VIOLATED)
i_croc_soc/i_croc/i_timer/prescaler_hi_i.counter_value_o_24__reg/Q_N    0.00    0.00   -0.00 (VIOLATED)
i_croc_soc/i_croc/i_timer/prescaler_hi_i.counter_value_o_25__reg/Q_N    0.00    0.00   -0.00 (VIOLATED)
i_croc_soc/i_croc/i_timer/prescaler_hi_i.counter_value_o_26__reg/Q_N    0.00    0.00   -0.00 (VIOLATED)
i_croc_soc/i_croc/i_timer/prescaler_hi_i.counter_value_o_27__reg/Q_N    0.00    0.00   -0.00 (VIOLATED)
i_croc_soc/i_croc/i_timer/prescaler_hi_i.counter_value_o_28__reg/Q_N    0.00    0.00   -0.00 (VIOLATED)
i_croc_soc/i_croc/i_timer/prescaler_hi_i.counter_value_o_29__reg/Q_N    0.00    0.00   -0.00 (VIOLATED)
i_croc_soc/i_croc/i_timer/prescaler_hi_i.counter_value_o_2__reg/Q_N    0.00    0.00   -0.00 (VIOLATED)
i_croc_soc/i_croc/i_timer/prescaler_hi_i.counter_value_o_30__reg/Q_N    0.00    0.00   -0.00 (VIOLATED)
i_croc_soc/i_croc/i_timer/prescaler_hi_i.counter_value_o_31__reg/Q_N    0.00    0.00   -0.00 (VIOLATED)
i_croc_soc/i_croc/i_timer/prescaler_hi_i.counter_value_o_3__reg/Q_N    0.00    0.00   -0.00 (VIOLATED)
i_croc_soc/i_croc/i_timer/prescaler_hi_i.counter_value_o_4__reg/Q_N    0.00    0.00   -0.00 (VIOLATED)
i_croc_soc/i_croc/i_timer/prescaler_hi_i.counter_value_o_5__reg/Q_N    0.00    0.00   -0.00 (VIOLATED)
i_croc_soc/i_croc/i_timer/prescaler_hi_i.counter_value_o_6__reg/Q_N    0.00    0.00   -0.00 (VIOLATED)
i_croc_soc/i_croc/i_timer/prescaler_hi_i.counter_value_o_7__reg/Q_N    0.00    0.00   -0.00 (VIOLATED)
i_croc_soc/i_croc/i_timer/prescaler_hi_i.counter_value_o_8__reg/Q_N    0.00    0.00   -0.00 (VIOLATED)
i_croc_soc/i_croc/i_timer/prescaler_hi_i.counter_value_o_9__reg/Q_N    0.00    0.00   -0.00 (VIOLATED)
i_croc_soc/i_croc/i_timer/prescaler_hi_i.target_reached_o_reg/Q_N    0.00    0.00   -0.00 (VIOLATED)
i_croc_soc/i_croc/i_timer/prescaler_lo_i.compare_value_i_0__reg/Q_N    0.00    0.00   -0.00 (VIOLATED)
i_croc_soc/i_croc/i_timer/prescaler_lo_i.compare_value_i_1__reg/Q_N    0.00    0.00   -0.00 (VIOLATED)
i_croc_soc/i_croc/i_timer/prescaler_lo_i.compare_value_i_2__reg/Q_N    0.00    0.00   -0.00 (VIOLATED)
i_croc_soc/i_croc/i_timer/prescaler_lo_i.compare_value_i_3__reg/Q_N    0.00    0.00   -0.00 (VIOLATED)
i_croc_soc/i_croc/i_timer/prescaler_lo_i.compare_value_i_4__reg/Q_N    0.00    0.00   -0.00 (VIOLATED)
i_croc_soc/i_croc/i_timer/prescaler_lo_i.compare_value_i_5__reg/Q_N    0.00    0.00   -0.00 (VIOLATED)
i_croc_soc/i_croc/i_timer/prescaler_lo_i.compare_value_i_6__reg/Q_N    0.00    0.00   -0.00 (VIOLATED)
i_croc_soc/i_croc/i_timer/prescaler_lo_i.compare_value_i_7__reg/Q_N    0.00    0.00   -0.00 (VIOLATED)
i_croc_soc/i_croc/i_timer/prescaler_lo_i.counter_value_o_10__reg/Q_N    0.00    0.00   -0.00 (VIOLATED)
i_croc_soc/i_croc/i_timer/prescaler_lo_i.counter_value_o_11__reg/Q_N    0.00    0.00   -0.00 (VIOLATED)
i_croc_soc/i_croc/i_timer/prescaler_lo_i.counter_value_o_12__reg/Q_N    0.00    0.00   -0.00 (VIOLATED)
i_croc_soc/i_croc/i_timer/prescaler_lo_i.counter_value_o_13__reg/Q_N    0.00    0.00   -0.00 (VIOLATED)
i_croc_soc/i_croc/i_timer/prescaler_lo_i.counter_value_o_14__reg/Q_N    0.00    0.00   -0.00 (VIOLATED)
i_croc_soc/i_croc/i_timer/prescaler_lo_i.counter_value_o_15__reg/Q_N    0.00    0.00   -0.00 (VIOLATED)
i_croc_soc/i_croc/i_timer/prescaler_lo_i.counter_value_o_16__reg/Q_N    0.00    0.00   -0.00 (VIOLATED)
i_croc_soc/i_croc/i_timer/prescaler_lo_i.counter_value_o_17__reg/Q_N    0.00    0.00   -0.00 (VIOLATED)
i_croc_soc/i_croc/i_timer/prescaler_lo_i.counter_value_o_18__reg/Q_N    0.00    0.00   -0.00 (VIOLATED)
i_croc_soc/i_croc/i_timer/prescaler_lo_i.counter_value_o_19__reg/Q_N    0.00    0.00   -0.00 (VIOLATED)
i_croc_soc/i_croc/i_timer/prescaler_lo_i.counter_value_o_1__reg/Q_N    0.00    0.00   -0.00 (VIOLATED)
i_croc_soc/i_croc/i_timer/prescaler_lo_i.counter_value_o_20__reg/Q_N    0.00    0.00   -0.00 (VIOLATED)
i_croc_soc/i_croc/i_timer/prescaler_lo_i.counter_value_o_21__reg/Q_N    0.00    0.00   -0.00 (VIOLATED)
i_croc_soc/i_croc/i_timer/prescaler_lo_i.counter_value_o_22__reg/Q_N    0.00    0.00   -0.00 (VIOLATED)
i_croc_soc/i_croc/i_timer/prescaler_lo_i.counter_value_o_23__reg/Q_N    0.00    0.00   -0.00 (VIOLATED)
i_croc_soc/i_croc/i_timer/prescaler_lo_i.counter_value_o_24__reg/Q_N    0.00    0.00   -0.00 (VIOLATED)
i_croc_soc/i_croc/i_timer/prescaler_lo_i.counter_value_o_25__reg/Q_N    0.00    0.00   -0.00 (VIOLATED)
i_croc_soc/i_croc/i_timer/prescaler_lo_i.counter_value_o_26__reg/Q_N    0.00    0.00   -0.00 (VIOLATED)
i_croc_soc/i_croc/i_timer/prescaler_lo_i.counter_value_o_27__reg/Q_N    0.00    0.00   -0.00 (VIOLATED)
i_croc_soc/i_croc/i_timer/prescaler_lo_i.counter_value_o_28__reg/Q_N    0.00    0.00   -0.00 (VIOLATED)
i_croc_soc/i_croc/i_timer/prescaler_lo_i.counter_value_o_29__reg/Q_N    0.00    0.00   -0.00 (VIOLATED)
i_croc_soc/i_croc/i_timer/prescaler_lo_i.counter_value_o_2__reg/Q_N    0.00    0.00   -0.00 (VIOLATED)
i_croc_soc/i_croc/i_timer/prescaler_lo_i.counter_value_o_30__reg/Q_N    0.00    0.00   -0.00 (VIOLATED)
i_croc_soc/i_croc/i_timer/prescaler_lo_i.counter_value_o_31__reg/Q_N    0.00    0.00   -0.00 (VIOLATED)
i_croc_soc/i_croc/i_timer/prescaler_lo_i.counter_value_o_3__reg/Q_N    0.00    0.00   -0.00 (VIOLATED)
i_croc_soc/i_croc/i_timer/prescaler_lo_i.counter_value_o_4__reg/Q_N    0.00    0.00   -0.00 (VIOLATED)
i_croc_soc/i_croc/i_timer/prescaler_lo_i.counter_value_o_5__reg/Q_N    0.00    0.00   -0.00 (VIOLATED)
i_croc_soc/i_croc/i_timer/prescaler_lo_i.counter_value_o_6__reg/Q_N    0.00    0.00   -0.00 (VIOLATED)
i_croc_soc/i_croc/i_timer/prescaler_lo_i.counter_value_o_7__reg/Q_N    0.00    0.00   -0.00 (VIOLATED)
i_croc_soc/i_croc/i_timer/prescaler_lo_i.counter_value_o_8__reg/Q_N    0.00    0.00   -0.00 (VIOLATED)
i_croc_soc/i_croc/i_timer/prescaler_lo_i.counter_value_o_9__reg/Q_N    0.00    0.00   -0.00 (VIOLATED)
i_croc_soc/i_croc/i_timer/prescaler_lo_i.target_reached_o_reg/Q_N    0.00    0.00   -0.00 (VIOLATED)
i_croc_soc/i_croc/i_timer/r_id_o[0]_reg/Q_N    0.00    0.00   -0.00 (VIOLATED)
i_croc_soc/i_croc/i_timer/r_id_o[1]_reg/Q    0.00    0.00   -0.00 (VIOLATED)
i_croc_soc/i_croc/i_timer/r_id_o[1]_reg/Q_N    0.00    0.00   -0.00 (VIOLATED)
i_croc_soc/i_croc/i_timer/r_id_o[2]_reg/Q    0.00    0.00   -0.00 (VIOLATED)
i_croc_soc/i_croc/i_timer/r_id_o[2]_reg/Q_N    0.00    0.00   -0.00 (VIOLATED)
i_croc_soc/i_croc/i_timer/r_valid_o_reg/Q_N    0.00    0.00   -0.00 (VIOLATED)
i_croc_soc/i_croc/i_timer/s_addr_0__reg/Q_N    0.00    0.00   -0.00 (VIOLATED)
i_croc_soc/i_croc/i_timer/s_addr_1__reg/Q_N    0.00    0.00   -0.00 (VIOLATED)
i_croc_soc/i_croc/i_timer/s_addr_5__reg/Q_N    0.00    0.00   -0.00 (VIOLATED)
i_croc_soc/i_croc/i_timer/s_cfg_hi_reg_0__reg/Q_N    0.00    0.00   -0.00 (VIOLATED)
i_croc_soc/i_croc/i_timer/s_cfg_hi_reg_16__reg/Q_N    0.00    0.00   -0.00 (VIOLATED)
i_croc_soc/i_croc/i_timer/s_cfg_hi_reg_17__reg/Q_N    0.00    0.00   -0.00 (VIOLATED)
i_croc_soc/i_croc/i_timer/s_cfg_hi_reg_18__reg/Q_N    0.00    0.00   -0.00 (VIOLATED)
i_croc_soc/i_croc/i_timer/s_cfg_hi_reg_19__reg/Q_N    0.00    0.00   -0.00 (VIOLATED)
i_croc_soc/i_croc/i_timer/s_cfg_hi_reg_1__reg/Q_N    0.00    0.00   -0.00 (VIOLATED)
i_croc_soc/i_croc/i_timer/s_cfg_hi_reg_20__reg/Q_N    0.00    0.00   -0.00 (VIOLATED)
i_croc_soc/i_croc/i_timer/s_cfg_hi_reg_21__reg/Q_N    0.00    0.00   -0.00 (VIOLATED)
i_croc_soc/i_croc/i_timer/s_cfg_hi_reg_22__reg/Q_N    0.00    0.00   -0.00 (VIOLATED)
i_croc_soc/i_croc/i_timer/s_cfg_hi_reg_23__reg/Q_N    0.00    0.00   -0.00 (VIOLATED)
i_croc_soc/i_croc/i_timer/s_cfg_hi_reg_24__reg/Q_N    0.00    0.00   -0.00 (VIOLATED)
i_croc_soc/i_croc/i_timer/s_cfg_hi_reg_25__reg/Q_N    0.00    0.00   -0.00 (VIOLATED)
i_croc_soc/i_croc/i_timer/s_cfg_hi_reg_26__reg/Q_N    0.00    0.00   -0.00 (VIOLATED)
i_croc_soc/i_croc/i_timer/s_cfg_hi_reg_27__reg/Q_N    0.00    0.00   -0.00 (VIOLATED)
i_croc_soc/i_croc/i_timer/s_cfg_hi_reg_28__reg/Q_N    0.00    0.00   -0.00 (VIOLATED)
i_croc_soc/i_croc/i_timer/s_cfg_hi_reg_29__reg/Q_N    0.00    0.00   -0.00 (VIOLATED)
i_croc_soc/i_croc/i_timer/s_cfg_hi_reg_2__reg/Q_N    0.00    0.00   -0.00 (VIOLATED)
i_croc_soc/i_croc/i_timer/s_cfg_hi_reg_30__reg/Q_N    0.00    0.00   -0.00 (VIOLATED)
i_croc_soc/i_croc/i_timer/s_cfg_hi_reg_3__reg/Q_N    0.00    0.00   -0.00 (VIOLATED)
i_croc_soc/i_croc/i_timer/s_cfg_hi_reg_4__reg/Q_N    0.00    0.00   -0.00 (VIOLATED)
i_croc_soc/i_croc/i_timer/s_cfg_hi_reg_5__reg/Q_N    0.00    0.00   -0.00 (VIOLATED)
i_croc_soc/i_croc/i_timer/s_cfg_lo_reg_0__reg/Q_N    0.00    0.00   -0.00 (VIOLATED)
i_croc_soc/i_croc/i_timer/s_cfg_lo_reg_16__reg/Q_N    0.00    0.00   -0.00 (VIOLATED)
i_croc_soc/i_croc/i_timer/s_cfg_lo_reg_17__reg/Q_N    0.00    0.00   -0.00 (VIOLATED)
i_croc_soc/i_croc/i_timer/s_cfg_lo_reg_18__reg/Q_N    0.00    0.00   -0.00 (VIOLATED)
i_croc_soc/i_croc/i_timer/s_cfg_lo_reg_19__reg/Q_N    0.00    0.00   -0.00 (VIOLATED)
i_croc_soc/i_croc/i_timer/s_cfg_lo_reg_1__reg/Q_N    0.00    0.00   -0.00 (VIOLATED)
i_croc_soc/i_croc/i_timer/s_cfg_lo_reg_20__reg/Q_N    0.00    0.00   -0.00 (VIOLATED)
i_croc_soc/i_croc/i_timer/s_cfg_lo_reg_21__reg/Q_N    0.00    0.00   -0.00 (VIOLATED)
i_croc_soc/i_croc/i_timer/s_cfg_lo_reg_22__reg/Q_N    0.00    0.00   -0.00 (VIOLATED)
i_croc_soc/i_croc/i_timer/s_cfg_lo_reg_23__reg/Q_N    0.00    0.00   -0.00 (VIOLATED)
i_croc_soc/i_croc/i_timer/s_cfg_lo_reg_24__reg/Q_N    0.00    0.00   -0.00 (VIOLATED)
i_croc_soc/i_croc/i_timer/s_cfg_lo_reg_25__reg/Q_N    0.00    0.00   -0.00 (VIOLATED)
i_croc_soc/i_croc/i_timer/s_cfg_lo_reg_26__reg/Q_N    0.00    0.00   -0.00 (VIOLATED)
i_croc_soc/i_croc/i_timer/s_cfg_lo_reg_27__reg/Q_N    0.00    0.00   -0.00 (VIOLATED)
i_croc_soc/i_croc/i_timer/s_cfg_lo_reg_28__reg/Q_N    0.00    0.00   -0.00 (VIOLATED)
i_croc_soc/i_croc/i_timer/s_cfg_lo_reg_29__reg/Q_N    0.00    0.00   -0.00 (VIOLATED)
i_croc_soc/i_croc/i_timer/s_cfg_lo_reg_2__reg/Q_N    0.00    0.00   -0.00 (VIOLATED)
i_croc_soc/i_croc/i_timer/s_cfg_lo_reg_30__reg/Q_N    0.00    0.00   -0.00 (VIOLATED)
i_croc_soc/i_croc/i_timer/s_cfg_lo_reg_31__reg/Q_N    0.00    0.00   -0.00 (VIOLATED)
i_croc_soc/i_croc/i_timer/s_cfg_lo_reg_3__reg/Q_N    0.00    0.00   -0.00 (VIOLATED)
i_croc_soc/i_croc/i_timer/s_cfg_lo_reg_4__reg/Q_N    0.00    0.00   -0.00 (VIOLATED)
i_croc_soc/i_croc/i_timer/s_cfg_lo_reg_5__reg/Q_N    0.00    0.00   -0.00 (VIOLATED)
i_croc_soc/i_croc/i_timer/s_ref_clk0_reg/Q_N    0.00    0.00   -0.00 (VIOLATED)
i_croc_soc/i_croc/i_timer/s_ref_clk1_reg/Q_N    0.00    0.00   -0.00 (VIOLATED)
i_croc_soc/i_croc/i_timer/s_ref_clk3_reg/Q    0.00    0.00   -0.00 (VIOLATED)
i_croc_soc/i_croc/i_timer/s_wen_reg/Q_N    0.00    0.00   -0.00 (VIOLATED)
i_croc_soc/i_croc/i_uart/dtr_no_reg/Q    0.00    0.00   -0.00 (VIOLATED)
i_croc_soc/i_croc/i_uart/dtr_no_reg/Q_N    0.00    0.00   -0.00 (VIOLATED)
i_croc_soc/i_croc/i_uart/i_apb_uart.PENABLE_reg/Q_N    0.00    0.00   -0.00 (VIOLATED)
i_croc_soc/i_croc/i_uart/i_apb_uart.UART_BG2.Q_reg/Q_N    0.00    0.00   -0.00 (VIOLATED)
i_croc_soc/i_croc/i_uart/i_apb_uart.UART_BIDET.iDd_reg/Q    0.00    0.00   -0.00 (VIOLATED)
i_croc_soc/i_croc/i_uart/i_apb_uart.UART_ED_RI.iDd_reg/Q_N    0.00    0.00   -0.00 (VIOLATED)
i_croc_soc/i_croc/i_uart/i_apb_uart.UART_FEDET.iDd_reg/Q    0.00    0.00   -0.00 (VIOLATED)
i_croc_soc/i_croc/i_uart/i_apb_uart.UART_IIC.CTI_reg/Q_N    0.00    0.00   -0.00 (VIOLATED)
i_croc_soc/i_croc/i_uart/i_apb_uart.UART_IIC.IER_0__reg/Q_N    0.00    0.00   -0.00 (VIOLATED)
i_croc_soc/i_croc/i_uart/i_apb_uart.UART_IIC.IER_1__reg/Q_N    0.00    0.00   -0.00 (VIOLATED)
i_croc_soc/i_croc/i_uart/i_apb_uart.UART_IIC.IER_2__reg/Q_N    0.00    0.00   -0.00 (VIOLATED)
i_croc_soc/i_croc/i_uart/i_apb_uart.UART_IIC.IER_3__reg/Q_N    0.00    0.00   -0.00 (VIOLATED)
i_croc_soc/i_croc/i_uart/i_apb_uart.UART_IIC.IIR_0__reg/Q    0.00    0.00   -0.00 (VIOLATED)
i_croc_soc/i_croc/i_uart/i_apb_uart.UART_IIC.IIR_2__reg/Q_N    0.00    0.00   -0.00 (VIOLATED)
i_croc_soc/i_croc/i_uart/i_apb_uart.UART_IIC.IIR_3__reg/Q_N    0.00    0.00   -0.00 (VIOLATED)
i_croc_soc/i_croc/i_uart/i_apb_uart.UART_IIC.THI_reg/Q_N    0.00    0.00   -0.00 (VIOLATED)
i_croc_soc/i_croc/i_uart/i_apb_uart.UART_IIC_THRE_ED.D_reg/Q    0.00    0.00   -0.00 (VIOLATED)
i_croc_soc/i_croc/i_uart/i_apb_uart.UART_IIC_THRE_ED.iDd_reg/Q    0.00    0.00   -0.00 (VIOLATED)
i_croc_soc/i_croc/i_uart/i_apb_uart.UART_IS_CTS.iD_0__reg/Q_N    0.00    0.00   -0.00 (VIOLATED)
i_croc_soc/i_croc/i_uart/i_apb_uart.UART_IS_DCD.iD_0__reg/Q_N    0.00    0.00   -0.00 (VIOLATED)
i_croc_soc/i_croc/i_uart/i_apb_uart.UART_IS_DSR.iD_0__reg/Q_N    0.00    0.00   -0.00 (VIOLATED)
i_croc_soc/i_croc/i_uart/i_apb_uart.UART_IS_RI.iD_0__reg/Q_N    0.00    0.00   -0.00 (VIOLATED)
i_croc_soc/i_croc/i_uart/i_apb_uart.UART_IS_SIN.Q_reg/Q_N    0.00    0.00   -0.00 (VIOLATED)
i_croc_soc/i_croc/i_uart/i_apb_uart.UART_IS_SIN.iD_0__reg/Q_N    0.00    0.00   -0.00 (VIOLATED)
i_croc_soc/i_croc/i_uart/i_apb_uart.UART_PEDET.iDd_reg/Q    0.00    0.00   -0.00 (VIOLATED)
i_croc_soc/i_croc/i_uart/i_apb_uart.UART_RCLK.D_reg/Q    0.00    0.00   -0.00 (VIOLATED)
i_croc_soc/i_croc/i_uart/i_apb_uart.UART_RCLK.iDd_reg/Q    0.00    0.00   -0.00 (VIOLATED)
i_croc_soc/i_croc/i_uart/i_apb_uart.UART_RX.DOUT_0__reg/Q_N    0.00    0.00   -0.00 (VIOLATED)
i_croc_soc/i_croc/i_uart/i_apb_uart.UART_RX.DOUT_1__reg/Q_N    0.00    0.00   -0.00 (VIOLATED)
i_croc_soc/i_croc/i_uart/i_apb_uart.UART_RX.DOUT_2__reg/Q_N    0.00    0.00   -0.00 (VIOLATED)
i_croc_soc/i_croc/i_uart/i_apb_uart.UART_RX.DOUT_3__reg/Q_N    0.00    0.00   -0.00 (VIOLATED)
i_croc_soc/i_croc/i_uart/i_apb_uart.UART_RX.DOUT_4__reg/Q_N    0.00    0.00   -0.00 (VIOLATED)
i_croc_soc/i_croc/i_uart/i_apb_uart.UART_RX.DOUT_5__reg/Q_N    0.00    0.00   -0.00 (VIOLATED)
i_croc_soc/i_croc/i_uart/i_apb_uart.UART_RX.DOUT_6__reg/Q_N    0.00    0.00   -0.00 (VIOLATED)
i_croc_soc/i_croc/i_uart/i_apb_uart.UART_RX.DOUT_7__reg/Q_N    0.00    0.00   -0.00 (VIOLATED)
i_croc_soc/i_croc/i_uart/i_apb_uart.UART_RX.PE_reg/Q_N    0.00    0.00   -0.00 (VIOLATED)
i_croc_soc/i_croc/i_uart/i_apb_uart.UART_RX.RX_BRC.Q_1__reg/Q_N    0.00    0.00   -0.00 (VIOLATED)
i_croc_soc/i_croc/i_uart/i_apb_uart.UART_RX.RX_BRC.Q_2__reg/Q_N    0.00    0.00   -0.00 (VIOLATED)
i_croc_soc/i_croc/i_uart/i_apb_uart.UART_RX.RX_BRC.Q_3__reg/Q_N    0.00    0.00   -0.00 (VIOLATED)
i_croc_soc/i_croc/i_uart/i_apb_uart.UART_RX.RX_IFSB.iCount_1__reg/Q_N    0.00    0.00   -0.00 (VIOLATED)
i_croc_soc/i_croc/i_uart/i_apb_uart.UART_RX.SP_reg/Q_N    0.00    0.00   -0.00 (VIOLATED)
i_croc_soc/i_croc/i_uart/i_apb_uart.UART_RX.STB_reg/Q_N    0.00    0.00   -0.00 (VIOLATED)
i_croc_soc/i_croc/i_uart/i_apb_uart.UART_RX.iBaudStepD_reg/Q_N    0.00    0.00   -0.00 (VIOLATED)
i_croc_soc/i_croc/i_uart/i_apb_uart.UART_RXFF.CLEAR_reg/Q_N    0.00    0.00   -0.00 (VIOLATED)
i_croc_soc/i_croc/i_uart/i_apb_uart.UART_RXFF.D_0__reg/Q_N    0.00    0.00   -0.00 (VIOLATED)
i_croc_soc/i_croc/i_uart/i_apb_uart.UART_RXFF.D_10__reg/Q_N    0.00    0.00   -0.00 (VIOLATED)
i_croc_soc/i_croc/i_uart/i_apb_uart.UART_RXFF.D_1__reg/Q_N    0.00    0.00   -0.00 (VIOLATED)
i_croc_soc/i_croc/i_uart/i_apb_uart.UART_RXFF.D_2__reg/Q_N    0.00    0.00   -0.00 (VIOLATED)
i_croc_soc/i_croc/i_uart/i_apb_uart.UART_RXFF.D_3__reg/Q_N    0.00    0.00   -0.00 (VIOLATED)
i_croc_soc/i_croc/i_uart/i_apb_uart.UART_RXFF.D_4__reg/Q_N    0.00    0.00   -0.00 (VIOLATED)
i_croc_soc/i_croc/i_uart/i_apb_uart.UART_RXFF.D_5__reg/Q_N    0.00    0.00   -0.00 (VIOLATED)
i_croc_soc/i_croc/i_uart/i_apb_uart.UART_RXFF.D_6__reg/Q_N    0.00    0.00   -0.00 (VIOLATED)
i_croc_soc/i_croc/i_uart/i_apb_uart.UART_RXFF.D_7__reg/Q_N    0.00    0.00   -0.00 (VIOLATED)
i_croc_soc/i_croc/i_uart/i_apb_uart.UART_RXFF.D_8__reg/Q_N    0.00    0.00   -0.00 (VIOLATED)
i_croc_soc/i_croc/i_uart/i_apb_uart.UART_RXFF.D_9__reg/Q_N    0.00    0.00   -0.00 (VIOLATED)
i_croc_soc/i_croc/i_uart/i_apb_uart.UART_RXFF.EMPTY_reg/Q    0.00    0.00   -0.00 (VIOLATED)
i_croc_soc/i_croc/i_uart/i_apb_uart.UART_RXFF.Q_0__reg/Q_N    0.00    0.00   -0.00 (VIOLATED)
i_croc_soc/i_croc/i_uart/i_apb_uart.UART_RXFF.Q_10__reg/Q_N    0.00    0.00   -0.00 (VIOLATED)
i_croc_soc/i_croc/i_uart/i_apb_uart.UART_RXFF.Q_1__reg/Q_N    0.00    0.00   -0.00 (VIOLATED)
i_croc_soc/i_croc/i_uart/i_apb_uart.UART_RXFF.Q_2__reg/Q_N    0.00    0.00   -0.00 (VIOLATED)
i_croc_soc/i_croc/i_uart/i_apb_uart.UART_RXFF.Q_3__reg/Q_N    0.00    0.00   -0.00 (VIOLATED)
i_croc_soc/i_croc/i_uart/i_apb_uart.UART_RXFF.Q_4__reg/Q_N    0.00    0.00   -0.00 (VIOLATED)
i_croc_soc/i_croc/i_uart/i_apb_uart.UART_RXFF.Q_5__reg/Q_N    0.00    0.00   -0.00 (VIOLATED)
i_croc_soc/i_croc/i_uart/i_apb_uart.UART_RXFF.Q_6__reg/Q_N    0.00    0.00   -0.00 (VIOLATED)
i_croc_soc/i_croc/i_uart/i_apb_uart.UART_RXFF.Q_7__reg/Q_N    0.00    0.00   -0.00 (VIOLATED)
i_croc_soc/i_croc/i_uart/i_apb_uart.UART_RXFF.Q_8__reg/Q_N    0.00    0.00   -0.00 (VIOLATED)
i_croc_soc/i_croc/i_uart/i_apb_uart.UART_RXFF.Q_9__reg/Q_N    0.00    0.00   -0.00 (VIOLATED)
i_croc_soc/i_croc/i_uart/i_apb_uart.UART_RXFF.USAGE_1__reg/Q_N    0.00    0.00   -0.00 (VIOLATED)
i_croc_soc/i_croc/i_uart/i_apb_uart.UART_RXFF.USAGE_2__reg/Q_N    0.00    0.00   -0.00 (VIOLATED)
i_croc_soc/i_croc/i_uart/i_apb_uart.UART_RXFF.USAGE_3__reg/Q_N    0.00    0.00   -0.00 (VIOLATED)
i_croc_soc/i_croc/i_uart/i_apb_uart.UART_RXFF.USAGE_4__reg/Q_N    0.00    0.00   -0.00 (VIOLATED)
i_croc_soc/i_croc/i_uart/i_apb_uart.UART_RXFF.USAGE_5__reg/Q_N    0.00    0.00   -0.00 (VIOLATED)
i_croc_soc/i_croc/i_uart/i_apb_uart.UART_RXFF.iFIFOMem_0__reg/Q_N    0.00    0.00   -0.00 (VIOLATED)
i_croc_soc/i_croc/i_uart/i_apb_uart.UART_RXFF.iFIFOMem_100__reg/Q_N    0.00    0.00   -0.00 (VIOLATED)
i_croc_soc/i_croc/i_uart/i_apb_uart.UART_RXFF.iFIFOMem_101__reg/Q_N    0.00    0.00   -0.00 (VIOLATED)
i_croc_soc/i_croc/i_uart/i_apb_uart.UART_RXFF.iFIFOMem_102__reg/Q_N    0.00    0.00   -0.00 (VIOLATED)
i_croc_soc/i_croc/i_uart/i_apb_uart.UART_RXFF.iFIFOMem_103__reg/Q_N    0.00    0.00   -0.00 (VIOLATED)
i_croc_soc/i_croc/i_uart/i_apb_uart.UART_RXFF.iFIFOMem_104__reg/Q_N    0.00    0.00   -0.00 (VIOLATED)
i_croc_soc/i_croc/i_uart/i_apb_uart.UART_RXFF.iFIFOMem_105__reg/Q_N    0.00    0.00   -0.00 (VIOLATED)
i_croc_soc/i_croc/i_uart/i_apb_uart.UART_RXFF.iFIFOMem_106__reg/Q_N    0.00    0.00   -0.00 (VIOLATED)
i_croc_soc/i_croc/i_uart/i_apb_uart.UART_RXFF.iFIFOMem_107__reg/Q_N    0.00    0.00   -0.00 (VIOLATED)
i_croc_soc/i_croc/i_uart/i_apb_uart.UART_RXFF.iFIFOMem_108__reg/Q_N    0.00    0.00   -0.00 (VIOLATED)
i_croc_soc/i_croc/i_uart/i_apb_uart.UART_RXFF.iFIFOMem_109__reg/Q_N    0.00    0.00   -0.00 (VIOLATED)
i_croc_soc/i_croc/i_uart/i_apb_uart.UART_RXFF.iFIFOMem_10__reg/Q_N    0.00    0.00   -0.00 (VIOLATED)
i_croc_soc/i_croc/i_uart/i_apb_uart.UART_RXFF.iFIFOMem_110__reg/Q_N    0.00    0.00   -0.00 (VIOLATED)
i_croc_soc/i_croc/i_uart/i_apb_uart.UART_RXFF.iFIFOMem_111__reg/Q_N    0.00    0.00   -0.00 (VIOLATED)
i_croc_soc/i_croc/i_uart/i_apb_uart.UART_RXFF.iFIFOMem_112__reg/Q_N    0.00    0.00   -0.00 (VIOLATED)
i_croc_soc/i_croc/i_uart/i_apb_uart.UART_RXFF.iFIFOMem_113__reg/Q_N    0.00    0.00   -0.00 (VIOLATED)
i_croc_soc/i_croc/i_uart/i_apb_uart.UART_RXFF.iFIFOMem_114__reg/Q_N    0.00    0.00   -0.00 (VIOLATED)
i_croc_soc/i_croc/i_uart/i_apb_uart.UART_RXFF.iFIFOMem_115__reg/Q_N    0.00    0.00   -0.00 (VIOLATED)
i_croc_soc/i_croc/i_uart/i_apb_uart.UART_RXFF.iFIFOMem_116__reg/Q_N    0.00    0.00   -0.00 (VIOLATED)
i_croc_soc/i_croc/i_uart/i_apb_uart.UART_RXFF.iFIFOMem_117__reg/Q_N    0.00    0.00   -0.00 (VIOLATED)
i_croc_soc/i_croc/i_uart/i_apb_uart.UART_RXFF.iFIFOMem_118__reg/Q_N    0.00    0.00   -0.00 (VIOLATED)
i_croc_soc/i_croc/i_uart/i_apb_uart.UART_RXFF.iFIFOMem_119__reg/Q_N    0.00    0.00   -0.00 (VIOLATED)
i_croc_soc/i_croc/i_uart/i_apb_uart.UART_RXFF.iFIFOMem_11__reg/Q_N    0.00    0.00   -0.00 (VIOLATED)
i_croc_soc/i_croc/i_uart/i_apb_uart.UART_RXFF.iFIFOMem_120__reg/Q_N    0.00    0.00   -0.00 (VIOLATED)
i_croc_soc/i_croc/i_uart/i_apb_uart.UART_RXFF.iFIFOMem_121__reg/Q_N    0.00    0.00   -0.00 (VIOLATED)
i_croc_soc/i_croc/i_uart/i_apb_uart.UART_RXFF.iFIFOMem_122__reg/Q_N    0.00    0.00   -0.00 (VIOLATED)
i_croc_soc/i_croc/i_uart/i_apb_uart.UART_RXFF.iFIFOMem_123__reg/Q_N    0.00    0.00   -0.00 (VIOLATED)
i_croc_soc/i_croc/i_uart/i_apb_uart.UART_RXFF.iFIFOMem_124__reg/Q_N    0.00    0.00   -0.00 (VIOLATED)
i_croc_soc/i_croc/i_uart/i_apb_uart.UART_RXFF.iFIFOMem_125__reg/Q_N    0.00    0.00   -0.00 (VIOLATED)
i_croc_soc/i_croc/i_uart/i_apb_uart.UART_RXFF.iFIFOMem_126__reg/Q_N    0.00    0.00   -0.00 (VIOLATED)
i_croc_soc/i_croc/i_uart/i_apb_uart.UART_RXFF.iFIFOMem_127__reg/Q_N    0.00    0.00   -0.00 (VIOLATED)
i_croc_soc/i_croc/i_uart/i_apb_uart.UART_RXFF.iFIFOMem_128__reg/Q_N    0.00    0.00   -0.00 (VIOLATED)
i_croc_soc/i_croc/i_uart/i_apb_uart.UART_RXFF.iFIFOMem_129__reg/Q_N    0.00    0.00   -0.00 (VIOLATED)
i_croc_soc/i_croc/i_uart/i_apb_uart.UART_RXFF.iFIFOMem_12__reg/Q_N    0.00    0.00   -0.00 (VIOLATED)
i_croc_soc/i_croc/i_uart/i_apb_uart.UART_RXFF.iFIFOMem_130__reg/Q_N    0.00    0.00   -0.00 (VIOLATED)
i_croc_soc/i_croc/i_uart/i_apb_uart.UART_RXFF.iFIFOMem_131__reg/Q_N    0.00    0.00   -0.00 (VIOLATED)
i_croc_soc/i_croc/i_uart/i_apb_uart.UART_RXFF.iFIFOMem_132__reg/Q_N    0.00    0.00   -0.00 (VIOLATED)
i_croc_soc/i_croc/i_uart/i_apb_uart.UART_RXFF.iFIFOMem_133__reg/Q_N    0.00    0.00   -0.00 (VIOLATED)
i_croc_soc/i_croc/i_uart/i_apb_uart.UART_RXFF.iFIFOMem_134__reg/Q_N    0.00    0.00   -0.00 (VIOLATED)
i_croc_soc/i_croc/i_uart/i_apb_uart.UART_RXFF.iFIFOMem_135__reg/Q_N    0.00    0.00   -0.00 (VIOLATED)
i_croc_soc/i_croc/i_uart/i_apb_uart.UART_RXFF.iFIFOMem_136__reg/Q_N    0.00    0.00   -0.00 (VIOLATED)
i_croc_soc/i_croc/i_uart/i_apb_uart.UART_RXFF.iFIFOMem_137__reg/Q_N    0.00    0.00   -0.00 (VIOLATED)
i_croc_soc/i_croc/i_uart/i_apb_uart.UART_RXFF.iFIFOMem_138__reg/Q_N    0.00    0.00   -0.00 (VIOLATED)
i_croc_soc/i_croc/i_uart/i_apb_uart.UART_RXFF.iFIFOMem_139__reg/Q_N    0.00    0.00   -0.00 (VIOLATED)
i_croc_soc/i_croc/i_uart/i_apb_uart.UART_RXFF.iFIFOMem_13__reg/Q_N    0.00    0.00   -0.00 (VIOLATED)
i_croc_soc/i_croc/i_uart/i_apb_uart.UART_RXFF.iFIFOMem_140__reg/Q_N    0.00    0.00   -0.00 (VIOLATED)
i_croc_soc/i_croc/i_uart/i_apb_uart.UART_RXFF.iFIFOMem_141__reg/Q_N    0.00    0.00   -0.00 (VIOLATED)
i_croc_soc/i_croc/i_uart/i_apb_uart.UART_RXFF.iFIFOMem_142__reg/Q_N    0.00    0.00   -0.00 (VIOLATED)
i_croc_soc/i_croc/i_uart/i_apb_uart.UART_RXFF.iFIFOMem_143__reg/Q_N    0.00    0.00   -0.00 (VIOLATED)
i_croc_soc/i_croc/i_uart/i_apb_uart.UART_RXFF.iFIFOMem_144__reg/Q_N    0.00    0.00   -0.00 (VIOLATED)
i_croc_soc/i_croc/i_uart/i_apb_uart.UART_RXFF.iFIFOMem_145__reg/Q_N    0.00    0.00   -0.00 (VIOLATED)
i_croc_soc/i_croc/i_uart/i_apb_uart.UART_RXFF.iFIFOMem_146__reg/Q_N    0.00    0.00   -0.00 (VIOLATED)
i_croc_soc/i_croc/i_uart/i_apb_uart.UART_RXFF.iFIFOMem_147__reg/Q_N    0.00    0.00   -0.00 (VIOLATED)
i_croc_soc/i_croc/i_uart/i_apb_uart.UART_RXFF.iFIFOMem_148__reg/Q_N    0.00    0.00   -0.00 (VIOLATED)
i_croc_soc/i_croc/i_uart/i_apb_uart.UART_RXFF.iFIFOMem_149__reg/Q_N    0.00    0.00   -0.00 (VIOLATED)
i_croc_soc/i_croc/i_uart/i_apb_uart.UART_RXFF.iFIFOMem_14__reg/Q_N    0.00    0.00   -0.00 (VIOLATED)
i_croc_soc/i_croc/i_uart/i_apb_uart.UART_RXFF.iFIFOMem_150__reg/Q_N    0.00    0.00   -0.00 (VIOLATED)
i_croc_soc/i_croc/i_uart/i_apb_uart.UART_RXFF.iFIFOMem_151__reg/Q_N    0.00    0.00   -0.00 (VIOLATED)
i_croc_soc/i_croc/i_uart/i_apb_uart.UART_RXFF.iFIFOMem_152__reg/Q_N    0.00    0.00   -0.00 (VIOLATED)
i_croc_soc/i_croc/i_uart/i_apb_uart.UART_RXFF.iFIFOMem_153__reg/Q_N    0.00    0.00   -0.00 (VIOLATED)
i_croc_soc/i_croc/i_uart/i_apb_uart.UART_RXFF.iFIFOMem_154__reg/Q_N    0.00    0.00   -0.00 (VIOLATED)
i_croc_soc/i_croc/i_uart/i_apb_uart.UART_RXFF.iFIFOMem_155__reg/Q_N    0.00    0.00   -0.00 (VIOLATED)
i_croc_soc/i_croc/i_uart/i_apb_uart.UART_RXFF.iFIFOMem_156__reg/Q_N    0.00    0.00   -0.00 (VIOLATED)
i_croc_soc/i_croc/i_uart/i_apb_uart.UART_RXFF.iFIFOMem_157__reg/Q_N    0.00    0.00   -0.00 (VIOLATED)
i_croc_soc/i_croc/i_uart/i_apb_uart.UART_RXFF.iFIFOMem_158__reg/Q_N    0.00    0.00   -0.00 (VIOLATED)
i_croc_soc/i_croc/i_uart/i_apb_uart.UART_RXFF.iFIFOMem_159__reg/Q_N    0.00    0.00   -0.00 (VIOLATED)
i_croc_soc/i_croc/i_uart/i_apb_uart.UART_RXFF.iFIFOMem_15__reg/Q_N    0.00    0.00   -0.00 (VIOLATED)
i_croc_soc/i_croc/i_uart/i_apb_uart.UART_RXFF.iFIFOMem_160__reg/Q_N    0.00    0.00   -0.00 (VIOLATED)
i_croc_soc/i_croc/i_uart/i_apb_uart.UART_RXFF.iFIFOMem_161__reg/Q_N    0.00    0.00   -0.00 (VIOLATED)
i_croc_soc/i_croc/i_uart/i_apb_uart.UART_RXFF.iFIFOMem_162__reg/Q_N    0.00    0.00   -0.00 (VIOLATED)
i_croc_soc/i_croc/i_uart/i_apb_uart.UART_RXFF.iFIFOMem_163__reg/Q_N    0.00    0.00   -0.00 (VIOLATED)
i_croc_soc/i_croc/i_uart/i_apb_uart.UART_RXFF.iFIFOMem_164__reg/Q_N    0.00    0.00   -0.00 (VIOLATED)
i_croc_soc/i_croc/i_uart/i_apb_uart.UART_RXFF.iFIFOMem_165__reg/Q_N    0.00    0.00   -0.00 (VIOLATED)
i_croc_soc/i_croc/i_uart/i_apb_uart.UART_RXFF.iFIFOMem_166__reg/Q_N    0.00    0.00   -0.00 (VIOLATED)
i_croc_soc/i_croc/i_uart/i_apb_uart.UART_RXFF.iFIFOMem_167__reg/Q_N    0.00    0.00   -0.00 (VIOLATED)
i_croc_soc/i_croc/i_uart/i_apb_uart.UART_RXFF.iFIFOMem_168__reg/Q_N    0.00    0.00   -0.00 (VIOLATED)
i_croc_soc/i_croc/i_uart/i_apb_uart.UART_RXFF.iFIFOMem_169__reg/Q_N    0.00    0.00   -0.00 (VIOLATED)
i_croc_soc/i_croc/i_uart/i_apb_uart.UART_RXFF.iFIFOMem_16__reg/Q_N    0.00    0.00   -0.00 (VIOLATED)
i_croc_soc/i_croc/i_uart/i_apb_uart.UART_RXFF.iFIFOMem_170__reg/Q_N    0.00    0.00   -0.00 (VIOLATED)
i_croc_soc/i_croc/i_uart/i_apb_uart.UART_RXFF.iFIFOMem_171__reg/Q_N    0.00    0.00   -0.00 (VIOLATED)
i_croc_soc/i_croc/i_uart/i_apb_uart.UART_RXFF.iFIFOMem_172__reg/Q_N    0.00    0.00   -0.00 (VIOLATED)
i_croc_soc/i_croc/i_uart/i_apb_uart.UART_RXFF.iFIFOMem_173__reg/Q_N    0.00    0.00   -0.00 (VIOLATED)
i_croc_soc/i_croc/i_uart/i_apb_uart.UART_RXFF.iFIFOMem_174__reg/Q_N    0.00    0.00   -0.00 (VIOLATED)
i_croc_soc/i_croc/i_uart/i_apb_uart.UART_RXFF.iFIFOMem_175__reg/Q_N    0.00    0.00   -0.00 (VIOLATED)
i_croc_soc/i_croc/i_uart/i_apb_uart.UART_RXFF.iFIFOMem_176__reg/Q_N    0.00    0.00   -0.00 (VIOLATED)
i_croc_soc/i_croc/i_uart/i_apb_uart.UART_RXFF.iFIFOMem_177__reg/Q_N    0.00    0.00   -0.00 (VIOLATED)
i_croc_soc/i_croc/i_uart/i_apb_uart.UART_RXFF.iFIFOMem_178__reg/Q_N    0.00    0.00   -0.00 (VIOLATED)
i_croc_soc/i_croc/i_uart/i_apb_uart.UART_RXFF.iFIFOMem_179__reg/Q_N    0.00    0.00   -0.00 (VIOLATED)
i_croc_soc/i_croc/i_uart/i_apb_uart.UART_RXFF.iFIFOMem_17__reg/Q_N    0.00    0.00   -0.00 (VIOLATED)
i_croc_soc/i_croc/i_uart/i_apb_uart.UART_RXFF.iFIFOMem_180__reg/Q_N    0.00    0.00   -0.00 (VIOLATED)
i_croc_soc/i_croc/i_uart/i_apb_uart.UART_RXFF.iFIFOMem_181__reg/Q_N    0.00    0.00   -0.00 (VIOLATED)
i_croc_soc/i_croc/i_uart/i_apb_uart.UART_RXFF.iFIFOMem_182__reg/Q_N    0.00    0.00   -0.00 (VIOLATED)
i_croc_soc/i_croc/i_uart/i_apb_uart.UART_RXFF.iFIFOMem_183__reg/Q_N    0.00    0.00   -0.00 (VIOLATED)
i_croc_soc/i_croc/i_uart/i_apb_uart.UART_RXFF.iFIFOMem_184__reg/Q_N    0.00    0.00   -0.00 (VIOLATED)
i_croc_soc/i_croc/i_uart/i_apb_uart.UART_RXFF.iFIFOMem_185__reg/Q_N    0.00    0.00   -0.00 (VIOLATED)
i_croc_soc/i_croc/i_uart/i_apb_uart.UART_RXFF.iFIFOMem_186__reg/Q_N    0.00    0.00   -0.00 (VIOLATED)
i_croc_soc/i_croc/i_uart/i_apb_uart.UART_RXFF.iFIFOMem_187__reg/Q_N    0.00    0.00   -0.00 (VIOLATED)
i_croc_soc/i_croc/i_uart/i_apb_uart.UART_RXFF.iFIFOMem_188__reg/Q_N    0.00    0.00   -0.00 (VIOLATED)
i_croc_soc/i_croc/i_uart/i_apb_uart.UART_RXFF.iFIFOMem_189__reg/Q_N    0.00    0.00   -0.00 (VIOLATED)
i_croc_soc/i_croc/i_uart/i_apb_uart.UART_RXFF.iFIFOMem_18__reg/Q_N    0.00    0.00   -0.00 (VIOLATED)
i_croc_soc/i_croc/i_uart/i_apb_uart.UART_RXFF.iFIFOMem_190__reg/Q_N    0.00    0.00   -0.00 (VIOLATED)
i_croc_soc/i_croc/i_uart/i_apb_uart.UART_RXFF.iFIFOMem_191__reg/Q_N    0.00    0.00   -0.00 (VIOLATED)
i_croc_soc/i_croc/i_uart/i_apb_uart.UART_RXFF.iFIFOMem_192__reg/Q_N    0.00    0.00   -0.00 (VIOLATED)
i_croc_soc/i_croc/i_uart/i_apb_uart.UART_RXFF.iFIFOMem_193__reg/Q_N    0.00    0.00   -0.00 (VIOLATED)
i_croc_soc/i_croc/i_uart/i_apb_uart.UART_RXFF.iFIFOMem_194__reg/Q_N    0.00    0.00   -0.00 (VIOLATED)
i_croc_soc/i_croc/i_uart/i_apb_uart.UART_RXFF.iFIFOMem_195__reg/Q_N    0.00    0.00   -0.00 (VIOLATED)
i_croc_soc/i_croc/i_uart/i_apb_uart.UART_RXFF.iFIFOMem_196__reg/Q_N    0.00    0.00   -0.00 (VIOLATED)
i_croc_soc/i_croc/i_uart/i_apb_uart.UART_RXFF.iFIFOMem_197__reg/Q_N    0.00    0.00   -0.00 (VIOLATED)
i_croc_soc/i_croc/i_uart/i_apb_uart.UART_RXFF.iFIFOMem_198__reg/Q_N    0.00    0.00   -0.00 (VIOLATED)
i_croc_soc/i_croc/i_uart/i_apb_uart.UART_RXFF.iFIFOMem_199__reg/Q_N    0.00    0.00   -0.00 (VIOLATED)
i_croc_soc/i_croc/i_uart/i_apb_uart.UART_RXFF.iFIFOMem_19__reg/Q_N    0.00    0.00   -0.00 (VIOLATED)
i_croc_soc/i_croc/i_uart/i_apb_uart.UART_RXFF.iFIFOMem_1__reg/Q_N    0.00    0.00   -0.00 (VIOLATED)
i_croc_soc/i_croc/i_uart/i_apb_uart.UART_RXFF.iFIFOMem_200__reg/Q_N    0.00    0.00   -0.00 (VIOLATED)
i_croc_soc/i_croc/i_uart/i_apb_uart.UART_RXFF.iFIFOMem_201__reg/Q_N    0.00    0.00   -0.00 (VIOLATED)
i_croc_soc/i_croc/i_uart/i_apb_uart.UART_RXFF.iFIFOMem_202__reg/Q_N    0.00    0.00   -0.00 (VIOLATED)
i_croc_soc/i_croc/i_uart/i_apb_uart.UART_RXFF.iFIFOMem_203__reg/Q_N    0.00    0.00   -0.00 (VIOLATED)
i_croc_soc/i_croc/i_uart/i_apb_uart.UART_RXFF.iFIFOMem_204__reg/Q_N    0.00    0.00   -0.00 (VIOLATED)
i_croc_soc/i_croc/i_uart/i_apb_uart.UART_RXFF.iFIFOMem_205__reg/Q_N    0.00    0.00   -0.00 (VIOLATED)
i_croc_soc/i_croc/i_uart/i_apb_uart.UART_RXFF.iFIFOMem_206__reg/Q_N    0.00    0.00   -0.00 (VIOLATED)
i_croc_soc/i_croc/i_uart/i_apb_uart.UART_RXFF.iFIFOMem_207__reg/Q_N    0.00    0.00   -0.00 (VIOLATED)
i_croc_soc/i_croc/i_uart/i_apb_uart.UART_RXFF.iFIFOMem_208__reg/Q_N    0.00    0.00   -0.00 (VIOLATED)
i_croc_soc/i_croc/i_uart/i_apb_uart.UART_RXFF.iFIFOMem_209__reg/Q_N    0.00    0.00   -0.00 (VIOLATED)
i_croc_soc/i_croc/i_uart/i_apb_uart.UART_RXFF.iFIFOMem_20__reg/Q_N    0.00    0.00   -0.00 (VIOLATED)
i_croc_soc/i_croc/i_uart/i_apb_uart.UART_RXFF.iFIFOMem_210__reg/Q_N    0.00    0.00   -0.00 (VIOLATED)
i_croc_soc/i_croc/i_uart/i_apb_uart.UART_RXFF.iFIFOMem_211__reg/Q_N    0.00    0.00   -0.00 (VIOLATED)
i_croc_soc/i_croc/i_uart/i_apb_uart.UART_RXFF.iFIFOMem_212__reg/Q_N    0.00    0.00   -0.00 (VIOLATED)
i_croc_soc/i_croc/i_uart/i_apb_uart.UART_RXFF.iFIFOMem_213__reg/Q_N    0.00    0.00   -0.00 (VIOLATED)
i_croc_soc/i_croc/i_uart/i_apb_uart.UART_RXFF.iFIFOMem_214__reg/Q_N    0.00    0.00   -0.00 (VIOLATED)
i_croc_soc/i_croc/i_uart/i_apb_uart.UART_RXFF.iFIFOMem_215__reg/Q_N    0.00    0.00   -0.00 (VIOLATED)
i_croc_soc/i_croc/i_uart/i_apb_uart.UART_RXFF.iFIFOMem_216__reg/Q_N    0.00    0.00   -0.00 (VIOLATED)
i_croc_soc/i_croc/i_uart/i_apb_uart.UART_RXFF.iFIFOMem_217__reg/Q_N    0.00    0.00   -0.00 (VIOLATED)
i_croc_soc/i_croc/i_uart/i_apb_uart.UART_RXFF.iFIFOMem_218__reg/Q_N    0.00    0.00   -0.00 (VIOLATED)
i_croc_soc/i_croc/i_uart/i_apb_uart.UART_RXFF.iFIFOMem_219__reg/Q_N    0.00    0.00   -0.00 (VIOLATED)
i_croc_soc/i_croc/i_uart/i_apb_uart.UART_RXFF.iFIFOMem_21__reg/Q_N    0.00    0.00   -0.00 (VIOLATED)
i_croc_soc/i_croc/i_uart/i_apb_uart.UART_RXFF.iFIFOMem_220__reg/Q_N    0.00    0.00   -0.00 (VIOLATED)
i_croc_soc/i_croc/i_uart/i_apb_uart.UART_RXFF.iFIFOMem_221__reg/Q_N    0.00    0.00   -0.00 (VIOLATED)
i_croc_soc/i_croc/i_uart/i_apb_uart.UART_RXFF.iFIFOMem_222__reg/Q_N    0.00    0.00   -0.00 (VIOLATED)
i_croc_soc/i_croc/i_uart/i_apb_uart.UART_RXFF.iFIFOMem_223__reg/Q_N    0.00    0.00   -0.00 (VIOLATED)
i_croc_soc/i_croc/i_uart/i_apb_uart.UART_RXFF.iFIFOMem_224__reg/Q_N    0.00    0.00   -0.00 (VIOLATED)
i_croc_soc/i_croc/i_uart/i_apb_uart.UART_RXFF.iFIFOMem_225__reg/Q_N    0.00    0.00   -0.00 (VIOLATED)
i_croc_soc/i_croc/i_uart/i_apb_uart.UART_RXFF.iFIFOMem_226__reg/Q_N    0.00    0.00   -0.00 (VIOLATED)
i_croc_soc/i_croc/i_uart/i_apb_uart.UART_RXFF.iFIFOMem_227__reg/Q_N    0.00    0.00   -0.00 (VIOLATED)
i_croc_soc/i_croc/i_uart/i_apb_uart.UART_RXFF.iFIFOMem_228__reg/Q_N    0.00    0.00   -0.00 (VIOLATED)
i_croc_soc/i_croc/i_uart/i_apb_uart.UART_RXFF.iFIFOMem_229__reg/Q_N    0.00    0.00   -0.00 (VIOLATED)
i_croc_soc/i_croc/i_uart/i_apb_uart.UART_RXFF.iFIFOMem_22__reg/Q_N    0.00    0.00   -0.00 (VIOLATED)
i_croc_soc/i_croc/i_uart/i_apb_uart.UART_RXFF.iFIFOMem_230__reg/Q_N    0.00    0.00   -0.00 (VIOLATED)
i_croc_soc/i_croc/i_uart/i_apb_uart.UART_RXFF.iFIFOMem_231__reg/Q_N    0.00    0.00   -0.00 (VIOLATED)
i_croc_soc/i_croc/i_uart/i_apb_uart.UART_RXFF.iFIFOMem_232__reg/Q_N    0.00    0.00   -0.00 (VIOLATED)
i_croc_soc/i_croc/i_uart/i_apb_uart.UART_RXFF.iFIFOMem_233__reg/Q_N    0.00    0.00   -0.00 (VIOLATED)
i_croc_soc/i_croc/i_uart/i_apb_uart.UART_RXFF.iFIFOMem_234__reg/Q_N    0.00    0.00   -0.00 (VIOLATED)
i_croc_soc/i_croc/i_uart/i_apb_uart.UART_RXFF.iFIFOMem_235__reg/Q_N    0.00    0.00   -0.00 (VIOLATED)
i_croc_soc/i_croc/i_uart/i_apb_uart.UART_RXFF.iFIFOMem_236__reg/Q_N    0.00    0.00   -0.00 (VIOLATED)
i_croc_soc/i_croc/i_uart/i_apb_uart.UART_RXFF.iFIFOMem_237__reg/Q_N    0.00    0.00   -0.00 (VIOLATED)
i_croc_soc/i_croc/i_uart/i_apb_uart.UART_RXFF.iFIFOMem_238__reg/Q_N    0.00    0.00   -0.00 (VIOLATED)
i_croc_soc/i_croc/i_uart/i_apb_uart.UART_RXFF.iFIFOMem_239__reg/Q_N    0.00    0.00   -0.00 (VIOLATED)
i_croc_soc/i_croc/i_uart/i_apb_uart.UART_RXFF.iFIFOMem_23__reg/Q_N    0.00    0.00   -0.00 (VIOLATED)
i_croc_soc/i_croc/i_uart/i_apb_uart.UART_RXFF.iFIFOMem_240__reg/Q_N    0.00    0.00   -0.00 (VIOLATED)
i_croc_soc/i_croc/i_uart/i_apb_uart.UART_RXFF.iFIFOMem_241__reg/Q_N    0.00    0.00   -0.00 (VIOLATED)
i_croc_soc/i_croc/i_uart/i_apb_uart.UART_RXFF.iFIFOMem_242__reg/Q_N    0.00    0.00   -0.00 (VIOLATED)
i_croc_soc/i_croc/i_uart/i_apb_uart.UART_RXFF.iFIFOMem_243__reg/Q_N    0.00    0.00   -0.00 (VIOLATED)
i_croc_soc/i_croc/i_uart/i_apb_uart.UART_RXFF.iFIFOMem_244__reg/Q_N    0.00    0.00   -0.00 (VIOLATED)
i_croc_soc/i_croc/i_uart/i_apb_uart.UART_RXFF.iFIFOMem_245__reg/Q_N    0.00    0.00   -0.00 (VIOLATED)
i_croc_soc/i_croc/i_uart/i_apb_uart.UART_RXFF.iFIFOMem_246__reg/Q_N    0.00    0.00   -0.00 (VIOLATED)
i_croc_soc/i_croc/i_uart/i_apb_uart.UART_RXFF.iFIFOMem_247__reg/Q_N    0.00    0.00   -0.00 (VIOLATED)
i_croc_soc/i_croc/i_uart/i_apb_uart.UART_RXFF.iFIFOMem_248__reg/Q_N    0.00    0.00   -0.00 (VIOLATED)
i_croc_soc/i_croc/i_uart/i_apb_uart.UART_RXFF.iFIFOMem_249__reg/Q_N    0.00    0.00   -0.00 (VIOLATED)
i_croc_soc/i_croc/i_uart/i_apb_uart.UART_RXFF.iFIFOMem_24__reg/Q_N    0.00    0.00   -0.00 (VIOLATED)
i_croc_soc/i_croc/i_uart/i_apb_uart.UART_RXFF.iFIFOMem_250__reg/Q_N    0.00    0.00   -0.00 (VIOLATED)
i_croc_soc/i_croc/i_uart/i_apb_uart.UART_RXFF.iFIFOMem_251__reg/Q_N    0.00    0.00   -0.00 (VIOLATED)
i_croc_soc/i_croc/i_uart/i_apb_uart.UART_RXFF.iFIFOMem_252__reg/Q_N    0.00    0.00   -0.00 (VIOLATED)
i_croc_soc/i_croc/i_uart/i_apb_uart.UART_RXFF.iFIFOMem_253__reg/Q_N    0.00    0.00   -0.00 (VIOLATED)
i_croc_soc/i_croc/i_uart/i_apb_uart.UART_RXFF.iFIFOMem_254__reg/Q_N    0.00    0.00   -0.00 (VIOLATED)
i_croc_soc/i_croc/i_uart/i_apb_uart.UART_RXFF.iFIFOMem_255__reg/Q_N    0.00    0.00   -0.00 (VIOLATED)
i_croc_soc/i_croc/i_uart/i_apb_uart.UART_RXFF.iFIFOMem_256__reg/Q_N    0.00    0.00   -0.00 (VIOLATED)
i_croc_soc/i_croc/i_uart/i_apb_uart.UART_RXFF.iFIFOMem_257__reg/Q_N    0.00    0.00   -0.00 (VIOLATED)
i_croc_soc/i_croc/i_uart/i_apb_uart.UART_RXFF.iFIFOMem_258__reg/Q_N    0.00    0.00   -0.00 (VIOLATED)
i_croc_soc/i_croc/i_uart/i_apb_uart.UART_RXFF.iFIFOMem_259__reg/Q_N    0.00    0.00   -0.00 (VIOLATED)
i_croc_soc/i_croc/i_uart/i_apb_uart.UART_RXFF.iFIFOMem_25__reg/Q_N    0.00    0.00   -0.00 (VIOLATED)
i_croc_soc/i_croc/i_uart/i_apb_uart.UART_RXFF.iFIFOMem_260__reg/Q_N    0.00    0.00   -0.00 (VIOLATED)
i_croc_soc/i_croc/i_uart/i_apb_uart.UART_RXFF.iFIFOMem_261__reg/Q_N    0.00    0.00   -0.00 (VIOLATED)
i_croc_soc/i_croc/i_uart/i_apb_uart.UART_RXFF.iFIFOMem_262__reg/Q_N    0.00    0.00   -0.00 (VIOLATED)
i_croc_soc/i_croc/i_uart/i_apb_uart.UART_RXFF.iFIFOMem_263__reg/Q_N    0.00    0.00   -0.00 (VIOLATED)
i_croc_soc/i_croc/i_uart/i_apb_uart.UART_RXFF.iFIFOMem_264__reg/Q_N    0.00    0.00   -0.00 (VIOLATED)
i_croc_soc/i_croc/i_uart/i_apb_uart.UART_RXFF.iFIFOMem_265__reg/Q_N    0.00    0.00   -0.00 (VIOLATED)
i_croc_soc/i_croc/i_uart/i_apb_uart.UART_RXFF.iFIFOMem_266__reg/Q_N    0.00    0.00   -0.00 (VIOLATED)
i_croc_soc/i_croc/i_uart/i_apb_uart.UART_RXFF.iFIFOMem_267__reg/Q_N    0.00    0.00   -0.00 (VIOLATED)
i_croc_soc/i_croc/i_uart/i_apb_uart.UART_RXFF.iFIFOMem_268__reg/Q_N    0.00    0.00   -0.00 (VIOLATED)
i_croc_soc/i_croc/i_uart/i_apb_uart.UART_RXFF.iFIFOMem_269__reg/Q_N    0.00    0.00   -0.00 (VIOLATED)
i_croc_soc/i_croc/i_uart/i_apb_uart.UART_RXFF.iFIFOMem_26__reg/Q_N    0.00    0.00   -0.00 (VIOLATED)
i_croc_soc/i_croc/i_uart/i_apb_uart.UART_RXFF.iFIFOMem_270__reg/Q_N    0.00    0.00   -0.00 (VIOLATED)
i_croc_soc/i_croc/i_uart/i_apb_uart.UART_RXFF.iFIFOMem_271__reg/Q_N    0.00    0.00   -0.00 (VIOLATED)
i_croc_soc/i_croc/i_uart/i_apb_uart.UART_RXFF.iFIFOMem_272__reg/Q_N    0.00    0.00   -0.00 (VIOLATED)
i_croc_soc/i_croc/i_uart/i_apb_uart.UART_RXFF.iFIFOMem_273__reg/Q_N    0.00    0.00   -0.00 (VIOLATED)
i_croc_soc/i_croc/i_uart/i_apb_uart.UART_RXFF.iFIFOMem_274__reg/Q_N    0.00    0.00   -0.00 (VIOLATED)
i_croc_soc/i_croc/i_uart/i_apb_uart.UART_RXFF.iFIFOMem_275__reg/Q_N    0.00    0.00   -0.00 (VIOLATED)
i_croc_soc/i_croc/i_uart/i_apb_uart.UART_RXFF.iFIFOMem_276__reg/Q_N    0.00    0.00   -0.00 (VIOLATED)
i_croc_soc/i_croc/i_uart/i_apb_uart.UART_RXFF.iFIFOMem_277__reg/Q_N    0.00    0.00   -0.00 (VIOLATED)
i_croc_soc/i_croc/i_uart/i_apb_uart.UART_RXFF.iFIFOMem_278__reg/Q_N    0.00    0.00   -0.00 (VIOLATED)
i_croc_soc/i_croc/i_uart/i_apb_uart.UART_RXFF.iFIFOMem_279__reg/Q_N    0.00    0.00   -0.00 (VIOLATED)
i_croc_soc/i_croc/i_uart/i_apb_uart.UART_RXFF.iFIFOMem_27__reg/Q_N    0.00    0.00   -0.00 (VIOLATED)
i_croc_soc/i_croc/i_uart/i_apb_uart.UART_RXFF.iFIFOMem_280__reg/Q_N    0.00    0.00   -0.00 (VIOLATED)
i_croc_soc/i_croc/i_uart/i_apb_uart.UART_RXFF.iFIFOMem_281__reg/Q_N    0.00    0.00   -0.00 (VIOLATED)
i_croc_soc/i_croc/i_uart/i_apb_uart.UART_RXFF.iFIFOMem_282__reg/Q_N    0.00    0.00   -0.00 (VIOLATED)
i_croc_soc/i_croc/i_uart/i_apb_uart.UART_RXFF.iFIFOMem_283__reg/Q_N    0.00    0.00   -0.00 (VIOLATED)
i_croc_soc/i_croc/i_uart/i_apb_uart.UART_RXFF.iFIFOMem_284__reg/Q_N    0.00    0.00   -0.00 (VIOLATED)
i_croc_soc/i_croc/i_uart/i_apb_uart.UART_RXFF.iFIFOMem_285__reg/Q_N    0.00    0.00   -0.00 (VIOLATED)
i_croc_soc/i_croc/i_uart/i_apb_uart.UART_RXFF.iFIFOMem_286__reg/Q_N    0.00    0.00   -0.00 (VIOLATED)
i_croc_soc/i_croc/i_uart/i_apb_uart.UART_RXFF.iFIFOMem_287__reg/Q_N    0.00    0.00   -0.00 (VIOLATED)
i_croc_soc/i_croc/i_uart/i_apb_uart.UART_RXFF.iFIFOMem_288__reg/Q_N    0.00    0.00   -0.00 (VIOLATED)
i_croc_soc/i_croc/i_uart/i_apb_uart.UART_RXFF.iFIFOMem_289__reg/Q_N    0.00    0.00   -0.00 (VIOLATED)
i_croc_soc/i_croc/i_uart/i_apb_uart.UART_RXFF.iFIFOMem_28__reg/Q_N    0.00    0.00   -0.00 (VIOLATED)
i_croc_soc/i_croc/i_uart/i_apb_uart.UART_RXFF.iFIFOMem_290__reg/Q_N    0.00    0.00   -0.00 (VIOLATED)
i_croc_soc/i_croc/i_uart/i_apb_uart.UART_RXFF.iFIFOMem_291__reg/Q_N    0.00    0.00   -0.00 (VIOLATED)
i_croc_soc/i_croc/i_uart/i_apb_uart.UART_RXFF.iFIFOMem_292__reg/Q_N    0.00    0.00   -0.00 (VIOLATED)
i_croc_soc/i_croc/i_uart/i_apb_uart.UART_RXFF.iFIFOMem_293__reg/Q_N    0.00    0.00   -0.00 (VIOLATED)
i_croc_soc/i_croc/i_uart/i_apb_uart.UART_RXFF.iFIFOMem_294__reg/Q_N    0.00    0.00   -0.00 (VIOLATED)
i_croc_soc/i_croc/i_uart/i_apb_uart.UART_RXFF.iFIFOMem_295__reg/Q_N    0.00    0.00   -0.00 (VIOLATED)
i_croc_soc/i_croc/i_uart/i_apb_uart.UART_RXFF.iFIFOMem_296__reg/Q_N    0.00    0.00   -0.00 (VIOLATED)
i_croc_soc/i_croc/i_uart/i_apb_uart.UART_RXFF.iFIFOMem_297__reg/Q_N    0.00    0.00   -0.00 (VIOLATED)
i_croc_soc/i_croc/i_uart/i_apb_uart.UART_RXFF.iFIFOMem_298__reg/Q_N    0.00    0.00   -0.00 (VIOLATED)
i_croc_soc/i_croc/i_uart/i_apb_uart.UART_RXFF.iFIFOMem_299__reg/Q_N    0.00    0.00   -0.00 (VIOLATED)
i_croc_soc/i_croc/i_uart/i_apb_uart.UART_RXFF.iFIFOMem_29__reg/Q_N    0.00    0.00   -0.00 (VIOLATED)
i_croc_soc/i_croc/i_uart/i_apb_uart.UART_RXFF.iFIFOMem_2__reg/Q_N    0.00    0.00   -0.00 (VIOLATED)
i_croc_soc/i_croc/i_uart/i_apb_uart.UART_RXFF.iFIFOMem_300__reg/Q_N    0.00    0.00   -0.00 (VIOLATED)
i_croc_soc/i_croc/i_uart/i_apb_uart.UART_RXFF.iFIFOMem_301__reg/Q_N    0.00    0.00   -0.00 (VIOLATED)
i_croc_soc/i_croc/i_uart/i_apb_uart.UART_RXFF.iFIFOMem_302__reg/Q_N    0.00    0.00   -0.00 (VIOLATED)
i_croc_soc/i_croc/i_uart/i_apb_uart.UART_RXFF.iFIFOMem_303__reg/Q_N    0.00    0.00   -0.00 (VIOLATED)
i_croc_soc/i_croc/i_uart/i_apb_uart.UART_RXFF.iFIFOMem_304__reg/Q_N    0.00    0.00   -0.00 (VIOLATED)
i_croc_soc/i_croc/i_uart/i_apb_uart.UART_RXFF.iFIFOMem_305__reg/Q_N    0.00    0.00   -0.00 (VIOLATED)
i_croc_soc/i_croc/i_uart/i_apb_uart.UART_RXFF.iFIFOMem_306__reg/Q_N    0.00    0.00   -0.00 (VIOLATED)
i_croc_soc/i_croc/i_uart/i_apb_uart.UART_RXFF.iFIFOMem_307__reg/Q_N    0.00    0.00   -0.00 (VIOLATED)
i_croc_soc/i_croc/i_uart/i_apb_uart.UART_RXFF.iFIFOMem_308__reg/Q_N    0.00    0.00   -0.00 (VIOLATED)
i_croc_soc/i_croc/i_uart/i_apb_uart.UART_RXFF.iFIFOMem_309__reg/Q_N    0.00    0.00   -0.00 (VIOLATED)
i_croc_soc/i_croc/i_uart/i_apb_uart.UART_RXFF.iFIFOMem_30__reg/Q_N    0.00    0.00   -0.00 (VIOLATED)
i_croc_soc/i_croc/i_uart/i_apb_uart.UART_RXFF.iFIFOMem_310__reg/Q_N    0.00    0.00   -0.00 (VIOLATED)
i_croc_soc/i_croc/i_uart/i_apb_uart.UART_RXFF.iFIFOMem_311__reg/Q_N    0.00    0.00   -0.00 (VIOLATED)
i_croc_soc/i_croc/i_uart/i_apb_uart.UART_RXFF.iFIFOMem_312__reg/Q_N    0.00    0.00   -0.00 (VIOLATED)
i_croc_soc/i_croc/i_uart/i_apb_uart.UART_RXFF.iFIFOMem_313__reg/Q_N    0.00    0.00   -0.00 (VIOLATED)
i_croc_soc/i_croc/i_uart/i_apb_uart.UART_RXFF.iFIFOMem_314__reg/Q_N    0.00    0.00   -0.00 (VIOLATED)
i_croc_soc/i_croc/i_uart/i_apb_uart.UART_RXFF.iFIFOMem_315__reg/Q_N    0.00    0.00   -0.00 (VIOLATED)
i_croc_soc/i_croc/i_uart/i_apb_uart.UART_RXFF.iFIFOMem_316__reg/Q_N    0.00    0.00   -0.00 (VIOLATED)
i_croc_soc/i_croc/i_uart/i_apb_uart.UART_RXFF.iFIFOMem_317__reg/Q_N    0.00    0.00   -0.00 (VIOLATED)
i_croc_soc/i_croc/i_uart/i_apb_uart.UART_RXFF.iFIFOMem_318__reg/Q_N    0.00    0.00   -0.00 (VIOLATED)
i_croc_soc/i_croc/i_uart/i_apb_uart.UART_RXFF.iFIFOMem_319__reg/Q_N    0.00    0.00   -0.00 (VIOLATED)
i_croc_soc/i_croc/i_uart/i_apb_uart.UART_RXFF.iFIFOMem_31__reg/Q_N    0.00    0.00   -0.00 (VIOLATED)
i_croc_soc/i_croc/i_uart/i_apb_uart.UART_RXFF.iFIFOMem_320__reg/Q_N    0.00    0.00   -0.00 (VIOLATED)
i_croc_soc/i_croc/i_uart/i_apb_uart.UART_RXFF.iFIFOMem_321__reg/Q_N    0.00    0.00   -0.00 (VIOLATED)
i_croc_soc/i_croc/i_uart/i_apb_uart.UART_RXFF.iFIFOMem_322__reg/Q_N    0.00    0.00   -0.00 (VIOLATED)
i_croc_soc/i_croc/i_uart/i_apb_uart.UART_RXFF.iFIFOMem_323__reg/Q_N    0.00    0.00   -0.00 (VIOLATED)
i_croc_soc/i_croc/i_uart/i_apb_uart.UART_RXFF.iFIFOMem_324__reg/Q_N    0.00    0.00   -0.00 (VIOLATED)
i_croc_soc/i_croc/i_uart/i_apb_uart.UART_RXFF.iFIFOMem_325__reg/Q_N    0.00    0.00   -0.00 (VIOLATED)
i_croc_soc/i_croc/i_uart/i_apb_uart.UART_RXFF.iFIFOMem_326__reg/Q_N    0.00    0.00   -0.00 (VIOLATED)
i_croc_soc/i_croc/i_uart/i_apb_uart.UART_RXFF.iFIFOMem_327__reg/Q_N    0.00    0.00   -0.00 (VIOLATED)
i_croc_soc/i_croc/i_uart/i_apb_uart.UART_RXFF.iFIFOMem_328__reg/Q_N    0.00    0.00   -0.00 (VIOLATED)
i_croc_soc/i_croc/i_uart/i_apb_uart.UART_RXFF.iFIFOMem_329__reg/Q_N    0.00    0.00   -0.00 (VIOLATED)
i_croc_soc/i_croc/i_uart/i_apb_uart.UART_RXFF.iFIFOMem_32__reg/Q_N    0.00    0.00   -0.00 (VIOLATED)
i_croc_soc/i_croc/i_uart/i_apb_uart.UART_RXFF.iFIFOMem_330__reg/Q_N    0.00    0.00   -0.00 (VIOLATED)
i_croc_soc/i_croc/i_uart/i_apb_uart.UART_RXFF.iFIFOMem_331__reg/Q_N    0.00    0.00   -0.00 (VIOLATED)
i_croc_soc/i_croc/i_uart/i_apb_uart.UART_RXFF.iFIFOMem_332__reg/Q_N    0.00    0.00   -0.00 (VIOLATED)
i_croc_soc/i_croc/i_uart/i_apb_uart.UART_RXFF.iFIFOMem_333__reg/Q_N    0.00    0.00   -0.00 (VIOLATED)
i_croc_soc/i_croc/i_uart/i_apb_uart.UART_RXFF.iFIFOMem_334__reg/Q_N    0.00    0.00   -0.00 (VIOLATED)
i_croc_soc/i_croc/i_uart/i_apb_uart.UART_RXFF.iFIFOMem_335__reg/Q_N    0.00    0.00   -0.00 (VIOLATED)
i_croc_soc/i_croc/i_uart/i_apb_uart.UART_RXFF.iFIFOMem_336__reg/Q_N    0.00    0.00   -0.00 (VIOLATED)
i_croc_soc/i_croc/i_uart/i_apb_uart.UART_RXFF.iFIFOMem_337__reg/Q_N    0.00    0.00   -0.00 (VIOLATED)
i_croc_soc/i_croc/i_uart/i_apb_uart.UART_RXFF.iFIFOMem_338__reg/Q_N    0.00    0.00   -0.00 (VIOLATED)
i_croc_soc/i_croc/i_uart/i_apb_uart.UART_RXFF.iFIFOMem_339__reg/Q_N    0.00    0.00   -0.00 (VIOLATED)
i_croc_soc/i_croc/i_uart/i_apb_uart.UART_RXFF.iFIFOMem_33__reg/Q_N    0.00    0.00   -0.00 (VIOLATED)
i_croc_soc/i_croc/i_uart/i_apb_uart.UART_RXFF.iFIFOMem_340__reg/Q_N    0.00    0.00   -0.00 (VIOLATED)
i_croc_soc/i_croc/i_uart/i_apb_uart.UART_RXFF.iFIFOMem_341__reg/Q_N    0.00    0.00   -0.00 (VIOLATED)
i_croc_soc/i_croc/i_uart/i_apb_uart.UART_RXFF.iFIFOMem_342__reg/Q_N    0.00    0.00   -0.00 (VIOLATED)
i_croc_soc/i_croc/i_uart/i_apb_uart.UART_RXFF.iFIFOMem_343__reg/Q_N    0.00    0.00   -0.00 (VIOLATED)
i_croc_soc/i_croc/i_uart/i_apb_uart.UART_RXFF.iFIFOMem_344__reg/Q_N    0.00    0.00   -0.00 (VIOLATED)
i_croc_soc/i_croc/i_uart/i_apb_uart.UART_RXFF.iFIFOMem_345__reg/Q_N    0.00    0.00   -0.00 (VIOLATED)
i_croc_soc/i_croc/i_uart/i_apb_uart.UART_RXFF.iFIFOMem_346__reg/Q_N    0.00    0.00   -0.00 (VIOLATED)
i_croc_soc/i_croc/i_uart/i_apb_uart.UART_RXFF.iFIFOMem_347__reg/Q_N    0.00    0.00   -0.00 (VIOLATED)
i_croc_soc/i_croc/i_uart/i_apb_uart.UART_RXFF.iFIFOMem_348__reg/Q_N    0.00    0.00   -0.00 (VIOLATED)
i_croc_soc/i_croc/i_uart/i_apb_uart.UART_RXFF.iFIFOMem_349__reg/Q_N    0.00    0.00   -0.00 (VIOLATED)
i_croc_soc/i_croc/i_uart/i_apb_uart.UART_RXFF.iFIFOMem_34__reg/Q_N    0.00    0.00   -0.00 (VIOLATED)
i_croc_soc/i_croc/i_uart/i_apb_uart.UART_RXFF.iFIFOMem_350__reg/Q_N    0.00    0.00   -0.00 (VIOLATED)
i_croc_soc/i_croc/i_uart/i_apb_uart.UART_RXFF.iFIFOMem_351__reg/Q_N    0.00    0.00   -0.00 (VIOLATED)
i_croc_soc/i_croc/i_uart/i_apb_uart.UART_RXFF.iFIFOMem_352__reg/Q_N    0.00    0.00   -0.00 (VIOLATED)
i_croc_soc/i_croc/i_uart/i_apb_uart.UART_RXFF.iFIFOMem_353__reg/Q_N    0.00    0.00   -0.00 (VIOLATED)
i_croc_soc/i_croc/i_uart/i_apb_uart.UART_RXFF.iFIFOMem_354__reg/Q_N    0.00    0.00   -0.00 (VIOLATED)
i_croc_soc/i_croc/i_uart/i_apb_uart.UART_RXFF.iFIFOMem_355__reg/Q_N    0.00    0.00   -0.00 (VIOLATED)
i_croc_soc/i_croc/i_uart/i_apb_uart.UART_RXFF.iFIFOMem_356__reg/Q_N    0.00    0.00   -0.00 (VIOLATED)
i_croc_soc/i_croc/i_uart/i_apb_uart.UART_RXFF.iFIFOMem_357__reg/Q_N    0.00    0.00   -0.00 (VIOLATED)
i_croc_soc/i_croc/i_uart/i_apb_uart.UART_RXFF.iFIFOMem_358__reg/Q_N    0.00    0.00   -0.00 (VIOLATED)
i_croc_soc/i_croc/i_uart/i_apb_uart.UART_RXFF.iFIFOMem_359__reg/Q_N    0.00    0.00   -0.00 (VIOLATED)
i_croc_soc/i_croc/i_uart/i_apb_uart.UART_RXFF.iFIFOMem_35__reg/Q_N    0.00    0.00   -0.00 (VIOLATED)
i_croc_soc/i_croc/i_uart/i_apb_uart.UART_RXFF.iFIFOMem_360__reg/Q_N    0.00    0.00   -0.00 (VIOLATED)
i_croc_soc/i_croc/i_uart/i_apb_uart.UART_RXFF.iFIFOMem_361__reg/Q_N    0.00    0.00   -0.00 (VIOLATED)
i_croc_soc/i_croc/i_uart/i_apb_uart.UART_RXFF.iFIFOMem_362__reg/Q_N    0.00    0.00   -0.00 (VIOLATED)
i_croc_soc/i_croc/i_uart/i_apb_uart.UART_RXFF.iFIFOMem_363__reg/Q_N    0.00    0.00   -0.00 (VIOLATED)
i_croc_soc/i_croc/i_uart/i_apb_uart.UART_RXFF.iFIFOMem_364__reg/Q_N    0.00    0.00   -0.00 (VIOLATED)
i_croc_soc/i_croc/i_uart/i_apb_uart.UART_RXFF.iFIFOMem_365__reg/Q_N    0.00    0.00   -0.00 (VIOLATED)
i_croc_soc/i_croc/i_uart/i_apb_uart.UART_RXFF.iFIFOMem_366__reg/Q_N    0.00    0.00   -0.00 (VIOLATED)
i_croc_soc/i_croc/i_uart/i_apb_uart.UART_RXFF.iFIFOMem_367__reg/Q_N    0.00    0.00   -0.00 (VIOLATED)
i_croc_soc/i_croc/i_uart/i_apb_uart.UART_RXFF.iFIFOMem_368__reg/Q_N    0.00    0.00   -0.00 (VIOLATED)
i_croc_soc/i_croc/i_uart/i_apb_uart.UART_RXFF.iFIFOMem_369__reg/Q_N    0.00    0.00   -0.00 (VIOLATED)
i_croc_soc/i_croc/i_uart/i_apb_uart.UART_RXFF.iFIFOMem_36__reg/Q_N    0.00    0.00   -0.00 (VIOLATED)
i_croc_soc/i_croc/i_uart/i_apb_uart.UART_RXFF.iFIFOMem_370__reg/Q_N    0.00    0.00   -0.00 (VIOLATED)
i_croc_soc/i_croc/i_uart/i_apb_uart.UART_RXFF.iFIFOMem_371__reg/Q_N    0.00    0.00   -0.00 (VIOLATED)
i_croc_soc/i_croc/i_uart/i_apb_uart.UART_RXFF.iFIFOMem_372__reg/Q_N    0.00    0.00   -0.00 (VIOLATED)
i_croc_soc/i_croc/i_uart/i_apb_uart.UART_RXFF.iFIFOMem_373__reg/Q_N    0.00    0.00   -0.00 (VIOLATED)
i_croc_soc/i_croc/i_uart/i_apb_uart.UART_RXFF.iFIFOMem_374__reg/Q_N    0.00    0.00   -0.00 (VIOLATED)
i_croc_soc/i_croc/i_uart/i_apb_uart.UART_RXFF.iFIFOMem_375__reg/Q_N    0.00    0.00   -0.00 (VIOLATED)
i_croc_soc/i_croc/i_uart/i_apb_uart.UART_RXFF.iFIFOMem_376__reg/Q_N    0.00    0.00   -0.00 (VIOLATED)
i_croc_soc/i_croc/i_uart/i_apb_uart.UART_RXFF.iFIFOMem_377__reg/Q_N    0.00    0.00   -0.00 (VIOLATED)
i_croc_soc/i_croc/i_uart/i_apb_uart.UART_RXFF.iFIFOMem_378__reg/Q_N    0.00    0.00   -0.00 (VIOLATED)
i_croc_soc/i_croc/i_uart/i_apb_uart.UART_RXFF.iFIFOMem_379__reg/Q_N    0.00    0.00   -0.00 (VIOLATED)
i_croc_soc/i_croc/i_uart/i_apb_uart.UART_RXFF.iFIFOMem_37__reg/Q_N    0.00    0.00   -0.00 (VIOLATED)
i_croc_soc/i_croc/i_uart/i_apb_uart.UART_RXFF.iFIFOMem_380__reg/Q_N    0.00    0.00   -0.00 (VIOLATED)
i_croc_soc/i_croc/i_uart/i_apb_uart.UART_RXFF.iFIFOMem_381__reg/Q_N    0.00    0.00   -0.00 (VIOLATED)
i_croc_soc/i_croc/i_uart/i_apb_uart.UART_RXFF.iFIFOMem_382__reg/Q_N    0.00    0.00   -0.00 (VIOLATED)
i_croc_soc/i_croc/i_uart/i_apb_uart.UART_RXFF.iFIFOMem_383__reg/Q_N    0.00    0.00   -0.00 (VIOLATED)
i_croc_soc/i_croc/i_uart/i_apb_uart.UART_RXFF.iFIFOMem_384__reg/Q_N    0.00    0.00   -0.00 (VIOLATED)
i_croc_soc/i_croc/i_uart/i_apb_uart.UART_RXFF.iFIFOMem_385__reg/Q_N    0.00    0.00   -0.00 (VIOLATED)
i_croc_soc/i_croc/i_uart/i_apb_uart.UART_RXFF.iFIFOMem_386__reg/Q_N    0.00    0.00   -0.00 (VIOLATED)
i_croc_soc/i_croc/i_uart/i_apb_uart.UART_RXFF.iFIFOMem_387__reg/Q_N    0.00    0.00   -0.00 (VIOLATED)
i_croc_soc/i_croc/i_uart/i_apb_uart.UART_RXFF.iFIFOMem_388__reg/Q_N    0.00    0.00   -0.00 (VIOLATED)
i_croc_soc/i_croc/i_uart/i_apb_uart.UART_RXFF.iFIFOMem_389__reg/Q_N    0.00    0.00   -0.00 (VIOLATED)
i_croc_soc/i_croc/i_uart/i_apb_uart.UART_RXFF.iFIFOMem_38__reg/Q_N    0.00    0.00   -0.00 (VIOLATED)
i_croc_soc/i_croc/i_uart/i_apb_uart.UART_RXFF.iFIFOMem_390__reg/Q_N    0.00    0.00   -0.00 (VIOLATED)
i_croc_soc/i_croc/i_uart/i_apb_uart.UART_RXFF.iFIFOMem_391__reg/Q_N    0.00    0.00   -0.00 (VIOLATED)
i_croc_soc/i_croc/i_uart/i_apb_uart.UART_RXFF.iFIFOMem_392__reg/Q_N    0.00    0.00   -0.00 (VIOLATED)
i_croc_soc/i_croc/i_uart/i_apb_uart.UART_RXFF.iFIFOMem_393__reg/Q_N    0.00    0.00   -0.00 (VIOLATED)
i_croc_soc/i_croc/i_uart/i_apb_uart.UART_RXFF.iFIFOMem_394__reg/Q_N    0.00    0.00   -0.00 (VIOLATED)
i_croc_soc/i_croc/i_uart/i_apb_uart.UART_RXFF.iFIFOMem_395__reg/Q_N    0.00    0.00   -0.00 (VIOLATED)
i_croc_soc/i_croc/i_uart/i_apb_uart.UART_RXFF.iFIFOMem_396__reg/Q_N    0.00    0.00   -0.00 (VIOLATED)
i_croc_soc/i_croc/i_uart/i_apb_uart.UART_RXFF.iFIFOMem_397__reg/Q_N    0.00    0.00   -0.00 (VIOLATED)
i_croc_soc/i_croc/i_uart/i_apb_uart.UART_RXFF.iFIFOMem_398__reg/Q_N    0.00    0.00   -0.00 (VIOLATED)
i_croc_soc/i_croc/i_uart/i_apb_uart.UART_RXFF.iFIFOMem_399__reg/Q_N    0.00    0.00   -0.00 (VIOLATED)
i_croc_soc/i_croc/i_uart/i_apb_uart.UART_RXFF.iFIFOMem_39__reg/Q_N    0.00    0.00   -0.00 (VIOLATED)
i_croc_soc/i_croc/i_uart/i_apb_uart.UART_RXFF.iFIFOMem_3__reg/Q_N    0.00    0.00   -0.00 (VIOLATED)
i_croc_soc/i_croc/i_uart/i_apb_uart.UART_RXFF.iFIFOMem_400__reg/Q_N    0.00    0.00   -0.00 (VIOLATED)
i_croc_soc/i_croc/i_uart/i_apb_uart.UART_RXFF.iFIFOMem_401__reg/Q_N    0.00    0.00   -0.00 (VIOLATED)
i_croc_soc/i_croc/i_uart/i_apb_uart.UART_RXFF.iFIFOMem_402__reg/Q_N    0.00    0.00   -0.00 (VIOLATED)
i_croc_soc/i_croc/i_uart/i_apb_uart.UART_RXFF.iFIFOMem_403__reg/Q_N    0.00    0.00   -0.00 (VIOLATED)
i_croc_soc/i_croc/i_uart/i_apb_uart.UART_RXFF.iFIFOMem_404__reg/Q_N    0.00    0.00   -0.00 (VIOLATED)
i_croc_soc/i_croc/i_uart/i_apb_uart.UART_RXFF.iFIFOMem_405__reg/Q_N    0.00    0.00   -0.00 (VIOLATED)
i_croc_soc/i_croc/i_uart/i_apb_uart.UART_RXFF.iFIFOMem_406__reg/Q_N    0.00    0.00   -0.00 (VIOLATED)
i_croc_soc/i_croc/i_uart/i_apb_uart.UART_RXFF.iFIFOMem_407__reg/Q_N    0.00    0.00   -0.00 (VIOLATED)
i_croc_soc/i_croc/i_uart/i_apb_uart.UART_RXFF.iFIFOMem_408__reg/Q_N    0.00    0.00   -0.00 (VIOLATED)
i_croc_soc/i_croc/i_uart/i_apb_uart.UART_RXFF.iFIFOMem_409__reg/Q_N    0.00    0.00   -0.00 (VIOLATED)
i_croc_soc/i_croc/i_uart/i_apb_uart.UART_RXFF.iFIFOMem_40__reg/Q_N    0.00    0.00   -0.00 (VIOLATED)
i_croc_soc/i_croc/i_uart/i_apb_uart.UART_RXFF.iFIFOMem_410__reg/Q_N    0.00    0.00   -0.00 (VIOLATED)
i_croc_soc/i_croc/i_uart/i_apb_uart.UART_RXFF.iFIFOMem_411__reg/Q_N    0.00    0.00   -0.00 (VIOLATED)
i_croc_soc/i_croc/i_uart/i_apb_uart.UART_RXFF.iFIFOMem_412__reg/Q_N    0.00    0.00   -0.00 (VIOLATED)
i_croc_soc/i_croc/i_uart/i_apb_uart.UART_RXFF.iFIFOMem_413__reg/Q_N    0.00    0.00   -0.00 (VIOLATED)
i_croc_soc/i_croc/i_uart/i_apb_uart.UART_RXFF.iFIFOMem_414__reg/Q_N    0.00    0.00   -0.00 (VIOLATED)
i_croc_soc/i_croc/i_uart/i_apb_uart.UART_RXFF.iFIFOMem_415__reg/Q_N    0.00    0.00   -0.00 (VIOLATED)
i_croc_soc/i_croc/i_uart/i_apb_uart.UART_RXFF.iFIFOMem_416__reg/Q_N    0.00    0.00   -0.00 (VIOLATED)
i_croc_soc/i_croc/i_uart/i_apb_uart.UART_RXFF.iFIFOMem_417__reg/Q_N    0.00    0.00   -0.00 (VIOLATED)
i_croc_soc/i_croc/i_uart/i_apb_uart.UART_RXFF.iFIFOMem_418__reg/Q_N    0.00    0.00   -0.00 (VIOLATED)
i_croc_soc/i_croc/i_uart/i_apb_uart.UART_RXFF.iFIFOMem_419__reg/Q_N    0.00    0.00   -0.00 (VIOLATED)
i_croc_soc/i_croc/i_uart/i_apb_uart.UART_RXFF.iFIFOMem_41__reg/Q_N    0.00    0.00   -0.00 (VIOLATED)
i_croc_soc/i_croc/i_uart/i_apb_uart.UART_RXFF.iFIFOMem_420__reg/Q_N    0.00    0.00   -0.00 (VIOLATED)
i_croc_soc/i_croc/i_uart/i_apb_uart.UART_RXFF.iFIFOMem_421__reg/Q_N    0.00    0.00   -0.00 (VIOLATED)
i_croc_soc/i_croc/i_uart/i_apb_uart.UART_RXFF.iFIFOMem_422__reg/Q_N    0.00    0.00   -0.00 (VIOLATED)
i_croc_soc/i_croc/i_uart/i_apb_uart.UART_RXFF.iFIFOMem_423__reg/Q_N    0.00    0.00   -0.00 (VIOLATED)
i_croc_soc/i_croc/i_uart/i_apb_uart.UART_RXFF.iFIFOMem_424__reg/Q_N    0.00    0.00   -0.00 (VIOLATED)
i_croc_soc/i_croc/i_uart/i_apb_uart.UART_RXFF.iFIFOMem_425__reg/Q_N    0.00    0.00   -0.00 (VIOLATED)
i_croc_soc/i_croc/i_uart/i_apb_uart.UART_RXFF.iFIFOMem_426__reg/Q_N    0.00    0.00   -0.00 (VIOLATED)
i_croc_soc/i_croc/i_uart/i_apb_uart.UART_RXFF.iFIFOMem_427__reg/Q_N    0.00    0.00   -0.00 (VIOLATED)
i_croc_soc/i_croc/i_uart/i_apb_uart.UART_RXFF.iFIFOMem_428__reg/Q_N    0.00    0.00   -0.00 (VIOLATED)
i_croc_soc/i_croc/i_uart/i_apb_uart.UART_RXFF.iFIFOMem_429__reg/Q_N    0.00    0.00   -0.00 (VIOLATED)
i_croc_soc/i_croc/i_uart/i_apb_uart.UART_RXFF.iFIFOMem_42__reg/Q_N    0.00    0.00   -0.00 (VIOLATED)
i_croc_soc/i_croc/i_uart/i_apb_uart.UART_RXFF.iFIFOMem_430__reg/Q_N    0.00    0.00   -0.00 (VIOLATED)
i_croc_soc/i_croc/i_uart/i_apb_uart.UART_RXFF.iFIFOMem_431__reg/Q_N    0.00    0.00   -0.00 (VIOLATED)
i_croc_soc/i_croc/i_uart/i_apb_uart.UART_RXFF.iFIFOMem_432__reg/Q_N    0.00    0.00   -0.00 (VIOLATED)
i_croc_soc/i_croc/i_uart/i_apb_uart.UART_RXFF.iFIFOMem_433__reg/Q_N    0.00    0.00   -0.00 (VIOLATED)
i_croc_soc/i_croc/i_uart/i_apb_uart.UART_RXFF.iFIFOMem_434__reg/Q_N    0.00    0.00   -0.00 (VIOLATED)
i_croc_soc/i_croc/i_uart/i_apb_uart.UART_RXFF.iFIFOMem_435__reg/Q_N    0.00    0.00   -0.00 (VIOLATED)
i_croc_soc/i_croc/i_uart/i_apb_uart.UART_RXFF.iFIFOMem_436__reg/Q_N    0.00    0.00   -0.00 (VIOLATED)
i_croc_soc/i_croc/i_uart/i_apb_uart.UART_RXFF.iFIFOMem_437__reg/Q_N    0.00    0.00   -0.00 (VIOLATED)
i_croc_soc/i_croc/i_uart/i_apb_uart.UART_RXFF.iFIFOMem_438__reg/Q_N    0.00    0.00   -0.00 (VIOLATED)
i_croc_soc/i_croc/i_uart/i_apb_uart.UART_RXFF.iFIFOMem_439__reg/Q_N    0.00    0.00   -0.00 (VIOLATED)
i_croc_soc/i_croc/i_uart/i_apb_uart.UART_RXFF.iFIFOMem_43__reg/Q_N    0.00    0.00   -0.00 (VIOLATED)
i_croc_soc/i_croc/i_uart/i_apb_uart.UART_RXFF.iFIFOMem_440__reg/Q_N    0.00    0.00   -0.00 (VIOLATED)
i_croc_soc/i_croc/i_uart/i_apb_uart.UART_RXFF.iFIFOMem_441__reg/Q_N    0.00    0.00   -0.00 (VIOLATED)
i_croc_soc/i_croc/i_uart/i_apb_uart.UART_RXFF.iFIFOMem_442__reg/Q_N    0.00    0.00   -0.00 (VIOLATED)
i_croc_soc/i_croc/i_uart/i_apb_uart.UART_RXFF.iFIFOMem_443__reg/Q_N    0.00    0.00   -0.00 (VIOLATED)
i_croc_soc/i_croc/i_uart/i_apb_uart.UART_RXFF.iFIFOMem_444__reg/Q_N    0.00    0.00   -0.00 (VIOLATED)
i_croc_soc/i_croc/i_uart/i_apb_uart.UART_RXFF.iFIFOMem_445__reg/Q_N    0.00    0.00   -0.00 (VIOLATED)
i_croc_soc/i_croc/i_uart/i_apb_uart.UART_RXFF.iFIFOMem_446__reg/Q_N    0.00    0.00   -0.00 (VIOLATED)
i_croc_soc/i_croc/i_uart/i_apb_uart.UART_RXFF.iFIFOMem_447__reg/Q_N    0.00    0.00   -0.00 (VIOLATED)
i_croc_soc/i_croc/i_uart/i_apb_uart.UART_RXFF.iFIFOMem_448__reg/Q_N    0.00    0.00   -0.00 (VIOLATED)
i_croc_soc/i_croc/i_uart/i_apb_uart.UART_RXFF.iFIFOMem_449__reg/Q_N    0.00    0.00   -0.00 (VIOLATED)
i_croc_soc/i_croc/i_uart/i_apb_uart.UART_RXFF.iFIFOMem_44__reg/Q_N    0.00    0.00   -0.00 (VIOLATED)
i_croc_soc/i_croc/i_uart/i_apb_uart.UART_RXFF.iFIFOMem_450__reg/Q_N    0.00    0.00   -0.00 (VIOLATED)
i_croc_soc/i_croc/i_uart/i_apb_uart.UART_RXFF.iFIFOMem_451__reg/Q_N    0.00    0.00   -0.00 (VIOLATED)
i_croc_soc/i_croc/i_uart/i_apb_uart.UART_RXFF.iFIFOMem_452__reg/Q_N    0.00    0.00   -0.00 (VIOLATED)
i_croc_soc/i_croc/i_uart/i_apb_uart.UART_RXFF.iFIFOMem_453__reg/Q_N    0.00    0.00   -0.00 (VIOLATED)
i_croc_soc/i_croc/i_uart/i_apb_uart.UART_RXFF.iFIFOMem_454__reg/Q_N    0.00    0.00   -0.00 (VIOLATED)
i_croc_soc/i_croc/i_uart/i_apb_uart.UART_RXFF.iFIFOMem_455__reg/Q_N    0.00    0.00   -0.00 (VIOLATED)
i_croc_soc/i_croc/i_uart/i_apb_uart.UART_RXFF.iFIFOMem_456__reg/Q_N    0.00    0.00   -0.00 (VIOLATED)
i_croc_soc/i_croc/i_uart/i_apb_uart.UART_RXFF.iFIFOMem_457__reg/Q_N    0.00    0.00   -0.00 (VIOLATED)
i_croc_soc/i_croc/i_uart/i_apb_uart.UART_RXFF.iFIFOMem_458__reg/Q_N    0.00    0.00   -0.00 (VIOLATED)
i_croc_soc/i_croc/i_uart/i_apb_uart.UART_RXFF.iFIFOMem_459__reg/Q_N    0.00    0.00   -0.00 (VIOLATED)
i_croc_soc/i_croc/i_uart/i_apb_uart.UART_RXFF.iFIFOMem_45__reg/Q_N    0.00    0.00   -0.00 (VIOLATED)
i_croc_soc/i_croc/i_uart/i_apb_uart.UART_RXFF.iFIFOMem_460__reg/Q_N    0.00    0.00   -0.00 (VIOLATED)
i_croc_soc/i_croc/i_uart/i_apb_uart.UART_RXFF.iFIFOMem_461__reg/Q_N    0.00    0.00   -0.00 (VIOLATED)
i_croc_soc/i_croc/i_uart/i_apb_uart.UART_RXFF.iFIFOMem_462__reg/Q_N    0.00    0.00   -0.00 (VIOLATED)
i_croc_soc/i_croc/i_uart/i_apb_uart.UART_RXFF.iFIFOMem_463__reg/Q_N    0.00    0.00   -0.00 (VIOLATED)
i_croc_soc/i_croc/i_uart/i_apb_uart.UART_RXFF.iFIFOMem_464__reg/Q_N    0.00    0.00   -0.00 (VIOLATED)
i_croc_soc/i_croc/i_uart/i_apb_uart.UART_RXFF.iFIFOMem_465__reg/Q_N    0.00    0.00   -0.00 (VIOLATED)
i_croc_soc/i_croc/i_uart/i_apb_uart.UART_RXFF.iFIFOMem_466__reg/Q_N    0.00    0.00   -0.00 (VIOLATED)
i_croc_soc/i_croc/i_uart/i_apb_uart.UART_RXFF.iFIFOMem_467__reg/Q_N    0.00    0.00   -0.00 (VIOLATED)
i_croc_soc/i_croc/i_uart/i_apb_uart.UART_RXFF.iFIFOMem_468__reg/Q_N    0.00    0.00   -0.00 (VIOLATED)
i_croc_soc/i_croc/i_uart/i_apb_uart.UART_RXFF.iFIFOMem_469__reg/Q_N    0.00    0.00   -0.00 (VIOLATED)
i_croc_soc/i_croc/i_uart/i_apb_uart.UART_RXFF.iFIFOMem_46__reg/Q_N    0.00    0.00   -0.00 (VIOLATED)
i_croc_soc/i_croc/i_uart/i_apb_uart.UART_RXFF.iFIFOMem_470__reg/Q_N    0.00    0.00   -0.00 (VIOLATED)
i_croc_soc/i_croc/i_uart/i_apb_uart.UART_RXFF.iFIFOMem_471__reg/Q_N    0.00    0.00   -0.00 (VIOLATED)
i_croc_soc/i_croc/i_uart/i_apb_uart.UART_RXFF.iFIFOMem_472__reg/Q_N    0.00    0.00   -0.00 (VIOLATED)
i_croc_soc/i_croc/i_uart/i_apb_uart.UART_RXFF.iFIFOMem_473__reg/Q_N    0.00    0.00   -0.00 (VIOLATED)
i_croc_soc/i_croc/i_uart/i_apb_uart.UART_RXFF.iFIFOMem_474__reg/Q_N    0.00    0.00   -0.00 (VIOLATED)
i_croc_soc/i_croc/i_uart/i_apb_uart.UART_RXFF.iFIFOMem_475__reg/Q_N    0.00    0.00   -0.00 (VIOLATED)
i_croc_soc/i_croc/i_uart/i_apb_uart.UART_RXFF.iFIFOMem_476__reg/Q_N    0.00    0.00   -0.00 (VIOLATED)
i_croc_soc/i_croc/i_uart/i_apb_uart.UART_RXFF.iFIFOMem_477__reg/Q_N    0.00    0.00   -0.00 (VIOLATED)
i_croc_soc/i_croc/i_uart/i_apb_uart.UART_RXFF.iFIFOMem_478__reg/Q_N    0.00    0.00   -0.00 (VIOLATED)
i_croc_soc/i_croc/i_uart/i_apb_uart.UART_RXFF.iFIFOMem_479__reg/Q_N    0.00    0.00   -0.00 (VIOLATED)
i_croc_soc/i_croc/i_uart/i_apb_uart.UART_RXFF.iFIFOMem_47__reg/Q_N    0.00    0.00   -0.00 (VIOLATED)
i_croc_soc/i_croc/i_uart/i_apb_uart.UART_RXFF.iFIFOMem_480__reg/Q_N    0.00    0.00   -0.00 (VIOLATED)
i_croc_soc/i_croc/i_uart/i_apb_uart.UART_RXFF.iFIFOMem_481__reg/Q_N    0.00    0.00   -0.00 (VIOLATED)
i_croc_soc/i_croc/i_uart/i_apb_uart.UART_RXFF.iFIFOMem_482__reg/Q_N    0.00    0.00   -0.00 (VIOLATED)
i_croc_soc/i_croc/i_uart/i_apb_uart.UART_RXFF.iFIFOMem_483__reg/Q_N    0.00    0.00   -0.00 (VIOLATED)
i_croc_soc/i_croc/i_uart/i_apb_uart.UART_RXFF.iFIFOMem_484__reg/Q_N    0.00    0.00   -0.00 (VIOLATED)
i_croc_soc/i_croc/i_uart/i_apb_uart.UART_RXFF.iFIFOMem_485__reg/Q_N    0.00    0.00   -0.00 (VIOLATED)
i_croc_soc/i_croc/i_uart/i_apb_uart.UART_RXFF.iFIFOMem_486__reg/Q_N    0.00    0.00   -0.00 (VIOLATED)
i_croc_soc/i_croc/i_uart/i_apb_uart.UART_RXFF.iFIFOMem_487__reg/Q_N    0.00    0.00   -0.00 (VIOLATED)
i_croc_soc/i_croc/i_uart/i_apb_uart.UART_RXFF.iFIFOMem_488__reg/Q_N    0.00    0.00   -0.00 (VIOLATED)
i_croc_soc/i_croc/i_uart/i_apb_uart.UART_RXFF.iFIFOMem_489__reg/Q_N    0.00    0.00   -0.00 (VIOLATED)
i_croc_soc/i_croc/i_uart/i_apb_uart.UART_RXFF.iFIFOMem_48__reg/Q_N    0.00    0.00   -0.00 (VIOLATED)
i_croc_soc/i_croc/i_uart/i_apb_uart.UART_RXFF.iFIFOMem_490__reg/Q_N    0.00    0.00   -0.00 (VIOLATED)
i_croc_soc/i_croc/i_uart/i_apb_uart.UART_RXFF.iFIFOMem_491__reg/Q_N    0.00    0.00   -0.00 (VIOLATED)
i_croc_soc/i_croc/i_uart/i_apb_uart.UART_RXFF.iFIFOMem_492__reg/Q_N    0.00    0.00   -0.00 (VIOLATED)
i_croc_soc/i_croc/i_uart/i_apb_uart.UART_RXFF.iFIFOMem_493__reg/Q_N    0.00    0.00   -0.00 (VIOLATED)
i_croc_soc/i_croc/i_uart/i_apb_uart.UART_RXFF.iFIFOMem_494__reg/Q_N    0.00    0.00   -0.00 (VIOLATED)
i_croc_soc/i_croc/i_uart/i_apb_uart.UART_RXFF.iFIFOMem_495__reg/Q_N    0.00    0.00   -0.00 (VIOLATED)
i_croc_soc/i_croc/i_uart/i_apb_uart.UART_RXFF.iFIFOMem_496__reg/Q_N    0.00    0.00   -0.00 (VIOLATED)
i_croc_soc/i_croc/i_uart/i_apb_uart.UART_RXFF.iFIFOMem_497__reg/Q_N    0.00    0.00   -0.00 (VIOLATED)
i_croc_soc/i_croc/i_uart/i_apb_uart.UART_RXFF.iFIFOMem_498__reg/Q_N    0.00    0.00   -0.00 (VIOLATED)
i_croc_soc/i_croc/i_uart/i_apb_uart.UART_RXFF.iFIFOMem_499__reg/Q_N    0.00    0.00   -0.00 (VIOLATED)
i_croc_soc/i_croc/i_uart/i_apb_uart.UART_RXFF.iFIFOMem_49__reg/Q_N    0.00    0.00   -0.00 (VIOLATED)
i_croc_soc/i_croc/i_uart/i_apb_uart.UART_RXFF.iFIFOMem_4__reg/Q_N    0.00    0.00   -0.00 (VIOLATED)
i_croc_soc/i_croc/i_uart/i_apb_uart.UART_RXFF.iFIFOMem_500__reg/Q_N    0.00    0.00   -0.00 (VIOLATED)
i_croc_soc/i_croc/i_uart/i_apb_uart.UART_RXFF.iFIFOMem_501__reg/Q_N    0.00    0.00   -0.00 (VIOLATED)
i_croc_soc/i_croc/i_uart/i_apb_uart.UART_RXFF.iFIFOMem_502__reg/Q_N    0.00    0.00   -0.00 (VIOLATED)
i_croc_soc/i_croc/i_uart/i_apb_uart.UART_RXFF.iFIFOMem_503__reg/Q_N    0.00    0.00   -0.00 (VIOLATED)
i_croc_soc/i_croc/i_uart/i_apb_uart.UART_RXFF.iFIFOMem_504__reg/Q_N    0.00    0.00   -0.00 (VIOLATED)
i_croc_soc/i_croc/i_uart/i_apb_uart.UART_RXFF.iFIFOMem_505__reg/Q_N    0.00    0.00   -0.00 (VIOLATED)
i_croc_soc/i_croc/i_uart/i_apb_uart.UART_RXFF.iFIFOMem_506__reg/Q_N    0.00    0.00   -0.00 (VIOLATED)
i_croc_soc/i_croc/i_uart/i_apb_uart.UART_RXFF.iFIFOMem_507__reg/Q_N    0.00    0.00   -0.00 (VIOLATED)
i_croc_soc/i_croc/i_uart/i_apb_uart.UART_RXFF.iFIFOMem_508__reg/Q_N    0.00    0.00   -0.00 (VIOLATED)
i_croc_soc/i_croc/i_uart/i_apb_uart.UART_RXFF.iFIFOMem_509__reg/Q_N    0.00    0.00   -0.00 (VIOLATED)
i_croc_soc/i_croc/i_uart/i_apb_uart.UART_RXFF.iFIFOMem_50__reg/Q_N    0.00    0.00   -0.00 (VIOLATED)
i_croc_soc/i_croc/i_uart/i_apb_uart.UART_RXFF.iFIFOMem_510__reg/Q_N    0.00    0.00   -0.00 (VIOLATED)
i_croc_soc/i_croc/i_uart/i_apb_uart.UART_RXFF.iFIFOMem_511__reg/Q_N    0.00    0.00   -0.00 (VIOLATED)
i_croc_soc/i_croc/i_uart/i_apb_uart.UART_RXFF.iFIFOMem_512__reg/Q_N    0.00    0.00   -0.00 (VIOLATED)
i_croc_soc/i_croc/i_uart/i_apb_uart.UART_RXFF.iFIFOMem_513__reg/Q_N    0.00    0.00   -0.00 (VIOLATED)
i_croc_soc/i_croc/i_uart/i_apb_uart.UART_RXFF.iFIFOMem_514__reg/Q_N    0.00    0.00   -0.00 (VIOLATED)
i_croc_soc/i_croc/i_uart/i_apb_uart.UART_RXFF.iFIFOMem_515__reg/Q_N    0.00    0.00   -0.00 (VIOLATED)
i_croc_soc/i_croc/i_uart/i_apb_uart.UART_RXFF.iFIFOMem_516__reg/Q_N    0.00    0.00   -0.00 (VIOLATED)
i_croc_soc/i_croc/i_uart/i_apb_uart.UART_RXFF.iFIFOMem_517__reg/Q_N    0.00    0.00   -0.00 (VIOLATED)
i_croc_soc/i_croc/i_uart/i_apb_uart.UART_RXFF.iFIFOMem_518__reg/Q_N    0.00    0.00   -0.00 (VIOLATED)
i_croc_soc/i_croc/i_uart/i_apb_uart.UART_RXFF.iFIFOMem_519__reg/Q_N    0.00    0.00   -0.00 (VIOLATED)
i_croc_soc/i_croc/i_uart/i_apb_uart.UART_RXFF.iFIFOMem_51__reg/Q_N    0.00    0.00   -0.00 (VIOLATED)
i_croc_soc/i_croc/i_uart/i_apb_uart.UART_RXFF.iFIFOMem_520__reg/Q_N    0.00    0.00   -0.00 (VIOLATED)
i_croc_soc/i_croc/i_uart/i_apb_uart.UART_RXFF.iFIFOMem_521__reg/Q_N    0.00    0.00   -0.00 (VIOLATED)
i_croc_soc/i_croc/i_uart/i_apb_uart.UART_RXFF.iFIFOMem_522__reg/Q_N    0.00    0.00   -0.00 (VIOLATED)
i_croc_soc/i_croc/i_uart/i_apb_uart.UART_RXFF.iFIFOMem_523__reg/Q_N    0.00    0.00   -0.00 (VIOLATED)
i_croc_soc/i_croc/i_uart/i_apb_uart.UART_RXFF.iFIFOMem_524__reg/Q_N    0.00    0.00   -0.00 (VIOLATED)
i_croc_soc/i_croc/i_uart/i_apb_uart.UART_RXFF.iFIFOMem_525__reg/Q_N    0.00    0.00   -0.00 (VIOLATED)
i_croc_soc/i_croc/i_uart/i_apb_uart.UART_RXFF.iFIFOMem_526__reg/Q_N    0.00    0.00   -0.00 (VIOLATED)
i_croc_soc/i_croc/i_uart/i_apb_uart.UART_RXFF.iFIFOMem_527__reg/Q_N    0.00    0.00   -0.00 (VIOLATED)
i_croc_soc/i_croc/i_uart/i_apb_uart.UART_RXFF.iFIFOMem_528__reg/Q_N    0.00    0.00   -0.00 (VIOLATED)
i_croc_soc/i_croc/i_uart/i_apb_uart.UART_RXFF.iFIFOMem_529__reg/Q_N    0.00    0.00   -0.00 (VIOLATED)
i_croc_soc/i_croc/i_uart/i_apb_uart.UART_RXFF.iFIFOMem_52__reg/Q_N    0.00    0.00   -0.00 (VIOLATED)
i_croc_soc/i_croc/i_uart/i_apb_uart.UART_RXFF.iFIFOMem_530__reg/Q_N    0.00    0.00   -0.00 (VIOLATED)
i_croc_soc/i_croc/i_uart/i_apb_uart.UART_RXFF.iFIFOMem_531__reg/Q_N    0.00    0.00   -0.00 (VIOLATED)
i_croc_soc/i_croc/i_uart/i_apb_uart.UART_RXFF.iFIFOMem_532__reg/Q_N    0.00    0.00   -0.00 (VIOLATED)
i_croc_soc/i_croc/i_uart/i_apb_uart.UART_RXFF.iFIFOMem_533__reg/Q_N    0.00    0.00   -0.00 (VIOLATED)
i_croc_soc/i_croc/i_uart/i_apb_uart.UART_RXFF.iFIFOMem_534__reg/Q_N    0.00    0.00   -0.00 (VIOLATED)
i_croc_soc/i_croc/i_uart/i_apb_uart.UART_RXFF.iFIFOMem_535__reg/Q_N    0.00    0.00   -0.00 (VIOLATED)
i_croc_soc/i_croc/i_uart/i_apb_uart.UART_RXFF.iFIFOMem_536__reg/Q_N    0.00    0.00   -0.00 (VIOLATED)
i_croc_soc/i_croc/i_uart/i_apb_uart.UART_RXFF.iFIFOMem_537__reg/Q_N    0.00    0.00   -0.00 (VIOLATED)
i_croc_soc/i_croc/i_uart/i_apb_uart.UART_RXFF.iFIFOMem_538__reg/Q_N    0.00    0.00   -0.00 (VIOLATED)
i_croc_soc/i_croc/i_uart/i_apb_uart.UART_RXFF.iFIFOMem_539__reg/Q_N    0.00    0.00   -0.00 (VIOLATED)
i_croc_soc/i_croc/i_uart/i_apb_uart.UART_RXFF.iFIFOMem_53__reg/Q_N    0.00    0.00   -0.00 (VIOLATED)
i_croc_soc/i_croc/i_uart/i_apb_uart.UART_RXFF.iFIFOMem_540__reg/Q_N    0.00    0.00   -0.00 (VIOLATED)
i_croc_soc/i_croc/i_uart/i_apb_uart.UART_RXFF.iFIFOMem_541__reg/Q_N    0.00    0.00   -0.00 (VIOLATED)
i_croc_soc/i_croc/i_uart/i_apb_uart.UART_RXFF.iFIFOMem_542__reg/Q_N    0.00    0.00   -0.00 (VIOLATED)
i_croc_soc/i_croc/i_uart/i_apb_uart.UART_RXFF.iFIFOMem_543__reg/Q_N    0.00    0.00   -0.00 (VIOLATED)
i_croc_soc/i_croc/i_uart/i_apb_uart.UART_RXFF.iFIFOMem_544__reg/Q_N    0.00    0.00   -0.00 (VIOLATED)
i_croc_soc/i_croc/i_uart/i_apb_uart.UART_RXFF.iFIFOMem_545__reg/Q_N    0.00    0.00   -0.00 (VIOLATED)
i_croc_soc/i_croc/i_uart/i_apb_uart.UART_RXFF.iFIFOMem_546__reg/Q_N    0.00    0.00   -0.00 (VIOLATED)
i_croc_soc/i_croc/i_uart/i_apb_uart.UART_RXFF.iFIFOMem_547__reg/Q_N    0.00    0.00   -0.00 (VIOLATED)
i_croc_soc/i_croc/i_uart/i_apb_uart.UART_RXFF.iFIFOMem_548__reg/Q_N    0.00    0.00   -0.00 (VIOLATED)
i_croc_soc/i_croc/i_uart/i_apb_uart.UART_RXFF.iFIFOMem_549__reg/Q_N    0.00    0.00   -0.00 (VIOLATED)
i_croc_soc/i_croc/i_uart/i_apb_uart.UART_RXFF.iFIFOMem_54__reg/Q_N    0.00    0.00   -0.00 (VIOLATED)
i_croc_soc/i_croc/i_uart/i_apb_uart.UART_RXFF.iFIFOMem_550__reg/Q_N    0.00    0.00   -0.00 (VIOLATED)
i_croc_soc/i_croc/i_uart/i_apb_uart.UART_RXFF.iFIFOMem_551__reg/Q_N    0.00    0.00   -0.00 (VIOLATED)
i_croc_soc/i_croc/i_uart/i_apb_uart.UART_RXFF.iFIFOMem_552__reg/Q_N    0.00    0.00   -0.00 (VIOLATED)
i_croc_soc/i_croc/i_uart/i_apb_uart.UART_RXFF.iFIFOMem_553__reg/Q_N    0.00    0.00   -0.00 (VIOLATED)
i_croc_soc/i_croc/i_uart/i_apb_uart.UART_RXFF.iFIFOMem_554__reg/Q_N    0.00    0.00   -0.00 (VIOLATED)
i_croc_soc/i_croc/i_uart/i_apb_uart.UART_RXFF.iFIFOMem_555__reg/Q_N    0.00    0.00   -0.00 (VIOLATED)
i_croc_soc/i_croc/i_uart/i_apb_uart.UART_RXFF.iFIFOMem_556__reg/Q_N    0.00    0.00   -0.00 (VIOLATED)
i_croc_soc/i_croc/i_uart/i_apb_uart.UART_RXFF.iFIFOMem_557__reg/Q_N    0.00    0.00   -0.00 (VIOLATED)
i_croc_soc/i_croc/i_uart/i_apb_uart.UART_RXFF.iFIFOMem_558__reg/Q_N    0.00    0.00   -0.00 (VIOLATED)
i_croc_soc/i_croc/i_uart/i_apb_uart.UART_RXFF.iFIFOMem_559__reg/Q_N    0.00    0.00   -0.00 (VIOLATED)
i_croc_soc/i_croc/i_uart/i_apb_uart.UART_RXFF.iFIFOMem_55__reg/Q_N    0.00    0.00   -0.00 (VIOLATED)
i_croc_soc/i_croc/i_uart/i_apb_uart.UART_RXFF.iFIFOMem_560__reg/Q_N    0.00    0.00   -0.00 (VIOLATED)
i_croc_soc/i_croc/i_uart/i_apb_uart.UART_RXFF.iFIFOMem_561__reg/Q_N    0.00    0.00   -0.00 (VIOLATED)
i_croc_soc/i_croc/i_uart/i_apb_uart.UART_RXFF.iFIFOMem_562__reg/Q_N    0.00    0.00   -0.00 (VIOLATED)
i_croc_soc/i_croc/i_uart/i_apb_uart.UART_RXFF.iFIFOMem_563__reg/Q_N    0.00    0.00   -0.00 (VIOLATED)
i_croc_soc/i_croc/i_uart/i_apb_uart.UART_RXFF.iFIFOMem_564__reg/Q_N    0.00    0.00   -0.00 (VIOLATED)
i_croc_soc/i_croc/i_uart/i_apb_uart.UART_RXFF.iFIFOMem_565__reg/Q_N    0.00    0.00   -0.00 (VIOLATED)
i_croc_soc/i_croc/i_uart/i_apb_uart.UART_RXFF.iFIFOMem_566__reg/Q_N    0.00    0.00   -0.00 (VIOLATED)
i_croc_soc/i_croc/i_uart/i_apb_uart.UART_RXFF.iFIFOMem_567__reg/Q_N    0.00    0.00   -0.00 (VIOLATED)
i_croc_soc/i_croc/i_uart/i_apb_uart.UART_RXFF.iFIFOMem_568__reg/Q_N    0.00    0.00   -0.00 (VIOLATED)
i_croc_soc/i_croc/i_uart/i_apb_uart.UART_RXFF.iFIFOMem_569__reg/Q_N    0.00    0.00   -0.00 (VIOLATED)
i_croc_soc/i_croc/i_uart/i_apb_uart.UART_RXFF.iFIFOMem_56__reg/Q_N    0.00    0.00   -0.00 (VIOLATED)
i_croc_soc/i_croc/i_uart/i_apb_uart.UART_RXFF.iFIFOMem_570__reg/Q_N    0.00    0.00   -0.00 (VIOLATED)
i_croc_soc/i_croc/i_uart/i_apb_uart.UART_RXFF.iFIFOMem_571__reg/Q_N    0.00    0.00   -0.00 (VIOLATED)
i_croc_soc/i_croc/i_uart/i_apb_uart.UART_RXFF.iFIFOMem_572__reg/Q_N    0.00    0.00   -0.00 (VIOLATED)
i_croc_soc/i_croc/i_uart/i_apb_uart.UART_RXFF.iFIFOMem_573__reg/Q_N    0.00    0.00   -0.00 (VIOLATED)
i_croc_soc/i_croc/i_uart/i_apb_uart.UART_RXFF.iFIFOMem_574__reg/Q_N    0.00    0.00   -0.00 (VIOLATED)
i_croc_soc/i_croc/i_uart/i_apb_uart.UART_RXFF.iFIFOMem_575__reg/Q_N    0.00    0.00   -0.00 (VIOLATED)
i_croc_soc/i_croc/i_uart/i_apb_uart.UART_RXFF.iFIFOMem_576__reg/Q_N    0.00    0.00   -0.00 (VIOLATED)
i_croc_soc/i_croc/i_uart/i_apb_uart.UART_RXFF.iFIFOMem_577__reg/Q_N    0.00    0.00   -0.00 (VIOLATED)
i_croc_soc/i_croc/i_uart/i_apb_uart.UART_RXFF.iFIFOMem_578__reg/Q_N    0.00    0.00   -0.00 (VIOLATED)
i_croc_soc/i_croc/i_uart/i_apb_uart.UART_RXFF.iFIFOMem_579__reg/Q_N    0.00    0.00   -0.00 (VIOLATED)
i_croc_soc/i_croc/i_uart/i_apb_uart.UART_RXFF.iFIFOMem_57__reg/Q_N    0.00    0.00   -0.00 (VIOLATED)
i_croc_soc/i_croc/i_uart/i_apb_uart.UART_RXFF.iFIFOMem_580__reg/Q_N    0.00    0.00   -0.00 (VIOLATED)
i_croc_soc/i_croc/i_uart/i_apb_uart.UART_RXFF.iFIFOMem_581__reg/Q_N    0.00    0.00   -0.00 (VIOLATED)
i_croc_soc/i_croc/i_uart/i_apb_uart.UART_RXFF.iFIFOMem_582__reg/Q_N    0.00    0.00   -0.00 (VIOLATED)
i_croc_soc/i_croc/i_uart/i_apb_uart.UART_RXFF.iFIFOMem_583__reg/Q_N    0.00    0.00   -0.00 (VIOLATED)
i_croc_soc/i_croc/i_uart/i_apb_uart.UART_RXFF.iFIFOMem_584__reg/Q_N    0.00    0.00   -0.00 (VIOLATED)
i_croc_soc/i_croc/i_uart/i_apb_uart.UART_RXFF.iFIFOMem_585__reg/Q_N    0.00    0.00   -0.00 (VIOLATED)
i_croc_soc/i_croc/i_uart/i_apb_uart.UART_RXFF.iFIFOMem_586__reg/Q_N    0.00    0.00   -0.00 (VIOLATED)
i_croc_soc/i_croc/i_uart/i_apb_uart.UART_RXFF.iFIFOMem_587__reg/Q_N    0.00    0.00   -0.00 (VIOLATED)
i_croc_soc/i_croc/i_uart/i_apb_uart.UART_RXFF.iFIFOMem_588__reg/Q_N    0.00    0.00   -0.00 (VIOLATED)
i_croc_soc/i_croc/i_uart/i_apb_uart.UART_RXFF.iFIFOMem_589__reg/Q_N    0.00    0.00   -0.00 (VIOLATED)
i_croc_soc/i_croc/i_uart/i_apb_uart.UART_RXFF.iFIFOMem_58__reg/Q_N    0.00    0.00   -0.00 (VIOLATED)
i_croc_soc/i_croc/i_uart/i_apb_uart.UART_RXFF.iFIFOMem_590__reg/Q_N    0.00    0.00   -0.00 (VIOLATED)
i_croc_soc/i_croc/i_uart/i_apb_uart.UART_RXFF.iFIFOMem_591__reg/Q_N    0.00    0.00   -0.00 (VIOLATED)
i_croc_soc/i_croc/i_uart/i_apb_uart.UART_RXFF.iFIFOMem_592__reg/Q_N    0.00    0.00   -0.00 (VIOLATED)
i_croc_soc/i_croc/i_uart/i_apb_uart.UART_RXFF.iFIFOMem_593__reg/Q_N    0.00    0.00   -0.00 (VIOLATED)
i_croc_soc/i_croc/i_uart/i_apb_uart.UART_RXFF.iFIFOMem_594__reg/Q_N    0.00    0.00   -0.00 (VIOLATED)
i_croc_soc/i_croc/i_uart/i_apb_uart.UART_RXFF.iFIFOMem_595__reg/Q_N    0.00    0.00   -0.00 (VIOLATED)
i_croc_soc/i_croc/i_uart/i_apb_uart.UART_RXFF.iFIFOMem_596__reg/Q_N    0.00    0.00   -0.00 (VIOLATED)
i_croc_soc/i_croc/i_uart/i_apb_uart.UART_RXFF.iFIFOMem_597__reg/Q_N    0.00    0.00   -0.00 (VIOLATED)
i_croc_soc/i_croc/i_uart/i_apb_uart.UART_RXFF.iFIFOMem_598__reg/Q_N    0.00    0.00   -0.00 (VIOLATED)
i_croc_soc/i_croc/i_uart/i_apb_uart.UART_RXFF.iFIFOMem_599__reg/Q_N    0.00    0.00   -0.00 (VIOLATED)
i_croc_soc/i_croc/i_uart/i_apb_uart.UART_RXFF.iFIFOMem_59__reg/Q_N    0.00    0.00   -0.00 (VIOLATED)
i_croc_soc/i_croc/i_uart/i_apb_uart.UART_RXFF.iFIFOMem_5__reg/Q_N    0.00    0.00   -0.00 (VIOLATED)
i_croc_soc/i_croc/i_uart/i_apb_uart.UART_RXFF.iFIFOMem_600__reg/Q_N    0.00    0.00   -0.00 (VIOLATED)
i_croc_soc/i_croc/i_uart/i_apb_uart.UART_RXFF.iFIFOMem_601__reg/Q_N    0.00    0.00   -0.00 (VIOLATED)
i_croc_soc/i_croc/i_uart/i_apb_uart.UART_RXFF.iFIFOMem_602__reg/Q_N    0.00    0.00   -0.00 (VIOLATED)
i_croc_soc/i_croc/i_uart/i_apb_uart.UART_RXFF.iFIFOMem_603__reg/Q_N    0.00    0.00   -0.00 (VIOLATED)
i_croc_soc/i_croc/i_uart/i_apb_uart.UART_RXFF.iFIFOMem_604__reg/Q_N    0.00    0.00   -0.00 (VIOLATED)
i_croc_soc/i_croc/i_uart/i_apb_uart.UART_RXFF.iFIFOMem_605__reg/Q_N    0.00    0.00   -0.00 (VIOLATED)
i_croc_soc/i_croc/i_uart/i_apb_uart.UART_RXFF.iFIFOMem_606__reg/Q_N    0.00    0.00   -0.00 (VIOLATED)
i_croc_soc/i_croc/i_uart/i_apb_uart.UART_RXFF.iFIFOMem_607__reg/Q_N    0.00    0.00   -0.00 (VIOLATED)
i_croc_soc/i_croc/i_uart/i_apb_uart.UART_RXFF.iFIFOMem_608__reg/Q_N    0.00    0.00   -0.00 (VIOLATED)
i_croc_soc/i_croc/i_uart/i_apb_uart.UART_RXFF.iFIFOMem_609__reg/Q_N    0.00    0.00   -0.00 (VIOLATED)
i_croc_soc/i_croc/i_uart/i_apb_uart.UART_RXFF.iFIFOMem_60__reg/Q_N    0.00    0.00   -0.00 (VIOLATED)
i_croc_soc/i_croc/i_uart/i_apb_uart.UART_RXFF.iFIFOMem_610__reg/Q_N    0.00    0.00   -0.00 (VIOLATED)
i_croc_soc/i_croc/i_uart/i_apb_uart.UART_RXFF.iFIFOMem_611__reg/Q_N    0.00    0.00   -0.00 (VIOLATED)
i_croc_soc/i_croc/i_uart/i_apb_uart.UART_RXFF.iFIFOMem_612__reg/Q_N    0.00    0.00   -0.00 (VIOLATED)
i_croc_soc/i_croc/i_uart/i_apb_uart.UART_RXFF.iFIFOMem_613__reg/Q_N    0.00    0.00   -0.00 (VIOLATED)
i_croc_soc/i_croc/i_uart/i_apb_uart.UART_RXFF.iFIFOMem_614__reg/Q_N    0.00    0.00   -0.00 (VIOLATED)
i_croc_soc/i_croc/i_uart/i_apb_uart.UART_RXFF.iFIFOMem_615__reg/Q_N    0.00    0.00   -0.00 (VIOLATED)
i_croc_soc/i_croc/i_uart/i_apb_uart.UART_RXFF.iFIFOMem_616__reg/Q_N    0.00    0.00   -0.00 (VIOLATED)
i_croc_soc/i_croc/i_uart/i_apb_uart.UART_RXFF.iFIFOMem_617__reg/Q_N    0.00    0.00   -0.00 (VIOLATED)
i_croc_soc/i_croc/i_uart/i_apb_uart.UART_RXFF.iFIFOMem_618__reg/Q_N    0.00    0.00   -0.00 (VIOLATED)
i_croc_soc/i_croc/i_uart/i_apb_uart.UART_RXFF.iFIFOMem_619__reg/Q_N    0.00    0.00   -0.00 (VIOLATED)
i_croc_soc/i_croc/i_uart/i_apb_uart.UART_RXFF.iFIFOMem_61__reg/Q_N    0.00    0.00   -0.00 (VIOLATED)
i_croc_soc/i_croc/i_uart/i_apb_uart.UART_RXFF.iFIFOMem_620__reg/Q_N    0.00    0.00   -0.00 (VIOLATED)
i_croc_soc/i_croc/i_uart/i_apb_uart.UART_RXFF.iFIFOMem_621__reg/Q_N    0.00    0.00   -0.00 (VIOLATED)
i_croc_soc/i_croc/i_uart/i_apb_uart.UART_RXFF.iFIFOMem_622__reg/Q_N    0.00    0.00   -0.00 (VIOLATED)
i_croc_soc/i_croc/i_uart/i_apb_uart.UART_RXFF.iFIFOMem_623__reg/Q_N    0.00    0.00   -0.00 (VIOLATED)
i_croc_soc/i_croc/i_uart/i_apb_uart.UART_RXFF.iFIFOMem_624__reg/Q_N    0.00    0.00   -0.00 (VIOLATED)
i_croc_soc/i_croc/i_uart/i_apb_uart.UART_RXFF.iFIFOMem_625__reg/Q_N    0.00    0.00   -0.00 (VIOLATED)
i_croc_soc/i_croc/i_uart/i_apb_uart.UART_RXFF.iFIFOMem_626__reg/Q_N    0.00    0.00   -0.00 (VIOLATED)
i_croc_soc/i_croc/i_uart/i_apb_uart.UART_RXFF.iFIFOMem_627__reg/Q_N    0.00    0.00   -0.00 (VIOLATED)
i_croc_soc/i_croc/i_uart/i_apb_uart.UART_RXFF.iFIFOMem_628__reg/Q_N    0.00    0.00   -0.00 (VIOLATED)
i_croc_soc/i_croc/i_uart/i_apb_uart.UART_RXFF.iFIFOMem_629__reg/Q_N    0.00    0.00   -0.00 (VIOLATED)
i_croc_soc/i_croc/i_uart/i_apb_uart.UART_RXFF.iFIFOMem_62__reg/Q_N    0.00    0.00   -0.00 (VIOLATED)
i_croc_soc/i_croc/i_uart/i_apb_uart.UART_RXFF.iFIFOMem_630__reg/Q_N    0.00    0.00   -0.00 (VIOLATED)
i_croc_soc/i_croc/i_uart/i_apb_uart.UART_RXFF.iFIFOMem_631__reg/Q_N    0.00    0.00   -0.00 (VIOLATED)
i_croc_soc/i_croc/i_uart/i_apb_uart.UART_RXFF.iFIFOMem_632__reg/Q_N    0.00    0.00   -0.00 (VIOLATED)
i_croc_soc/i_croc/i_uart/i_apb_uart.UART_RXFF.iFIFOMem_633__reg/Q_N    0.00    0.00   -0.00 (VIOLATED)
i_croc_soc/i_croc/i_uart/i_apb_uart.UART_RXFF.iFIFOMem_634__reg/Q_N    0.00    0.00   -0.00 (VIOLATED)
i_croc_soc/i_croc/i_uart/i_apb_uart.UART_RXFF.iFIFOMem_635__reg/Q_N    0.00    0.00   -0.00 (VIOLATED)
i_croc_soc/i_croc/i_uart/i_apb_uart.UART_RXFF.iFIFOMem_636__reg/Q_N    0.00    0.00   -0.00 (VIOLATED)
i_croc_soc/i_croc/i_uart/i_apb_uart.UART_RXFF.iFIFOMem_637__reg/Q_N    0.00    0.00   -0.00 (VIOLATED)
i_croc_soc/i_croc/i_uart/i_apb_uart.UART_RXFF.iFIFOMem_638__reg/Q_N    0.00    0.00   -0.00 (VIOLATED)
i_croc_soc/i_croc/i_uart/i_apb_uart.UART_RXFF.iFIFOMem_639__reg/Q_N    0.00    0.00   -0.00 (VIOLATED)
i_croc_soc/i_croc/i_uart/i_apb_uart.UART_RXFF.iFIFOMem_63__reg/Q_N    0.00    0.00   -0.00 (VIOLATED)
i_croc_soc/i_croc/i_uart/i_apb_uart.UART_RXFF.iFIFOMem_640__reg/Q_N    0.00    0.00   -0.00 (VIOLATED)
i_croc_soc/i_croc/i_uart/i_apb_uart.UART_RXFF.iFIFOMem_641__reg/Q_N    0.00    0.00   -0.00 (VIOLATED)
i_croc_soc/i_croc/i_uart/i_apb_uart.UART_RXFF.iFIFOMem_642__reg/Q_N    0.00    0.00   -0.00 (VIOLATED)
i_croc_soc/i_croc/i_uart/i_apb_uart.UART_RXFF.iFIFOMem_643__reg/Q_N    0.00    0.00   -0.00 (VIOLATED)
i_croc_soc/i_croc/i_uart/i_apb_uart.UART_RXFF.iFIFOMem_644__reg/Q_N    0.00    0.00   -0.00 (VIOLATED)
i_croc_soc/i_croc/i_uart/i_apb_uart.UART_RXFF.iFIFOMem_645__reg/Q_N    0.00    0.00   -0.00 (VIOLATED)
i_croc_soc/i_croc/i_uart/i_apb_uart.UART_RXFF.iFIFOMem_646__reg/Q_N    0.00    0.00   -0.00 (VIOLATED)
i_croc_soc/i_croc/i_uart/i_apb_uart.UART_RXFF.iFIFOMem_647__reg/Q_N    0.00    0.00   -0.00 (VIOLATED)
i_croc_soc/i_croc/i_uart/i_apb_uart.UART_RXFF.iFIFOMem_648__reg/Q_N    0.00    0.00   -0.00 (VIOLATED)
i_croc_soc/i_croc/i_uart/i_apb_uart.UART_RXFF.iFIFOMem_649__reg/Q_N    0.00    0.00   -0.00 (VIOLATED)
i_croc_soc/i_croc/i_uart/i_apb_uart.UART_RXFF.iFIFOMem_64__reg/Q_N    0.00    0.00   -0.00 (VIOLATED)
i_croc_soc/i_croc/i_uart/i_apb_uart.UART_RXFF.iFIFOMem_650__reg/Q_N    0.00    0.00   -0.00 (VIOLATED)
i_croc_soc/i_croc/i_uart/i_apb_uart.UART_RXFF.iFIFOMem_651__reg/Q_N    0.00    0.00   -0.00 (VIOLATED)
i_croc_soc/i_croc/i_uart/i_apb_uart.UART_RXFF.iFIFOMem_652__reg/Q_N    0.00    0.00   -0.00 (VIOLATED)
i_croc_soc/i_croc/i_uart/i_apb_uart.UART_RXFF.iFIFOMem_653__reg/Q_N    0.00    0.00   -0.00 (VIOLATED)
i_croc_soc/i_croc/i_uart/i_apb_uart.UART_RXFF.iFIFOMem_654__reg/Q_N    0.00    0.00   -0.00 (VIOLATED)
i_croc_soc/i_croc/i_uart/i_apb_uart.UART_RXFF.iFIFOMem_655__reg/Q_N    0.00    0.00   -0.00 (VIOLATED)
i_croc_soc/i_croc/i_uart/i_apb_uart.UART_RXFF.iFIFOMem_656__reg/Q_N    0.00    0.00   -0.00 (VIOLATED)
i_croc_soc/i_croc/i_uart/i_apb_uart.UART_RXFF.iFIFOMem_657__reg/Q_N    0.00    0.00   -0.00 (VIOLATED)
i_croc_soc/i_croc/i_uart/i_apb_uart.UART_RXFF.iFIFOMem_658__reg/Q_N    0.00    0.00   -0.00 (VIOLATED)
i_croc_soc/i_croc/i_uart/i_apb_uart.UART_RXFF.iFIFOMem_659__reg/Q_N    0.00    0.00   -0.00 (VIOLATED)
i_croc_soc/i_croc/i_uart/i_apb_uart.UART_RXFF.iFIFOMem_65__reg/Q_N    0.00    0.00   -0.00 (VIOLATED)
i_croc_soc/i_croc/i_uart/i_apb_uart.UART_RXFF.iFIFOMem_660__reg/Q_N    0.00    0.00   -0.00 (VIOLATED)
i_croc_soc/i_croc/i_uart/i_apb_uart.UART_RXFF.iFIFOMem_661__reg/Q_N    0.00    0.00   -0.00 (VIOLATED)
i_croc_soc/i_croc/i_uart/i_apb_uart.UART_RXFF.iFIFOMem_662__reg/Q_N    0.00    0.00   -0.00 (VIOLATED)
i_croc_soc/i_croc/i_uart/i_apb_uart.UART_RXFF.iFIFOMem_663__reg/Q_N    0.00    0.00   -0.00 (VIOLATED)
i_croc_soc/i_croc/i_uart/i_apb_uart.UART_RXFF.iFIFOMem_664__reg/Q_N    0.00    0.00   -0.00 (VIOLATED)
i_croc_soc/i_croc/i_uart/i_apb_uart.UART_RXFF.iFIFOMem_665__reg/Q_N    0.00    0.00   -0.00 (VIOLATED)
i_croc_soc/i_croc/i_uart/i_apb_uart.UART_RXFF.iFIFOMem_666__reg/Q_N    0.00    0.00   -0.00 (VIOLATED)
i_croc_soc/i_croc/i_uart/i_apb_uart.UART_RXFF.iFIFOMem_667__reg/Q_N    0.00    0.00   -0.00 (VIOLATED)
i_croc_soc/i_croc/i_uart/i_apb_uart.UART_RXFF.iFIFOMem_668__reg/Q_N    0.00    0.00   -0.00 (VIOLATED)
i_croc_soc/i_croc/i_uart/i_apb_uart.UART_RXFF.iFIFOMem_669__reg/Q_N    0.00    0.00   -0.00 (VIOLATED)
i_croc_soc/i_croc/i_uart/i_apb_uart.UART_RXFF.iFIFOMem_66__reg/Q_N    0.00    0.00   -0.00 (VIOLATED)
i_croc_soc/i_croc/i_uart/i_apb_uart.UART_RXFF.iFIFOMem_670__reg/Q_N    0.00    0.00   -0.00 (VIOLATED)
i_croc_soc/i_croc/i_uart/i_apb_uart.UART_RXFF.iFIFOMem_671__reg/Q_N    0.00    0.00   -0.00 (VIOLATED)
i_croc_soc/i_croc/i_uart/i_apb_uart.UART_RXFF.iFIFOMem_672__reg/Q_N    0.00    0.00   -0.00 (VIOLATED)
i_croc_soc/i_croc/i_uart/i_apb_uart.UART_RXFF.iFIFOMem_673__reg/Q_N    0.00    0.00   -0.00 (VIOLATED)
i_croc_soc/i_croc/i_uart/i_apb_uart.UART_RXFF.iFIFOMem_674__reg/Q_N    0.00    0.00   -0.00 (VIOLATED)
i_croc_soc/i_croc/i_uart/i_apb_uart.UART_RXFF.iFIFOMem_675__reg/Q_N    0.00    0.00   -0.00 (VIOLATED)
i_croc_soc/i_croc/i_uart/i_apb_uart.UART_RXFF.iFIFOMem_676__reg/Q_N    0.00    0.00   -0.00 (VIOLATED)
i_croc_soc/i_croc/i_uart/i_apb_uart.UART_RXFF.iFIFOMem_677__reg/Q_N    0.00    0.00   -0.00 (VIOLATED)
i_croc_soc/i_croc/i_uart/i_apb_uart.UART_RXFF.iFIFOMem_678__reg/Q_N    0.00    0.00   -0.00 (VIOLATED)
i_croc_soc/i_croc/i_uart/i_apb_uart.UART_RXFF.iFIFOMem_679__reg/Q_N    0.00    0.00   -0.00 (VIOLATED)
i_croc_soc/i_croc/i_uart/i_apb_uart.UART_RXFF.iFIFOMem_67__reg/Q_N    0.00    0.00   -0.00 (VIOLATED)
i_croc_soc/i_croc/i_uart/i_apb_uart.UART_RXFF.iFIFOMem_680__reg/Q_N    0.00    0.00   -0.00 (VIOLATED)
i_croc_soc/i_croc/i_uart/i_apb_uart.UART_RXFF.iFIFOMem_681__reg/Q_N    0.00    0.00   -0.00 (VIOLATED)
i_croc_soc/i_croc/i_uart/i_apb_uart.UART_RXFF.iFIFOMem_682__reg/Q_N    0.00    0.00   -0.00 (VIOLATED)
i_croc_soc/i_croc/i_uart/i_apb_uart.UART_RXFF.iFIFOMem_683__reg/Q_N    0.00    0.00   -0.00 (VIOLATED)
i_croc_soc/i_croc/i_uart/i_apb_uart.UART_RXFF.iFIFOMem_684__reg/Q_N    0.00    0.00   -0.00 (VIOLATED)
i_croc_soc/i_croc/i_uart/i_apb_uart.UART_RXFF.iFIFOMem_685__reg/Q_N    0.00    0.00   -0.00 (VIOLATED)
i_croc_soc/i_croc/i_uart/i_apb_uart.UART_RXFF.iFIFOMem_686__reg/Q_N    0.00    0.00   -0.00 (VIOLATED)
i_croc_soc/i_croc/i_uart/i_apb_uart.UART_RXFF.iFIFOMem_687__reg/Q_N    0.00    0.00   -0.00 (VIOLATED)
i_croc_soc/i_croc/i_uart/i_apb_uart.UART_RXFF.iFIFOMem_688__reg/Q_N    0.00    0.00   -0.00 (VIOLATED)
i_croc_soc/i_croc/i_uart/i_apb_uart.UART_RXFF.iFIFOMem_689__reg/Q_N    0.00    0.00   -0.00 (VIOLATED)
i_croc_soc/i_croc/i_uart/i_apb_uart.UART_RXFF.iFIFOMem_68__reg/Q_N    0.00    0.00   -0.00 (VIOLATED)
i_croc_soc/i_croc/i_uart/i_apb_uart.UART_RXFF.iFIFOMem_690__reg/Q_N    0.00    0.00   -0.00 (VIOLATED)
i_croc_soc/i_croc/i_uart/i_apb_uart.UART_RXFF.iFIFOMem_691__reg/Q_N    0.00    0.00   -0.00 (VIOLATED)
i_croc_soc/i_croc/i_uart/i_apb_uart.UART_RXFF.iFIFOMem_692__reg/Q_N    0.00    0.00   -0.00 (VIOLATED)
i_croc_soc/i_croc/i_uart/i_apb_uart.UART_RXFF.iFIFOMem_693__reg/Q_N    0.00    0.00   -0.00 (VIOLATED)
i_croc_soc/i_croc/i_uart/i_apb_uart.UART_RXFF.iFIFOMem_694__reg/Q_N    0.00    0.00   -0.00 (VIOLATED)
i_croc_soc/i_croc/i_uart/i_apb_uart.UART_RXFF.iFIFOMem_695__reg/Q_N    0.00    0.00   -0.00 (VIOLATED)
i_croc_soc/i_croc/i_uart/i_apb_uart.UART_RXFF.iFIFOMem_696__reg/Q_N    0.00    0.00   -0.00 (VIOLATED)
i_croc_soc/i_croc/i_uart/i_apb_uart.UART_RXFF.iFIFOMem_697__reg/Q_N    0.00    0.00   -0.00 (VIOLATED)
i_croc_soc/i_croc/i_uart/i_apb_uart.UART_RXFF.iFIFOMem_698__reg/Q_N    0.00    0.00   -0.00 (VIOLATED)
i_croc_soc/i_croc/i_uart/i_apb_uart.UART_RXFF.iFIFOMem_699__reg/Q_N    0.00    0.00   -0.00 (VIOLATED)
i_croc_soc/i_croc/i_uart/i_apb_uart.UART_RXFF.iFIFOMem_69__reg/Q_N    0.00    0.00   -0.00 (VIOLATED)
i_croc_soc/i_croc/i_uart/i_apb_uart.UART_RXFF.iFIFOMem_6__reg/Q_N    0.00    0.00   -0.00 (VIOLATED)
i_croc_soc/i_croc/i_uart/i_apb_uart.UART_RXFF.iFIFOMem_700__reg/Q_N    0.00    0.00   -0.00 (VIOLATED)
i_croc_soc/i_croc/i_uart/i_apb_uart.UART_RXFF.iFIFOMem_701__reg/Q_N    0.00    0.00   -0.00 (VIOLATED)
i_croc_soc/i_croc/i_uart/i_apb_uart.UART_RXFF.iFIFOMem_702__reg/Q_N    0.00    0.00   -0.00 (VIOLATED)
i_croc_soc/i_croc/i_uart/i_apb_uart.UART_RXFF.iFIFOMem_703__reg/Q_N    0.00    0.00   -0.00 (VIOLATED)
i_croc_soc/i_croc/i_uart/i_apb_uart.UART_RXFF.iFIFOMem_70__reg/Q_N    0.00    0.00   -0.00 (VIOLATED)
i_croc_soc/i_croc/i_uart/i_apb_uart.UART_RXFF.iFIFOMem_71__reg/Q_N    0.00    0.00   -0.00 (VIOLATED)
i_croc_soc/i_croc/i_uart/i_apb_uart.UART_RXFF.iFIFOMem_72__reg/Q_N    0.00    0.00   -0.00 (VIOLATED)
i_croc_soc/i_croc/i_uart/i_apb_uart.UART_RXFF.iFIFOMem_73__reg/Q_N    0.00    0.00   -0.00 (VIOLATED)
i_croc_soc/i_croc/i_uart/i_apb_uart.UART_RXFF.iFIFOMem_74__reg/Q_N    0.00    0.00   -0.00 (VIOLATED)
i_croc_soc/i_croc/i_uart/i_apb_uart.UART_RXFF.iFIFOMem_75__reg/Q_N    0.00    0.00   -0.00 (VIOLATED)
i_croc_soc/i_croc/i_uart/i_apb_uart.UART_RXFF.iFIFOMem_76__reg/Q_N    0.00    0.00   -0.00 (VIOLATED)
i_croc_soc/i_croc/i_uart/i_apb_uart.UART_RXFF.iFIFOMem_77__reg/Q_N    0.00    0.00   -0.00 (VIOLATED)
i_croc_soc/i_croc/i_uart/i_apb_uart.UART_RXFF.iFIFOMem_78__reg/Q_N    0.00    0.00   -0.00 (VIOLATED)
i_croc_soc/i_croc/i_uart/i_apb_uart.UART_RXFF.iFIFOMem_79__reg/Q_N    0.00    0.00   -0.00 (VIOLATED)
i_croc_soc/i_croc/i_uart/i_apb_uart.UART_RXFF.iFIFOMem_7__reg/Q_N    0.00    0.00   -0.00 (VIOLATED)
i_croc_soc/i_croc/i_uart/i_apb_uart.UART_RXFF.iFIFOMem_80__reg/Q_N    0.00    0.00   -0.00 (VIOLATED)
i_croc_soc/i_croc/i_uart/i_apb_uart.UART_RXFF.iFIFOMem_81__reg/Q_N    0.00    0.00   -0.00 (VIOLATED)
i_croc_soc/i_croc/i_uart/i_apb_uart.UART_RXFF.iFIFOMem_82__reg/Q_N    0.00    0.00   -0.00 (VIOLATED)
i_croc_soc/i_croc/i_uart/i_apb_uart.UART_RXFF.iFIFOMem_83__reg/Q_N    0.00    0.00   -0.00 (VIOLATED)
i_croc_soc/i_croc/i_uart/i_apb_uart.UART_RXFF.iFIFOMem_84__reg/Q_N    0.00    0.00   -0.00 (VIOLATED)
i_croc_soc/i_croc/i_uart/i_apb_uart.UART_RXFF.iFIFOMem_85__reg/Q_N    0.00    0.00   -0.00 (VIOLATED)
i_croc_soc/i_croc/i_uart/i_apb_uart.UART_RXFF.iFIFOMem_86__reg/Q_N    0.00    0.00   -0.00 (VIOLATED)
i_croc_soc/i_croc/i_uart/i_apb_uart.UART_RXFF.iFIFOMem_87__reg/Q_N    0.00    0.00   -0.00 (VIOLATED)
i_croc_soc/i_croc/i_uart/i_apb_uart.UART_RXFF.iFIFOMem_88__reg/Q_N    0.00    0.00   -0.00 (VIOLATED)
i_croc_soc/i_croc/i_uart/i_apb_uart.UART_RXFF.iFIFOMem_89__reg/Q_N    0.00    0.00   -0.00 (VIOLATED)
i_croc_soc/i_croc/i_uart/i_apb_uart.UART_RXFF.iFIFOMem_8__reg/Q_N    0.00    0.00   -0.00 (VIOLATED)
i_croc_soc/i_croc/i_uart/i_apb_uart.UART_RXFF.iFIFOMem_90__reg/Q_N    0.00    0.00   -0.00 (VIOLATED)
i_croc_soc/i_croc/i_uart/i_apb_uart.UART_RXFF.iFIFOMem_91__reg/Q_N    0.00    0.00   -0.00 (VIOLATED)
i_croc_soc/i_croc/i_uart/i_apb_uart.UART_RXFF.iFIFOMem_92__reg/Q_N    0.00    0.00   -0.00 (VIOLATED)
i_croc_soc/i_croc/i_uart/i_apb_uart.UART_RXFF.iFIFOMem_93__reg/Q_N    0.00    0.00   -0.00 (VIOLATED)
i_croc_soc/i_croc/i_uart/i_apb_uart.UART_RXFF.iFIFOMem_94__reg/Q_N    0.00    0.00   -0.00 (VIOLATED)
i_croc_soc/i_croc/i_uart/i_apb_uart.UART_RXFF.iFIFOMem_95__reg/Q_N    0.00    0.00   -0.00 (VIOLATED)
i_croc_soc/i_croc/i_uart/i_apb_uart.UART_RXFF.iFIFOMem_96__reg/Q_N    0.00    0.00   -0.00 (VIOLATED)
i_croc_soc/i_croc/i_uart/i_apb_uart.UART_RXFF.iFIFOMem_97__reg/Q_N    0.00    0.00   -0.00 (VIOLATED)
i_croc_soc/i_croc/i_uart/i_apb_uart.UART_RXFF.iFIFOMem_98__reg/Q_N    0.00    0.00   -0.00 (VIOLATED)
i_croc_soc/i_croc/i_uart/i_apb_uart.UART_RXFF.iFIFOMem_99__reg/Q_N    0.00    0.00   -0.00 (VIOLATED)
i_croc_soc/i_croc/i_uart/i_apb_uart.UART_RXFF.iFIFOMem_9__reg/Q_N    0.00    0.00   -0.00 (VIOLATED)
i_croc_soc/i_croc/i_uart/i_apb_uart.UART_RXFF.iRDAddr_1__reg/Q_N    0.00    0.00   -0.00 (VIOLATED)
i_croc_soc/i_croc/i_uart/i_apb_uart.UART_RXFF.iRDAddr_2__reg/Q_N    0.00    0.00   -0.00 (VIOLATED)
i_croc_soc/i_croc/i_uart/i_apb_uart.UART_RXFF.iRDAddr_3__reg/Q_N    0.00    0.00   -0.00 (VIOLATED)
i_croc_soc/i_croc/i_uart/i_apb_uart.UART_RXFF.iRDAddr_4__reg/Q_N    0.00    0.00   -0.00 (VIOLATED)
i_croc_soc/i_croc/i_uart/i_apb_uart.UART_RXFF.iRDAddr_5__reg/Q_N    0.00    0.00   -0.00 (VIOLATED)
i_croc_soc/i_croc/i_uart/i_apb_uart.UART_RXFF.iRDAddr_6__reg/Q_N    0.00    0.00   -0.00 (VIOLATED)
i_croc_soc/i_croc/i_uart/i_apb_uart.UART_RXFF.iWRAddr_6__reg/Q_N    0.00    0.00   -0.00 (VIOLATED)
i_croc_soc/i_croc/i_uart/i_apb_uart.UART_TX.BC_reg/Q_N    0.00    0.00   -0.00 (VIOLATED)
i_croc_soc/i_croc/i_uart/i_apb_uart.UART_TX.DIN_0__reg/Q_N    0.00    0.00   -0.00 (VIOLATED)
i_croc_soc/i_croc/i_uart/i_apb_uart.UART_TX.DIN_1__reg/Q_N    0.00    0.00   -0.00 (VIOLATED)
i_croc_soc/i_croc/i_uart/i_apb_uart.UART_TX.DIN_2__reg/Q_N    0.00    0.00   -0.00 (VIOLATED)
i_croc_soc/i_croc/i_uart/i_apb_uart.UART_TX.DIN_3__reg/Q_N    0.00    0.00   -0.00 (VIOLATED)
i_croc_soc/i_croc/i_uart/i_apb_uart.UART_TX.DIN_4__reg/Q_N    0.00    0.00   -0.00 (VIOLATED)
i_croc_soc/i_croc/i_uart/i_apb_uart.UART_TX.DIN_5__reg/Q_N    0.00    0.00   -0.00 (VIOLATED)
i_croc_soc/i_croc/i_uart/i_apb_uart.UART_TX.DIN_6__reg/Q_N    0.00    0.00   -0.00 (VIOLATED)
i_croc_soc/i_croc/i_uart/i_apb_uart.UART_TX.DIN_7__reg/Q_N    0.00    0.00   -0.00 (VIOLATED)
i_croc_soc/i_croc/i_uart/i_apb_uart.UART_TX.TXFINISHED_reg/Q_N    0.00    0.00   -0.00 (VIOLATED)
i_croc_soc/i_croc/i_uart/i_apb_uart.UART_TX.TXSTART_reg/Q_N    0.00    0.00   -0.00 (VIOLATED)
i_croc_soc/i_croc/i_uart/i_apb_uart.UART_TX.iLast_reg/Q    0.00    0.00   -0.00 (VIOLATED)
i_croc_soc/i_croc/i_uart/i_apb_uart.UART_TXFF.CLEAR_reg/Q_N    0.00    0.00   -0.00 (VIOLATED)
i_croc_soc/i_croc/i_uart/i_apb_uart.UART_TXFF.Q_0__reg/Q_N    0.00    0.00   -0.00 (VIOLATED)
i_croc_soc/i_croc/i_uart/i_apb_uart.UART_TXFF.Q_1__reg/Q_N    0.00    0.00   -0.00 (VIOLATED)
i_croc_soc/i_croc/i_uart/i_apb_uart.UART_TXFF.Q_2__reg/Q_N    0.00    0.00   -0.00 (VIOLATED)
i_croc_soc/i_croc/i_uart/i_apb_uart.UART_TXFF.Q_3__reg/Q_N    0.00    0.00   -0.00 (VIOLATED)
i_croc_soc/i_croc/i_uart/i_apb_uart.UART_TXFF.Q_4__reg/Q_N    0.00    0.00   -0.00 (VIOLATED)
i_croc_soc/i_croc/i_uart/i_apb_uart.UART_TXFF.Q_5__reg/Q_N    0.00    0.00   -0.00 (VIOLATED)
i_croc_soc/i_croc/i_uart/i_apb_uart.UART_TXFF.Q_6__reg/Q_N    0.00    0.00   -0.00 (VIOLATED)
i_croc_soc/i_croc/i_uart/i_apb_uart.UART_TXFF.Q_7__reg/Q_N    0.00    0.00   -0.00 (VIOLATED)
i_croc_soc/i_croc/i_uart/i_apb_uart.UART_TXFF.USAGE_1__reg/Q_N    0.00    0.00   -0.00 (VIOLATED)
i_croc_soc/i_croc/i_uart/i_apb_uart.UART_TXFF.USAGE_2__reg/Q_N    0.00    0.00   -0.00 (VIOLATED)
i_croc_soc/i_croc/i_uart/i_apb_uart.UART_TXFF.USAGE_3__reg/Q_N    0.00    0.00   -0.00 (VIOLATED)
i_croc_soc/i_croc/i_uart/i_apb_uart.UART_TXFF.USAGE_4__reg/Q_N    0.00    0.00   -0.00 (VIOLATED)
i_croc_soc/i_croc/i_uart/i_apb_uart.UART_TXFF.iFIFOMem_0__reg/Q_N    0.00    0.00   -0.00 (VIOLATED)
i_croc_soc/i_croc/i_uart/i_apb_uart.UART_TXFF.iFIFOMem_100__reg/Q_N    0.00    0.00   -0.00 (VIOLATED)
i_croc_soc/i_croc/i_uart/i_apb_uart.UART_TXFF.iFIFOMem_101__reg/Q_N    0.00    0.00   -0.00 (VIOLATED)
i_croc_soc/i_croc/i_uart/i_apb_uart.UART_TXFF.iFIFOMem_102__reg/Q_N    0.00    0.00   -0.00 (VIOLATED)
i_croc_soc/i_croc/i_uart/i_apb_uart.UART_TXFF.iFIFOMem_103__reg/Q_N    0.00    0.00   -0.00 (VIOLATED)
i_croc_soc/i_croc/i_uart/i_apb_uart.UART_TXFF.iFIFOMem_104__reg/Q_N    0.00    0.00   -0.00 (VIOLATED)
i_croc_soc/i_croc/i_uart/i_apb_uart.UART_TXFF.iFIFOMem_105__reg/Q_N    0.00    0.00   -0.00 (VIOLATED)
i_croc_soc/i_croc/i_uart/i_apb_uart.UART_TXFF.iFIFOMem_106__reg/Q_N    0.00    0.00   -0.00 (VIOLATED)
i_croc_soc/i_croc/i_uart/i_apb_uart.UART_TXFF.iFIFOMem_107__reg/Q_N    0.00    0.00   -0.00 (VIOLATED)
i_croc_soc/i_croc/i_uart/i_apb_uart.UART_TXFF.iFIFOMem_108__reg/Q_N    0.00    0.00   -0.00 (VIOLATED)
i_croc_soc/i_croc/i_uart/i_apb_uart.UART_TXFF.iFIFOMem_109__reg/Q_N    0.00    0.00   -0.00 (VIOLATED)
i_croc_soc/i_croc/i_uart/i_apb_uart.UART_TXFF.iFIFOMem_10__reg/Q_N    0.00    0.00   -0.00 (VIOLATED)
i_croc_soc/i_croc/i_uart/i_apb_uart.UART_TXFF.iFIFOMem_110__reg/Q_N    0.00    0.00   -0.00 (VIOLATED)
i_croc_soc/i_croc/i_uart/i_apb_uart.UART_TXFF.iFIFOMem_111__reg/Q_N    0.00    0.00   -0.00 (VIOLATED)
i_croc_soc/i_croc/i_uart/i_apb_uart.UART_TXFF.iFIFOMem_112__reg/Q_N    0.00    0.00   -0.00 (VIOLATED)
i_croc_soc/i_croc/i_uart/i_apb_uart.UART_TXFF.iFIFOMem_113__reg/Q_N    0.00    0.00   -0.00 (VIOLATED)
i_croc_soc/i_croc/i_uart/i_apb_uart.UART_TXFF.iFIFOMem_114__reg/Q_N    0.00    0.00   -0.00 (VIOLATED)
i_croc_soc/i_croc/i_uart/i_apb_uart.UART_TXFF.iFIFOMem_115__reg/Q_N    0.00    0.00   -0.00 (VIOLATED)
i_croc_soc/i_croc/i_uart/i_apb_uart.UART_TXFF.iFIFOMem_116__reg/Q_N    0.00    0.00   -0.00 (VIOLATED)
i_croc_soc/i_croc/i_uart/i_apb_uart.UART_TXFF.iFIFOMem_117__reg/Q_N    0.00    0.00   -0.00 (VIOLATED)
i_croc_soc/i_croc/i_uart/i_apb_uart.UART_TXFF.iFIFOMem_118__reg/Q_N    0.00    0.00   -0.00 (VIOLATED)
i_croc_soc/i_croc/i_uart/i_apb_uart.UART_TXFF.iFIFOMem_119__reg/Q_N    0.00    0.00   -0.00 (VIOLATED)
i_croc_soc/i_croc/i_uart/i_apb_uart.UART_TXFF.iFIFOMem_11__reg/Q_N    0.00    0.00   -0.00 (VIOLATED)
i_croc_soc/i_croc/i_uart/i_apb_uart.UART_TXFF.iFIFOMem_120__reg/Q_N    0.00    0.00   -0.00 (VIOLATED)
i_croc_soc/i_croc/i_uart/i_apb_uart.UART_TXFF.iFIFOMem_121__reg/Q_N    0.00    0.00   -0.00 (VIOLATED)
i_croc_soc/i_croc/i_uart/i_apb_uart.UART_TXFF.iFIFOMem_122__reg/Q_N    0.00    0.00   -0.00 (VIOLATED)
i_croc_soc/i_croc/i_uart/i_apb_uart.UART_TXFF.iFIFOMem_123__reg/Q_N    0.00    0.00   -0.00 (VIOLATED)
i_croc_soc/i_croc/i_uart/i_apb_uart.UART_TXFF.iFIFOMem_124__reg/Q_N    0.00    0.00   -0.00 (VIOLATED)
i_croc_soc/i_croc/i_uart/i_apb_uart.UART_TXFF.iFIFOMem_125__reg/Q_N    0.00    0.00   -0.00 (VIOLATED)
i_croc_soc/i_croc/i_uart/i_apb_uart.UART_TXFF.iFIFOMem_126__reg/Q_N    0.00    0.00   -0.00 (VIOLATED)
i_croc_soc/i_croc/i_uart/i_apb_uart.UART_TXFF.iFIFOMem_127__reg/Q_N    0.00    0.00   -0.00 (VIOLATED)
i_croc_soc/i_croc/i_uart/i_apb_uart.UART_TXFF.iFIFOMem_128__reg/Q_N    0.00    0.00   -0.00 (VIOLATED)
i_croc_soc/i_croc/i_uart/i_apb_uart.UART_TXFF.iFIFOMem_129__reg/Q_N    0.00    0.00   -0.00 (VIOLATED)
i_croc_soc/i_croc/i_uart/i_apb_uart.UART_TXFF.iFIFOMem_12__reg/Q_N    0.00    0.00   -0.00 (VIOLATED)
i_croc_soc/i_croc/i_uart/i_apb_uart.UART_TXFF.iFIFOMem_130__reg/Q_N    0.00    0.00   -0.00 (VIOLATED)
i_croc_soc/i_croc/i_uart/i_apb_uart.UART_TXFF.iFIFOMem_131__reg/Q_N    0.00    0.00   -0.00 (VIOLATED)
i_croc_soc/i_croc/i_uart/i_apb_uart.UART_TXFF.iFIFOMem_132__reg/Q_N    0.00    0.00   -0.00 (VIOLATED)
i_croc_soc/i_croc/i_uart/i_apb_uart.UART_TXFF.iFIFOMem_133__reg/Q_N    0.00    0.00   -0.00 (VIOLATED)
i_croc_soc/i_croc/i_uart/i_apb_uart.UART_TXFF.iFIFOMem_134__reg/Q_N    0.00    0.00   -0.00 (VIOLATED)
i_croc_soc/i_croc/i_uart/i_apb_uart.UART_TXFF.iFIFOMem_135__reg/Q_N    0.00    0.00   -0.00 (VIOLATED)
i_croc_soc/i_croc/i_uart/i_apb_uart.UART_TXFF.iFIFOMem_136__reg/Q_N    0.00    0.00   -0.00 (VIOLATED)
i_croc_soc/i_croc/i_uart/i_apb_uart.UART_TXFF.iFIFOMem_137__reg/Q_N    0.00    0.00   -0.00 (VIOLATED)
i_croc_soc/i_croc/i_uart/i_apb_uart.UART_TXFF.iFIFOMem_138__reg/Q_N    0.00    0.00   -0.00 (VIOLATED)
i_croc_soc/i_croc/i_uart/i_apb_uart.UART_TXFF.iFIFOMem_139__reg/Q_N    0.00    0.00   -0.00 (VIOLATED)
i_croc_soc/i_croc/i_uart/i_apb_uart.UART_TXFF.iFIFOMem_13__reg/Q_N    0.00    0.00   -0.00 (VIOLATED)
i_croc_soc/i_croc/i_uart/i_apb_uart.UART_TXFF.iFIFOMem_140__reg/Q_N    0.00    0.00   -0.00 (VIOLATED)
i_croc_soc/i_croc/i_uart/i_apb_uart.UART_TXFF.iFIFOMem_141__reg/Q_N    0.00    0.00   -0.00 (VIOLATED)
i_croc_soc/i_croc/i_uart/i_apb_uart.UART_TXFF.iFIFOMem_142__reg/Q_N    0.00    0.00   -0.00 (VIOLATED)
i_croc_soc/i_croc/i_uart/i_apb_uart.UART_TXFF.iFIFOMem_143__reg/Q_N    0.00    0.00   -0.00 (VIOLATED)
i_croc_soc/i_croc/i_uart/i_apb_uart.UART_TXFF.iFIFOMem_144__reg/Q_N    0.00    0.00   -0.00 (VIOLATED)
i_croc_soc/i_croc/i_uart/i_apb_uart.UART_TXFF.iFIFOMem_145__reg/Q_N    0.00    0.00   -0.00 (VIOLATED)
i_croc_soc/i_croc/i_uart/i_apb_uart.UART_TXFF.iFIFOMem_146__reg/Q_N    0.00    0.00   -0.00 (VIOLATED)
i_croc_soc/i_croc/i_uart/i_apb_uart.UART_TXFF.iFIFOMem_147__reg/Q_N    0.00    0.00   -0.00 (VIOLATED)
i_croc_soc/i_croc/i_uart/i_apb_uart.UART_TXFF.iFIFOMem_148__reg/Q_N    0.00    0.00   -0.00 (VIOLATED)
i_croc_soc/i_croc/i_uart/i_apb_uart.UART_TXFF.iFIFOMem_149__reg/Q_N    0.00    0.00   -0.00 (VIOLATED)
i_croc_soc/i_croc/i_uart/i_apb_uart.UART_TXFF.iFIFOMem_14__reg/Q_N    0.00    0.00   -0.00 (VIOLATED)
i_croc_soc/i_croc/i_uart/i_apb_uart.UART_TXFF.iFIFOMem_150__reg/Q_N    0.00    0.00   -0.00 (VIOLATED)
i_croc_soc/i_croc/i_uart/i_apb_uart.UART_TXFF.iFIFOMem_151__reg/Q_N    0.00    0.00   -0.00 (VIOLATED)
i_croc_soc/i_croc/i_uart/i_apb_uart.UART_TXFF.iFIFOMem_152__reg/Q_N    0.00    0.00   -0.00 (VIOLATED)
i_croc_soc/i_croc/i_uart/i_apb_uart.UART_TXFF.iFIFOMem_153__reg/Q_N    0.00    0.00   -0.00 (VIOLATED)
i_croc_soc/i_croc/i_uart/i_apb_uart.UART_TXFF.iFIFOMem_154__reg/Q_N    0.00    0.00   -0.00 (VIOLATED)
i_croc_soc/i_croc/i_uart/i_apb_uart.UART_TXFF.iFIFOMem_155__reg/Q_N    0.00    0.00   -0.00 (VIOLATED)
i_croc_soc/i_croc/i_uart/i_apb_uart.UART_TXFF.iFIFOMem_156__reg/Q_N    0.00    0.00   -0.00 (VIOLATED)
i_croc_soc/i_croc/i_uart/i_apb_uart.UART_TXFF.iFIFOMem_157__reg/Q_N    0.00    0.00   -0.00 (VIOLATED)
i_croc_soc/i_croc/i_uart/i_apb_uart.UART_TXFF.iFIFOMem_158__reg/Q_N    0.00    0.00   -0.00 (VIOLATED)
i_croc_soc/i_croc/i_uart/i_apb_uart.UART_TXFF.iFIFOMem_159__reg/Q_N    0.00    0.00   -0.00 (VIOLATED)
i_croc_soc/i_croc/i_uart/i_apb_uart.UART_TXFF.iFIFOMem_15__reg/Q_N    0.00    0.00   -0.00 (VIOLATED)
i_croc_soc/i_croc/i_uart/i_apb_uart.UART_TXFF.iFIFOMem_160__reg/Q_N    0.00    0.00   -0.00 (VIOLATED)
i_croc_soc/i_croc/i_uart/i_apb_uart.UART_TXFF.iFIFOMem_161__reg/Q_N    0.00    0.00   -0.00 (VIOLATED)
i_croc_soc/i_croc/i_uart/i_apb_uart.UART_TXFF.iFIFOMem_162__reg/Q_N    0.00    0.00   -0.00 (VIOLATED)
i_croc_soc/i_croc/i_uart/i_apb_uart.UART_TXFF.iFIFOMem_163__reg/Q_N    0.00    0.00   -0.00 (VIOLATED)
i_croc_soc/i_croc/i_uart/i_apb_uart.UART_TXFF.iFIFOMem_164__reg/Q_N    0.00    0.00   -0.00 (VIOLATED)
i_croc_soc/i_croc/i_uart/i_apb_uart.UART_TXFF.iFIFOMem_165__reg/Q_N    0.00    0.00   -0.00 (VIOLATED)
i_croc_soc/i_croc/i_uart/i_apb_uart.UART_TXFF.iFIFOMem_166__reg/Q_N    0.00    0.00   -0.00 (VIOLATED)
i_croc_soc/i_croc/i_uart/i_apb_uart.UART_TXFF.iFIFOMem_167__reg/Q_N    0.00    0.00   -0.00 (VIOLATED)
i_croc_soc/i_croc/i_uart/i_apb_uart.UART_TXFF.iFIFOMem_168__reg/Q_N    0.00    0.00   -0.00 (VIOLATED)
i_croc_soc/i_croc/i_uart/i_apb_uart.UART_TXFF.iFIFOMem_169__reg/Q_N    0.00    0.00   -0.00 (VIOLATED)
i_croc_soc/i_croc/i_uart/i_apb_uart.UART_TXFF.iFIFOMem_16__reg/Q_N    0.00    0.00   -0.00 (VIOLATED)
i_croc_soc/i_croc/i_uart/i_apb_uart.UART_TXFF.iFIFOMem_170__reg/Q_N    0.00    0.00   -0.00 (VIOLATED)
i_croc_soc/i_croc/i_uart/i_apb_uart.UART_TXFF.iFIFOMem_171__reg/Q_N    0.00    0.00   -0.00 (VIOLATED)
i_croc_soc/i_croc/i_uart/i_apb_uart.UART_TXFF.iFIFOMem_172__reg/Q_N    0.00    0.00   -0.00 (VIOLATED)
i_croc_soc/i_croc/i_uart/i_apb_uart.UART_TXFF.iFIFOMem_173__reg/Q_N    0.00    0.00   -0.00 (VIOLATED)
i_croc_soc/i_croc/i_uart/i_apb_uart.UART_TXFF.iFIFOMem_174__reg/Q_N    0.00    0.00   -0.00 (VIOLATED)
i_croc_soc/i_croc/i_uart/i_apb_uart.UART_TXFF.iFIFOMem_175__reg/Q_N    0.00    0.00   -0.00 (VIOLATED)
i_croc_soc/i_croc/i_uart/i_apb_uart.UART_TXFF.iFIFOMem_176__reg/Q_N    0.00    0.00   -0.00 (VIOLATED)
i_croc_soc/i_croc/i_uart/i_apb_uart.UART_TXFF.iFIFOMem_177__reg/Q_N    0.00    0.00   -0.00 (VIOLATED)
i_croc_soc/i_croc/i_uart/i_apb_uart.UART_TXFF.iFIFOMem_178__reg/Q_N    0.00    0.00   -0.00 (VIOLATED)
i_croc_soc/i_croc/i_uart/i_apb_uart.UART_TXFF.iFIFOMem_179__reg/Q_N    0.00    0.00   -0.00 (VIOLATED)
i_croc_soc/i_croc/i_uart/i_apb_uart.UART_TXFF.iFIFOMem_17__reg/Q_N    0.00    0.00   -0.00 (VIOLATED)
i_croc_soc/i_croc/i_uart/i_apb_uart.UART_TXFF.iFIFOMem_180__reg/Q_N    0.00    0.00   -0.00 (VIOLATED)
i_croc_soc/i_croc/i_uart/i_apb_uart.UART_TXFF.iFIFOMem_181__reg/Q_N    0.00    0.00   -0.00 (VIOLATED)
i_croc_soc/i_croc/i_uart/i_apb_uart.UART_TXFF.iFIFOMem_182__reg/Q_N    0.00    0.00   -0.00 (VIOLATED)
i_croc_soc/i_croc/i_uart/i_apb_uart.UART_TXFF.iFIFOMem_183__reg/Q_N    0.00    0.00   -0.00 (VIOLATED)
i_croc_soc/i_croc/i_uart/i_apb_uart.UART_TXFF.iFIFOMem_184__reg/Q_N    0.00    0.00   -0.00 (VIOLATED)
i_croc_soc/i_croc/i_uart/i_apb_uart.UART_TXFF.iFIFOMem_185__reg/Q_N    0.00    0.00   -0.00 (VIOLATED)
i_croc_soc/i_croc/i_uart/i_apb_uart.UART_TXFF.iFIFOMem_186__reg/Q_N    0.00    0.00   -0.00 (VIOLATED)
i_croc_soc/i_croc/i_uart/i_apb_uart.UART_TXFF.iFIFOMem_187__reg/Q_N    0.00    0.00   -0.00 (VIOLATED)
i_croc_soc/i_croc/i_uart/i_apb_uart.UART_TXFF.iFIFOMem_188__reg/Q_N    0.00    0.00   -0.00 (VIOLATED)
i_croc_soc/i_croc/i_uart/i_apb_uart.UART_TXFF.iFIFOMem_189__reg/Q_N    0.00    0.00   -0.00 (VIOLATED)
i_croc_soc/i_croc/i_uart/i_apb_uart.UART_TXFF.iFIFOMem_18__reg/Q_N    0.00    0.00   -0.00 (VIOLATED)
i_croc_soc/i_croc/i_uart/i_apb_uart.UART_TXFF.iFIFOMem_190__reg/Q_N    0.00    0.00   -0.00 (VIOLATED)
i_croc_soc/i_croc/i_uart/i_apb_uart.UART_TXFF.iFIFOMem_191__reg/Q_N    0.00    0.00   -0.00 (VIOLATED)
i_croc_soc/i_croc/i_uart/i_apb_uart.UART_TXFF.iFIFOMem_192__reg/Q_N    0.00    0.00   -0.00 (VIOLATED)
i_croc_soc/i_croc/i_uart/i_apb_uart.UART_TXFF.iFIFOMem_193__reg/Q_N    0.00    0.00   -0.00 (VIOLATED)
i_croc_soc/i_croc/i_uart/i_apb_uart.UART_TXFF.iFIFOMem_194__reg/Q_N    0.00    0.00   -0.00 (VIOLATED)
i_croc_soc/i_croc/i_uart/i_apb_uart.UART_TXFF.iFIFOMem_195__reg/Q_N    0.00    0.00   -0.00 (VIOLATED)
i_croc_soc/i_croc/i_uart/i_apb_uart.UART_TXFF.iFIFOMem_196__reg/Q_N    0.00    0.00   -0.00 (VIOLATED)
i_croc_soc/i_croc/i_uart/i_apb_uart.UART_TXFF.iFIFOMem_197__reg/Q_N    0.00    0.00   -0.00 (VIOLATED)
i_croc_soc/i_croc/i_uart/i_apb_uart.UART_TXFF.iFIFOMem_198__reg/Q_N    0.00    0.00   -0.00 (VIOLATED)
i_croc_soc/i_croc/i_uart/i_apb_uart.UART_TXFF.iFIFOMem_199__reg/Q_N    0.00    0.00   -0.00 (VIOLATED)
i_croc_soc/i_croc/i_uart/i_apb_uart.UART_TXFF.iFIFOMem_19__reg/Q_N    0.00    0.00   -0.00 (VIOLATED)
i_croc_soc/i_croc/i_uart/i_apb_uart.UART_TXFF.iFIFOMem_1__reg/Q_N    0.00    0.00   -0.00 (VIOLATED)
i_croc_soc/i_croc/i_uart/i_apb_uart.UART_TXFF.iFIFOMem_200__reg/Q_N    0.00    0.00   -0.00 (VIOLATED)
i_croc_soc/i_croc/i_uart/i_apb_uart.UART_TXFF.iFIFOMem_201__reg/Q_N    0.00    0.00   -0.00 (VIOLATED)
i_croc_soc/i_croc/i_uart/i_apb_uart.UART_TXFF.iFIFOMem_202__reg/Q_N    0.00    0.00   -0.00 (VIOLATED)
i_croc_soc/i_croc/i_uart/i_apb_uart.UART_TXFF.iFIFOMem_203__reg/Q_N    0.00    0.00   -0.00 (VIOLATED)
i_croc_soc/i_croc/i_uart/i_apb_uart.UART_TXFF.iFIFOMem_204__reg/Q_N    0.00    0.00   -0.00 (VIOLATED)
i_croc_soc/i_croc/i_uart/i_apb_uart.UART_TXFF.iFIFOMem_205__reg/Q_N    0.00    0.00   -0.00 (VIOLATED)
i_croc_soc/i_croc/i_uart/i_apb_uart.UART_TXFF.iFIFOMem_206__reg/Q_N    0.00    0.00   -0.00 (VIOLATED)
i_croc_soc/i_croc/i_uart/i_apb_uart.UART_TXFF.iFIFOMem_207__reg/Q_N    0.00    0.00   -0.00 (VIOLATED)
i_croc_soc/i_croc/i_uart/i_apb_uart.UART_TXFF.iFIFOMem_208__reg/Q_N    0.00    0.00   -0.00 (VIOLATED)
i_croc_soc/i_croc/i_uart/i_apb_uart.UART_TXFF.iFIFOMem_209__reg/Q_N    0.00    0.00   -0.00 (VIOLATED)
i_croc_soc/i_croc/i_uart/i_apb_uart.UART_TXFF.iFIFOMem_20__reg/Q_N    0.00    0.00   -0.00 (VIOLATED)
i_croc_soc/i_croc/i_uart/i_apb_uart.UART_TXFF.iFIFOMem_210__reg/Q_N    0.00    0.00   -0.00 (VIOLATED)
i_croc_soc/i_croc/i_uart/i_apb_uart.UART_TXFF.iFIFOMem_211__reg/Q_N    0.00    0.00   -0.00 (VIOLATED)
i_croc_soc/i_croc/i_uart/i_apb_uart.UART_TXFF.iFIFOMem_212__reg/Q_N    0.00    0.00   -0.00 (VIOLATED)
i_croc_soc/i_croc/i_uart/i_apb_uart.UART_TXFF.iFIFOMem_213__reg/Q_N    0.00    0.00   -0.00 (VIOLATED)
i_croc_soc/i_croc/i_uart/i_apb_uart.UART_TXFF.iFIFOMem_214__reg/Q_N    0.00    0.00   -0.00 (VIOLATED)
i_croc_soc/i_croc/i_uart/i_apb_uart.UART_TXFF.iFIFOMem_215__reg/Q_N    0.00    0.00   -0.00 (VIOLATED)
i_croc_soc/i_croc/i_uart/i_apb_uart.UART_TXFF.iFIFOMem_216__reg/Q_N    0.00    0.00   -0.00 (VIOLATED)
i_croc_soc/i_croc/i_uart/i_apb_uart.UART_TXFF.iFIFOMem_217__reg/Q_N    0.00    0.00   -0.00 (VIOLATED)
i_croc_soc/i_croc/i_uart/i_apb_uart.UART_TXFF.iFIFOMem_218__reg/Q_N    0.00    0.00   -0.00 (VIOLATED)
i_croc_soc/i_croc/i_uart/i_apb_uart.UART_TXFF.iFIFOMem_219__reg/Q_N    0.00    0.00   -0.00 (VIOLATED)
i_croc_soc/i_croc/i_uart/i_apb_uart.UART_TXFF.iFIFOMem_21__reg/Q_N    0.00    0.00   -0.00 (VIOLATED)
i_croc_soc/i_croc/i_uart/i_apb_uart.UART_TXFF.iFIFOMem_220__reg/Q_N    0.00    0.00   -0.00 (VIOLATED)
i_croc_soc/i_croc/i_uart/i_apb_uart.UART_TXFF.iFIFOMem_221__reg/Q_N    0.00    0.00   -0.00 (VIOLATED)
i_croc_soc/i_croc/i_uart/i_apb_uart.UART_TXFF.iFIFOMem_222__reg/Q_N    0.00    0.00   -0.00 (VIOLATED)
i_croc_soc/i_croc/i_uart/i_apb_uart.UART_TXFF.iFIFOMem_223__reg/Q_N    0.00    0.00   -0.00 (VIOLATED)
i_croc_soc/i_croc/i_uart/i_apb_uart.UART_TXFF.iFIFOMem_224__reg/Q_N    0.00    0.00   -0.00 (VIOLATED)
i_croc_soc/i_croc/i_uart/i_apb_uart.UART_TXFF.iFIFOMem_225__reg/Q_N    0.00    0.00   -0.00 (VIOLATED)
i_croc_soc/i_croc/i_uart/i_apb_uart.UART_TXFF.iFIFOMem_226__reg/Q_N    0.00    0.00   -0.00 (VIOLATED)
i_croc_soc/i_croc/i_uart/i_apb_uart.UART_TXFF.iFIFOMem_227__reg/Q_N    0.00    0.00   -0.00 (VIOLATED)
i_croc_soc/i_croc/i_uart/i_apb_uart.UART_TXFF.iFIFOMem_228__reg/Q_N    0.00    0.00   -0.00 (VIOLATED)
i_croc_soc/i_croc/i_uart/i_apb_uart.UART_TXFF.iFIFOMem_229__reg/Q_N    0.00    0.00   -0.00 (VIOLATED)
i_croc_soc/i_croc/i_uart/i_apb_uart.UART_TXFF.iFIFOMem_22__reg/Q_N    0.00    0.00   -0.00 (VIOLATED)
i_croc_soc/i_croc/i_uart/i_apb_uart.UART_TXFF.iFIFOMem_230__reg/Q_N    0.00    0.00   -0.00 (VIOLATED)
i_croc_soc/i_croc/i_uart/i_apb_uart.UART_TXFF.iFIFOMem_231__reg/Q_N    0.00    0.00   -0.00 (VIOLATED)
i_croc_soc/i_croc/i_uart/i_apb_uart.UART_TXFF.iFIFOMem_232__reg/Q_N    0.00    0.00   -0.00 (VIOLATED)
i_croc_soc/i_croc/i_uart/i_apb_uart.UART_TXFF.iFIFOMem_233__reg/Q_N    0.00    0.00   -0.00 (VIOLATED)
i_croc_soc/i_croc/i_uart/i_apb_uart.UART_TXFF.iFIFOMem_234__reg/Q_N    0.00    0.00   -0.00 (VIOLATED)
i_croc_soc/i_croc/i_uart/i_apb_uart.UART_TXFF.iFIFOMem_235__reg/Q_N    0.00    0.00   -0.00 (VIOLATED)
i_croc_soc/i_croc/i_uart/i_apb_uart.UART_TXFF.iFIFOMem_236__reg/Q_N    0.00    0.00   -0.00 (VIOLATED)
i_croc_soc/i_croc/i_uart/i_apb_uart.UART_TXFF.iFIFOMem_237__reg/Q_N    0.00    0.00   -0.00 (VIOLATED)
i_croc_soc/i_croc/i_uart/i_apb_uart.UART_TXFF.iFIFOMem_238__reg/Q_N    0.00    0.00   -0.00 (VIOLATED)
i_croc_soc/i_croc/i_uart/i_apb_uart.UART_TXFF.iFIFOMem_239__reg/Q_N    0.00    0.00   -0.00 (VIOLATED)
i_croc_soc/i_croc/i_uart/i_apb_uart.UART_TXFF.iFIFOMem_23__reg/Q_N    0.00    0.00   -0.00 (VIOLATED)
i_croc_soc/i_croc/i_uart/i_apb_uart.UART_TXFF.iFIFOMem_240__reg/Q_N    0.00    0.00   -0.00 (VIOLATED)
i_croc_soc/i_croc/i_uart/i_apb_uart.UART_TXFF.iFIFOMem_241__reg/Q_N    0.00    0.00   -0.00 (VIOLATED)
i_croc_soc/i_croc/i_uart/i_apb_uart.UART_TXFF.iFIFOMem_242__reg/Q_N    0.00    0.00   -0.00 (VIOLATED)
i_croc_soc/i_croc/i_uart/i_apb_uart.UART_TXFF.iFIFOMem_243__reg/Q_N    0.00    0.00   -0.00 (VIOLATED)
i_croc_soc/i_croc/i_uart/i_apb_uart.UART_TXFF.iFIFOMem_244__reg/Q_N    0.00    0.00   -0.00 (VIOLATED)
i_croc_soc/i_croc/i_uart/i_apb_uart.UART_TXFF.iFIFOMem_245__reg/Q_N    0.00    0.00   -0.00 (VIOLATED)
i_croc_soc/i_croc/i_uart/i_apb_uart.UART_TXFF.iFIFOMem_246__reg/Q_N    0.00    0.00   -0.00 (VIOLATED)
i_croc_soc/i_croc/i_uart/i_apb_uart.UART_TXFF.iFIFOMem_247__reg/Q_N    0.00    0.00   -0.00 (VIOLATED)
i_croc_soc/i_croc/i_uart/i_apb_uart.UART_TXFF.iFIFOMem_248__reg/Q_N    0.00    0.00   -0.00 (VIOLATED)
i_croc_soc/i_croc/i_uart/i_apb_uart.UART_TXFF.iFIFOMem_249__reg/Q_N    0.00    0.00   -0.00 (VIOLATED)
i_croc_soc/i_croc/i_uart/i_apb_uart.UART_TXFF.iFIFOMem_24__reg/Q_N    0.00    0.00   -0.00 (VIOLATED)
i_croc_soc/i_croc/i_uart/i_apb_uart.UART_TXFF.iFIFOMem_250__reg/Q_N    0.00    0.00   -0.00 (VIOLATED)
i_croc_soc/i_croc/i_uart/i_apb_uart.UART_TXFF.iFIFOMem_251__reg/Q_N    0.00    0.00   -0.00 (VIOLATED)
i_croc_soc/i_croc/i_uart/i_apb_uart.UART_TXFF.iFIFOMem_252__reg/Q_N    0.00    0.00   -0.00 (VIOLATED)
i_croc_soc/i_croc/i_uart/i_apb_uart.UART_TXFF.iFIFOMem_253__reg/Q_N    0.00    0.00   -0.00 (VIOLATED)
i_croc_soc/i_croc/i_uart/i_apb_uart.UART_TXFF.iFIFOMem_254__reg/Q_N    0.00    0.00   -0.00 (VIOLATED)
i_croc_soc/i_croc/i_uart/i_apb_uart.UART_TXFF.iFIFOMem_255__reg/Q_N    0.00    0.00   -0.00 (VIOLATED)
i_croc_soc/i_croc/i_uart/i_apb_uart.UART_TXFF.iFIFOMem_256__reg/Q_N    0.00    0.00   -0.00 (VIOLATED)
i_croc_soc/i_croc/i_uart/i_apb_uart.UART_TXFF.iFIFOMem_257__reg/Q_N    0.00    0.00   -0.00 (VIOLATED)
i_croc_soc/i_croc/i_uart/i_apb_uart.UART_TXFF.iFIFOMem_258__reg/Q_N    0.00    0.00   -0.00 (VIOLATED)
i_croc_soc/i_croc/i_uart/i_apb_uart.UART_TXFF.iFIFOMem_259__reg/Q_N    0.00    0.00   -0.00 (VIOLATED)
i_croc_soc/i_croc/i_uart/i_apb_uart.UART_TXFF.iFIFOMem_25__reg/Q_N    0.00    0.00   -0.00 (VIOLATED)
i_croc_soc/i_croc/i_uart/i_apb_uart.UART_TXFF.iFIFOMem_260__reg/Q_N    0.00    0.00   -0.00 (VIOLATED)
i_croc_soc/i_croc/i_uart/i_apb_uart.UART_TXFF.iFIFOMem_261__reg/Q_N    0.00    0.00   -0.00 (VIOLATED)
i_croc_soc/i_croc/i_uart/i_apb_uart.UART_TXFF.iFIFOMem_262__reg/Q_N    0.00    0.00   -0.00 (VIOLATED)
i_croc_soc/i_croc/i_uart/i_apb_uart.UART_TXFF.iFIFOMem_263__reg/Q_N    0.00    0.00   -0.00 (VIOLATED)
i_croc_soc/i_croc/i_uart/i_apb_uart.UART_TXFF.iFIFOMem_264__reg/Q_N    0.00    0.00   -0.00 (VIOLATED)
i_croc_soc/i_croc/i_uart/i_apb_uart.UART_TXFF.iFIFOMem_265__reg/Q_N    0.00    0.00   -0.00 (VIOLATED)
i_croc_soc/i_croc/i_uart/i_apb_uart.UART_TXFF.iFIFOMem_266__reg/Q_N    0.00    0.00   -0.00 (VIOLATED)
i_croc_soc/i_croc/i_uart/i_apb_uart.UART_TXFF.iFIFOMem_267__reg/Q_N    0.00    0.00   -0.00 (VIOLATED)
i_croc_soc/i_croc/i_uart/i_apb_uart.UART_TXFF.iFIFOMem_268__reg/Q_N    0.00    0.00   -0.00 (VIOLATED)
i_croc_soc/i_croc/i_uart/i_apb_uart.UART_TXFF.iFIFOMem_269__reg/Q_N    0.00    0.00   -0.00 (VIOLATED)
i_croc_soc/i_croc/i_uart/i_apb_uart.UART_TXFF.iFIFOMem_26__reg/Q_N    0.00    0.00   -0.00 (VIOLATED)
i_croc_soc/i_croc/i_uart/i_apb_uart.UART_TXFF.iFIFOMem_270__reg/Q_N    0.00    0.00   -0.00 (VIOLATED)
i_croc_soc/i_croc/i_uart/i_apb_uart.UART_TXFF.iFIFOMem_271__reg/Q_N    0.00    0.00   -0.00 (VIOLATED)
i_croc_soc/i_croc/i_uart/i_apb_uart.UART_TXFF.iFIFOMem_272__reg/Q_N    0.00    0.00   -0.00 (VIOLATED)
i_croc_soc/i_croc/i_uart/i_apb_uart.UART_TXFF.iFIFOMem_273__reg/Q_N    0.00    0.00   -0.00 (VIOLATED)
i_croc_soc/i_croc/i_uart/i_apb_uart.UART_TXFF.iFIFOMem_274__reg/Q_N    0.00    0.00   -0.00 (VIOLATED)
i_croc_soc/i_croc/i_uart/i_apb_uart.UART_TXFF.iFIFOMem_275__reg/Q_N    0.00    0.00   -0.00 (VIOLATED)
i_croc_soc/i_croc/i_uart/i_apb_uart.UART_TXFF.iFIFOMem_276__reg/Q_N    0.00    0.00   -0.00 (VIOLATED)
i_croc_soc/i_croc/i_uart/i_apb_uart.UART_TXFF.iFIFOMem_277__reg/Q_N    0.00    0.00   -0.00 (VIOLATED)
i_croc_soc/i_croc/i_uart/i_apb_uart.UART_TXFF.iFIFOMem_278__reg/Q_N    0.00    0.00   -0.00 (VIOLATED)
i_croc_soc/i_croc/i_uart/i_apb_uart.UART_TXFF.iFIFOMem_279__reg/Q_N    0.00    0.00   -0.00 (VIOLATED)
i_croc_soc/i_croc/i_uart/i_apb_uart.UART_TXFF.iFIFOMem_27__reg/Q_N    0.00    0.00   -0.00 (VIOLATED)
i_croc_soc/i_croc/i_uart/i_apb_uart.UART_TXFF.iFIFOMem_280__reg/Q_N    0.00    0.00   -0.00 (VIOLATED)
i_croc_soc/i_croc/i_uart/i_apb_uart.UART_TXFF.iFIFOMem_281__reg/Q_N    0.00    0.00   -0.00 (VIOLATED)
i_croc_soc/i_croc/i_uart/i_apb_uart.UART_TXFF.iFIFOMem_282__reg/Q_N    0.00    0.00   -0.00 (VIOLATED)
i_croc_soc/i_croc/i_uart/i_apb_uart.UART_TXFF.iFIFOMem_283__reg/Q_N    0.00    0.00   -0.00 (VIOLATED)
i_croc_soc/i_croc/i_uart/i_apb_uart.UART_TXFF.iFIFOMem_284__reg/Q_N    0.00    0.00   -0.00 (VIOLATED)
i_croc_soc/i_croc/i_uart/i_apb_uart.UART_TXFF.iFIFOMem_285__reg/Q_N    0.00    0.00   -0.00 (VIOLATED)
i_croc_soc/i_croc/i_uart/i_apb_uart.UART_TXFF.iFIFOMem_286__reg/Q_N    0.00    0.00   -0.00 (VIOLATED)
i_croc_soc/i_croc/i_uart/i_apb_uart.UART_TXFF.iFIFOMem_287__reg/Q_N    0.00    0.00   -0.00 (VIOLATED)
i_croc_soc/i_croc/i_uart/i_apb_uart.UART_TXFF.iFIFOMem_288__reg/Q_N    0.00    0.00   -0.00 (VIOLATED)
i_croc_soc/i_croc/i_uart/i_apb_uart.UART_TXFF.iFIFOMem_289__reg/Q_N    0.00    0.00   -0.00 (VIOLATED)
i_croc_soc/i_croc/i_uart/i_apb_uart.UART_TXFF.iFIFOMem_28__reg/Q_N    0.00    0.00   -0.00 (VIOLATED)
i_croc_soc/i_croc/i_uart/i_apb_uart.UART_TXFF.iFIFOMem_290__reg/Q_N    0.00    0.00   -0.00 (VIOLATED)
i_croc_soc/i_croc/i_uart/i_apb_uart.UART_TXFF.iFIFOMem_291__reg/Q_N    0.00    0.00   -0.00 (VIOLATED)
i_croc_soc/i_croc/i_uart/i_apb_uart.UART_TXFF.iFIFOMem_292__reg/Q_N    0.00    0.00   -0.00 (VIOLATED)
i_croc_soc/i_croc/i_uart/i_apb_uart.UART_TXFF.iFIFOMem_293__reg/Q_N    0.00    0.00   -0.00 (VIOLATED)
i_croc_soc/i_croc/i_uart/i_apb_uart.UART_TXFF.iFIFOMem_294__reg/Q_N    0.00    0.00   -0.00 (VIOLATED)
i_croc_soc/i_croc/i_uart/i_apb_uart.UART_TXFF.iFIFOMem_295__reg/Q_N    0.00    0.00   -0.00 (VIOLATED)
i_croc_soc/i_croc/i_uart/i_apb_uart.UART_TXFF.iFIFOMem_296__reg/Q_N    0.00    0.00   -0.00 (VIOLATED)
i_croc_soc/i_croc/i_uart/i_apb_uart.UART_TXFF.iFIFOMem_297__reg/Q_N    0.00    0.00   -0.00 (VIOLATED)
i_croc_soc/i_croc/i_uart/i_apb_uart.UART_TXFF.iFIFOMem_298__reg/Q_N    0.00    0.00   -0.00 (VIOLATED)
i_croc_soc/i_croc/i_uart/i_apb_uart.UART_TXFF.iFIFOMem_299__reg/Q_N    0.00    0.00   -0.00 (VIOLATED)
i_croc_soc/i_croc/i_uart/i_apb_uart.UART_TXFF.iFIFOMem_29__reg/Q_N    0.00    0.00   -0.00 (VIOLATED)
i_croc_soc/i_croc/i_uart/i_apb_uart.UART_TXFF.iFIFOMem_2__reg/Q_N    0.00    0.00   -0.00 (VIOLATED)
i_croc_soc/i_croc/i_uart/i_apb_uart.UART_TXFF.iFIFOMem_300__reg/Q_N    0.00    0.00   -0.00 (VIOLATED)
i_croc_soc/i_croc/i_uart/i_apb_uart.UART_TXFF.iFIFOMem_301__reg/Q_N    0.00    0.00   -0.00 (VIOLATED)
i_croc_soc/i_croc/i_uart/i_apb_uart.UART_TXFF.iFIFOMem_302__reg/Q_N    0.00    0.00   -0.00 (VIOLATED)
i_croc_soc/i_croc/i_uart/i_apb_uart.UART_TXFF.iFIFOMem_303__reg/Q_N    0.00    0.00   -0.00 (VIOLATED)
i_croc_soc/i_croc/i_uart/i_apb_uart.UART_TXFF.iFIFOMem_304__reg/Q_N    0.00    0.00   -0.00 (VIOLATED)
i_croc_soc/i_croc/i_uart/i_apb_uart.UART_TXFF.iFIFOMem_305__reg/Q_N    0.00    0.00   -0.00 (VIOLATED)
i_croc_soc/i_croc/i_uart/i_apb_uart.UART_TXFF.iFIFOMem_306__reg/Q_N    0.00    0.00   -0.00 (VIOLATED)
i_croc_soc/i_croc/i_uart/i_apb_uart.UART_TXFF.iFIFOMem_307__reg/Q_N    0.00    0.00   -0.00 (VIOLATED)
i_croc_soc/i_croc/i_uart/i_apb_uart.UART_TXFF.iFIFOMem_308__reg/Q_N    0.00    0.00   -0.00 (VIOLATED)
i_croc_soc/i_croc/i_uart/i_apb_uart.UART_TXFF.iFIFOMem_309__reg/Q_N    0.00    0.00   -0.00 (VIOLATED)
i_croc_soc/i_croc/i_uart/i_apb_uart.UART_TXFF.iFIFOMem_30__reg/Q_N    0.00    0.00   -0.00 (VIOLATED)
i_croc_soc/i_croc/i_uart/i_apb_uart.UART_TXFF.iFIFOMem_310__reg/Q_N    0.00    0.00   -0.00 (VIOLATED)
i_croc_soc/i_croc/i_uart/i_apb_uart.UART_TXFF.iFIFOMem_311__reg/Q_N    0.00    0.00   -0.00 (VIOLATED)
i_croc_soc/i_croc/i_uart/i_apb_uart.UART_TXFF.iFIFOMem_312__reg/Q_N    0.00    0.00   -0.00 (VIOLATED)
i_croc_soc/i_croc/i_uart/i_apb_uart.UART_TXFF.iFIFOMem_313__reg/Q_N    0.00    0.00   -0.00 (VIOLATED)
i_croc_soc/i_croc/i_uart/i_apb_uart.UART_TXFF.iFIFOMem_314__reg/Q_N    0.00    0.00   -0.00 (VIOLATED)
i_croc_soc/i_croc/i_uart/i_apb_uart.UART_TXFF.iFIFOMem_315__reg/Q_N    0.00    0.00   -0.00 (VIOLATED)
i_croc_soc/i_croc/i_uart/i_apb_uart.UART_TXFF.iFIFOMem_316__reg/Q_N    0.00    0.00   -0.00 (VIOLATED)
i_croc_soc/i_croc/i_uart/i_apb_uart.UART_TXFF.iFIFOMem_317__reg/Q_N    0.00    0.00   -0.00 (VIOLATED)
i_croc_soc/i_croc/i_uart/i_apb_uart.UART_TXFF.iFIFOMem_318__reg/Q_N    0.00    0.00   -0.00 (VIOLATED)
i_croc_soc/i_croc/i_uart/i_apb_uart.UART_TXFF.iFIFOMem_319__reg/Q_N    0.00    0.00   -0.00 (VIOLATED)
i_croc_soc/i_croc/i_uart/i_apb_uart.UART_TXFF.iFIFOMem_31__reg/Q_N    0.00    0.00   -0.00 (VIOLATED)
i_croc_soc/i_croc/i_uart/i_apb_uart.UART_TXFF.iFIFOMem_320__reg/Q_N    0.00    0.00   -0.00 (VIOLATED)
i_croc_soc/i_croc/i_uart/i_apb_uart.UART_TXFF.iFIFOMem_321__reg/Q_N    0.00    0.00   -0.00 (VIOLATED)
i_croc_soc/i_croc/i_uart/i_apb_uart.UART_TXFF.iFIFOMem_322__reg/Q_N    0.00    0.00   -0.00 (VIOLATED)
i_croc_soc/i_croc/i_uart/i_apb_uart.UART_TXFF.iFIFOMem_323__reg/Q_N    0.00    0.00   -0.00 (VIOLATED)
i_croc_soc/i_croc/i_uart/i_apb_uart.UART_TXFF.iFIFOMem_324__reg/Q_N    0.00    0.00   -0.00 (VIOLATED)
i_croc_soc/i_croc/i_uart/i_apb_uart.UART_TXFF.iFIFOMem_325__reg/Q_N    0.00    0.00   -0.00 (VIOLATED)
i_croc_soc/i_croc/i_uart/i_apb_uart.UART_TXFF.iFIFOMem_326__reg/Q_N    0.00    0.00   -0.00 (VIOLATED)
i_croc_soc/i_croc/i_uart/i_apb_uart.UART_TXFF.iFIFOMem_327__reg/Q_N    0.00    0.00   -0.00 (VIOLATED)
i_croc_soc/i_croc/i_uart/i_apb_uart.UART_TXFF.iFIFOMem_328__reg/Q_N    0.00    0.00   -0.00 (VIOLATED)
i_croc_soc/i_croc/i_uart/i_apb_uart.UART_TXFF.iFIFOMem_329__reg/Q_N    0.00    0.00   -0.00 (VIOLATED)
i_croc_soc/i_croc/i_uart/i_apb_uart.UART_TXFF.iFIFOMem_32__reg/Q_N    0.00    0.00   -0.00 (VIOLATED)
i_croc_soc/i_croc/i_uart/i_apb_uart.UART_TXFF.iFIFOMem_330__reg/Q_N    0.00    0.00   -0.00 (VIOLATED)
i_croc_soc/i_croc/i_uart/i_apb_uart.UART_TXFF.iFIFOMem_331__reg/Q_N    0.00    0.00   -0.00 (VIOLATED)
i_croc_soc/i_croc/i_uart/i_apb_uart.UART_TXFF.iFIFOMem_332__reg/Q_N    0.00    0.00   -0.00 (VIOLATED)
i_croc_soc/i_croc/i_uart/i_apb_uart.UART_TXFF.iFIFOMem_333__reg/Q_N    0.00    0.00   -0.00 (VIOLATED)
i_croc_soc/i_croc/i_uart/i_apb_uart.UART_TXFF.iFIFOMem_334__reg/Q_N    0.00    0.00   -0.00 (VIOLATED)
i_croc_soc/i_croc/i_uart/i_apb_uart.UART_TXFF.iFIFOMem_335__reg/Q_N    0.00    0.00   -0.00 (VIOLATED)
i_croc_soc/i_croc/i_uart/i_apb_uart.UART_TXFF.iFIFOMem_336__reg/Q_N    0.00    0.00   -0.00 (VIOLATED)
i_croc_soc/i_croc/i_uart/i_apb_uart.UART_TXFF.iFIFOMem_337__reg/Q_N    0.00    0.00   -0.00 (VIOLATED)
i_croc_soc/i_croc/i_uart/i_apb_uart.UART_TXFF.iFIFOMem_338__reg/Q_N    0.00    0.00   -0.00 (VIOLATED)
i_croc_soc/i_croc/i_uart/i_apb_uart.UART_TXFF.iFIFOMem_339__reg/Q_N    0.00    0.00   -0.00 (VIOLATED)
i_croc_soc/i_croc/i_uart/i_apb_uart.UART_TXFF.iFIFOMem_33__reg/Q_N    0.00    0.00   -0.00 (VIOLATED)
i_croc_soc/i_croc/i_uart/i_apb_uart.UART_TXFF.iFIFOMem_340__reg/Q_N    0.00    0.00   -0.00 (VIOLATED)
i_croc_soc/i_croc/i_uart/i_apb_uart.UART_TXFF.iFIFOMem_341__reg/Q_N    0.00    0.00   -0.00 (VIOLATED)
i_croc_soc/i_croc/i_uart/i_apb_uart.UART_TXFF.iFIFOMem_342__reg/Q_N    0.00    0.00   -0.00 (VIOLATED)
i_croc_soc/i_croc/i_uart/i_apb_uart.UART_TXFF.iFIFOMem_343__reg/Q_N    0.00    0.00   -0.00 (VIOLATED)
i_croc_soc/i_croc/i_uart/i_apb_uart.UART_TXFF.iFIFOMem_344__reg/Q_N    0.00    0.00   -0.00 (VIOLATED)
i_croc_soc/i_croc/i_uart/i_apb_uart.UART_TXFF.iFIFOMem_345__reg/Q_N    0.00    0.00   -0.00 (VIOLATED)
i_croc_soc/i_croc/i_uart/i_apb_uart.UART_TXFF.iFIFOMem_346__reg/Q_N    0.00    0.00   -0.00 (VIOLATED)
i_croc_soc/i_croc/i_uart/i_apb_uart.UART_TXFF.iFIFOMem_347__reg/Q_N    0.00    0.00   -0.00 (VIOLATED)
i_croc_soc/i_croc/i_uart/i_apb_uart.UART_TXFF.iFIFOMem_348__reg/Q_N    0.00    0.00   -0.00 (VIOLATED)
i_croc_soc/i_croc/i_uart/i_apb_uart.UART_TXFF.iFIFOMem_349__reg/Q_N    0.00    0.00   -0.00 (VIOLATED)
i_croc_soc/i_croc/i_uart/i_apb_uart.UART_TXFF.iFIFOMem_34__reg/Q_N    0.00    0.00   -0.00 (VIOLATED)
i_croc_soc/i_croc/i_uart/i_apb_uart.UART_TXFF.iFIFOMem_350__reg/Q_N    0.00    0.00   -0.00 (VIOLATED)
i_croc_soc/i_croc/i_uart/i_apb_uart.UART_TXFF.iFIFOMem_351__reg/Q_N    0.00    0.00   -0.00 (VIOLATED)
i_croc_soc/i_croc/i_uart/i_apb_uart.UART_TXFF.iFIFOMem_352__reg/Q_N    0.00    0.00   -0.00 (VIOLATED)
i_croc_soc/i_croc/i_uart/i_apb_uart.UART_TXFF.iFIFOMem_353__reg/Q_N    0.00    0.00   -0.00 (VIOLATED)
i_croc_soc/i_croc/i_uart/i_apb_uart.UART_TXFF.iFIFOMem_354__reg/Q_N    0.00    0.00   -0.00 (VIOLATED)
i_croc_soc/i_croc/i_uart/i_apb_uart.UART_TXFF.iFIFOMem_355__reg/Q_N    0.00    0.00   -0.00 (VIOLATED)
i_croc_soc/i_croc/i_uart/i_apb_uart.UART_TXFF.iFIFOMem_356__reg/Q_N    0.00    0.00   -0.00 (VIOLATED)
i_croc_soc/i_croc/i_uart/i_apb_uart.UART_TXFF.iFIFOMem_357__reg/Q_N    0.00    0.00   -0.00 (VIOLATED)
i_croc_soc/i_croc/i_uart/i_apb_uart.UART_TXFF.iFIFOMem_358__reg/Q_N    0.00    0.00   -0.00 (VIOLATED)
i_croc_soc/i_croc/i_uart/i_apb_uart.UART_TXFF.iFIFOMem_359__reg/Q_N    0.00    0.00   -0.00 (VIOLATED)
i_croc_soc/i_croc/i_uart/i_apb_uart.UART_TXFF.iFIFOMem_35__reg/Q_N    0.00    0.00   -0.00 (VIOLATED)
i_croc_soc/i_croc/i_uart/i_apb_uart.UART_TXFF.iFIFOMem_360__reg/Q_N    0.00    0.00   -0.00 (VIOLATED)
i_croc_soc/i_croc/i_uart/i_apb_uart.UART_TXFF.iFIFOMem_361__reg/Q_N    0.00    0.00   -0.00 (VIOLATED)
i_croc_soc/i_croc/i_uart/i_apb_uart.UART_TXFF.iFIFOMem_362__reg/Q_N    0.00    0.00   -0.00 (VIOLATED)
i_croc_soc/i_croc/i_uart/i_apb_uart.UART_TXFF.iFIFOMem_363__reg/Q_N    0.00    0.00   -0.00 (VIOLATED)
i_croc_soc/i_croc/i_uart/i_apb_uart.UART_TXFF.iFIFOMem_364__reg/Q_N    0.00    0.00   -0.00 (VIOLATED)
i_croc_soc/i_croc/i_uart/i_apb_uart.UART_TXFF.iFIFOMem_365__reg/Q_N    0.00    0.00   -0.00 (VIOLATED)
i_croc_soc/i_croc/i_uart/i_apb_uart.UART_TXFF.iFIFOMem_366__reg/Q_N    0.00    0.00   -0.00 (VIOLATED)
i_croc_soc/i_croc/i_uart/i_apb_uart.UART_TXFF.iFIFOMem_367__reg/Q_N    0.00    0.00   -0.00 (VIOLATED)
i_croc_soc/i_croc/i_uart/i_apb_uart.UART_TXFF.iFIFOMem_368__reg/Q_N    0.00    0.00   -0.00 (VIOLATED)
i_croc_soc/i_croc/i_uart/i_apb_uart.UART_TXFF.iFIFOMem_369__reg/Q_N    0.00    0.00   -0.00 (VIOLATED)
i_croc_soc/i_croc/i_uart/i_apb_uart.UART_TXFF.iFIFOMem_36__reg/Q_N    0.00    0.00   -0.00 (VIOLATED)
i_croc_soc/i_croc/i_uart/i_apb_uart.UART_TXFF.iFIFOMem_370__reg/Q_N    0.00    0.00   -0.00 (VIOLATED)
i_croc_soc/i_croc/i_uart/i_apb_uart.UART_TXFF.iFIFOMem_371__reg/Q_N    0.00    0.00   -0.00 (VIOLATED)
i_croc_soc/i_croc/i_uart/i_apb_uart.UART_TXFF.iFIFOMem_372__reg/Q_N    0.00    0.00   -0.00 (VIOLATED)
i_croc_soc/i_croc/i_uart/i_apb_uart.UART_TXFF.iFIFOMem_373__reg/Q_N    0.00    0.00   -0.00 (VIOLATED)
i_croc_soc/i_croc/i_uart/i_apb_uart.UART_TXFF.iFIFOMem_374__reg/Q_N    0.00    0.00   -0.00 (VIOLATED)
i_croc_soc/i_croc/i_uart/i_apb_uart.UART_TXFF.iFIFOMem_375__reg/Q_N    0.00    0.00   -0.00 (VIOLATED)
i_croc_soc/i_croc/i_uart/i_apb_uart.UART_TXFF.iFIFOMem_376__reg/Q_N    0.00    0.00   -0.00 (VIOLATED)
i_croc_soc/i_croc/i_uart/i_apb_uart.UART_TXFF.iFIFOMem_377__reg/Q_N    0.00    0.00   -0.00 (VIOLATED)
i_croc_soc/i_croc/i_uart/i_apb_uart.UART_TXFF.iFIFOMem_378__reg/Q_N    0.00    0.00   -0.00 (VIOLATED)
i_croc_soc/i_croc/i_uart/i_apb_uart.UART_TXFF.iFIFOMem_379__reg/Q_N    0.00    0.00   -0.00 (VIOLATED)
i_croc_soc/i_croc/i_uart/i_apb_uart.UART_TXFF.iFIFOMem_37__reg/Q_N    0.00    0.00   -0.00 (VIOLATED)
i_croc_soc/i_croc/i_uart/i_apb_uart.UART_TXFF.iFIFOMem_380__reg/Q_N    0.00    0.00   -0.00 (VIOLATED)
i_croc_soc/i_croc/i_uart/i_apb_uart.UART_TXFF.iFIFOMem_381__reg/Q_N    0.00    0.00   -0.00 (VIOLATED)
i_croc_soc/i_croc/i_uart/i_apb_uart.UART_TXFF.iFIFOMem_382__reg/Q_N    0.00    0.00   -0.00 (VIOLATED)
i_croc_soc/i_croc/i_uart/i_apb_uart.UART_TXFF.iFIFOMem_383__reg/Q_N    0.00    0.00   -0.00 (VIOLATED)
i_croc_soc/i_croc/i_uart/i_apb_uart.UART_TXFF.iFIFOMem_384__reg/Q_N    0.00    0.00   -0.00 (VIOLATED)
i_croc_soc/i_croc/i_uart/i_apb_uart.UART_TXFF.iFIFOMem_385__reg/Q_N    0.00    0.00   -0.00 (VIOLATED)
i_croc_soc/i_croc/i_uart/i_apb_uart.UART_TXFF.iFIFOMem_386__reg/Q_N    0.00    0.00   -0.00 (VIOLATED)
i_croc_soc/i_croc/i_uart/i_apb_uart.UART_TXFF.iFIFOMem_387__reg/Q_N    0.00    0.00   -0.00 (VIOLATED)
i_croc_soc/i_croc/i_uart/i_apb_uart.UART_TXFF.iFIFOMem_388__reg/Q_N    0.00    0.00   -0.00 (VIOLATED)
i_croc_soc/i_croc/i_uart/i_apb_uart.UART_TXFF.iFIFOMem_389__reg/Q_N    0.00    0.00   -0.00 (VIOLATED)
i_croc_soc/i_croc/i_uart/i_apb_uart.UART_TXFF.iFIFOMem_38__reg/Q_N    0.00    0.00   -0.00 (VIOLATED)
i_croc_soc/i_croc/i_uart/i_apb_uart.UART_TXFF.iFIFOMem_390__reg/Q_N    0.00    0.00   -0.00 (VIOLATED)
i_croc_soc/i_croc/i_uart/i_apb_uart.UART_TXFF.iFIFOMem_391__reg/Q_N    0.00    0.00   -0.00 (VIOLATED)
i_croc_soc/i_croc/i_uart/i_apb_uart.UART_TXFF.iFIFOMem_392__reg/Q_N    0.00    0.00   -0.00 (VIOLATED)
i_croc_soc/i_croc/i_uart/i_apb_uart.UART_TXFF.iFIFOMem_393__reg/Q_N    0.00    0.00   -0.00 (VIOLATED)
i_croc_soc/i_croc/i_uart/i_apb_uart.UART_TXFF.iFIFOMem_394__reg/Q_N    0.00    0.00   -0.00 (VIOLATED)
i_croc_soc/i_croc/i_uart/i_apb_uart.UART_TXFF.iFIFOMem_395__reg/Q_N    0.00    0.00   -0.00 (VIOLATED)
i_croc_soc/i_croc/i_uart/i_apb_uart.UART_TXFF.iFIFOMem_396__reg/Q_N    0.00    0.00   -0.00 (VIOLATED)
i_croc_soc/i_croc/i_uart/i_apb_uart.UART_TXFF.iFIFOMem_397__reg/Q_N    0.00    0.00   -0.00 (VIOLATED)
i_croc_soc/i_croc/i_uart/i_apb_uart.UART_TXFF.iFIFOMem_398__reg/Q_N    0.00    0.00   -0.00 (VIOLATED)
i_croc_soc/i_croc/i_uart/i_apb_uart.UART_TXFF.iFIFOMem_399__reg/Q_N    0.00    0.00   -0.00 (VIOLATED)
i_croc_soc/i_croc/i_uart/i_apb_uart.UART_TXFF.iFIFOMem_39__reg/Q_N    0.00    0.00   -0.00 (VIOLATED)
i_croc_soc/i_croc/i_uart/i_apb_uart.UART_TXFF.iFIFOMem_3__reg/Q_N    0.00    0.00   -0.00 (VIOLATED)
i_croc_soc/i_croc/i_uart/i_apb_uart.UART_TXFF.iFIFOMem_400__reg/Q_N    0.00    0.00   -0.00 (VIOLATED)
i_croc_soc/i_croc/i_uart/i_apb_uart.UART_TXFF.iFIFOMem_401__reg/Q_N    0.00    0.00   -0.00 (VIOLATED)
i_croc_soc/i_croc/i_uart/i_apb_uart.UART_TXFF.iFIFOMem_402__reg/Q_N    0.00    0.00   -0.00 (VIOLATED)
i_croc_soc/i_croc/i_uart/i_apb_uart.UART_TXFF.iFIFOMem_403__reg/Q_N    0.00    0.00   -0.00 (VIOLATED)
i_croc_soc/i_croc/i_uart/i_apb_uart.UART_TXFF.iFIFOMem_404__reg/Q_N    0.00    0.00   -0.00 (VIOLATED)
i_croc_soc/i_croc/i_uart/i_apb_uart.UART_TXFF.iFIFOMem_405__reg/Q_N    0.00    0.00   -0.00 (VIOLATED)
i_croc_soc/i_croc/i_uart/i_apb_uart.UART_TXFF.iFIFOMem_406__reg/Q_N    0.00    0.00   -0.00 (VIOLATED)
i_croc_soc/i_croc/i_uart/i_apb_uart.UART_TXFF.iFIFOMem_407__reg/Q_N    0.00    0.00   -0.00 (VIOLATED)
i_croc_soc/i_croc/i_uart/i_apb_uart.UART_TXFF.iFIFOMem_408__reg/Q_N    0.00    0.00   -0.00 (VIOLATED)
i_croc_soc/i_croc/i_uart/i_apb_uart.UART_TXFF.iFIFOMem_409__reg/Q_N    0.00    0.00   -0.00 (VIOLATED)
i_croc_soc/i_croc/i_uart/i_apb_uart.UART_TXFF.iFIFOMem_40__reg/Q_N    0.00    0.00   -0.00 (VIOLATED)
i_croc_soc/i_croc/i_uart/i_apb_uart.UART_TXFF.iFIFOMem_410__reg/Q_N    0.00    0.00   -0.00 (VIOLATED)
i_croc_soc/i_croc/i_uart/i_apb_uart.UART_TXFF.iFIFOMem_411__reg/Q_N    0.00    0.00   -0.00 (VIOLATED)
i_croc_soc/i_croc/i_uart/i_apb_uart.UART_TXFF.iFIFOMem_412__reg/Q_N    0.00    0.00   -0.00 (VIOLATED)
i_croc_soc/i_croc/i_uart/i_apb_uart.UART_TXFF.iFIFOMem_413__reg/Q_N    0.00    0.00   -0.00 (VIOLATED)
i_croc_soc/i_croc/i_uart/i_apb_uart.UART_TXFF.iFIFOMem_414__reg/Q_N    0.00    0.00   -0.00 (VIOLATED)
i_croc_soc/i_croc/i_uart/i_apb_uart.UART_TXFF.iFIFOMem_415__reg/Q_N    0.00    0.00   -0.00 (VIOLATED)
i_croc_soc/i_croc/i_uart/i_apb_uart.UART_TXFF.iFIFOMem_416__reg/Q_N    0.00    0.00   -0.00 (VIOLATED)
i_croc_soc/i_croc/i_uart/i_apb_uart.UART_TXFF.iFIFOMem_417__reg/Q_N    0.00    0.00   -0.00 (VIOLATED)
i_croc_soc/i_croc/i_uart/i_apb_uart.UART_TXFF.iFIFOMem_418__reg/Q_N    0.00    0.00   -0.00 (VIOLATED)
i_croc_soc/i_croc/i_uart/i_apb_uart.UART_TXFF.iFIFOMem_419__reg/Q_N    0.00    0.00   -0.00 (VIOLATED)
i_croc_soc/i_croc/i_uart/i_apb_uart.UART_TXFF.iFIFOMem_41__reg/Q_N    0.00    0.00   -0.00 (VIOLATED)
i_croc_soc/i_croc/i_uart/i_apb_uart.UART_TXFF.iFIFOMem_420__reg/Q_N    0.00    0.00   -0.00 (VIOLATED)
i_croc_soc/i_croc/i_uart/i_apb_uart.UART_TXFF.iFIFOMem_421__reg/Q_N    0.00    0.00   -0.00 (VIOLATED)
i_croc_soc/i_croc/i_uart/i_apb_uart.UART_TXFF.iFIFOMem_422__reg/Q_N    0.00    0.00   -0.00 (VIOLATED)
i_croc_soc/i_croc/i_uart/i_apb_uart.UART_TXFF.iFIFOMem_423__reg/Q_N    0.00    0.00   -0.00 (VIOLATED)
i_croc_soc/i_croc/i_uart/i_apb_uart.UART_TXFF.iFIFOMem_424__reg/Q_N    0.00    0.00   -0.00 (VIOLATED)
i_croc_soc/i_croc/i_uart/i_apb_uart.UART_TXFF.iFIFOMem_425__reg/Q_N    0.00    0.00   -0.00 (VIOLATED)
i_croc_soc/i_croc/i_uart/i_apb_uart.UART_TXFF.iFIFOMem_426__reg/Q_N    0.00    0.00   -0.00 (VIOLATED)
i_croc_soc/i_croc/i_uart/i_apb_uart.UART_TXFF.iFIFOMem_427__reg/Q_N    0.00    0.00   -0.00 (VIOLATED)
i_croc_soc/i_croc/i_uart/i_apb_uart.UART_TXFF.iFIFOMem_428__reg/Q_N    0.00    0.00   -0.00 (VIOLATED)
i_croc_soc/i_croc/i_uart/i_apb_uart.UART_TXFF.iFIFOMem_429__reg/Q_N    0.00    0.00   -0.00 (VIOLATED)
i_croc_soc/i_croc/i_uart/i_apb_uart.UART_TXFF.iFIFOMem_42__reg/Q_N    0.00    0.00   -0.00 (VIOLATED)
i_croc_soc/i_croc/i_uart/i_apb_uart.UART_TXFF.iFIFOMem_430__reg/Q_N    0.00    0.00   -0.00 (VIOLATED)
i_croc_soc/i_croc/i_uart/i_apb_uart.UART_TXFF.iFIFOMem_431__reg/Q_N    0.00    0.00   -0.00 (VIOLATED)
i_croc_soc/i_croc/i_uart/i_apb_uart.UART_TXFF.iFIFOMem_432__reg/Q_N    0.00    0.00   -0.00 (VIOLATED)
i_croc_soc/i_croc/i_uart/i_apb_uart.UART_TXFF.iFIFOMem_433__reg/Q_N    0.00    0.00   -0.00 (VIOLATED)
i_croc_soc/i_croc/i_uart/i_apb_uart.UART_TXFF.iFIFOMem_434__reg/Q_N    0.00    0.00   -0.00 (VIOLATED)
i_croc_soc/i_croc/i_uart/i_apb_uart.UART_TXFF.iFIFOMem_435__reg/Q_N    0.00    0.00   -0.00 (VIOLATED)
i_croc_soc/i_croc/i_uart/i_apb_uart.UART_TXFF.iFIFOMem_436__reg/Q_N    0.00    0.00   -0.00 (VIOLATED)
i_croc_soc/i_croc/i_uart/i_apb_uart.UART_TXFF.iFIFOMem_437__reg/Q_N    0.00    0.00   -0.00 (VIOLATED)
i_croc_soc/i_croc/i_uart/i_apb_uart.UART_TXFF.iFIFOMem_438__reg/Q_N    0.00    0.00   -0.00 (VIOLATED)
i_croc_soc/i_croc/i_uart/i_apb_uart.UART_TXFF.iFIFOMem_439__reg/Q_N    0.00    0.00   -0.00 (VIOLATED)
i_croc_soc/i_croc/i_uart/i_apb_uart.UART_TXFF.iFIFOMem_43__reg/Q_N    0.00    0.00   -0.00 (VIOLATED)
i_croc_soc/i_croc/i_uart/i_apb_uart.UART_TXFF.iFIFOMem_440__reg/Q_N    0.00    0.00   -0.00 (VIOLATED)
i_croc_soc/i_croc/i_uart/i_apb_uart.UART_TXFF.iFIFOMem_441__reg/Q_N    0.00    0.00   -0.00 (VIOLATED)
i_croc_soc/i_croc/i_uart/i_apb_uart.UART_TXFF.iFIFOMem_442__reg/Q_N    0.00    0.00   -0.00 (VIOLATED)
i_croc_soc/i_croc/i_uart/i_apb_uart.UART_TXFF.iFIFOMem_443__reg/Q_N    0.00    0.00   -0.00 (VIOLATED)
i_croc_soc/i_croc/i_uart/i_apb_uart.UART_TXFF.iFIFOMem_444__reg/Q_N    0.00    0.00   -0.00 (VIOLATED)
i_croc_soc/i_croc/i_uart/i_apb_uart.UART_TXFF.iFIFOMem_445__reg/Q_N    0.00    0.00   -0.00 (VIOLATED)
i_croc_soc/i_croc/i_uart/i_apb_uart.UART_TXFF.iFIFOMem_446__reg/Q_N    0.00    0.00   -0.00 (VIOLATED)
i_croc_soc/i_croc/i_uart/i_apb_uart.UART_TXFF.iFIFOMem_447__reg/Q_N    0.00    0.00   -0.00 (VIOLATED)
i_croc_soc/i_croc/i_uart/i_apb_uart.UART_TXFF.iFIFOMem_448__reg/Q_N    0.00    0.00   -0.00 (VIOLATED)
i_croc_soc/i_croc/i_uart/i_apb_uart.UART_TXFF.iFIFOMem_449__reg/Q_N    0.00    0.00   -0.00 (VIOLATED)
i_croc_soc/i_croc/i_uart/i_apb_uart.UART_TXFF.iFIFOMem_44__reg/Q_N    0.00    0.00   -0.00 (VIOLATED)
i_croc_soc/i_croc/i_uart/i_apb_uart.UART_TXFF.iFIFOMem_450__reg/Q_N    0.00    0.00   -0.00 (VIOLATED)
i_croc_soc/i_croc/i_uart/i_apb_uart.UART_TXFF.iFIFOMem_451__reg/Q_N    0.00    0.00   -0.00 (VIOLATED)
i_croc_soc/i_croc/i_uart/i_apb_uart.UART_TXFF.iFIFOMem_452__reg/Q_N    0.00    0.00   -0.00 (VIOLATED)
i_croc_soc/i_croc/i_uart/i_apb_uart.UART_TXFF.iFIFOMem_453__reg/Q_N    0.00    0.00   -0.00 (VIOLATED)
i_croc_soc/i_croc/i_uart/i_apb_uart.UART_TXFF.iFIFOMem_454__reg/Q_N    0.00    0.00   -0.00 (VIOLATED)
i_croc_soc/i_croc/i_uart/i_apb_uart.UART_TXFF.iFIFOMem_455__reg/Q_N    0.00    0.00   -0.00 (VIOLATED)
i_croc_soc/i_croc/i_uart/i_apb_uart.UART_TXFF.iFIFOMem_456__reg/Q_N    0.00    0.00   -0.00 (VIOLATED)
i_croc_soc/i_croc/i_uart/i_apb_uart.UART_TXFF.iFIFOMem_457__reg/Q_N    0.00    0.00   -0.00 (VIOLATED)
i_croc_soc/i_croc/i_uart/i_apb_uart.UART_TXFF.iFIFOMem_458__reg/Q_N    0.00    0.00   -0.00 (VIOLATED)
i_croc_soc/i_croc/i_uart/i_apb_uart.UART_TXFF.iFIFOMem_459__reg/Q_N    0.00    0.00   -0.00 (VIOLATED)
i_croc_soc/i_croc/i_uart/i_apb_uart.UART_TXFF.iFIFOMem_45__reg/Q_N    0.00    0.00   -0.00 (VIOLATED)
i_croc_soc/i_croc/i_uart/i_apb_uart.UART_TXFF.iFIFOMem_460__reg/Q_N    0.00    0.00   -0.00 (VIOLATED)
i_croc_soc/i_croc/i_uart/i_apb_uart.UART_TXFF.iFIFOMem_461__reg/Q_N    0.00    0.00   -0.00 (VIOLATED)
i_croc_soc/i_croc/i_uart/i_apb_uart.UART_TXFF.iFIFOMem_462__reg/Q_N    0.00    0.00   -0.00 (VIOLATED)
i_croc_soc/i_croc/i_uart/i_apb_uart.UART_TXFF.iFIFOMem_463__reg/Q_N    0.00    0.00   -0.00 (VIOLATED)
i_croc_soc/i_croc/i_uart/i_apb_uart.UART_TXFF.iFIFOMem_464__reg/Q_N    0.00    0.00   -0.00 (VIOLATED)
i_croc_soc/i_croc/i_uart/i_apb_uart.UART_TXFF.iFIFOMem_465__reg/Q_N    0.00    0.00   -0.00 (VIOLATED)
i_croc_soc/i_croc/i_uart/i_apb_uart.UART_TXFF.iFIFOMem_466__reg/Q_N    0.00    0.00   -0.00 (VIOLATED)
i_croc_soc/i_croc/i_uart/i_apb_uart.UART_TXFF.iFIFOMem_467__reg/Q_N    0.00    0.00   -0.00 (VIOLATED)
i_croc_soc/i_croc/i_uart/i_apb_uart.UART_TXFF.iFIFOMem_468__reg/Q_N    0.00    0.00   -0.00 (VIOLATED)
i_croc_soc/i_croc/i_uart/i_apb_uart.UART_TXFF.iFIFOMem_469__reg/Q_N    0.00    0.00   -0.00 (VIOLATED)
i_croc_soc/i_croc/i_uart/i_apb_uart.UART_TXFF.iFIFOMem_46__reg/Q_N    0.00    0.00   -0.00 (VIOLATED)
i_croc_soc/i_croc/i_uart/i_apb_uart.UART_TXFF.iFIFOMem_470__reg/Q_N    0.00    0.00   -0.00 (VIOLATED)
i_croc_soc/i_croc/i_uart/i_apb_uart.UART_TXFF.iFIFOMem_471__reg/Q_N    0.00    0.00   -0.00 (VIOLATED)
i_croc_soc/i_croc/i_uart/i_apb_uart.UART_TXFF.iFIFOMem_472__reg/Q_N    0.00    0.00   -0.00 (VIOLATED)
i_croc_soc/i_croc/i_uart/i_apb_uart.UART_TXFF.iFIFOMem_473__reg/Q_N    0.00    0.00   -0.00 (VIOLATED)
i_croc_soc/i_croc/i_uart/i_apb_uart.UART_TXFF.iFIFOMem_474__reg/Q_N    0.00    0.00   -0.00 (VIOLATED)
i_croc_soc/i_croc/i_uart/i_apb_uart.UART_TXFF.iFIFOMem_475__reg/Q_N    0.00    0.00   -0.00 (VIOLATED)
i_croc_soc/i_croc/i_uart/i_apb_uart.UART_TXFF.iFIFOMem_476__reg/Q_N    0.00    0.00   -0.00 (VIOLATED)
i_croc_soc/i_croc/i_uart/i_apb_uart.UART_TXFF.iFIFOMem_477__reg/Q_N    0.00    0.00   -0.00 (VIOLATED)
i_croc_soc/i_croc/i_uart/i_apb_uart.UART_TXFF.iFIFOMem_478__reg/Q_N    0.00    0.00   -0.00 (VIOLATED)
i_croc_soc/i_croc/i_uart/i_apb_uart.UART_TXFF.iFIFOMem_479__reg/Q_N    0.00    0.00   -0.00 (VIOLATED)
i_croc_soc/i_croc/i_uart/i_apb_uart.UART_TXFF.iFIFOMem_47__reg/Q_N    0.00    0.00   -0.00 (VIOLATED)
i_croc_soc/i_croc/i_uart/i_apb_uart.UART_TXFF.iFIFOMem_480__reg/Q_N    0.00    0.00   -0.00 (VIOLATED)
i_croc_soc/i_croc/i_uart/i_apb_uart.UART_TXFF.iFIFOMem_481__reg/Q_N    0.00    0.00   -0.00 (VIOLATED)
i_croc_soc/i_croc/i_uart/i_apb_uart.UART_TXFF.iFIFOMem_482__reg/Q_N    0.00    0.00   -0.00 (VIOLATED)
i_croc_soc/i_croc/i_uart/i_apb_uart.UART_TXFF.iFIFOMem_483__reg/Q_N    0.00    0.00   -0.00 (VIOLATED)
i_croc_soc/i_croc/i_uart/i_apb_uart.UART_TXFF.iFIFOMem_484__reg/Q_N    0.00    0.00   -0.00 (VIOLATED)
i_croc_soc/i_croc/i_uart/i_apb_uart.UART_TXFF.iFIFOMem_485__reg/Q_N    0.00    0.00   -0.00 (VIOLATED)
i_croc_soc/i_croc/i_uart/i_apb_uart.UART_TXFF.iFIFOMem_486__reg/Q_N    0.00    0.00   -0.00 (VIOLATED)
i_croc_soc/i_croc/i_uart/i_apb_uart.UART_TXFF.iFIFOMem_487__reg/Q_N    0.00    0.00   -0.00 (VIOLATED)
i_croc_soc/i_croc/i_uart/i_apb_uart.UART_TXFF.iFIFOMem_488__reg/Q_N    0.00    0.00   -0.00 (VIOLATED)
i_croc_soc/i_croc/i_uart/i_apb_uart.UART_TXFF.iFIFOMem_489__reg/Q_N    0.00    0.00   -0.00 (VIOLATED)
i_croc_soc/i_croc/i_uart/i_apb_uart.UART_TXFF.iFIFOMem_48__reg/Q_N    0.00    0.00   -0.00 (VIOLATED)
i_croc_soc/i_croc/i_uart/i_apb_uart.UART_TXFF.iFIFOMem_490__reg/Q_N    0.00    0.00   -0.00 (VIOLATED)
i_croc_soc/i_croc/i_uart/i_apb_uart.UART_TXFF.iFIFOMem_491__reg/Q_N    0.00    0.00   -0.00 (VIOLATED)
i_croc_soc/i_croc/i_uart/i_apb_uart.UART_TXFF.iFIFOMem_492__reg/Q_N    0.00    0.00   -0.00 (VIOLATED)
i_croc_soc/i_croc/i_uart/i_apb_uart.UART_TXFF.iFIFOMem_493__reg/Q_N    0.00    0.00   -0.00 (VIOLATED)
i_croc_soc/i_croc/i_uart/i_apb_uart.UART_TXFF.iFIFOMem_494__reg/Q_N    0.00    0.00   -0.00 (VIOLATED)
i_croc_soc/i_croc/i_uart/i_apb_uart.UART_TXFF.iFIFOMem_495__reg/Q_N    0.00    0.00   -0.00 (VIOLATED)
i_croc_soc/i_croc/i_uart/i_apb_uart.UART_TXFF.iFIFOMem_496__reg/Q_N    0.00    0.00   -0.00 (VIOLATED)
i_croc_soc/i_croc/i_uart/i_apb_uart.UART_TXFF.iFIFOMem_497__reg/Q_N    0.00    0.00   -0.00 (VIOLATED)
i_croc_soc/i_croc/i_uart/i_apb_uart.UART_TXFF.iFIFOMem_498__reg/Q_N    0.00    0.00   -0.00 (VIOLATED)
i_croc_soc/i_croc/i_uart/i_apb_uart.UART_TXFF.iFIFOMem_499__reg/Q_N    0.00    0.00   -0.00 (VIOLATED)
i_croc_soc/i_croc/i_uart/i_apb_uart.UART_TXFF.iFIFOMem_49__reg/Q_N    0.00    0.00   -0.00 (VIOLATED)
i_croc_soc/i_croc/i_uart/i_apb_uart.UART_TXFF.iFIFOMem_4__reg/Q_N    0.00    0.00   -0.00 (VIOLATED)
i_croc_soc/i_croc/i_uart/i_apb_uart.UART_TXFF.iFIFOMem_500__reg/Q_N    0.00    0.00   -0.00 (VIOLATED)
i_croc_soc/i_croc/i_uart/i_apb_uart.UART_TXFF.iFIFOMem_501__reg/Q_N    0.00    0.00   -0.00 (VIOLATED)
i_croc_soc/i_croc/i_uart/i_apb_uart.UART_TXFF.iFIFOMem_502__reg/Q_N    0.00    0.00   -0.00 (VIOLATED)
i_croc_soc/i_croc/i_uart/i_apb_uart.UART_TXFF.iFIFOMem_503__reg/Q_N    0.00    0.00   -0.00 (VIOLATED)
i_croc_soc/i_croc/i_uart/i_apb_uart.UART_TXFF.iFIFOMem_504__reg/Q_N    0.00    0.00   -0.00 (VIOLATED)
i_croc_soc/i_croc/i_uart/i_apb_uart.UART_TXFF.iFIFOMem_505__reg/Q_N    0.00    0.00   -0.00 (VIOLATED)
i_croc_soc/i_croc/i_uart/i_apb_uart.UART_TXFF.iFIFOMem_506__reg/Q_N    0.00    0.00   -0.00 (VIOLATED)
i_croc_soc/i_croc/i_uart/i_apb_uart.UART_TXFF.iFIFOMem_507__reg/Q_N    0.00    0.00   -0.00 (VIOLATED)
i_croc_soc/i_croc/i_uart/i_apb_uart.UART_TXFF.iFIFOMem_508__reg/Q_N    0.00    0.00   -0.00 (VIOLATED)
i_croc_soc/i_croc/i_uart/i_apb_uart.UART_TXFF.iFIFOMem_509__reg/Q_N    0.00    0.00   -0.00 (VIOLATED)
i_croc_soc/i_croc/i_uart/i_apb_uart.UART_TXFF.iFIFOMem_50__reg/Q_N    0.00    0.00   -0.00 (VIOLATED)
i_croc_soc/i_croc/i_uart/i_apb_uart.UART_TXFF.iFIFOMem_510__reg/Q_N    0.00    0.00   -0.00 (VIOLATED)
i_croc_soc/i_croc/i_uart/i_apb_uart.UART_TXFF.iFIFOMem_511__reg/Q_N    0.00    0.00   -0.00 (VIOLATED)
i_croc_soc/i_croc/i_uart/i_apb_uart.UART_TXFF.iFIFOMem_51__reg/Q_N    0.00    0.00   -0.00 (VIOLATED)
i_croc_soc/i_croc/i_uart/i_apb_uart.UART_TXFF.iFIFOMem_52__reg/Q_N    0.00    0.00   -0.00 (VIOLATED)
i_croc_soc/i_croc/i_uart/i_apb_uart.UART_TXFF.iFIFOMem_53__reg/Q_N    0.00    0.00   -0.00 (VIOLATED)
i_croc_soc/i_croc/i_uart/i_apb_uart.UART_TXFF.iFIFOMem_54__reg/Q_N    0.00    0.00   -0.00 (VIOLATED)
i_croc_soc/i_croc/i_uart/i_apb_uart.UART_TXFF.iFIFOMem_55__reg/Q_N    0.00    0.00   -0.00 (VIOLATED)
i_croc_soc/i_croc/i_uart/i_apb_uart.UART_TXFF.iFIFOMem_56__reg/Q_N    0.00    0.00   -0.00 (VIOLATED)
i_croc_soc/i_croc/i_uart/i_apb_uart.UART_TXFF.iFIFOMem_57__reg/Q_N    0.00    0.00   -0.00 (VIOLATED)
i_croc_soc/i_croc/i_uart/i_apb_uart.UART_TXFF.iFIFOMem_58__reg/Q_N    0.00    0.00   -0.00 (VIOLATED)
i_croc_soc/i_croc/i_uart/i_apb_uart.UART_TXFF.iFIFOMem_59__reg/Q_N    0.00    0.00   -0.00 (VIOLATED)
i_croc_soc/i_croc/i_uart/i_apb_uart.UART_TXFF.iFIFOMem_5__reg/Q_N    0.00    0.00   -0.00 (VIOLATED)
i_croc_soc/i_croc/i_uart/i_apb_uart.UART_TXFF.iFIFOMem_60__reg/Q_N    0.00    0.00   -0.00 (VIOLATED)
i_croc_soc/i_croc/i_uart/i_apb_uart.UART_TXFF.iFIFOMem_61__reg/Q_N    0.00    0.00   -0.00 (VIOLATED)
i_croc_soc/i_croc/i_uart/i_apb_uart.UART_TXFF.iFIFOMem_62__reg/Q_N    0.00    0.00   -0.00 (VIOLATED)
i_croc_soc/i_croc/i_uart/i_apb_uart.UART_TXFF.iFIFOMem_63__reg/Q_N    0.00    0.00   -0.00 (VIOLATED)
i_croc_soc/i_croc/i_uart/i_apb_uart.UART_TXFF.iFIFOMem_64__reg/Q_N    0.00    0.00   -0.00 (VIOLATED)
i_croc_soc/i_croc/i_uart/i_apb_uart.UART_TXFF.iFIFOMem_65__reg/Q_N    0.00    0.00   -0.00 (VIOLATED)
i_croc_soc/i_croc/i_uart/i_apb_uart.UART_TXFF.iFIFOMem_66__reg/Q_N    0.00    0.00   -0.00 (VIOLATED)
i_croc_soc/i_croc/i_uart/i_apb_uart.UART_TXFF.iFIFOMem_67__reg/Q_N    0.00    0.00   -0.00 (VIOLATED)
i_croc_soc/i_croc/i_uart/i_apb_uart.UART_TXFF.iFIFOMem_68__reg/Q_N    0.00    0.00   -0.00 (VIOLATED)
i_croc_soc/i_croc/i_uart/i_apb_uart.UART_TXFF.iFIFOMem_69__reg/Q_N    0.00    0.00   -0.00 (VIOLATED)
i_croc_soc/i_croc/i_uart/i_apb_uart.UART_TXFF.iFIFOMem_6__reg/Q_N    0.00    0.00   -0.00 (VIOLATED)
i_croc_soc/i_croc/i_uart/i_apb_uart.UART_TXFF.iFIFOMem_70__reg/Q_N    0.00    0.00   -0.00 (VIOLATED)
i_croc_soc/i_croc/i_uart/i_apb_uart.UART_TXFF.iFIFOMem_71__reg/Q_N    0.00    0.00   -0.00 (VIOLATED)
i_croc_soc/i_croc/i_uart/i_apb_uart.UART_TXFF.iFIFOMem_72__reg/Q_N    0.00    0.00   -0.00 (VIOLATED)
i_croc_soc/i_croc/i_uart/i_apb_uart.UART_TXFF.iFIFOMem_73__reg/Q_N    0.00    0.00   -0.00 (VIOLATED)
i_croc_soc/i_croc/i_uart/i_apb_uart.UART_TXFF.iFIFOMem_74__reg/Q_N    0.00    0.00   -0.00 (VIOLATED)
i_croc_soc/i_croc/i_uart/i_apb_uart.UART_TXFF.iFIFOMem_75__reg/Q_N    0.00    0.00   -0.00 (VIOLATED)
i_croc_soc/i_croc/i_uart/i_apb_uart.UART_TXFF.iFIFOMem_76__reg/Q_N    0.00    0.00   -0.00 (VIOLATED)
i_croc_soc/i_croc/i_uart/i_apb_uart.UART_TXFF.iFIFOMem_77__reg/Q_N    0.00    0.00   -0.00 (VIOLATED)
i_croc_soc/i_croc/i_uart/i_apb_uart.UART_TXFF.iFIFOMem_78__reg/Q_N    0.00    0.00   -0.00 (VIOLATED)
i_croc_soc/i_croc/i_uart/i_apb_uart.UART_TXFF.iFIFOMem_79__reg/Q_N    0.00    0.00   -0.00 (VIOLATED)
i_croc_soc/i_croc/i_uart/i_apb_uart.UART_TXFF.iFIFOMem_7__reg/Q_N    0.00    0.00   -0.00 (VIOLATED)
i_croc_soc/i_croc/i_uart/i_apb_uart.UART_TXFF.iFIFOMem_80__reg/Q_N    0.00    0.00   -0.00 (VIOLATED)
i_croc_soc/i_croc/i_uart/i_apb_uart.UART_TXFF.iFIFOMem_81__reg/Q_N    0.00    0.00   -0.00 (VIOLATED)
i_croc_soc/i_croc/i_uart/i_apb_uart.UART_TXFF.iFIFOMem_82__reg/Q_N    0.00    0.00   -0.00 (VIOLATED)
i_croc_soc/i_croc/i_uart/i_apb_uart.UART_TXFF.iFIFOMem_83__reg/Q_N    0.00    0.00   -0.00 (VIOLATED)
i_croc_soc/i_croc/i_uart/i_apb_uart.UART_TXFF.iFIFOMem_84__reg/Q_N    0.00    0.00   -0.00 (VIOLATED)
i_croc_soc/i_croc/i_uart/i_apb_uart.UART_TXFF.iFIFOMem_85__reg/Q_N    0.00    0.00   -0.00 (VIOLATED)
i_croc_soc/i_croc/i_uart/i_apb_uart.UART_TXFF.iFIFOMem_86__reg/Q_N    0.00    0.00   -0.00 (VIOLATED)
i_croc_soc/i_croc/i_uart/i_apb_uart.UART_TXFF.iFIFOMem_87__reg/Q_N    0.00    0.00   -0.00 (VIOLATED)
i_croc_soc/i_croc/i_uart/i_apb_uart.UART_TXFF.iFIFOMem_88__reg/Q_N    0.00    0.00   -0.00 (VIOLATED)
i_croc_soc/i_croc/i_uart/i_apb_uart.UART_TXFF.iFIFOMem_89__reg/Q_N    0.00    0.00   -0.00 (VIOLATED)
i_croc_soc/i_croc/i_uart/i_apb_uart.UART_TXFF.iFIFOMem_8__reg/Q_N    0.00    0.00   -0.00 (VIOLATED)
i_croc_soc/i_croc/i_uart/i_apb_uart.UART_TXFF.iFIFOMem_90__reg/Q_N    0.00    0.00   -0.00 (VIOLATED)
i_croc_soc/i_croc/i_uart/i_apb_uart.UART_TXFF.iFIFOMem_91__reg/Q_N    0.00    0.00   -0.00 (VIOLATED)
i_croc_soc/i_croc/i_uart/i_apb_uart.UART_TXFF.iFIFOMem_92__reg/Q_N    0.00    0.00   -0.00 (VIOLATED)
i_croc_soc/i_croc/i_uart/i_apb_uart.UART_TXFF.iFIFOMem_93__reg/Q_N    0.00    0.00   -0.00 (VIOLATED)
i_croc_soc/i_croc/i_uart/i_apb_uart.UART_TXFF.iFIFOMem_94__reg/Q_N    0.00    0.00   -0.00 (VIOLATED)
i_croc_soc/i_croc/i_uart/i_apb_uart.UART_TXFF.iFIFOMem_95__reg/Q_N    0.00    0.00   -0.00 (VIOLATED)
i_croc_soc/i_croc/i_uart/i_apb_uart.UART_TXFF.iFIFOMem_96__reg/Q_N    0.00    0.00   -0.00 (VIOLATED)
i_croc_soc/i_croc/i_uart/i_apb_uart.UART_TXFF.iFIFOMem_97__reg/Q_N    0.00    0.00   -0.00 (VIOLATED)
i_croc_soc/i_croc/i_uart/i_apb_uart.UART_TXFF.iFIFOMem_98__reg/Q_N    0.00    0.00   -0.00 (VIOLATED)
i_croc_soc/i_croc/i_uart/i_apb_uart.UART_TXFF.iFIFOMem_99__reg/Q_N    0.00    0.00   -0.00 (VIOLATED)
i_croc_soc/i_croc/i_uart/i_apb_uart.UART_TXFF.iFIFOMem_9__reg/Q_N    0.00    0.00   -0.00 (VIOLATED)
i_croc_soc/i_croc/i_uart/i_apb_uart.UART_TXFF.iRDAddr_1__reg/Q_N    0.00    0.00   -0.00 (VIOLATED)
i_croc_soc/i_croc/i_uart/i_apb_uart.UART_TXFF.iRDAddr_2__reg/Q_N    0.00    0.00   -0.00 (VIOLATED)
i_croc_soc/i_croc/i_uart/i_apb_uart.UART_TXFF.iRDAddr_3__reg/Q_N    0.00    0.00   -0.00 (VIOLATED)
i_croc_soc/i_croc/i_uart/i_apb_uart.UART_TXFF.iRDAddr_4__reg/Q_N    0.00    0.00   -0.00 (VIOLATED)
i_croc_soc/i_croc/i_uart/i_apb_uart.UART_TXFF.iRDAddr_5__reg/Q_N    0.00    0.00   -0.00 (VIOLATED)
i_croc_soc/i_croc/i_uart/i_apb_uart.UART_TXFF.iRDAddr_6__reg/Q_N    0.00    0.00   -0.00 (VIOLATED)
i_croc_soc/i_croc/i_uart/i_apb_uart.UART_TXFF.iWRAddr_6__reg/Q_N    0.00    0.00   -0.00 (VIOLATED)
i_croc_soc/i_croc/i_uart/i_apb_uart.iFCR_FIFO64E_reg/Q_N    0.00    0.00   -0.00 (VIOLATED)
i_croc_soc/i_croc/i_uart/i_apb_uart.iFCR_RXFIFOReset_reg/Q_N    0.00    0.00   -0.00 (VIOLATED)
i_croc_soc/i_croc/i_uart/i_apb_uart.iFECounter_1__reg/Q_N    0.00    0.00   -0.00 (VIOLATED)
i_croc_soc/i_croc/i_uart/i_apb_uart.iFECounter_2__reg/Q_N    0.00    0.00   -0.00 (VIOLATED)
i_croc_soc/i_croc/i_uart/i_apb_uart.iFECounter_3__reg/Q_N    0.00    0.00   -0.00 (VIOLATED)
i_croc_soc/i_croc/i_uart/i_apb_uart.iFECounter_4__reg/Q_N    0.00    0.00   -0.00 (VIOLATED)
i_croc_soc/i_croc/i_uart/i_apb_uart.iFECounter_5__reg/Q_N    0.00    0.00   -0.00 (VIOLATED)
i_croc_soc/i_croc/i_uart/i_apb_uart.iFECounter_6__reg/Q_N    0.00    0.00   -0.00 (VIOLATED)
i_croc_soc/i_croc/i_uart/i_apb_uart.iLSR_BI_reg/Q_N    0.00    0.00   -0.00 (VIOLATED)
i_croc_soc/i_croc/i_uart/i_apb_uart.iLSR_FE_reg/Q_N    0.00    0.00   -0.00 (VIOLATED)
i_croc_soc/i_croc/i_uart/i_apb_uart.iLSR_FIFOERR_reg/Q_N    0.00    0.00   -0.00 (VIOLATED)
i_croc_soc/i_croc/i_uart/i_apb_uart.iLSR_OE_reg/Q_N    0.00    0.00   -0.00 (VIOLATED)
i_croc_soc/i_croc/i_uart/i_apb_uart.iLSR_PE_reg/Q_N    0.00    0.00   -0.00 (VIOLATED)
i_croc_soc/i_croc/i_uart/i_apb_uart.iMSR_TERI_reg/Q_N    0.00    0.00   -0.00 (VIOLATED)
i_croc_soc/i_croc/i_uart/i_apb_uart.iMSR_dCTS_reg/Q_N    0.00    0.00   -0.00 (VIOLATED)
i_croc_soc/i_croc/i_uart/i_apb_uart.iMSR_dDCD_reg/Q_N    0.00    0.00   -0.00 (VIOLATED)
i_croc_soc/i_croc/i_uart/i_apb_uart.iMSR_dDSR_reg/Q_N    0.00    0.00   -0.00 (VIOLATED)
i_croc_soc/i_croc/i_uart/i_apb_uart.iSCR_0__reg/Q_N    0.00    0.00   -0.00 (VIOLATED)
i_croc_soc/i_croc/i_uart/i_apb_uart.iSCR_1__reg/Q_N    0.00    0.00   -0.00 (VIOLATED)
i_croc_soc/i_croc/i_uart/i_apb_uart.iSCR_2__reg/Q_N    0.00    0.00   -0.00 (VIOLATED)
i_croc_soc/i_croc/i_uart/i_apb_uart.iSCR_3__reg/Q_N    0.00    0.00   -0.00 (VIOLATED)
i_croc_soc/i_croc/i_uart/i_apb_uart.iSCR_4__reg/Q_N    0.00    0.00   -0.00 (VIOLATED)
i_croc_soc/i_croc/i_uart/i_apb_uart.iSCR_5__reg/Q_N    0.00    0.00   -0.00 (VIOLATED)
i_croc_soc/i_croc/i_uart/i_apb_uart.iSCR_6__reg/Q_N    0.00    0.00   -0.00 (VIOLATED)
i_croc_soc/i_croc/i_uart/i_apb_uart.iSCR_7__reg/Q_N    0.00    0.00   -0.00 (VIOLATED)
i_croc_soc/i_croc/i_uart/i_apb_uart.iTXRunning_reg/Q    0.00    0.00   -0.00 (VIOLATED)
i_croc_soc/i_croc/i_uart/i_apb_uart.iTimeoutCount_1__reg/Q_N    0.00    0.00   -0.00 (VIOLATED)
i_croc_soc/i_croc/i_uart/i_apb_uart.iTimeoutCount_2__reg/Q_N    0.00    0.00   -0.00 (VIOLATED)
i_croc_soc/i_croc/i_uart/i_apb_uart.iTimeoutCount_3__reg/Q_N    0.00    0.00   -0.00 (VIOLATED)
i_croc_soc/i_croc/i_uart/i_apb_uart.iTimeoutCount_4__reg/Q_N    0.00    0.00   -0.00 (VIOLATED)
i_croc_soc/i_croc/i_uart/out1_no_reg/Q    0.00    0.00   -0.00 (VIOLATED)
i_croc_soc/i_croc/i_uart/out1_no_reg/Q_N    0.00    0.00   -0.00 (VIOLATED)
i_croc_soc/i_croc/i_uart/out2_no_reg/Q    0.00    0.00   -0.00 (VIOLATED)
i_croc_soc/i_croc/i_uart/out2_no_reg/Q_N    0.00    0.00   -0.00 (VIOLATED)
i_croc_soc/i_croc/i_uart/rts_no_reg/Q    0.00    0.00   -0.00 (VIOLATED)
i_croc_soc/i_croc/i_uart/rts_no_reg/Q_N    0.00    0.00   -0.00 (VIOLATED)
i_croc_soc/i_croc/i_uart/sout_o_reg/Q    0.00    0.00   -0.00 (VIOLATED)
i_croc_soc/i_croc/i_uart_translate.r_opc_o_reg/Q_N    0.00    0.00   -0.00 (VIOLATED)
i_croc_soc/i_croc/i_uart_translate.r_valid_o_reg/Q_N    0.00    0.00   -0.00 (VIOLATED)
i_croc_soc/i_croc/i_xbar_err.i_id_fifo.status_cnt_q_1__reg/Q_N    0.00    0.00   -0.00 (VIOLATED)
i_croc_soc/i_ext_intr_sync/reg_q_0__reg/Q_N    0.00    0.00   -0.00 (VIOLATED)
i_croc_soc/i_ext_intr_sync/serial_o_reg/Q_N    0.00    0.00   -0.00 (VIOLATED)
i_croc_soc/i_rstgen.i_rstgen_bypass.i_tc_clk_mux2_init_no/i_mux/X    0.00    0.00   -0.00 (VIOLATED)
i_croc_soc/i_rstgen.i_rstgen_bypass.synch_regs_q_0__reg/Q_N    0.00    0.00   -0.00 (VIOLATED)
i_croc_soc/i_rstgen.i_rstgen_bypass.synch_regs_q_1__reg/Q_N    0.00    0.00   -0.00 (VIOLATED)
i_croc_soc/i_rstgen.i_rstgen_bypass.synch_regs_q_2__reg/Q_N    0.00    0.00   -0.00 (VIOLATED)
i_croc_soc/i_rstgen.i_rstgen_bypass.synch_regs_q_3__reg/Q_N    0.00    0.00   -0.00 (VIOLATED)
i_croc_soc/i_user/_1876_/X              0.00    0.00   -0.00 (VIOLATED)
i_croc_soc/i_user/_1877_/X              0.00    0.00   -0.00 (VIOLATED)
i_croc_soc/i_user/i_obi_demux.i_counter.overflow_o_reg/Q_N    0.00    0.00   -0.00 (VIOLATED)
i_croc_soc/i_user/i_obi_demux.mgr_ports_rsp_i_43__reg/Q_N    0.00    0.00   -0.00 (VIOLATED)
i_croc_soc/i_user/i_obi_demux.mgr_ports_rsp_i_44__reg/Q_N    0.00    0.00   -0.00 (VIOLATED)
i_croc_soc/i_user/i_obi_demux.mgr_ports_rsp_i_45__reg/Q_N    0.00    0.00   -0.00 (VIOLATED)
i_croc_soc/i_user/i_obi_demux.mgr_ports_rsp_i_4__reg/Q_N    0.00    0.00   -0.00 (VIOLATED)
i_croc_soc/i_user/i_obi_demux.mgr_ports_rsp_i_5__reg/Q_N    0.00    0.00   -0.00 (VIOLATED)
i_croc_soc/i_user/i_obi_demux.mgr_ports_rsp_i_6__reg/Q_N    0.00    0.00   -0.00 (VIOLATED)
i_croc_soc/i_user/i_obi_demux.select_q_reg/Q_N    0.00    0.00   -0.00 (VIOLATED)
i_croc_soc/i_user/i_user_err.i_id_fifo.status_cnt_q_1__reg/Q_N    0.00    0.00   -0.00 (VIOLATED)
i_croc_soc/i_user/i_user_rand.addr_is_prng0_q_reg/Q_N    0.00    0.00   -0.00 (VIOLATED)
i_croc_soc/i_user/i_user_rand.addr_is_prng1_q_reg/Q_N    0.00    0.00   -0.00 (VIOLATED)
i_croc_soc/i_user/i_user_rand.data_q_0__reg/Q_N    0.00    0.00   -0.00 (VIOLATED)
i_croc_soc/i_user/i_user_rand.data_q_10__reg/Q_N    0.00    0.00   -0.00 (VIOLATED)
i_croc_soc/i_user/i_user_rand.data_q_11__reg/Q_N    0.00    0.00   -0.00 (VIOLATED)
i_croc_soc/i_user/i_user_rand.data_q_12__reg/Q_N    0.00    0.00   -0.00 (VIOLATED)
i_croc_soc/i_user/i_user_rand.data_q_13__reg/Q_N    0.00    0.00   -0.00 (VIOLATED)
i_croc_soc/i_user/i_user_rand.data_q_14__reg/Q_N    0.00    0.00   -0.00 (VIOLATED)
i_croc_soc/i_user/i_user_rand.data_q_15__reg/Q_N    0.00    0.00   -0.00 (VIOLATED)
i_croc_soc/i_user/i_user_rand.data_q_16__reg/Q_N    0.00    0.00   -0.00 (VIOLATED)
i_croc_soc/i_user/i_user_rand.data_q_17__reg/Q_N    0.00    0.00   -0.00 (VIOLATED)
i_croc_soc/i_user/i_user_rand.data_q_18__reg/Q_N    0.00    0.00   -0.00 (VIOLATED)
i_croc_soc/i_user/i_user_rand.data_q_19__reg/Q_N    0.00    0.00   -0.00 (VIOLATED)
i_croc_soc/i_user/i_user_rand.data_q_1__reg/Q_N    0.00    0.00   -0.00 (VIOLATED)
i_croc_soc/i_user/i_user_rand.data_q_20__reg/Q_N    0.00    0.00   -0.00 (VIOLATED)
i_croc_soc/i_user/i_user_rand.data_q_21__reg/Q_N    0.00    0.00   -0.00 (VIOLATED)
i_croc_soc/i_user/i_user_rand.data_q_22__reg/Q_N    0.00    0.00   -0.00 (VIOLATED)
i_croc_soc/i_user/i_user_rand.data_q_23__reg/Q_N    0.00    0.00   -0.00 (VIOLATED)
i_croc_soc/i_user/i_user_rand.data_q_24__reg/Q_N    0.00    0.00   -0.00 (VIOLATED)
i_croc_soc/i_user/i_user_rand.data_q_25__reg/Q_N    0.00    0.00   -0.00 (VIOLATED)
i_croc_soc/i_user/i_user_rand.data_q_26__reg/Q_N    0.00    0.00   -0.00 (VIOLATED)
i_croc_soc/i_user/i_user_rand.data_q_27__reg/Q_N    0.00    0.00   -0.00 (VIOLATED)
i_croc_soc/i_user/i_user_rand.data_q_28__reg/Q_N    0.00    0.00   -0.00 (VIOLATED)
i_croc_soc/i_user/i_user_rand.data_q_29__reg/Q_N    0.00    0.00   -0.00 (VIOLATED)
i_croc_soc/i_user/i_user_rand.data_q_2__reg/Q_N    0.00    0.00   -0.00 (VIOLATED)
i_croc_soc/i_user/i_user_rand.data_q_30__reg/Q_N    0.00    0.00   -0.00 (VIOLATED)
i_croc_soc/i_user/i_user_rand.data_q_3__reg/Q_N    0.00    0.00   -0.00 (VIOLATED)
i_croc_soc/i_user/i_user_rand.data_q_4__reg/Q_N    0.00    0.00   -0.00 (VIOLATED)
i_croc_soc/i_user/i_user_rand.data_q_5__reg/Q_N    0.00    0.00   -0.00 (VIOLATED)
i_croc_soc/i_user/i_user_rand.data_q_6__reg/Q_N    0.00    0.00   -0.00 (VIOLATED)
i_croc_soc/i_user/i_user_rand.data_q_7__reg/Q_N    0.00    0.00   -0.00 (VIOLATED)
i_croc_soc/i_user/i_user_rand.data_q_8__reg/Q_N    0.00    0.00   -0.00 (VIOLATED)
i_croc_soc/i_user/i_user_rand.data_q_9__reg/Q_N    0.00    0.00   -0.00 (VIOLATED)
i_croc_soc/i_user/i_user_rand.i_prand_0.accumulator_q_0__reg/Q_N    0.00    0.00   -0.00 (VIOLATED)
i_croc_soc/i_user/i_user_rand.i_prand_0.accumulator_q_10__reg/Q_N    0.00    0.00   -0.00 (VIOLATED)
i_croc_soc/i_user/i_user_rand.i_prand_0.accumulator_q_11__reg/Q_N    0.00    0.00   -0.00 (VIOLATED)
i_croc_soc/i_user/i_user_rand.i_prand_0.accumulator_q_12__reg/Q_N    0.00    0.00   -0.00 (VIOLATED)
i_croc_soc/i_user/i_user_rand.i_prand_0.accumulator_q_13__reg/Q_N    0.00    0.00   -0.00 (VIOLATED)
i_croc_soc/i_user/i_user_rand.i_prand_0.accumulator_q_14__reg/Q_N    0.00    0.00   -0.00 (VIOLATED)
i_croc_soc/i_user/i_user_rand.i_prand_0.accumulator_q_15__reg/Q_N    0.00    0.00   -0.00 (VIOLATED)
i_croc_soc/i_user/i_user_rand.i_prand_0.accumulator_q_16__reg/Q_N    0.00    0.00   -0.00 (VIOLATED)
i_croc_soc/i_user/i_user_rand.i_prand_0.accumulator_q_17__reg/Q_N    0.00    0.00   -0.00 (VIOLATED)
i_croc_soc/i_user/i_user_rand.i_prand_0.accumulator_q_18__reg/Q_N    0.00    0.00   -0.00 (VIOLATED)
i_croc_soc/i_user/i_user_rand.i_prand_0.accumulator_q_19__reg/Q_N    0.00    0.00   -0.00 (VIOLATED)
i_croc_soc/i_user/i_user_rand.i_prand_0.accumulator_q_1__reg/Q_N    0.00    0.00   -0.00 (VIOLATED)
i_croc_soc/i_user/i_user_rand.i_prand_0.accumulator_q_20__reg/Q_N    0.00    0.00   -0.00 (VIOLATED)
i_croc_soc/i_user/i_user_rand.i_prand_0.accumulator_q_21__reg/Q_N    0.00    0.00   -0.00 (VIOLATED)
i_croc_soc/i_user/i_user_rand.i_prand_0.accumulator_q_22__reg/Q_N    0.00    0.00   -0.00 (VIOLATED)
i_croc_soc/i_user/i_user_rand.i_prand_0.accumulator_q_23__reg/Q_N    0.00    0.00   -0.00 (VIOLATED)
i_croc_soc/i_user/i_user_rand.i_prand_0.accumulator_q_24__reg/Q_N    0.00    0.00   -0.00 (VIOLATED)
i_croc_soc/i_user/i_user_rand.i_prand_0.accumulator_q_25__reg/Q_N    0.00    0.00   -0.00 (VIOLATED)
i_croc_soc/i_user/i_user_rand.i_prand_0.accumulator_q_26__reg/Q_N    0.00    0.00   -0.00 (VIOLATED)
i_croc_soc/i_user/i_user_rand.i_prand_0.accumulator_q_27__reg/Q_N    0.00    0.00   -0.00 (VIOLATED)
i_croc_soc/i_user/i_user_rand.i_prand_0.accumulator_q_28__reg/Q_N    0.00    0.00   -0.00 (VIOLATED)
i_croc_soc/i_user/i_user_rand.i_prand_0.accumulator_q_29__reg/Q_N    0.00    0.00   -0.00 (VIOLATED)
i_croc_soc/i_user/i_user_rand.i_prand_0.accumulator_q_2__reg/Q_N    0.00    0.00   -0.00 (VIOLATED)
i_croc_soc/i_user/i_user_rand.i_prand_0.accumulator_q_30__reg/Q_N    0.00    0.00   -0.00 (VIOLATED)
i_croc_soc/i_user/i_user_rand.i_prand_0.accumulator_q_3__reg/Q_N    0.00    0.00   -0.00 (VIOLATED)
i_croc_soc/i_user/i_user_rand.i_prand_0.accumulator_q_4__reg/Q_N    0.00    0.00   -0.00 (VIOLATED)
i_croc_soc/i_user/i_user_rand.i_prand_0.accumulator_q_5__reg/Q_N    0.00    0.00   -0.00 (VIOLATED)
i_croc_soc/i_user/i_user_rand.i_prand_0.accumulator_q_6__reg/Q_N    0.00    0.00   -0.00 (VIOLATED)
i_croc_soc/i_user/i_user_rand.i_prand_0.accumulator_q_7__reg/Q_N    0.00    0.00   -0.00 (VIOLATED)
i_croc_soc/i_user/i_user_rand.i_prand_0.accumulator_q_8__reg/Q_N    0.00    0.00   -0.00 (VIOLATED)
i_croc_soc/i_user/i_user_rand.i_prand_0.accumulator_q_9__reg/Q_N    0.00    0.00   -0.00 (VIOLATED)
i_croc_soc/i_user/i_user_rand.i_prand_0.bit_counter_q_1__reg/Q_N    0.00    0.00   -0.00 (VIOLATED)
i_croc_soc/i_user/i_user_rand.i_prand_0.filter_bits_q_0__reg/Q_N    0.00    0.00   -0.00 (VIOLATED)
i_croc_soc/i_user/i_user_rand.i_prand_0.filter_bits_q_1__reg/Q_N    0.00    0.00   -0.00 (VIOLATED)
i_croc_soc/i_user/i_user_rand.i_prand_0.filter_bits_q_2__reg/Q_N    0.00    0.00   -0.00 (VIOLATED)
i_croc_soc/i_user/i_user_rand.i_prand_0.filter_bits_q_3__reg/Q_N    0.00    0.00   -0.00 (VIOLATED)
i_croc_soc/i_user/i_user_rand.i_prand_0.filter_bits_q_4__reg/Q_N    0.00    0.00   -0.00 (VIOLATED)
i_croc_soc/i_user/i_user_rand.i_prand_0.filter_bits_q_5__reg/Q_N    0.00    0.00   -0.00 (VIOLATED)
i_croc_soc/i_user/i_user_rand.i_prand_0.filter_bits_q_6__reg/Q_N    0.00    0.00   -0.00 (VIOLATED)
i_croc_soc/i_user/i_user_rand.i_prand_0.filter_bits_q_7__reg/Q_N    0.00    0.00   -0.00 (VIOLATED)
i_croc_soc/i_user/i_user_rand.i_prand_0.lfsr_q_0__reg/Q    0.00    0.00   -0.00 (VIOLATED)
i_croc_soc/i_user/i_user_rand.i_prand_0.lfsr_q_10__reg/Q    0.00    0.00   -0.00 (VIOLATED)
i_croc_soc/i_user/i_user_rand.i_prand_0.lfsr_q_11__reg/Q    0.00    0.00   -0.00 (VIOLATED)
i_croc_soc/i_user/i_user_rand.i_prand_0.lfsr_q_12__reg/Q    0.00    0.00   -0.00 (VIOLATED)
i_croc_soc/i_user/i_user_rand.i_prand_0.lfsr_q_13__reg/Q    0.00    0.00   -0.00 (VIOLATED)
i_croc_soc/i_user/i_user_rand.i_prand_0.lfsr_q_14__reg/Q_N    0.00    0.00   -0.00 (VIOLATED)
i_croc_soc/i_user/i_user_rand.i_prand_0.lfsr_q_15__reg/Q_N    0.00    0.00   -0.00 (VIOLATED)
i_croc_soc/i_user/i_user_rand.i_prand_0.lfsr_q_16__reg/Q    0.00    0.00   -0.00 (VIOLATED)
i_croc_soc/i_user/i_user_rand.i_prand_0.lfsr_q_17__reg/Q    0.00    0.00   -0.00 (VIOLATED)
i_croc_soc/i_user/i_user_rand.i_prand_0.lfsr_q_18__reg/Q_N    0.00    0.00   -0.00 (VIOLATED)
i_croc_soc/i_user/i_user_rand.i_prand_0.lfsr_q_19__reg/Q    0.00    0.00   -0.00 (VIOLATED)
i_croc_soc/i_user/i_user_rand.i_prand_0.lfsr_q_1__reg/Q_N    0.00    0.00   -0.00 (VIOLATED)
i_croc_soc/i_user/i_user_rand.i_prand_0.lfsr_q_20__reg/Q_N    0.00    0.00   -0.00 (VIOLATED)
i_croc_soc/i_user/i_user_rand.i_prand_0.lfsr_q_21__reg/Q    0.00    0.00   -0.00 (VIOLATED)
i_croc_soc/i_user/i_user_rand.i_prand_0.lfsr_q_22__reg/Q_N    0.00    0.00   -0.00 (VIOLATED)
i_croc_soc/i_user/i_user_rand.i_prand_0.lfsr_q_23__reg/Q_N    0.00    0.00   -0.00 (VIOLATED)
i_croc_soc/i_user/i_user_rand.i_prand_0.lfsr_q_24__reg/Q_N    0.00    0.00   -0.00 (VIOLATED)
i_croc_soc/i_user/i_user_rand.i_prand_0.lfsr_q_25__reg/Q    0.00    0.00   -0.00 (VIOLATED)
i_croc_soc/i_user/i_user_rand.i_prand_0.lfsr_q_26__reg/Q_N    0.00    0.00   -0.00 (VIOLATED)
i_croc_soc/i_user/i_user_rand.i_prand_0.lfsr_q_27__reg/Q    0.00    0.00   -0.00 (VIOLATED)
i_croc_soc/i_user/i_user_rand.i_prand_0.lfsr_q_28__reg/Q    0.00    0.00   -0.00 (VIOLATED)
i_croc_soc/i_user/i_user_rand.i_prand_0.lfsr_q_29__reg/Q_N    0.00    0.00   -0.00 (VIOLATED)
i_croc_soc/i_user/i_user_rand.i_prand_0.lfsr_q_2__reg/Q    0.00    0.00   -0.00 (VIOLATED)
i_croc_soc/i_user/i_user_rand.i_prand_0.lfsr_q_30__reg/Q_N    0.00    0.00   -0.00 (VIOLATED)
i_croc_soc/i_user/i_user_rand.i_prand_0.lfsr_q_3__reg/Q    0.00    0.00   -0.00 (VIOLATED)
i_croc_soc/i_user/i_user_rand.i_prand_0.lfsr_q_4__reg/Q_N    0.00    0.00   -0.00 (VIOLATED)
i_croc_soc/i_user/i_user_rand.i_prand_0.lfsr_q_5__reg/Q_N    0.00    0.00   -0.00 (VIOLATED)
i_croc_soc/i_user/i_user_rand.i_prand_0.lfsr_q_6__reg/Q    0.00    0.00   -0.00 (VIOLATED)
i_croc_soc/i_user/i_user_rand.i_prand_0.lfsr_q_7__reg/Q_N    0.00    0.00   -0.00 (VIOLATED)
i_croc_soc/i_user/i_user_rand.i_prand_0.lfsr_q_8__reg/Q_N    0.00    0.00   -0.00 (VIOLATED)
i_croc_soc/i_user/i_user_rand.i_prand_0.lfsr_q_9__reg/Q_N    0.00    0.00   -0.00 (VIOLATED)
i_croc_soc/i_user/i_user_rand.i_prand_0.random_number_o_0__reg/Q_N    0.00    0.00   -0.00 (VIOLATED)
i_croc_soc/i_user/i_user_rand.i_prand_0.random_number_o_10__reg/Q_N    0.00    0.00   -0.00 (VIOLATED)
i_croc_soc/i_user/i_user_rand.i_prand_0.random_number_o_11__reg/Q_N    0.00    0.00   -0.00 (VIOLATED)
i_croc_soc/i_user/i_user_rand.i_prand_0.random_number_o_12__reg/Q_N    0.00    0.00   -0.00 (VIOLATED)
i_croc_soc/i_user/i_user_rand.i_prand_0.random_number_o_13__reg/Q_N    0.00    0.00   -0.00 (VIOLATED)
i_croc_soc/i_user/i_user_rand.i_prand_0.random_number_o_14__reg/Q_N    0.00    0.00   -0.00 (VIOLATED)
i_croc_soc/i_user/i_user_rand.i_prand_0.random_number_o_15__reg/Q_N    0.00    0.00   -0.00 (VIOLATED)
i_croc_soc/i_user/i_user_rand.i_prand_0.random_number_o_16__reg/Q_N    0.00    0.00   -0.00 (VIOLATED)
i_croc_soc/i_user/i_user_rand.i_prand_0.random_number_o_17__reg/Q_N    0.00    0.00   -0.00 (VIOLATED)
i_croc_soc/i_user/i_user_rand.i_prand_0.random_number_o_18__reg/Q_N    0.00    0.00   -0.00 (VIOLATED)
i_croc_soc/i_user/i_user_rand.i_prand_0.random_number_o_19__reg/Q_N    0.00    0.00   -0.00 (VIOLATED)
i_croc_soc/i_user/i_user_rand.i_prand_0.random_number_o_1__reg/Q_N    0.00    0.00   -0.00 (VIOLATED)
i_croc_soc/i_user/i_user_rand.i_prand_0.random_number_o_20__reg/Q_N    0.00    0.00   -0.00 (VIOLATED)
i_croc_soc/i_user/i_user_rand.i_prand_0.random_number_o_21__reg/Q_N    0.00    0.00   -0.00 (VIOLATED)
i_croc_soc/i_user/i_user_rand.i_prand_0.random_number_o_22__reg/Q_N    0.00    0.00   -0.00 (VIOLATED)
i_croc_soc/i_user/i_user_rand.i_prand_0.random_number_o_23__reg/Q_N    0.00    0.00   -0.00 (VIOLATED)
i_croc_soc/i_user/i_user_rand.i_prand_0.random_number_o_24__reg/Q_N    0.00    0.00   -0.00 (VIOLATED)
i_croc_soc/i_user/i_user_rand.i_prand_0.random_number_o_25__reg/Q_N    0.00    0.00   -0.00 (VIOLATED)
i_croc_soc/i_user/i_user_rand.i_prand_0.random_number_o_26__reg/Q_N    0.00    0.00   -0.00 (VIOLATED)
i_croc_soc/i_user/i_user_rand.i_prand_0.random_number_o_27__reg/Q_N    0.00    0.00   -0.00 (VIOLATED)
i_croc_soc/i_user/i_user_rand.i_prand_0.random_number_o_28__reg/Q_N    0.00    0.00   -0.00 (VIOLATED)
i_croc_soc/i_user/i_user_rand.i_prand_0.random_number_o_29__reg/Q_N    0.00    0.00   -0.00 (VIOLATED)
i_croc_soc/i_user/i_user_rand.i_prand_0.random_number_o_2__reg/Q_N    0.00    0.00   -0.00 (VIOLATED)
i_croc_soc/i_user/i_user_rand.i_prand_0.random_number_o_30__reg/Q_N    0.00    0.00   -0.00 (VIOLATED)
i_croc_soc/i_user/i_user_rand.i_prand_0.random_number_o_31__reg/Q_N    0.00    0.00   -0.00 (VIOLATED)
i_croc_soc/i_user/i_user_rand.i_prand_0.random_number_o_3__reg/Q_N    0.00    0.00   -0.00 (VIOLATED)
i_croc_soc/i_user/i_user_rand.i_prand_0.random_number_o_4__reg/Q_N    0.00    0.00   -0.00 (VIOLATED)
i_croc_soc/i_user/i_user_rand.i_prand_0.random_number_o_5__reg/Q_N    0.00    0.00   -0.00 (VIOLATED)
i_croc_soc/i_user/i_user_rand.i_prand_0.random_number_o_6__reg/Q_N    0.00    0.00   -0.00 (VIOLATED)
i_croc_soc/i_user/i_user_rand.i_prand_0.random_number_o_7__reg/Q_N    0.00    0.00   -0.00 (VIOLATED)
i_croc_soc/i_user/i_user_rand.i_prand_0.random_number_o_8__reg/Q_N    0.00    0.00   -0.00 (VIOLATED)
i_croc_soc/i_user/i_user_rand.i_prand_0.random_number_o_9__reg/Q_N    0.00    0.00   -0.00 (VIOLATED)
i_croc_soc/i_user/i_user_rand.i_prand_1.accumulator_q_0__reg/Q_N    0.00    0.00   -0.00 (VIOLATED)
i_croc_soc/i_user/i_user_rand.i_prand_1.accumulator_q_10__reg/Q_N    0.00    0.00   -0.00 (VIOLATED)
i_croc_soc/i_user/i_user_rand.i_prand_1.accumulator_q_11__reg/Q_N    0.00    0.00   -0.00 (VIOLATED)
i_croc_soc/i_user/i_user_rand.i_prand_1.accumulator_q_12__reg/Q_N    0.00    0.00   -0.00 (VIOLATED)
i_croc_soc/i_user/i_user_rand.i_prand_1.accumulator_q_13__reg/Q_N    0.00    0.00   -0.00 (VIOLATED)
i_croc_soc/i_user/i_user_rand.i_prand_1.accumulator_q_14__reg/Q_N    0.00    0.00   -0.00 (VIOLATED)
i_croc_soc/i_user/i_user_rand.i_prand_1.accumulator_q_15__reg/Q_N    0.00    0.00   -0.00 (VIOLATED)
i_croc_soc/i_user/i_user_rand.i_prand_1.accumulator_q_16__reg/Q_N    0.00    0.00   -0.00 (VIOLATED)
i_croc_soc/i_user/i_user_rand.i_prand_1.accumulator_q_17__reg/Q_N    0.00    0.00   -0.00 (VIOLATED)
i_croc_soc/i_user/i_user_rand.i_prand_1.accumulator_q_18__reg/Q_N    0.00    0.00   -0.00 (VIOLATED)
i_croc_soc/i_user/i_user_rand.i_prand_1.accumulator_q_19__reg/Q_N    0.00    0.00   -0.00 (VIOLATED)
i_croc_soc/i_user/i_user_rand.i_prand_1.accumulator_q_1__reg/Q_N    0.00    0.00   -0.00 (VIOLATED)
i_croc_soc/i_user/i_user_rand.i_prand_1.accumulator_q_20__reg/Q_N    0.00    0.00   -0.00 (VIOLATED)
i_croc_soc/i_user/i_user_rand.i_prand_1.accumulator_q_21__reg/Q_N    0.00    0.00   -0.00 (VIOLATED)
i_croc_soc/i_user/i_user_rand.i_prand_1.accumulator_q_22__reg/Q_N    0.00    0.00   -0.00 (VIOLATED)
i_croc_soc/i_user/i_user_rand.i_prand_1.accumulator_q_23__reg/Q_N    0.00    0.00   -0.00 (VIOLATED)
i_croc_soc/i_user/i_user_rand.i_prand_1.accumulator_q_24__reg/Q_N    0.00    0.00   -0.00 (VIOLATED)
i_croc_soc/i_user/i_user_rand.i_prand_1.accumulator_q_25__reg/Q_N    0.00    0.00   -0.00 (VIOLATED)
i_croc_soc/i_user/i_user_rand.i_prand_1.accumulator_q_26__reg/Q_N    0.00    0.00   -0.00 (VIOLATED)
i_croc_soc/i_user/i_user_rand.i_prand_1.accumulator_q_27__reg/Q_N    0.00    0.00   -0.00 (VIOLATED)
i_croc_soc/i_user/i_user_rand.i_prand_1.accumulator_q_28__reg/Q_N    0.00    0.00   -0.00 (VIOLATED)
i_croc_soc/i_user/i_user_rand.i_prand_1.accumulator_q_29__reg/Q_N    0.00    0.00   -0.00 (VIOLATED)
i_croc_soc/i_user/i_user_rand.i_prand_1.accumulator_q_2__reg/Q_N    0.00    0.00   -0.00 (VIOLATED)
i_croc_soc/i_user/i_user_rand.i_prand_1.accumulator_q_30__reg/Q_N    0.00    0.00   -0.00 (VIOLATED)
i_croc_soc/i_user/i_user_rand.i_prand_1.accumulator_q_3__reg/Q_N    0.00    0.00   -0.00 (VIOLATED)
i_croc_soc/i_user/i_user_rand.i_prand_1.accumulator_q_4__reg/Q_N    0.00    0.00   -0.00 (VIOLATED)
i_croc_soc/i_user/i_user_rand.i_prand_1.accumulator_q_5__reg/Q_N    0.00    0.00   -0.00 (VIOLATED)
i_croc_soc/i_user/i_user_rand.i_prand_1.accumulator_q_6__reg/Q_N    0.00    0.00   -0.00 (VIOLATED)
i_croc_soc/i_user/i_user_rand.i_prand_1.accumulator_q_7__reg/Q_N    0.00    0.00   -0.00 (VIOLATED)
i_croc_soc/i_user/i_user_rand.i_prand_1.accumulator_q_8__reg/Q_N    0.00    0.00   -0.00 (VIOLATED)
i_croc_soc/i_user/i_user_rand.i_prand_1.accumulator_q_9__reg/Q_N    0.00    0.00   -0.00 (VIOLATED)
i_croc_soc/i_user/i_user_rand.i_prand_1.bit_counter_q_1__reg/Q_N    0.00    0.00   -0.00 (VIOLATED)
i_croc_soc/i_user/i_user_rand.i_prand_1.filter_bits_q_0__reg/Q_N    0.00    0.00   -0.00 (VIOLATED)
i_croc_soc/i_user/i_user_rand.i_prand_1.filter_bits_q_1__reg/Q_N    0.00    0.00   -0.00 (VIOLATED)
i_croc_soc/i_user/i_user_rand.i_prand_1.filter_bits_q_2__reg/Q_N    0.00    0.00   -0.00 (VIOLATED)
i_croc_soc/i_user/i_user_rand.i_prand_1.filter_bits_q_3__reg/Q_N    0.00    0.00   -0.00 (VIOLATED)
i_croc_soc/i_user/i_user_rand.i_prand_1.filter_bits_q_4__reg/Q_N    0.00    0.00   -0.00 (VIOLATED)
i_croc_soc/i_user/i_user_rand.i_prand_1.filter_bits_q_5__reg/Q_N    0.00    0.00   -0.00 (VIOLATED)
i_croc_soc/i_user/i_user_rand.i_prand_1.filter_bits_q_6__reg/Q_N    0.00    0.00   -0.00 (VIOLATED)
i_croc_soc/i_user/i_user_rand.i_prand_1.filter_bits_q_7__reg/Q_N    0.00    0.00   -0.00 (VIOLATED)
i_croc_soc/i_user/i_user_rand.i_prand_1.lfsr_q_0__reg/Q_N    0.00    0.00   -0.00 (VIOLATED)
i_croc_soc/i_user/i_user_rand.i_prand_1.lfsr_q_10__reg/Q_N    0.00    0.00   -0.00 (VIOLATED)
i_croc_soc/i_user/i_user_rand.i_prand_1.lfsr_q_11__reg/Q    0.00    0.00   -0.00 (VIOLATED)
i_croc_soc/i_user/i_user_rand.i_prand_1.lfsr_q_12__reg/Q_N    0.00    0.00   -0.00 (VIOLATED)
i_croc_soc/i_user/i_user_rand.i_prand_1.lfsr_q_13__reg/Q    0.00    0.00   -0.00 (VIOLATED)
i_croc_soc/i_user/i_user_rand.i_prand_1.lfsr_q_14__reg/Q_N    0.00    0.00   -0.00 (VIOLATED)
i_croc_soc/i_user/i_user_rand.i_prand_1.lfsr_q_15__reg/Q_N    0.00    0.00   -0.00 (VIOLATED)
i_croc_soc/i_user/i_user_rand.i_prand_1.lfsr_q_16__reg/Q_N    0.00    0.00   -0.00 (VIOLATED)
i_croc_soc/i_user/i_user_rand.i_prand_1.lfsr_q_17__reg/Q_N    0.00    0.00   -0.00 (VIOLATED)
i_croc_soc/i_user/i_user_rand.i_prand_1.lfsr_q_18__reg/Q    0.00    0.00   -0.00 (VIOLATED)
i_croc_soc/i_user/i_user_rand.i_prand_1.lfsr_q_19__reg/Q    0.00    0.00   -0.00 (VIOLATED)
i_croc_soc/i_user/i_user_rand.i_prand_1.lfsr_q_1__reg/Q    0.00    0.00   -0.00 (VIOLATED)
i_croc_soc/i_user/i_user_rand.i_prand_1.lfsr_q_20__reg/Q    0.00    0.00   -0.00 (VIOLATED)
i_croc_soc/i_user/i_user_rand.i_prand_1.lfsr_q_21__reg/Q    0.00    0.00   -0.00 (VIOLATED)
i_croc_soc/i_user/i_user_rand.i_prand_1.lfsr_q_22__reg/Q_N    0.00    0.00   -0.00 (VIOLATED)
i_croc_soc/i_user/i_user_rand.i_prand_1.lfsr_q_23__reg/Q_N    0.00    0.00   -0.00 (VIOLATED)
i_croc_soc/i_user/i_user_rand.i_prand_1.lfsr_q_24__reg/Q    0.00    0.00   -0.00 (VIOLATED)
i_croc_soc/i_user/i_user_rand.i_prand_1.lfsr_q_25__reg/Q_N    0.00    0.00   -0.00 (VIOLATED)
i_croc_soc/i_user/i_user_rand.i_prand_1.lfsr_q_26__reg/Q    0.00    0.00   -0.00 (VIOLATED)
i_croc_soc/i_user/i_user_rand.i_prand_1.lfsr_q_27__reg/Q    0.00    0.00   -0.00 (VIOLATED)
i_croc_soc/i_user/i_user_rand.i_prand_1.lfsr_q_28__reg/Q_N    0.00    0.00   -0.00 (VIOLATED)
i_croc_soc/i_user/i_user_rand.i_prand_1.lfsr_q_29__reg/Q_N    0.00    0.00   -0.00 (VIOLATED)
i_croc_soc/i_user/i_user_rand.i_prand_1.lfsr_q_2__reg/Q_N    0.00    0.00   -0.00 (VIOLATED)
i_croc_soc/i_user/i_user_rand.i_prand_1.lfsr_q_30__reg/Q    0.00    0.00   -0.00 (VIOLATED)
i_croc_soc/i_user/i_user_rand.i_prand_1.lfsr_q_3__reg/Q    0.00    0.00   -0.00 (VIOLATED)
i_croc_soc/i_user/i_user_rand.i_prand_1.lfsr_q_4__reg/Q    0.00    0.00   -0.00 (VIOLATED)
i_croc_soc/i_user/i_user_rand.i_prand_1.lfsr_q_5__reg/Q_N    0.00    0.00   -0.00 (VIOLATED)
i_croc_soc/i_user/i_user_rand.i_prand_1.lfsr_q_6__reg/Q_N    0.00    0.00   -0.00 (VIOLATED)
i_croc_soc/i_user/i_user_rand.i_prand_1.lfsr_q_7__reg/Q_N    0.00    0.00   -0.00 (VIOLATED)
i_croc_soc/i_user/i_user_rand.i_prand_1.lfsr_q_8__reg/Q    0.00    0.00   -0.00 (VIOLATED)
i_croc_soc/i_user/i_user_rand.i_prand_1.lfsr_q_9__reg/Q    0.00    0.00   -0.00 (VIOLATED)
i_croc_soc/i_user/i_user_rand.i_prand_1.random_number_o_0__reg/Q_N    0.00    0.00   -0.00 (VIOLATED)
i_croc_soc/i_user/i_user_rand.i_prand_1.random_number_o_10__reg/Q_N    0.00    0.00   -0.00 (VIOLATED)
i_croc_soc/i_user/i_user_rand.i_prand_1.random_number_o_11__reg/Q_N    0.00    0.00   -0.00 (VIOLATED)
i_croc_soc/i_user/i_user_rand.i_prand_1.random_number_o_12__reg/Q_N    0.00    0.00   -0.00 (VIOLATED)
i_croc_soc/i_user/i_user_rand.i_prand_1.random_number_o_13__reg/Q_N    0.00    0.00   -0.00 (VIOLATED)
i_croc_soc/i_user/i_user_rand.i_prand_1.random_number_o_14__reg/Q_N    0.00    0.00   -0.00 (VIOLATED)
i_croc_soc/i_user/i_user_rand.i_prand_1.random_number_o_15__reg/Q_N    0.00    0.00   -0.00 (VIOLATED)
i_croc_soc/i_user/i_user_rand.i_prand_1.random_number_o_16__reg/Q_N    0.00    0.00   -0.00 (VIOLATED)
i_croc_soc/i_user/i_user_rand.i_prand_1.random_number_o_17__reg/Q_N    0.00    0.00   -0.00 (VIOLATED)
i_croc_soc/i_user/i_user_rand.i_prand_1.random_number_o_18__reg/Q_N    0.00    0.00   -0.00 (VIOLATED)
i_croc_soc/i_user/i_user_rand.i_prand_1.random_number_o_19__reg/Q_N    0.00    0.00   -0.00 (VIOLATED)
i_croc_soc/i_user/i_user_rand.i_prand_1.random_number_o_1__reg/Q_N    0.00    0.00   -0.00 (VIOLATED)
i_croc_soc/i_user/i_user_rand.i_prand_1.random_number_o_20__reg/Q_N    0.00    0.00   -0.00 (VIOLATED)
i_croc_soc/i_user/i_user_rand.i_prand_1.random_number_o_21__reg/Q_N    0.00    0.00   -0.00 (VIOLATED)
i_croc_soc/i_user/i_user_rand.i_prand_1.random_number_o_22__reg/Q_N    0.00    0.00   -0.00 (VIOLATED)
i_croc_soc/i_user/i_user_rand.i_prand_1.random_number_o_23__reg/Q_N    0.00    0.00   -0.00 (VIOLATED)
i_croc_soc/i_user/i_user_rand.i_prand_1.random_number_o_24__reg/Q_N    0.00    0.00   -0.00 (VIOLATED)
i_croc_soc/i_user/i_user_rand.i_prand_1.random_number_o_25__reg/Q_N    0.00    0.00   -0.00 (VIOLATED)
i_croc_soc/i_user/i_user_rand.i_prand_1.random_number_o_26__reg/Q_N    0.00    0.00   -0.00 (VIOLATED)
i_croc_soc/i_user/i_user_rand.i_prand_1.random_number_o_27__reg/Q_N    0.00    0.00   -0.00 (VIOLATED)
i_croc_soc/i_user/i_user_rand.i_prand_1.random_number_o_28__reg/Q_N    0.00    0.00   -0.00 (VIOLATED)
i_croc_soc/i_user/i_user_rand.i_prand_1.random_number_o_29__reg/Q_N    0.00    0.00   -0.00 (VIOLATED)
i_croc_soc/i_user/i_user_rand.i_prand_1.random_number_o_2__reg/Q_N    0.00    0.00   -0.00 (VIOLATED)
i_croc_soc/i_user/i_user_rand.i_prand_1.random_number_o_30__reg/Q_N    0.00    0.00   -0.00 (VIOLATED)
i_croc_soc/i_user/i_user_rand.i_prand_1.random_number_o_31__reg/Q_N    0.00    0.00   -0.00 (VIOLATED)
i_croc_soc/i_user/i_user_rand.i_prand_1.random_number_o_3__reg/Q_N    0.00    0.00   -0.00 (VIOLATED)
i_croc_soc/i_user/i_user_rand.i_prand_1.random_number_o_4__reg/Q_N    0.00    0.00   -0.00 (VIOLATED)
i_croc_soc/i_user/i_user_rand.i_prand_1.random_number_o_5__reg/Q_N    0.00    0.00   -0.00 (VIOLATED)
i_croc_soc/i_user/i_user_rand.i_prand_1.random_number_o_6__reg/Q_N    0.00    0.00   -0.00 (VIOLATED)
i_croc_soc/i_user/i_user_rand.i_prand_1.random_number_o_7__reg/Q_N    0.00    0.00   -0.00 (VIOLATED)
i_croc_soc/i_user/i_user_rand.i_prand_1.random_number_o_8__reg/Q_N    0.00    0.00   -0.00 (VIOLATED)
i_croc_soc/i_user/i_user_rand.i_prand_1.random_number_o_9__reg/Q_N    0.00    0.00   -0.00 (VIOLATED)
i_croc_soc/i_user/i_user_rand.i_trand.accumulator_q_0__reg/Q_N    0.00    0.00   -0.00 (VIOLATED)
i_croc_soc/i_user/i_user_rand.i_trand.accumulator_q_10__reg/Q_N    0.00    0.00   -0.00 (VIOLATED)
i_croc_soc/i_user/i_user_rand.i_trand.accumulator_q_11__reg/Q_N    0.00    0.00   -0.00 (VIOLATED)
i_croc_soc/i_user/i_user_rand.i_trand.accumulator_q_12__reg/Q_N    0.00    0.00   -0.00 (VIOLATED)
i_croc_soc/i_user/i_user_rand.i_trand.accumulator_q_13__reg/Q_N    0.00    0.00   -0.00 (VIOLATED)
i_croc_soc/i_user/i_user_rand.i_trand.accumulator_q_14__reg/Q_N    0.00    0.00   -0.00 (VIOLATED)
i_croc_soc/i_user/i_user_rand.i_trand.accumulator_q_15__reg/Q_N    0.00    0.00   -0.00 (VIOLATED)
i_croc_soc/i_user/i_user_rand.i_trand.accumulator_q_16__reg/Q_N    0.00    0.00   -0.00 (VIOLATED)
i_croc_soc/i_user/i_user_rand.i_trand.accumulator_q_17__reg/Q_N    0.00    0.00   -0.00 (VIOLATED)
i_croc_soc/i_user/i_user_rand.i_trand.accumulator_q_18__reg/Q_N    0.00    0.00   -0.00 (VIOLATED)
i_croc_soc/i_user/i_user_rand.i_trand.accumulator_q_19__reg/Q_N    0.00    0.00   -0.00 (VIOLATED)
i_croc_soc/i_user/i_user_rand.i_trand.accumulator_q_1__reg/Q_N    0.00    0.00   -0.00 (VIOLATED)
i_croc_soc/i_user/i_user_rand.i_trand.accumulator_q_20__reg/Q_N    0.00    0.00   -0.00 (VIOLATED)
i_croc_soc/i_user/i_user_rand.i_trand.accumulator_q_21__reg/Q_N    0.00    0.00   -0.00 (VIOLATED)
i_croc_soc/i_user/i_user_rand.i_trand.accumulator_q_22__reg/Q_N    0.00    0.00   -0.00 (VIOLATED)
i_croc_soc/i_user/i_user_rand.i_trand.accumulator_q_23__reg/Q_N    0.00    0.00   -0.00 (VIOLATED)
i_croc_soc/i_user/i_user_rand.i_trand.accumulator_q_24__reg/Q_N    0.00    0.00   -0.00 (VIOLATED)
i_croc_soc/i_user/i_user_rand.i_trand.accumulator_q_25__reg/Q_N    0.00    0.00   -0.00 (VIOLATED)
i_croc_soc/i_user/i_user_rand.i_trand.accumulator_q_26__reg/Q_N    0.00    0.00   -0.00 (VIOLATED)
i_croc_soc/i_user/i_user_rand.i_trand.accumulator_q_27__reg/Q_N    0.00    0.00   -0.00 (VIOLATED)
i_croc_soc/i_user/i_user_rand.i_trand.accumulator_q_28__reg/Q_N    0.00    0.00   -0.00 (VIOLATED)
i_croc_soc/i_user/i_user_rand.i_trand.accumulator_q_29__reg/Q_N    0.00    0.00   -0.00 (VIOLATED)
i_croc_soc/i_user/i_user_rand.i_trand.accumulator_q_2__reg/Q_N    0.00    0.00   -0.00 (VIOLATED)
i_croc_soc/i_user/i_user_rand.i_trand.accumulator_q_30__reg/Q_N    0.00    0.00   -0.00 (VIOLATED)
i_croc_soc/i_user/i_user_rand.i_trand.accumulator_q_3__reg/Q_N    0.00    0.00   -0.00 (VIOLATED)
i_croc_soc/i_user/i_user_rand.i_trand.accumulator_q_4__reg/Q_N    0.00    0.00   -0.00 (VIOLATED)
i_croc_soc/i_user/i_user_rand.i_trand.accumulator_q_5__reg/Q_N    0.00    0.00   -0.00 (VIOLATED)
i_croc_soc/i_user/i_user_rand.i_trand.accumulator_q_6__reg/Q_N    0.00    0.00   -0.00 (VIOLATED)
i_croc_soc/i_user/i_user_rand.i_trand.accumulator_q_7__reg/Q_N    0.00    0.00   -0.00 (VIOLATED)
i_croc_soc/i_user/i_user_rand.i_trand.accumulator_q_8__reg/Q_N    0.00    0.00   -0.00 (VIOLATED)
i_croc_soc/i_user/i_user_rand.i_trand.accumulator_q_9__reg/Q_N    0.00    0.00   -0.00 (VIOLATED)
i_croc_soc/i_user/i_user_rand.i_trand.bit_counter_q_1__reg/Q_N    0.00    0.00   -0.00 (VIOLATED)
i_croc_soc/i_user/i_user_rand.i_trand.random_number_o_0__reg/Q_N    0.00    0.00   -0.00 (VIOLATED)
i_croc_soc/i_user/i_user_rand.i_trand.random_number_o_10__reg/Q_N    0.00    0.00   -0.00 (VIOLATED)
i_croc_soc/i_user/i_user_rand.i_trand.random_number_o_11__reg/Q_N    0.00    0.00   -0.00 (VIOLATED)
i_croc_soc/i_user/i_user_rand.i_trand.random_number_o_12__reg/Q_N    0.00    0.00   -0.00 (VIOLATED)
i_croc_soc/i_user/i_user_rand.i_trand.random_number_o_13__reg/Q_N    0.00    0.00   -0.00 (VIOLATED)
i_croc_soc/i_user/i_user_rand.i_trand.random_number_o_14__reg/Q_N    0.00    0.00   -0.00 (VIOLATED)
i_croc_soc/i_user/i_user_rand.i_trand.random_number_o_15__reg/Q_N    0.00    0.00   -0.00 (VIOLATED)
i_croc_soc/i_user/i_user_rand.i_trand.random_number_o_16__reg/Q_N    0.00    0.00   -0.00 (VIOLATED)
i_croc_soc/i_user/i_user_rand.i_trand.random_number_o_17__reg/Q_N    0.00    0.00   -0.00 (VIOLATED)
i_croc_soc/i_user/i_user_rand.i_trand.random_number_o_18__reg/Q_N    0.00    0.00   -0.00 (VIOLATED)
i_croc_soc/i_user/i_user_rand.i_trand.random_number_o_19__reg/Q_N    0.00    0.00   -0.00 (VIOLATED)
i_croc_soc/i_user/i_user_rand.i_trand.random_number_o_1__reg/Q_N    0.00    0.00   -0.00 (VIOLATED)
i_croc_soc/i_user/i_user_rand.i_trand.random_number_o_20__reg/Q_N    0.00    0.00   -0.00 (VIOLATED)
i_croc_soc/i_user/i_user_rand.i_trand.random_number_o_21__reg/Q_N    0.00    0.00   -0.00 (VIOLATED)
i_croc_soc/i_user/i_user_rand.i_trand.random_number_o_22__reg/Q_N    0.00    0.00   -0.00 (VIOLATED)
i_croc_soc/i_user/i_user_rand.i_trand.random_number_o_23__reg/Q_N    0.00    0.00   -0.00 (VIOLATED)
i_croc_soc/i_user/i_user_rand.i_trand.random_number_o_24__reg/Q_N    0.00    0.00   -0.00 (VIOLATED)
i_croc_soc/i_user/i_user_rand.i_trand.random_number_o_25__reg/Q_N    0.00    0.00   -0.00 (VIOLATED)
i_croc_soc/i_user/i_user_rand.i_trand.random_number_o_26__reg/Q_N    0.00    0.00   -0.00 (VIOLATED)
i_croc_soc/i_user/i_user_rand.i_trand.random_number_o_27__reg/Q_N    0.00    0.00   -0.00 (VIOLATED)
i_croc_soc/i_user/i_user_rand.i_trand.random_number_o_28__reg/Q_N    0.00    0.00   -0.00 (VIOLATED)
i_croc_soc/i_user/i_user_rand.i_trand.random_number_o_29__reg/Q_N    0.00    0.00   -0.00 (VIOLATED)
i_croc_soc/i_user/i_user_rand.i_trand.random_number_o_2__reg/Q_N    0.00    0.00   -0.00 (VIOLATED)
i_croc_soc/i_user/i_user_rand.i_trand.random_number_o_30__reg/Q_N    0.00    0.00   -0.00 (VIOLATED)
i_croc_soc/i_user/i_user_rand.i_trand.random_number_o_31__reg/Q_N    0.00    0.00   -0.00 (VIOLATED)
i_croc_soc/i_user/i_user_rand.i_trand.random_number_o_3__reg/Q_N    0.00    0.00   -0.00 (VIOLATED)
i_croc_soc/i_user/i_user_rand.i_trand.random_number_o_4__reg/Q_N    0.00    0.00   -0.00 (VIOLATED)
i_croc_soc/i_user/i_user_rand.i_trand.random_number_o_5__reg/Q_N    0.00    0.00   -0.00 (VIOLATED)
i_croc_soc/i_user/i_user_rand.i_trand.random_number_o_6__reg/Q_N    0.00    0.00   -0.00 (VIOLATED)
i_croc_soc/i_user/i_user_rand.i_trand.random_number_o_7__reg/Q_N    0.00    0.00   -0.00 (VIOLATED)
i_croc_soc/i_user/i_user_rand.i_trand.random_number_o_8__reg/Q_N    0.00    0.00   -0.00 (VIOLATED)
i_croc_soc/i_user/i_user_rand.i_trand.random_number_o_9__reg/Q_N    0.00    0.00   -0.00 (VIOLATED)
i_croc_soc/i_user/i_user_rand.i_trand.trng_random_bit_reg/Q_N    0.00    0.00   -0.00 (VIOLATED)
i_croc_soc/i_user/i_user_rand.i_trand.trng_valid_reg/Q_N    0.00    0.00   -0.00 (VIOLATED)
i_croc_soc/i_user/i_user_rand.i_trand.u_trng.meta_ff1_reg/Q_N    0.00    0.00   -0.00 (VIOLATED)
i_croc_soc/i_user/i_user_rand.i_trand.u_trng.meta_ff2_reg/Q_N    0.00    0.00   -0.00 (VIOLATED)
i_croc_soc/i_user/i_user_rand.req_q_reg/Q_N    0.00    0.00   -0.00 (VIOLATED)
i_croc_soc/i_user/i_user_rand.resp_data_q_0__reg/Q_N    0.00    0.00   -0.00 (VIOLATED)
i_croc_soc/i_user/i_user_rand.resp_data_q_10__reg/Q_N    0.00    0.00   -0.00 (VIOLATED)
i_croc_soc/i_user/i_user_rand.resp_data_q_11__reg/Q_N    0.00    0.00   -0.00 (VIOLATED)
i_croc_soc/i_user/i_user_rand.resp_data_q_12__reg/Q_N    0.00    0.00   -0.00 (VIOLATED)
i_croc_soc/i_user/i_user_rand.resp_data_q_13__reg/Q_N    0.00    0.00   -0.00 (VIOLATED)
i_croc_soc/i_user/i_user_rand.resp_data_q_14__reg/Q_N    0.00    0.00   -0.00 (VIOLATED)
i_croc_soc/i_user/i_user_rand.resp_data_q_15__reg/Q_N    0.00    0.00   -0.00 (VIOLATED)
i_croc_soc/i_user/i_user_rand.resp_data_q_16__reg/Q_N    0.00    0.00   -0.00 (VIOLATED)
i_croc_soc/i_user/i_user_rand.resp_data_q_17__reg/Q_N    0.00    0.00   -0.00 (VIOLATED)
i_croc_soc/i_user/i_user_rand.resp_data_q_18__reg/Q_N    0.00    0.00   -0.00 (VIOLATED)
i_croc_soc/i_user/i_user_rand.resp_data_q_19__reg/Q_N    0.00    0.00   -0.00 (VIOLATED)
i_croc_soc/i_user/i_user_rand.resp_data_q_1__reg/Q_N    0.00    0.00   -0.00 (VIOLATED)
i_croc_soc/i_user/i_user_rand.resp_data_q_20__reg/Q_N    0.00    0.00   -0.00 (VIOLATED)
i_croc_soc/i_user/i_user_rand.resp_data_q_21__reg/Q_N    0.00    0.00   -0.00 (VIOLATED)
i_croc_soc/i_user/i_user_rand.resp_data_q_22__reg/Q_N    0.00    0.00   -0.00 (VIOLATED)
i_croc_soc/i_user/i_user_rand.resp_data_q_23__reg/Q_N    0.00    0.00   -0.00 (VIOLATED)
i_croc_soc/i_user/i_user_rand.resp_data_q_24__reg/Q_N    0.00    0.00   -0.00 (VIOLATED)
i_croc_soc/i_user/i_user_rand.resp_data_q_25__reg/Q_N    0.00    0.00   -0.00 (VIOLATED)
i_croc_soc/i_user/i_user_rand.resp_data_q_26__reg/Q_N    0.00    0.00   -0.00 (VIOLATED)
i_croc_soc/i_user/i_user_rand.resp_data_q_27__reg/Q_N    0.00    0.00   -0.00 (VIOLATED)
i_croc_soc/i_user/i_user_rand.resp_data_q_28__reg/Q_N    0.00    0.00   -0.00 (VIOLATED)
i_croc_soc/i_user/i_user_rand.resp_data_q_29__reg/Q_N    0.00    0.00   -0.00 (VIOLATED)
i_croc_soc/i_user/i_user_rand.resp_data_q_2__reg/Q_N    0.00    0.00   -0.00 (VIOLATED)
i_croc_soc/i_user/i_user_rand.resp_data_q_30__reg/Q_N    0.00    0.00   -0.00 (VIOLATED)
i_croc_soc/i_user/i_user_rand.resp_data_q_31__reg/Q_N    0.00    0.00   -0.00 (VIOLATED)
i_croc_soc/i_user/i_user_rand.resp_data_q_3__reg/Q_N    0.00    0.00   -0.00 (VIOLATED)
i_croc_soc/i_user/i_user_rand.resp_data_q_4__reg/Q_N    0.00    0.00   -0.00 (VIOLATED)
i_croc_soc/i_user/i_user_rand.resp_data_q_5__reg/Q_N    0.00    0.00   -0.00 (VIOLATED)
i_croc_soc/i_user/i_user_rand.resp_data_q_6__reg/Q_N    0.00    0.00   -0.00 (VIOLATED)
i_croc_soc/i_user/i_user_rand.resp_data_q_7__reg/Q_N    0.00    0.00   -0.00 (VIOLATED)
i_croc_soc/i_user/i_user_rand.resp_data_q_8__reg/Q_N    0.00    0.00   -0.00 (VIOLATED)
i_croc_soc/i_user/i_user_rand.resp_data_q_9__reg/Q_N    0.00    0.00   -0.00 (VIOLATED)
i_croc_soc/i_user/i_user_rand.set_seed_q_reg/Q_N    0.00    0.00   -0.00 (VIOLATED)
i_croc_soc/i_user/i_user_rand.we_q_reg/Q_N    0.00    0.00   -0.00 (VIOLATED)
hold6179/X                              0.00    0.00   -0.00 (VIOLATED)
hold6185/X                              0.00    0.00   -0.00 (VIOLATED)
i_croc_soc/i_croc/_3681_/Y              0.00    0.00   -0.00 (VIOLATED)
i_croc_soc/i_croc/_3761_/Y              0.00    0.00   -0.00 (VIOLATED)
i_croc_soc/i_croc/_3826_/Y              0.00    0.00   -0.00 (VIOLATED)
i_croc_soc/i_croc/_3837_/Y              0.00    0.00   -0.00 (VIOLATED)
i_croc_soc/i_croc/_3861_/Y              0.00    0.00   -0.00 (VIOLATED)
i_croc_soc/i_croc/_4075_/Y              0.00    0.00   -0.00 (VIOLATED)
i_croc_soc/i_croc/_4213_/Y              0.00    0.00   -0.00 (VIOLATED)
i_croc_soc/i_croc/_6553_/Y              0.00    0.00   -0.00 (VIOLATED)
i_croc_soc/i_croc/_6558_/Y              0.00    0.00   -0.00 (VIOLATED)
i_croc_soc/i_croc/_6563_/Y              0.00    0.00   -0.00 (VIOLATED)
i_croc_soc/i_croc/_6568_/Y              0.00    0.00   -0.00 (VIOLATED)
i_croc_soc/i_croc/_6573_/Y              0.00    0.00   -0.00 (VIOLATED)
i_croc_soc/i_croc/_6578_/Y              0.00    0.00   -0.00 (VIOLATED)
i_croc_soc/i_croc/_6583_/Y              0.00    0.00   -0.00 (VIOLATED)
i_croc_soc/i_croc/_6588_/Y              0.00    0.00   -0.00 (VIOLATED)
i_croc_soc/i_croc/_6875_/Y              0.00    0.00   -0.00 (VIOLATED)
i_croc_soc/i_croc/_6928_/Y              0.00    0.00   -0.00 (VIOLATED)
i_croc_soc/i_croc/_6971_/Y              0.00    0.00   -0.00 (VIOLATED)
i_croc_soc/i_croc/_6993_/Y              0.00    0.00   -0.00 (VIOLATED)
i_croc_soc/i_croc/_7019_/Y              0.00    0.00   -0.00 (VIOLATED)
i_croc_soc/i_croc/_7062_/Y              0.00    0.00   -0.00 (VIOLATED)
i_croc_soc/i_croc/_7136_/Y              0.00    0.00   -0.00 (VIOLATED)
i_croc_soc/i_croc/i_core_wrap/_5317_/X    0.00    0.00   -0.00 (VIOLATED)
i_croc_soc/i_croc/i_core_wrap/_5662_/Y    0.00    0.00   -0.00 (VIOLATED)
i_croc_soc/i_croc/i_core_wrap/_5813_/Y    0.00    0.00   -0.00 (VIOLATED)
i_croc_soc/i_croc/i_core_wrap/_5985_/Y    0.00    0.00   -0.00 (VIOLATED)
i_croc_soc/i_croc/i_core_wrap/_5997_/Y    0.00    0.00   -0.00 (VIOLATED)
i_croc_soc/i_croc/i_core_wrap/_6022_/Y    0.00    0.00   -0.00 (VIOLATED)
i_croc_soc/i_croc/i_core_wrap/_6068_/Y    0.00    0.00   -0.00 (VIOLATED)
i_croc_soc/i_croc/i_core_wrap/_6075_/Y    0.00    0.00   -0.00 (VIOLATED)
i_croc_soc/i_croc/i_core_wrap/_6102_/Y    0.00    0.00   -0.00 (VIOLATED)
i_croc_soc/i_croc/i_core_wrap/_6119_/Y    0.00    0.00   -0.00 (VIOLATED)
i_croc_soc/i_croc/i_core_wrap/_6128_/X    0.00    0.00   -0.00 (VIOLATED)
i_croc_soc/i_croc/i_core_wrap/_6152_/X    0.00    0.00   -0.00 (VIOLATED)
i_croc_soc/i_croc/i_core_wrap/_6338_/Y    0.00    0.00   -0.00 (VIOLATED)
i_croc_soc/i_croc/i_core_wrap/_6354_/Y    0.00    0.00   -0.00 (VIOLATED)
i_croc_soc/i_croc/i_core_wrap/_6388_/Y    0.00    0.00   -0.00 (VIOLATED)
i_croc_soc/i_croc/i_core_wrap/_6417_/X    0.00    0.00   -0.00 (VIOLATED)
i_croc_soc/i_croc/i_core_wrap/_6418_/Y    0.00    0.00   -0.00 (VIOLATED)
i_croc_soc/i_croc/i_core_wrap/_6786_/Y    0.00    0.00   -0.00 (VIOLATED)
i_croc_soc/i_croc/i_core_wrap/_7123_/Y    0.00    0.00   -0.00 (VIOLATED)
i_croc_soc/i_croc/i_core_wrap/_7154_/Y    0.00    0.00   -0.00 (VIOLATED)
i_croc_soc/i_croc/i_core_wrap/_7161_/Y    0.00    0.00   -0.00 (VIOLATED)
i_croc_soc/i_croc/i_core_wrap/_7187_/Y    0.00    0.00   -0.00 (VIOLATED)
i_croc_soc/i_croc/i_core_wrap/_7192_/Y    0.00    0.00   -0.00 (VIOLATED)
i_croc_soc/i_croc/i_core_wrap/_7198_/Y    0.00    0.00   -0.00 (VIOLATED)
i_croc_soc/i_croc/i_core_wrap/_7205_/Y    0.00    0.00   -0.00 (VIOLATED)
i_croc_soc/i_croc/i_core_wrap/_7210_/Y    0.00    0.00   -0.00 (VIOLATED)
i_croc_soc/i_croc/i_core_wrap/_7215_/Y    0.00    0.00   -0.00 (VIOLATED)
i_croc_soc/i_croc/i_core_wrap/_7226_/Y    0.00    0.00   -0.00 (VIOLATED)
i_croc_soc/i_croc/i_core_wrap/_7231_/Y    0.00    0.00   -0.00 (VIOLATED)
i_croc_soc/i_croc/i_core_wrap/_7236_/Y    0.00    0.00   -0.00 (VIOLATED)
i_croc_soc/i_croc/i_core_wrap/_7241_/Y    0.00    0.00   -0.00 (VIOLATED)
i_croc_soc/i_croc/i_core_wrap/_7246_/Y    0.00    0.00   -0.00 (VIOLATED)
i_croc_soc/i_croc/i_core_wrap/_7256_/Y    0.00    0.00   -0.00 (VIOLATED)
i_croc_soc/i_croc/i_core_wrap/_7273_/Y    0.00    0.00   -0.00 (VIOLATED)
i_croc_soc/i_croc/i_core_wrap/_7293_/Y    0.00    0.00   -0.00 (VIOLATED)
i_croc_soc/i_croc/i_core_wrap/_7300_/Y    0.00    0.00   -0.00 (VIOLATED)
i_croc_soc/i_croc/i_core_wrap/_7409_/Y    0.00    0.00   -0.00 (VIOLATED)
i_croc_soc/i_croc/i_core_wrap/_8022_/Y    0.00    0.00   -0.00 (VIOLATED)
i_croc_soc/i_croc/i_core_wrap/_8266_/X    0.00    0.00   -0.00 (VIOLATED)
i_croc_soc/i_croc/i_core_wrap/_8276_/X    0.00    0.00   -0.00 (VIOLATED)
i_croc_soc/i_croc/i_core_wrap/_8293_/X    0.00    0.00   -0.00 (VIOLATED)
i_croc_soc/i_croc/i_core_wrap/_8295_/X    0.00    0.00   -0.00 (VIOLATED)
i_croc_soc/i_croc/i_core_wrap/_8297_/X    0.00    0.00   -0.00 (VIOLATED)
i_croc_soc/i_croc/i_core_wrap/_8300_/X    0.00    0.00   -0.00 (VIOLATED)
i_croc_soc/i_croc/i_core_wrap/_8303_/X    0.00    0.00   -0.00 (VIOLATED)
i_croc_soc/i_croc/i_core_wrap/_8305_/X    0.00    0.00   -0.00 (VIOLATED)
i_croc_soc/i_croc/i_core_wrap/_8307_/X    0.00    0.00   -0.00 (VIOLATED)
i_croc_soc/i_croc/i_core_wrap/_8309_/X    0.00    0.00   -0.00 (VIOLATED)
i_croc_soc/i_croc/i_core_wrap/_8311_/X    0.00    0.00   -0.00 (VIOLATED)
i_croc_soc/i_croc/i_core_wrap/_8313_/X    0.00    0.00   -0.00 (VIOLATED)
i_croc_soc/i_croc/i_core_wrap/_8315_/X    0.00    0.00   -0.00 (VIOLATED)
i_croc_soc/i_croc/i_core_wrap/_8317_/X    0.00    0.00   -0.00 (VIOLATED)
i_croc_soc/i_croc/i_core_wrap/_8320_/X    0.00    0.00   -0.00 (VIOLATED)
i_croc_soc/i_croc/i_core_wrap/_8322_/X    0.00    0.00   -0.00 (VIOLATED)
i_croc_soc/i_croc/i_core_wrap/_8325_/X    0.00    0.00   -0.00 (VIOLATED)
i_croc_soc/i_croc/i_core_wrap/_8327_/X    0.00    0.00   -0.00 (VIOLATED)
i_croc_soc/i_croc/i_core_wrap/_8329_/X    0.00    0.00   -0.00 (VIOLATED)
i_croc_soc/i_croc/i_core_wrap/_8331_/X    0.00    0.00   -0.00 (VIOLATED)
i_croc_soc/i_croc/i_core_wrap/_8333_/X    0.00    0.00   -0.00 (VIOLATED)
i_croc_soc/i_croc/i_core_wrap/_8335_/X    0.00    0.00   -0.00 (VIOLATED)
i_croc_soc/i_croc/i_core_wrap/_8337_/X    0.00    0.00   -0.00 (VIOLATED)
i_croc_soc/i_croc/i_core_wrap/_8339_/X    0.00    0.00   -0.00 (VIOLATED)
i_croc_soc/i_croc/i_core_wrap/_8341_/X    0.00    0.00   -0.00 (VIOLATED)
i_croc_soc/i_croc/i_core_wrap/_8343_/X    0.00    0.00   -0.00 (VIOLATED)
i_croc_soc/i_croc/i_core_wrap/_8346_/X    0.00    0.00   -0.00 (VIOLATED)
i_croc_soc/i_croc/i_core_wrap/_8349_/X    0.00    0.00   -0.00 (VIOLATED)
i_croc_soc/i_croc/i_core_wrap/_8352_/X    0.00    0.00   -0.00 (VIOLATED)
i_croc_soc/i_croc/i_core_wrap/_8354_/X    0.00    0.00   -0.00 (VIOLATED)
i_croc_soc/i_croc/i_core_wrap/_8356_/X    0.00    0.00   -0.00 (VIOLATED)
i_croc_soc/i_croc/i_core_wrap/_8358_/X    0.00    0.00   -0.00 (VIOLATED)
i_croc_soc/i_croc/i_core_wrap/_8360_/X    0.00    0.00   -0.00 (VIOLATED)
i_croc_soc/i_croc/i_core_wrap/_8362_/X    0.00    0.00   -0.00 (VIOLATED)
i_croc_soc/i_croc/i_core_wrap/_8364_/X    0.00    0.00   -0.00 (VIOLATED)
i_croc_soc/i_croc/i_core_wrap/_8366_/X    0.00    0.00   -0.00 (VIOLATED)
i_croc_soc/i_croc/i_core_wrap/_8369_/X    0.00    0.00   -0.00 (VIOLATED)
i_croc_soc/i_croc/i_core_wrap/_8372_/X    0.00    0.00   -0.00 (VIOLATED)
i_croc_soc/i_croc/i_core_wrap/_8375_/X    0.00    0.00   -0.00 (VIOLATED)
i_croc_soc/i_croc/i_core_wrap/_8377_/X    0.00    0.00   -0.00 (VIOLATED)
i_croc_soc/i_croc/i_core_wrap/_8379_/X    0.00    0.00   -0.00 (VIOLATED)
i_croc_soc/i_croc/i_core_wrap/_8381_/X    0.00    0.00   -0.00 (VIOLATED)
i_croc_soc/i_croc/i_core_wrap/_8383_/X    0.00    0.00   -0.00 (VIOLATED)
i_croc_soc/i_croc/i_core_wrap/_8385_/X    0.00    0.00   -0.00 (VIOLATED)
i_croc_soc/i_croc/i_core_wrap/_8387_/X    0.00    0.00   -0.00 (VIOLATED)
i_croc_soc/i_croc/i_core_wrap/_8389_/X    0.00    0.00   -0.00 (VIOLATED)
i_croc_soc/i_croc/i_core_wrap/_8392_/X    0.00    0.00   -0.00 (VIOLATED)
i_croc_soc/i_croc/i_core_wrap/_8394_/X    0.00    0.00   -0.00 (VIOLATED)
i_croc_soc/i_croc/i_core_wrap/_8396_/X    0.00    0.00   -0.00 (VIOLATED)
i_croc_soc/i_croc/i_core_wrap/_8398_/X    0.00    0.00   -0.00 (VIOLATED)
i_croc_soc/i_croc/i_core_wrap/_8567_/Y    0.00    0.00   -0.00 (VIOLATED)
i_croc_soc/i_croc/i_core_wrap/_8693_/X    0.00    0.00   -0.00 (VIOLATED)
i_croc_soc/i_croc/i_core_wrap/_8774_/Y    0.00    0.00   -0.00 (VIOLATED)
i_croc_soc/i_croc/i_core_wrap/_8806_/X    0.00    0.00   -0.00 (VIOLATED)
i_croc_soc/i_croc/i_core_wrap/_8872_/X    0.00    0.00   -0.00 (VIOLATED)
i_croc_soc/i_croc/i_core_wrap/_9088_/X    0.00    0.00   -0.00 (VIOLATED)
i_croc_soc/i_croc/i_core_wrap/_9106_/Y    0.00    0.00   -0.00 (VIOLATED)
i_croc_soc/i_croc/i_core_wrap/_9322_/Y    0.00    0.00   -0.00 (VIOLATED)
i_croc_soc/i_croc/i_core_wrap/_9370_/Y    0.00    0.00   -0.00 (VIOLATED)
i_croc_soc/i_croc/i_core_wrap/_9388_/Y    0.00    0.00   -0.00 (VIOLATED)
i_croc_soc/i_croc/i_core_wrap/_9406_/Y    0.00    0.00   -0.00 (VIOLATED)
i_croc_soc/i_croc/i_core_wrap/_9425_/Y    0.00    0.00   -0.00 (VIOLATED)
i_croc_soc/i_croc/i_core_wrap/i_ibex.cs_registers_i/_3671_/Y    0.00    0.00   -0.00 (VIOLATED)
i_croc_soc/i_croc/i_core_wrap/i_ibex.cs_registers_i/_4549_/X    0.00    0.00   -0.00 (VIOLATED)
i_croc_soc/i_croc/i_core_wrap/i_ibex.cs_registers_i/_4553_/Y    0.00    0.00   -0.00 (VIOLATED)
i_croc_soc/i_croc/i_core_wrap/i_ibex.cs_registers_i/_4556_/Y    0.00    0.00   -0.00 (VIOLATED)
i_croc_soc/i_croc/i_core_wrap/i_ibex.cs_registers_i/_4562_/X    0.00    0.00   -0.00 (VIOLATED)
i_croc_soc/i_croc/i_core_wrap/i_ibex.cs_registers_i/_4564_/X    0.00    0.00   -0.00 (VIOLATED)
i_croc_soc/i_croc/i_core_wrap/i_ibex.cs_registers_i/_4566_/X    0.00    0.00   -0.00 (VIOLATED)
i_croc_soc/i_croc/i_core_wrap/i_ibex.cs_registers_i/_4574_/Y    0.00    0.00   -0.00 (VIOLATED)
i_croc_soc/i_croc/i_core_wrap/i_ibex.cs_registers_i/_4580_/Y    0.00    0.00   -0.00 (VIOLATED)
i_croc_soc/i_croc/i_core_wrap/i_ibex.cs_registers_i/_4583_/Y    0.00    0.00   -0.00 (VIOLATED)
i_croc_soc/i_croc/i_core_wrap/i_ibex.cs_registers_i/_4591_/Y    0.00    0.00   -0.00 (VIOLATED)
i_croc_soc/i_croc/i_core_wrap/i_ibex.cs_registers_i/_4594_/Y    0.00    0.00   -0.00 (VIOLATED)
i_croc_soc/i_croc/i_core_wrap/i_ibex.cs_registers_i/_4597_/Y    0.00    0.00   -0.00 (VIOLATED)
i_croc_soc/i_croc/i_core_wrap/i_ibex.cs_registers_i/_4601_/Y    0.00    0.00   -0.00 (VIOLATED)
i_croc_soc/i_croc/i_core_wrap/i_ibex.cs_registers_i/_4605_/Y    0.00    0.00   -0.00 (VIOLATED)
i_croc_soc/i_croc/i_core_wrap/i_ibex.cs_registers_i/_4613_/Y    0.00    0.00   -0.00 (VIOLATED)
i_croc_soc/i_croc/i_core_wrap/i_ibex.cs_registers_i/_4616_/X    0.00    0.00   -0.00 (VIOLATED)
i_croc_soc/i_croc/i_core_wrap/i_ibex.cs_registers_i/_4628_/Y    0.00    0.00   -0.00 (VIOLATED)
i_croc_soc/i_croc/i_core_wrap/i_ibex.cs_registers_i/_4669_/X    0.00    0.00   -0.00 (VIOLATED)
i_croc_soc/i_croc/i_core_wrap/i_ibex.cs_registers_i/_4964_/Y    0.00    0.00   -0.00 (VIOLATED)
i_croc_soc/i_croc/i_core_wrap/i_ibex.cs_registers_i/_4968_/Y    0.00    0.00   -0.00 (VIOLATED)
i_croc_soc/i_croc/i_core_wrap/i_ibex.cs_registers_i/_4971_/Y    0.00    0.00   -0.00 (VIOLATED)
i_croc_soc/i_croc/i_core_wrap/i_ibex.cs_registers_i/_4974_/Y    0.00    0.00   -0.00 (VIOLATED)
i_croc_soc/i_croc/i_core_wrap/i_ibex.cs_registers_i/_4977_/Y    0.00    0.00   -0.00 (VIOLATED)
i_croc_soc/i_croc/i_core_wrap/i_ibex.cs_registers_i/_4980_/Y    0.00    0.00   -0.00 (VIOLATED)
i_croc_soc/i_croc/i_core_wrap/i_ibex.cs_registers_i/_4984_/Y    0.00    0.00   -0.00 (VIOLATED)
i_croc_soc/i_croc/i_core_wrap/i_ibex.cs_registers_i/_5349_/Y    0.00    0.00   -0.00 (VIOLATED)
i_croc_soc/i_croc/i_core_wrap/i_ibex.cs_registers_i/_5356_/Y    0.00    0.00   -0.00 (VIOLATED)
i_croc_soc/i_croc/i_core_wrap/i_ibex.cs_registers_i/mstack_q_2__reg/Q    0.00    0.00   -0.00 (VIOLATED)
i_croc_soc/i_croc/i_core_wrap/i_ibex.id_stage_i.controller_i.instr_is_compressed_i_reg/Q_N    0.00    0.00   -0.00 (VIOLATED)
i_croc_soc/i_croc/i_core_wrap/i_ibex.register_file_i/_4112_/Y    0.00    0.00   -0.00 (VIOLATED)
i_croc_soc/i_croc/i_core_wrap/i_ibex.register_file_i/_4144_/Y    0.00    0.00   -0.00 (VIOLATED)
i_croc_soc/i_croc/i_core_wrap/i_ibex.register_file_i/_4252_/Y    0.00    0.00   -0.00 (VIOLATED)
i_croc_soc/i_croc/i_core_wrap/i_ibex.register_file_i/_4427_/Y    0.00    0.00   -0.00 (VIOLATED)
i_croc_soc/i_croc/i_core_wrap/i_ibex.register_file_i/_4507_/Y    0.00    0.00   -0.00 (VIOLATED)
i_croc_soc/i_croc/i_core_wrap/i_ibex.register_file_i/_4711_/Y    0.00    0.00   -0.00 (VIOLATED)
i_croc_soc/i_croc/i_core_wrap/i_ibex.register_file_i/_4763_/Y    0.00    0.00   -0.00 (VIOLATED)
i_croc_soc/i_croc/i_dm_top.i_dm_top/_5637_/X    0.00    0.00   -0.00 (VIOLATED)
i_croc_soc/i_croc/i_dm_top.i_dm_top/_5909_/X    0.00    0.00   -0.00 (VIOLATED)
i_croc_soc/i_croc/i_dm_top.i_dm_top/_6001_/X    0.00    0.00   -0.00 (VIOLATED)
i_croc_soc/i_croc/i_dm_top.i_dm_top/_7579_/Y    0.00    0.00   -0.00 (VIOLATED)
i_croc_soc/i_croc/i_dm_top.i_dm_top/_7730_/Y    0.00    0.00   -0.00 (VIOLATED)
i_croc_soc/i_croc/i_dm_top.i_dm_top/_8804_/Y    0.00    0.00   -0.00 (VIOLATED)
i_croc_soc/i_croc/i_dm_top.i_dm_top/_8824_/X    0.00    0.00   -0.00 (VIOLATED)
i_croc_soc/i_croc/i_dm_top.i_dm_top/_8885_/Y    0.00    0.00   -0.00 (VIOLATED)
i_croc_soc/i_croc/i_dm_top.i_dm_top/_8899_/Y    0.00    0.00   -0.00 (VIOLATED)
i_croc_soc/i_croc/i_dm_top.i_dm_top/_8914_/Y    0.00    0.00   -0.00 (VIOLATED)
i_croc_soc/i_croc/i_dm_top.i_dm_top/_8936_/Y    0.00    0.00   -0.00 (VIOLATED)
i_croc_soc/i_croc/i_dm_top.i_dm_top/_8971_/Y    0.00    0.00   -0.00 (VIOLATED)
i_croc_soc/i_croc/i_dm_top.i_dm_top/_8987_/Y    0.00    0.00   -0.00 (VIOLATED)
i_croc_soc/i_croc/i_dm_top.i_dm_top/_8999_/Y    0.00    0.00   -0.00 (VIOLATED)
i_croc_soc/i_croc/i_dm_top.i_dm_top/_9009_/X    0.00    0.00   -0.00 (VIOLATED)
i_croc_soc/i_croc/i_dm_top.i_dm_top/_9051_/Y    0.00    0.00   -0.00 (VIOLATED)
i_croc_soc/i_croc/i_dm_top.i_dm_top/_9069_/Y    0.00    0.00   -0.00 (VIOLATED)
i_croc_soc/i_croc/i_dm_top.i_dm_top/_9089_/Y    0.00    0.00   -0.00 (VIOLATED)
i_croc_soc/i_croc/i_dmi_jtag/_1978_/Y    0.00    0.00   -0.00 (VIOLATED)
i_croc_soc/i_croc/i_dmi_jtag/i_dmi_cdc.i_cdc_req/i_cdc_reset_ctrlr/i_cdc_reset_ctrlr_half_a/_113_/Y    0.00    0.00   -0.00 (VIOLATED)
i_croc_soc/i_croc/i_dmi_jtag/i_dmi_cdc.i_cdc_req/i_cdc_reset_ctrlr/i_cdc_reset_ctrlr_half_a/_131_/Y    0.00    0.00   -0.00 (VIOLATED)
i_croc_soc/i_croc/i_dmi_jtag/i_dmi_cdc.i_cdc_req/i_cdc_reset_ctrlr/i_cdc_reset_ctrlr_half_a/_134_/X    0.00    0.00   -0.00 (VIOLATED)
i_croc_soc/i_croc/i_dmi_jtag/i_dmi_cdc.i_cdc_req/i_cdc_reset_ctrlr/i_cdc_reset_ctrlr_half_a/_136_/Y    0.00    0.00   -0.00 (VIOLATED)
i_croc_soc/i_croc/i_dmi_jtag/i_dmi_cdc.i_cdc_req/i_cdc_reset_ctrlr/i_cdc_reset_ctrlr_half_a/i_state_transition_cdc_src/async_data_o[0]_reg/Q    0.00    0.00   -0.00 (VIOLATED)
i_croc_soc/i_croc/i_dmi_jtag/i_dmi_cdc.i_cdc_req/i_cdc_reset_ctrlr/i_cdc_reset_ctrlr_half_b/_125_/Y    0.00    0.00   -0.00 (VIOLATED)
i_croc_soc/i_croc/i_dmi_jtag/i_dmi_cdc.i_cdc_req/i_cdc_reset_ctrlr/i_cdc_reset_ctrlr_half_b/_150_/Y    0.00    0.00   -0.00 (VIOLATED)
i_croc_soc/i_croc/i_dmi_jtag/i_dmi_cdc.i_cdc_req/i_cdc_reset_ctrlr/i_cdc_reset_ctrlr_half_b/_156_/Y    0.00    0.00   -0.00 (VIOLATED)
i_croc_soc/i_croc/i_dmi_jtag/i_dmi_cdc.i_cdc_req/i_cdc_reset_ctrlr/i_cdc_reset_ctrlr_half_b/_158_/Y    0.00    0.00   -0.00 (VIOLATED)
i_croc_soc/i_croc/i_dmi_jtag/i_dmi_cdc.i_cdc_req/i_cdc_reset_ctrlr/i_cdc_reset_ctrlr_half_b/i_state_transition_cdc_src/async_data_o[0]_reg/Q    0.00    0.00   -0.00 (VIOLATED)
i_croc_soc/i_croc/i_dmi_jtag/i_dmi_cdc.i_cdc_resp/i_cdc_reset_ctrlr/i_cdc_reset_ctrlr_half_a/_122_/Y    0.00    0.00   -0.00 (VIOLATED)
i_croc_soc/i_croc/i_dmi_jtag/i_dmi_cdc.i_cdc_resp/i_cdc_reset_ctrlr/i_cdc_reset_ctrlr_half_a/_143_/Y    0.00    0.00   -0.00 (VIOLATED)
i_croc_soc/i_croc/i_dmi_jtag/i_dmi_cdc.i_cdc_resp/i_cdc_reset_ctrlr/i_cdc_reset_ctrlr_half_a/_147_/Y    0.00    0.00   -0.00 (VIOLATED)
i_croc_soc/i_croc/i_dmi_jtag/i_dmi_cdc.i_cdc_resp/i_cdc_reset_ctrlr/i_cdc_reset_ctrlr_half_a/_149_/Y    0.00    0.00   -0.00 (VIOLATED)
i_croc_soc/i_croc/i_dmi_jtag/i_dmi_cdc.i_cdc_resp/i_cdc_reset_ctrlr/i_cdc_reset_ctrlr_half_a/i_state_transition_cdc_src/async_data_o[0]_reg/Q    0.00    0.00   -0.00 (VIOLATED)
i_croc_soc/i_croc/i_dmi_jtag/i_dmi_cdc.i_cdc_resp/i_cdc_reset_ctrlr/i_cdc_reset_ctrlr_half_b/i_state_transition_cdc_src/async_data_o[0]_reg/Q    0.00    0.00   -0.00 (VIOLATED)
i_croc_soc/i_croc/i_dmi_jtag/i_dmi_cdc.i_cdc_resp/i_cdc_reset_ctrlr/i_cdc_reset_ctrlr_half_b/initiator_state_q_0__reg/Q    0.00    0.00   -0.00 (VIOLATED)
i_croc_soc/i_croc/i_dmi_jtag/i_dmi_jtag_tap.i_tck_inv/i_inv_6001/Y    0.00    0.00   -0.00 (VIOLATED)
i_croc_soc/i_croc/i_gpio/_1670_/Y       0.00    0.00   -0.00 (VIOLATED)
i_croc_soc/i_croc/i_gpio/_1689_/X       0.00    0.00   -0.00 (VIOLATED)
i_croc_soc/i_croc/i_gpio/_1731_/Y       0.00    0.00   -0.00 (VIOLATED)
i_croc_soc/i_croc/i_gpio/_1827_/X       0.00    0.00   -0.00 (VIOLATED)
i_croc_soc/i_croc/i_gpio/_1843_/Y       0.00    0.00   -0.00 (VIOLATED)
i_croc_soc/i_croc/i_gpio/_1851_/Y       0.00    0.00   -0.00 (VIOLATED)
i_croc_soc/i_croc/i_gpio/_1867_/Y       0.00    0.00   -0.00 (VIOLATED)
i_croc_soc/i_croc/i_gpio/_1887_/X       0.00    0.00   -0.00 (VIOLATED)
i_croc_soc/i_croc/i_gpio/_1901_/X       0.00    0.00   -0.00 (VIOLATED)
i_croc_soc/i_croc/i_gpio/_1909_/Y       0.00    0.00   -0.00 (VIOLATED)
i_croc_soc/i_croc/i_gpio/i_reg_file.id_q_reg/Q    0.00    0.00   -0.00 (VIOLATED)
i_croc_soc/i_croc/i_main_xbar.gen_mux[0].i_mux.gen_no_id_assign.i_fifo.read_pointer_q_reg/Q_N    0.00    0.00   -0.00 (VIOLATED)
i_croc_soc/i_croc/i_main_xbar.gen_mux[1].i_mux.gen_no_id_assign.i_fifo.read_pointer_q_reg/Q_N    0.00    0.00   -0.00 (VIOLATED)
i_croc_soc/i_croc/i_main_xbar.gen_mux[2].i_mux.gen_no_id_assign.i_fifo.read_pointer_q_reg/Q_N    0.00    0.00   -0.00 (VIOLATED)
i_croc_soc/i_croc/i_main_xbar.gen_mux[4].i_mux.gen_no_id_assign.i_fifo.read_pointer_q_reg/Q_N    0.00    0.00   -0.00 (VIOLATED)
i_croc_soc/i_croc/i_soc_ctrl_translate.r_valid_o_reg/Q    0.00    0.00   -0.00 (VIOLATED)
i_croc_soc/i_croc/i_timer/_1843_/Y      0.00    0.00   -0.00 (VIOLATED)
i_croc_soc/i_croc/i_timer/_1893_/Y      0.00    0.00   -0.00 (VIOLATED)
i_croc_soc/i_croc/i_timer/_1973_/Y      0.00    0.00   -0.00 (VIOLATED)
i_croc_soc/i_croc/i_timer/_1974_/Y      0.00    0.00   -0.00 (VIOLATED)
i_croc_soc/i_croc/i_timer/prescaler_hi_i.counter_value_o_0__reg/Q_N    0.00    0.00   -0.00 (VIOLATED)
i_croc_soc/i_croc/i_timer/prescaler_lo_i.counter_value_o_0__reg/Q_N    0.00    0.00   -0.00 (VIOLATED)
i_croc_soc/i_croc/i_uart/_05979_/Y      0.00    0.00   -0.00 (VIOLATED)
i_croc_soc/i_croc/i_uart/_06832_/Y      0.00    0.00   -0.00 (VIOLATED)
i_croc_soc/i_croc/i_uart/_06843_/Y      0.00    0.00   -0.00 (VIOLATED)
i_croc_soc/i_croc/i_uart/_08148_/Y      0.00    0.00   -0.00 (VIOLATED)
i_croc_soc/i_croc/i_uart/_08223_/Y      0.00    0.00   -0.00 (VIOLATED)
i_croc_soc/i_croc/i_uart/_08475_/Y      0.00    0.00   -0.00 (VIOLATED)
i_croc_soc/i_croc/i_uart/_10537_/Y      0.00    0.00   -0.00 (VIOLATED)
i_croc_soc/i_croc/i_uart/_10574_/Y      0.00    0.00   -0.00 (VIOLATED)
i_croc_soc/i_croc/i_uart/i_apb_uart.UART_ED_CTS.iDd_reg/Q    0.00    0.00   -0.00 (VIOLATED)
i_croc_soc/i_croc/i_uart/i_apb_uart.UART_ED_DCD.iDd_reg/Q_N    0.00    0.00   -0.00 (VIOLATED)
i_croc_soc/i_croc/i_uart/i_apb_uart.UART_ED_DSR.iDd_reg/Q_N    0.00    0.00   -0.00 (VIOLATED)
i_croc_soc/i_croc/i_uart/i_apb_uart.UART_RX.PE_reg/Q    0.00    0.00   -0.00 (VIOLATED)
i_croc_soc/i_croc/i_uart/i_apb_uart.UART_RXFF.Q_7__reg/Q    0.00    0.00   -0.00 (VIOLATED)
i_croc_soc/i_croc/i_uart/i_apb_uart.UART_TXFF.USAGE_0__reg/Q_N    0.00    0.00   -0.00 (VIOLATED)
i_croc_soc/i_user/_1242_/Y              0.00    0.00   -0.00 (VIOLATED)
i_croc_soc/i_user/_1382_/Y              0.00    0.00   -0.00 (VIOLATED)
i_croc_soc/i_user/i_user_rand.i_prand_0.accumulator_q_30__reg/Q    0.00    0.00   -0.00 (VIOLATED)
i_croc_soc/i_user/i_user_rand.i_prand_1.accumulator_q_30__reg/Q    0.00    0.00   -0.00 (VIOLATED)
rebuffer6003/X                          0.00    0.00   -0.00 (VIOLATED)
i_croc_soc/i_croc/_3833_/Y              0.00    0.00   -0.00 (VIOLATED)
i_croc_soc/i_croc/i_core_wrap/_6161_/Y    0.00    0.00   -0.00 (VIOLATED)
i_croc_soc/i_croc/i_dm_top.i_dm_top/_5463_/X    0.00    0.00   -0.00 (VIOLATED)
i_croc_soc/i_croc/i_dm_top.i_dm_top/_5687_/X    0.00    0.00   -0.00 (VIOLATED)
i_croc_soc/i_croc/i_dm_top.i_dm_top/_5833_/X    0.00    0.00   -0.00 (VIOLATED)
i_croc_soc/i_croc/i_dm_top.i_dm_top/_5873_/X    0.00    0.00   -0.00 (VIOLATED)
i_croc_soc/i_croc/i_dm_top.i_dm_top/_5891_/X    0.00    0.00   -0.00 (VIOLATED)
i_croc_soc/i_croc/i_dm_top.i_dm_top/_6017_/X    0.00    0.00   -0.00 (VIOLATED)
i_croc_soc/i_croc/i_dm_top.i_dm_top/_6117_/X    0.00    0.00   -0.00 (VIOLATED)
i_croc_soc/i_croc/i_gpio/_1697_/X       0.00    0.00   -0.00 (VIOLATED)
i_croc_soc/i_croc/i_gpio/_1737_/X       0.00    0.00   -0.00 (VIOLATED)
i_croc_soc/i_croc/i_gpio/_1743_/X       0.00    0.00   -0.00 (VIOLATED)
i_croc_soc/i_croc/i_gpio/_1757_/X       0.00    0.00   -0.00 (VIOLATED)
i_croc_soc/i_croc/i_gpio/_1765_/Y       0.00    0.00   -0.00 (VIOLATED)
i_croc_soc/i_croc/i_gpio/_1771_/X       0.00    0.00   -0.00 (VIOLATED)
i_croc_soc/i_croc/i_gpio/_1787_/Y       0.00    0.00   -0.00 (VIOLATED)
i_croc_soc/i_croc/i_gpio/_1793_/X       0.00    0.00   -0.00 (VIOLATED)
i_croc_soc/i_croc/i_gpio/_1801_/Y       0.00    0.00   -0.00 (VIOLATED)
i_croc_soc/i_croc/i_gpio/_1809_/Y       0.00    0.00   -0.00 (VIOLATED)
i_croc_soc/i_croc/i_gpio/_1815_/X       0.00    0.00   -0.00 (VIOLATED)
i_croc_soc/i_croc/i_gpio/_1821_/X       0.00    0.00   -0.00 (VIOLATED)
i_croc_soc/i_croc/i_gpio/_1835_/Y       0.00    0.00   -0.00 (VIOLATED)
i_croc_soc/i_croc/i_gpio/_1873_/X       0.00    0.00   -0.00 (VIOLATED)
hold6216/X                              0.00    0.00   -0.00 (VIOLATED)
hold6227/X                              0.00    0.00   -0.00 (VIOLATED)
hold6229/X                              0.00    0.00   -0.00 (VIOLATED)
hold6232/X                              0.00    0.00   -0.00 (VIOLATED)
hold6237/X                              0.00    0.00   -0.00 (VIOLATED)
hold6239/X                              0.00    0.00   -0.00 (VIOLATED)
i_croc_soc/i_croc/_3683_/Y              0.00    0.00   -0.00 (VIOLATED)
i_croc_soc/i_croc/_3762_/Y              0.00    0.00   -0.00 (VIOLATED)
i_croc_soc/i_croc/_3827_/Y              0.00    0.00   -0.00 (VIOLATED)
i_croc_soc/i_croc/_3838_/Y              0.00    0.00   -0.00 (VIOLATED)
i_croc_soc/i_croc/_3870_/Y              0.00    0.00   -0.00 (VIOLATED)
i_croc_soc/i_croc/_4086_/Y              0.00    0.00   -0.00 (VIOLATED)
i_croc_soc/i_croc/_4129_/Y              0.00    0.00   -0.00 (VIOLATED)
i_croc_soc/i_croc/_4215_/Y              0.00    0.00   -0.00 (VIOLATED)
i_croc_soc/i_croc/_4231_/Y              0.00    0.00   -0.00 (VIOLATED)
i_croc_soc/i_croc/_4549_/Y              0.00    0.00   -0.00 (VIOLATED)
i_croc_soc/i_croc/_6877_/Y              0.00    0.00   -0.00 (VIOLATED)
i_croc_soc/i_croc/_6929_/Y              0.00    0.00   -0.00 (VIOLATED)
i_croc_soc/i_croc/_6940_/Y              0.00    0.00   -0.00 (VIOLATED)
i_croc_soc/i_croc/_6972_/Y              0.00    0.00   -0.00 (VIOLATED)
i_croc_soc/i_croc/_7021_/Y              0.00    0.00   -0.00 (VIOLATED)
i_croc_soc/i_croc/_7064_/Y              0.00    0.00   -0.00 (VIOLATED)
i_croc_soc/i_croc/_7128_/Y              0.00    0.00   -0.00 (VIOLATED)
i_croc_soc/i_croc/_7137_/Y              0.00    0.00   -0.00 (VIOLATED)
i_croc_soc/i_croc/all_periph_obi_rsp_134__reg/Q    0.00    0.00   -0.00 (VIOLATED)
i_croc_soc/i_croc/all_periph_obi_rsp_136__reg/Q    0.00    0.00   -0.00 (VIOLATED)
i_croc_soc/i_croc/all_periph_obi_rsp_138__reg/Q    0.00    0.00   -0.00 (VIOLATED)
i_croc_soc/i_croc/all_periph_obi_rsp_140__reg/Q    0.00    0.00   -0.00 (VIOLATED)
i_croc_soc/i_croc/all_periph_obi_rsp_141__reg/Q    0.00    0.00   -0.00 (VIOLATED)
i_croc_soc/i_croc/all_periph_obi_rsp_145__reg/Q    0.00    0.00   -0.00 (VIOLATED)
i_croc_soc/i_croc/all_periph_obi_rsp_148__reg/Q    0.00    0.00   -0.00 (VIOLATED)
i_croc_soc/i_croc/all_periph_obi_rsp_150__reg/Q    0.00    0.00   -0.00 (VIOLATED)
i_croc_soc/i_croc/all_periph_obi_rsp_154__reg/Q    0.00    0.00   -0.00 (VIOLATED)
i_croc_soc/i_croc/i_core_wrap/_5319_/X    0.00    0.00   -0.00 (VIOLATED)
i_croc_soc/i_croc/i_core_wrap/_5498_/X    0.00    0.00   -0.00 (VIOLATED)
i_croc_soc/i_croc/i_core_wrap/_5663_/X    0.00    0.00   -0.00 (VIOLATED)
i_croc_soc/i_croc/i_core_wrap/_5815_/Y    0.00    0.00   -0.00 (VIOLATED)
i_croc_soc/i_croc/i_core_wrap/_5906_/X    0.00    0.00   -0.00 (VIOLATED)
i_croc_soc/i_croc/i_core_wrap/_5986_/Y    0.00    0.00   -0.00 (VIOLATED)
i_croc_soc/i_croc/i_core_wrap/_6003_/X    0.00    0.00   -0.00 (VIOLATED)
i_croc_soc/i_croc/i_core_wrap/_6024_/Y    0.00    0.00   -0.00 (VIOLATED)
i_croc_soc/i_croc/i_core_wrap/_6038_/Y    0.00    0.00   -0.00 (VIOLATED)
i_croc_soc/i_croc/i_core_wrap/_6046_/Y    0.00    0.00   -0.00 (VIOLATED)
i_croc_soc/i_croc/i_core_wrap/_6069_/Y    0.00    0.00   -0.00 (VIOLATED)
i_croc_soc/i_croc/i_core_wrap/_6077_/Y    0.00    0.00   -0.00 (VIOLATED)
i_croc_soc/i_croc/i_core_wrap/_6105_/Y    0.00    0.00   -0.00 (VIOLATED)
i_croc_soc/i_croc/i_core_wrap/_6122_/Y    0.00    0.00   -0.00 (VIOLATED)
i_croc_soc/i_croc/i_core_wrap/_6130_/Y    0.00    0.00   -0.00 (VIOLATED)
i_croc_soc/i_croc/i_core_wrap/_6153_/Y    0.00    0.00   -0.00 (VIOLATED)
i_croc_soc/i_croc/i_core_wrap/_6312_/X    0.00    0.00   -0.00 (VIOLATED)
i_croc_soc/i_croc/i_core_wrap/_6340_/Y    0.00    0.00   -0.00 (VIOLATED)
i_croc_soc/i_croc/i_core_wrap/_6355_/Y    0.00    0.00   -0.00 (VIOLATED)
i_croc_soc/i_croc/i_core_wrap/_6393_/Y    0.00    0.00   -0.00 (VIOLATED)
i_croc_soc/i_croc/i_core_wrap/_6422_/Y    0.00    0.00   -0.00 (VIOLATED)
i_croc_soc/i_croc/i_core_wrap/_6427_/Y    0.00    0.00   -0.00 (VIOLATED)
i_croc_soc/i_croc/i_core_wrap/_7333_/Y    0.00    0.00   -0.00 (VIOLATED)
i_croc_soc/i_croc/i_core_wrap/_7335_/Y    0.00    0.00   -0.00 (VIOLATED)
i_croc_soc/i_croc/i_core_wrap/_7336_/X    0.00    0.00   -0.00 (VIOLATED)
i_croc_soc/i_croc/i_core_wrap/_7359_/Y    0.00    0.00   -0.00 (VIOLATED)
i_croc_soc/i_croc/i_core_wrap/_7423_/X    0.00    0.00   -0.00 (VIOLATED)
i_croc_soc/i_croc/i_core_wrap/_7429_/X    0.00    0.00   -0.00 (VIOLATED)
i_croc_soc/i_croc/i_core_wrap/_7474_/X    0.00    0.00   -0.00 (VIOLATED)
i_croc_soc/i_croc/i_core_wrap/_7499_/X    0.00    0.00   -0.00 (VIOLATED)
i_croc_soc/i_croc/i_core_wrap/_7504_/X    0.00    0.00   -0.00 (VIOLATED)
i_croc_soc/i_croc/i_core_wrap/_7528_/Y    0.00    0.00   -0.00 (VIOLATED)
i_croc_soc/i_croc/i_core_wrap/_7561_/Y    0.00    0.00   -0.00 (VIOLATED)
i_croc_soc/i_croc/i_core_wrap/_7600_/Y    0.00    0.00   -0.00 (VIOLATED)
i_croc_soc/i_croc/i_core_wrap/_7610_/Y    0.00    0.00   -0.00 (VIOLATED)
i_croc_soc/i_croc/i_core_wrap/_7621_/Y    0.00    0.00   -0.00 (VIOLATED)
i_croc_soc/i_croc/i_core_wrap/_7778_/Y    0.00    0.00   -0.00 (VIOLATED)
i_croc_soc/i_croc/i_core_wrap/_7833_/Y    0.00    0.00   -0.00 (VIOLATED)
i_croc_soc/i_croc/i_core_wrap/_7857_/Y    0.00    0.00   -0.00 (VIOLATED)
i_croc_soc/i_croc/i_core_wrap/_7874_/Y    0.00    0.00   -0.00 (VIOLATED)
i_croc_soc/i_croc/i_core_wrap/_7886_/Y    0.00    0.00   -0.00 (VIOLATED)
i_croc_soc/i_croc/i_core_wrap/_7947_/X    0.00    0.00   -0.00 (VIOLATED)
i_croc_soc/i_croc/i_core_wrap/_7956_/Y    0.00    0.00   -0.00 (VIOLATED)
i_croc_soc/i_croc/i_core_wrap/_7961_/Y    0.00    0.00   -0.00 (VIOLATED)
i_croc_soc/i_croc/i_core_wrap/_7973_/Y    0.00    0.00   -0.00 (VIOLATED)
i_croc_soc/i_croc/i_core_wrap/_7980_/Y    0.00    0.00   -0.00 (VIOLATED)
i_croc_soc/i_croc/i_core_wrap/_7990_/Y    0.00    0.00   -0.00 (VIOLATED)
i_croc_soc/i_croc/i_core_wrap/_8172_/Y    0.00    0.00   -0.00 (VIOLATED)
i_croc_soc/i_croc/i_core_wrap/_8176_/Y    0.00    0.00   -0.00 (VIOLATED)
i_croc_soc/i_croc/i_core_wrap/_8438_/Y    0.00    0.00   -0.00 (VIOLATED)
i_croc_soc/i_croc/i_core_wrap/_8557_/Y    0.00    0.00   -0.00 (VIOLATED)
i_croc_soc/i_croc/i_core_wrap/_8797_/X    0.00    0.00   -0.00 (VIOLATED)
i_croc_soc/i_croc/i_core_wrap/_8868_/X    0.00    0.00   -0.00 (VIOLATED)
i_croc_soc/i_croc/i_core_wrap/_8994_/X    0.00    0.00   -0.00 (VIOLATED)
i_croc_soc/i_croc/i_core_wrap/_9089_/X    0.00    0.00   -0.00 (VIOLATED)
i_croc_soc/i_croc/i_core_wrap/_9141_/X    0.00    0.00   -0.00 (VIOLATED)
i_croc_soc/i_croc/i_core_wrap/i_ibex.cs_registers_i/_3489_/X    0.00    0.00   -0.00 (VIOLATED)
i_croc_soc/i_croc/i_core_wrap/i_ibex.cs_registers_i/_3544_/X    0.00    0.00   -0.00 (VIOLATED)
i_croc_soc/i_croc/i_core_wrap/i_ibex.cs_registers_i/_3590_/Y    0.00    0.00   -0.00 (VIOLATED)
i_croc_soc/i_croc/i_core_wrap/i_ibex.cs_registers_i/_3623_/Y    0.00    0.00   -0.00 (VIOLATED)
i_croc_soc/i_croc/i_core_wrap/i_ibex.cs_registers_i/_3649_/Y    0.00    0.00   -0.00 (VIOLATED)
i_croc_soc/i_croc/i_core_wrap/i_ibex.cs_registers_i/_3709_/X    0.00    0.00   -0.00 (VIOLATED)
i_croc_soc/i_croc/i_core_wrap/i_ibex.cs_registers_i/_3733_/X    0.00    0.00   -0.00 (VIOLATED)
i_croc_soc/i_croc/i_core_wrap/i_ibex.cs_registers_i/_3761_/X    0.00    0.00   -0.00 (VIOLATED)
i_croc_soc/i_croc/i_core_wrap/i_ibex.cs_registers_i/_3790_/Y    0.00    0.00   -0.00 (VIOLATED)
i_croc_soc/i_croc/i_core_wrap/i_ibex.cs_registers_i/_3812_/Y    0.00    0.00   -0.00 (VIOLATED)
i_croc_soc/i_croc/i_core_wrap/i_ibex.cs_registers_i/_3841_/Y    0.00    0.00   -0.00 (VIOLATED)
i_croc_soc/i_croc/i_core_wrap/i_ibex.cs_registers_i/_3864_/Y    0.00    0.00   -0.00 (VIOLATED)
i_croc_soc/i_croc/i_core_wrap/i_ibex.cs_registers_i/_3890_/X    0.00    0.00   -0.00 (VIOLATED)
i_croc_soc/i_croc/i_core_wrap/i_ibex.cs_registers_i/_3910_/Y    0.00    0.00   -0.00 (VIOLATED)
i_croc_soc/i_croc/i_core_wrap/i_ibex.cs_registers_i/_3939_/Y    0.00    0.00   -0.00 (VIOLATED)
i_croc_soc/i_croc/i_core_wrap/i_ibex.cs_registers_i/_3967_/Y    0.00    0.00   -0.00 (VIOLATED)
i_croc_soc/i_croc/i_core_wrap/i_ibex.cs_registers_i/_3988_/Y    0.00    0.00   -0.00 (VIOLATED)
i_croc_soc/i_croc/i_core_wrap/i_ibex.cs_registers_i/_4013_/Y    0.00    0.00   -0.00 (VIOLATED)
i_croc_soc/i_croc/i_core_wrap/i_ibex.cs_registers_i/_4039_/X    0.00    0.00   -0.00 (VIOLATED)
i_croc_soc/i_croc/i_core_wrap/i_ibex.cs_registers_i/_4062_/Y    0.00    0.00   -0.00 (VIOLATED)
i_croc_soc/i_croc/i_core_wrap/i_ibex.cs_registers_i/_4089_/Y    0.00    0.00   -0.00 (VIOLATED)
i_croc_soc/i_croc/i_core_wrap/i_ibex.cs_registers_i/_4115_/X    0.00    0.00   -0.00 (VIOLATED)
i_croc_soc/i_croc/i_core_wrap/i_ibex.cs_registers_i/_4178_/X    0.00    0.00   -0.00 (VIOLATED)
i_croc_soc/i_croc/i_core_wrap/i_ibex.cs_registers_i/_4203_/Y    0.00    0.00   -0.00 (VIOLATED)
i_croc_soc/i_croc/i_core_wrap/i_ibex.cs_registers_i/_4222_/Y    0.00    0.00   -0.00 (VIOLATED)
i_croc_soc/i_croc/i_core_wrap/i_ibex.cs_registers_i/_4248_/Y    0.00    0.00   -0.00 (VIOLATED)
i_croc_soc/i_croc/i_core_wrap/i_ibex.cs_registers_i/_4298_/Y    0.00    0.00   -0.00 (VIOLATED)
i_croc_soc/i_croc/i_core_wrap/i_ibex.cs_registers_i/_4323_/X    0.00    0.00   -0.00 (VIOLATED)
i_croc_soc/i_croc/i_core_wrap/i_ibex.cs_registers_i/_4332_/Y    0.00    0.00   -0.00 (VIOLATED)
i_croc_soc/i_croc/i_core_wrap/i_ibex.cs_registers_i/_4353_/Y    0.00    0.00   -0.00 (VIOLATED)
i_croc_soc/i_croc/i_core_wrap/i_ibex.cs_registers_i/_4376_/Y    0.00    0.00   -0.00 (VIOLATED)
i_croc_soc/i_croc/i_core_wrap/i_ibex.cs_registers_i/_4385_/Y    0.00    0.00   -0.00 (VIOLATED)
i_croc_soc/i_croc/i_core_wrap/i_ibex.cs_registers_i/_4417_/Y    0.00    0.00   -0.00 (VIOLATED)
i_croc_soc/i_croc/i_core_wrap/i_ibex.cs_registers_i/_4420_/Y    0.00    0.00   -0.00 (VIOLATED)
i_croc_soc/i_croc/i_core_wrap/i_ibex.cs_registers_i/_4433_/Y    0.00    0.00   -0.00 (VIOLATED)
i_croc_soc/i_croc/i_core_wrap/i_ibex.cs_registers_i/_4442_/Y    0.00    0.00   -0.00 (VIOLATED)
i_croc_soc/i_croc/i_core_wrap/i_ibex.cs_registers_i/_4445_/Y    0.00    0.00   -0.00 (VIOLATED)
i_croc_soc/i_croc/i_core_wrap/i_ibex.cs_registers_i/_4448_/Y    0.00    0.00   -0.00 (VIOLATED)
i_croc_soc/i_croc/i_core_wrap/i_ibex.cs_registers_i/_4451_/Y    0.00    0.00   -0.00 (VIOLATED)
i_croc_soc/i_croc/i_core_wrap/i_ibex.cs_registers_i/_4454_/Y    0.00    0.00   -0.00 (VIOLATED)
i_croc_soc/i_croc/i_core_wrap/i_ibex.cs_registers_i/_4463_/Y    0.00    0.00   -0.00 (VIOLATED)
i_croc_soc/i_croc/i_core_wrap/i_ibex.cs_registers_i/_4496_/Y    0.00    0.00   -0.00 (VIOLATED)
i_croc_soc/i_croc/i_core_wrap/i_ibex.cs_registers_i/_4505_/Y    0.00    0.00   -0.00 (VIOLATED)
i_croc_soc/i_croc/i_core_wrap/i_ibex.cs_registers_i/_4670_/X    0.00    0.00   -0.00 (VIOLATED)
i_croc_soc/i_croc/i_core_wrap/i_ibex.cs_registers_i/_5038_/Y    0.00    0.00   -0.00 (VIOLATED)
i_croc_soc/i_croc/i_core_wrap/i_ibex.cs_registers_i/_5043_/Y    0.00    0.00   -0.00 (VIOLATED)
i_croc_soc/i_croc/i_core_wrap/i_ibex.cs_registers_i/_5127_/Y    0.00    0.00   -0.00 (VIOLATED)
i_croc_soc/i_croc/i_core_wrap/i_ibex.cs_registers_i/_5150_/Y    0.00    0.00   -0.00 (VIOLATED)
i_croc_soc/i_croc/i_core_wrap/i_ibex.cs_registers_i/_5155_/Y    0.00    0.00   -0.00 (VIOLATED)
i_croc_soc/i_croc/i_core_wrap/i_ibex.cs_registers_i/_5170_/Y    0.00    0.00   -0.00 (VIOLATED)
i_croc_soc/i_croc/i_core_wrap/i_ibex.cs_registers_i/_5196_/Y    0.00    0.00   -0.00 (VIOLATED)
i_croc_soc/i_croc/i_core_wrap/i_ibex.cs_registers_i/_5207_/Y    0.00    0.00   -0.00 (VIOLATED)
i_croc_soc/i_croc/i_core_wrap/i_ibex.cs_registers_i/_5253_/Y    0.00    0.00   -0.00 (VIOLATED)
i_croc_soc/i_croc/i_core_wrap/i_ibex.cs_registers_i/_5258_/Y    0.00    0.00   -0.00 (VIOLATED)
i_croc_soc/i_croc/i_core_wrap/i_ibex.cs_registers_i/_5283_/Y    0.00    0.00   -0.00 (VIOLATED)
i_croc_soc/i_croc/i_core_wrap/i_ibex.cs_registers_i/_5335_/Y    0.00    0.00   -0.00 (VIOLATED)
i_croc_soc/i_croc/i_core_wrap/i_ibex.cs_registers_i/_5350_/Y    0.00    0.00   -0.00 (VIOLATED)
i_croc_soc/i_croc/i_core_wrap/i_ibex.cs_registers_i/_5358_/Y    0.00    0.00   -0.00 (VIOLATED)
i_croc_soc/i_croc/i_core_wrap/i_ibex.cs_registers_i/_5388_/X    0.00    0.00   -0.00 (VIOLATED)
i_croc_soc/i_croc/i_core_wrap/i_ibex.cs_registers_i/_5464_/Y    0.00    0.00   -0.00 (VIOLATED)
i_croc_soc/i_croc/i_core_wrap/i_ibex.cs_registers_i/_5505_/X    0.00    0.00   -0.00 (VIOLATED)
i_croc_soc/i_croc/i_core_wrap/i_ibex.cs_registers_i/_5509_/X    0.00    0.00   -0.00 (VIOLATED)
i_croc_soc/i_croc/i_core_wrap/i_ibex.cs_registers_i/_5586_/Y    0.00    0.00   -0.00 (VIOLATED)
i_croc_soc/i_croc/i_core_wrap/i_ibex.cs_registers_i/_5695_/Y    0.00    0.00   -0.00 (VIOLATED)
i_croc_soc/i_croc/i_core_wrap/i_ibex.cs_registers_i/_5767_/Y    0.00    0.00   -0.00 (VIOLATED)
i_croc_soc/i_croc/i_core_wrap/i_ibex.cs_registers_i/_5979_/Y    0.00    0.00   -0.00 (VIOLATED)
i_croc_soc/i_croc/i_core_wrap/i_ibex.cs_registers_i/_5994_/Y    0.00    0.00   -0.00 (VIOLATED)
i_croc_soc/i_croc/i_core_wrap/i_ibex.cs_registers_i/_5997_/Y    0.00    0.00   -0.00 (VIOLATED)
i_croc_soc/i_croc/i_core_wrap/i_ibex.cs_registers_i/_6013_/X    0.00    0.00   -0.00 (VIOLATED)
i_croc_soc/i_croc/i_core_wrap/i_ibex.cs_registers_i/_6015_/X    0.00    0.00   -0.00 (VIOLATED)
i_croc_soc/i_croc/i_core_wrap/i_ibex.cs_registers_i/_6018_/Y    0.00    0.00   -0.00 (VIOLATED)
i_croc_soc/i_croc/i_core_wrap/i_ibex.cs_registers_i/_6021_/Y    0.00    0.00   -0.00 (VIOLATED)
i_croc_soc/i_croc/i_core_wrap/i_ibex.cs_registers_i/_6024_/Y    0.00    0.00   -0.00 (VIOLATED)
i_croc_soc/i_croc/i_core_wrap/i_ibex.cs_registers_i/_6028_/Y    0.00    0.00   -0.00 (VIOLATED)
i_croc_soc/i_croc/i_core_wrap/i_ibex.cs_registers_i/_6035_/Y    0.00    0.00   -0.00 (VIOLATED)
i_croc_soc/i_croc/i_core_wrap/i_ibex.cs_registers_i/_6038_/Y    0.00    0.00   -0.00 (VIOLATED)
i_croc_soc/i_croc/i_core_wrap/i_ibex.cs_registers_i/_6041_/Y    0.00    0.00   -0.00 (VIOLATED)
i_croc_soc/i_croc/i_core_wrap/i_ibex.cs_registers_i/_6044_/Y    0.00    0.00   -0.00 (VIOLATED)
i_croc_soc/i_croc/i_core_wrap/i_ibex.cs_registers_i/_6047_/Y    0.00    0.00   -0.00 (VIOLATED)
i_croc_soc/i_croc/i_core_wrap/i_ibex.cs_registers_i/_6054_/Y    0.00    0.00   -0.00 (VIOLATED)
i_croc_soc/i_croc/i_core_wrap/i_ibex.cs_registers_i/_6064_/X    0.00    0.00   -0.00 (VIOLATED)
i_croc_soc/i_croc/i_core_wrap/i_ibex.cs_registers_i/_6075_/Y    0.00    0.00   -0.00 (VIOLATED)
i_croc_soc/i_croc/i_core_wrap/i_ibex.cs_registers_i/_6078_/Y    0.00    0.00   -0.00 (VIOLATED)
i_croc_soc/i_croc/i_dm_top.i_dm_top/_5638_/X    0.00    0.00   -0.00 (VIOLATED)
i_croc_soc/i_croc/i_dm_top.i_dm_top/_5910_/X    0.00    0.00   -0.00 (VIOLATED)
i_croc_soc/i_croc/i_dm_top.i_dm_top/_6002_/X    0.00    0.00   -0.00 (VIOLATED)
i_croc_soc/i_croc/i_dm_top.i_dm_top/_7277_/X    0.00    0.00   -0.00 (VIOLATED)
i_croc_soc/i_croc/i_dm_top.i_dm_top/_7282_/X    0.00    0.00   -0.00 (VIOLATED)
i_croc_soc/i_croc/i_dm_top.i_dm_top/_7332_/Y    0.00    0.00   -0.00 (VIOLATED)
i_croc_soc/i_croc/i_dm_top.i_dm_top/_7360_/Y    0.00    0.00   -0.00 (VIOLATED)
i_croc_soc/i_croc/i_dm_top.i_dm_top/_7366_/Y    0.00    0.00   -0.00 (VIOLATED)
i_croc_soc/i_croc/i_dm_top.i_dm_top/_7379_/X    0.00    0.00   -0.00 (VIOLATED)
i_croc_soc/i_croc/i_dm_top.i_dm_top/_7384_/X    0.00    0.00   -0.00 (VIOLATED)
i_croc_soc/i_croc/i_dm_top.i_dm_top/_7389_/X    0.00    0.00   -0.00 (VIOLATED)
i_croc_soc/i_croc/i_dm_top.i_dm_top/_7404_/X    0.00    0.00   -0.00 (VIOLATED)
i_croc_soc/i_croc/i_dm_top.i_dm_top/_7412_/X    0.00    0.00   -0.00 (VIOLATED)
i_croc_soc/i_croc/i_dm_top.i_dm_top/_7423_/X    0.00    0.00   -0.00 (VIOLATED)
i_croc_soc/i_croc/i_dm_top.i_dm_top/_7428_/X    0.00    0.00   -0.00 (VIOLATED)
i_croc_soc/i_croc/i_dm_top.i_dm_top/_7457_/X    0.00    0.00   -0.00 (VIOLATED)
i_croc_soc/i_croc/i_dm_top.i_dm_top/_8947_/Y    0.00    0.00   -0.00 (VIOLATED)
i_croc_soc/i_croc/i_dmi_jtag/_1935_/Y    0.00    0.00   -0.00 (VIOLATED)
i_croc_soc/i_croc/i_dmi_jtag/_1937_/Y    0.00    0.00   -0.00 (VIOLATED)
i_croc_soc/i_croc/i_dmi_jtag/_1939_/Y    0.00    0.00   -0.00 (VIOLATED)
i_croc_soc/i_croc/i_dmi_jtag/_1941_/Y    0.00    0.00   -0.00 (VIOLATED)
i_croc_soc/i_croc/i_dmi_jtag/_1972_/Y    0.00    0.00   -0.00 (VIOLATED)
i_croc_soc/i_croc/i_dmi_jtag/i_dmi_cdc.i_cdc_req/i_cdc_reset_ctrlr/i_cdc_reset_ctrlr_half_a/i_state_transition_cdc_src/_25_/Y    0.00    0.00   -0.00 (VIOLATED)
i_croc_soc/i_croc/i_dmi_jtag/i_dmi_cdc.i_cdc_req/i_cdc_reset_ctrlr/i_cdc_reset_ctrlr_half_a/initiator_state_q_0__reg/Q    0.00    0.00   -0.00 (VIOLATED)
i_croc_soc/i_croc/i_dmi_jtag/i_dmi_cdc.i_cdc_req/i_cdc_reset_ctrlr/i_cdc_reset_ctrlr_half_b/i_state_transition_cdc_src/_25_/Y    0.00    0.00   -0.00 (VIOLATED)
i_croc_soc/i_croc/i_dmi_jtag/i_dmi_cdc.i_cdc_req/i_cdc_reset_ctrlr/i_cdc_reset_ctrlr_half_b/initiator_state_q_0__reg/Q    0.00    0.00   -0.00 (VIOLATED)
i_croc_soc/i_croc/i_dmi_jtag/i_dmi_cdc.i_cdc_resp/i_cdc_reset_ctrlr/i_cdc_reset_ctrlr_half_a/i_state_transition_cdc_src/_25_/Y    0.00    0.00   -0.00 (VIOLATED)
i_croc_soc/i_croc/i_dmi_jtag/i_dmi_cdc.i_cdc_resp/i_cdc_reset_ctrlr/i_cdc_reset_ctrlr_half_a/initiator_state_q_0__reg/Q    0.00    0.00   -0.00 (VIOLATED)
i_croc_soc/i_croc/i_dmi_jtag/i_dmi_cdc.i_cdc_resp/i_cdc_reset_ctrlr/i_cdc_reset_ctrlr_half_b/_110_/Y    0.00    0.00   -0.00 (VIOLATED)
i_croc_soc/i_croc/i_dmi_jtag/i_dmi_cdc.i_cdc_resp/i_cdc_reset_ctrlr/i_cdc_reset_ctrlr_half_b/_127_/Y    0.00    0.00   -0.00 (VIOLATED)
i_croc_soc/i_croc/i_dmi_jtag/i_dmi_cdc.i_cdc_resp/i_cdc_reset_ctrlr/i_cdc_reset_ctrlr_half_b/_130_/X    0.00    0.00   -0.00 (VIOLATED)
i_croc_soc/i_croc/i_dmi_jtag/i_dmi_cdc.i_cdc_resp/i_cdc_reset_ctrlr/i_cdc_reset_ctrlr_half_b/_132_/Y    0.00    0.00   -0.00 (VIOLATED)
i_croc_soc/i_croc/i_dmi_jtag/i_dmi_cdc.i_cdc_resp/i_cdc_reset_ctrlr/i_cdc_reset_ctrlr_half_b/i_state_transition_cdc_src/_25_/Y    0.00    0.00   -0.00 (VIOLATED)
i_croc_soc/i_croc/i_soc_ctrl/_239_/X    0.00    0.00   -0.00 (VIOLATED)
i_croc_soc/i_croc/i_timer/_1846_/Y      0.00    0.00   -0.00 (VIOLATED)
i_croc_soc/i_croc/i_timer/_1895_/Y      0.00    0.00   -0.00 (VIOLATED)
i_croc_soc/i_croc/i_timer/_1975_/X      0.00    0.00   -0.00 (VIOLATED)
i_croc_soc/i_croc/i_timer/_1980_/Y      0.00    0.00   -0.00 (VIOLATED)
i_croc_soc/i_croc/i_timer/_2650_/Y      0.00    0.00   -0.00 (VIOLATED)
i_croc_soc/i_croc/i_timer/_2655_/Y      0.00    0.00   -0.00 (VIOLATED)
i_croc_soc/i_croc/i_timer/_2676_/Y      0.00    0.00   -0.00 (VIOLATED)
i_croc_soc/i_croc/i_timer/_2717_/Y      0.00    0.00   -0.00 (VIOLATED)
i_croc_soc/i_croc/i_timer/_2755_/Y      0.00    0.00   -0.00 (VIOLATED)
i_croc_soc/i_croc/i_timer/_2769_/Y      0.00    0.00   -0.00 (VIOLATED)
i_croc_soc/i_croc/i_timer/_2774_/Y      0.00    0.00   -0.00 (VIOLATED)
i_croc_soc/i_croc/i_timer/_2779_/Y      0.00    0.00   -0.00 (VIOLATED)
i_croc_soc/i_croc/i_timer/_2784_/Y      0.00    0.00   -0.00 (VIOLATED)
i_croc_soc/i_croc/i_timer/_2794_/Y      0.00    0.00   -0.00 (VIOLATED)
i_croc_soc/i_croc/i_timer/_2799_/Y      0.00    0.00   -0.00 (VIOLATED)
i_croc_soc/i_croc/i_timer/_2809_/Y      0.00    0.00   -0.00 (VIOLATED)
i_croc_soc/i_croc/i_timer/_2814_/Y      0.00    0.00   -0.00 (VIOLATED)
i_croc_soc/i_croc/i_timer/r_id_o[0]_reg/Q    0.00    0.00   -0.00 (VIOLATED)
i_croc_soc/i_croc/i_uart/_05981_/Y      0.00    0.00   -0.00 (VIOLATED)
i_croc_soc/i_croc/i_uart/_08163_/X      0.00    0.00   -0.00 (VIOLATED)
i_croc_soc/i_croc/i_uart/_08235_/Y      0.00    0.00   -0.00 (VIOLATED)
i_croc_soc/i_croc/i_uart/_10575_/X      0.00    0.00   -0.00 (VIOLATED)
i_croc_soc/i_croc/i_uart/i_apb_uart.UART_ED_CTS.iDd_reg/Q_N    0.00    0.00   -0.00 (VIOLATED)
i_croc_soc/i_croc/i_uart/i_apb_uart.UART_ED_DCD.iDd_reg/Q    0.00    0.00   -0.00 (VIOLATED)
i_croc_soc/i_croc/i_uart/i_apb_uart.UART_ED_DSR.iDd_reg/Q    0.00    0.00   -0.00 (VIOLATED)
i_croc_soc/i_croc/i_uart/i_apb_uart.UART_IF_DSR.iCount_0__reg/Q_N    0.00    0.00   -0.00 (VIOLATED)
i_croc_soc/i_croc/i_uart/i_apb_uart.UART_RXFF.USAGE_0__reg/Q_N    0.00    0.00   -0.00 (VIOLATED)
i_croc_soc/i_croc/i_uart/i_apb_uart.UART_TX.TXFINISHED_reg/Q    0.00    0.00   -0.00 (VIOLATED)
i_croc_soc/i_croc/i_uart/i_apb_uart.UART_TXFF.Q_0__reg/Q    0.00    0.00   -0.00 (VIOLATED)
i_croc_soc/i_croc/i_uart/i_apb_uart.UART_TXFF.Q_1__reg/Q    0.00    0.00   -0.00 (VIOLATED)
i_croc_soc/i_croc/i_uart/i_apb_uart.UART_TXFF.Q_2__reg/Q    0.00    0.00   -0.00 (VIOLATED)
i_croc_soc/i_croc/i_uart/i_apb_uart.UART_TXFF.Q_3__reg/Q    0.00    0.00   -0.00 (VIOLATED)
i_croc_soc/i_croc/i_uart/i_apb_uart.UART_TXFF.Q_4__reg/Q    0.00    0.00   -0.00 (VIOLATED)
i_croc_soc/i_croc/i_uart/i_apb_uart.UART_TXFF.Q_5__reg/Q    0.00    0.00   -0.00 (VIOLATED)
i_croc_soc/i_croc/i_uart/i_apb_uart.UART_TXFF.Q_6__reg/Q    0.00    0.00   -0.00 (VIOLATED)
i_croc_soc/i_croc/i_uart/i_apb_uart.iFECounter_0__reg/Q_N    0.00    0.00   -0.00 (VIOLATED)
i_croc_soc/i_croc/i_uart_translate.r_valid_o_reg/Q    0.00    0.00   -0.00 (VIOLATED)
i_croc_soc/i_user/_1245_/Y              0.00    0.00   -0.00 (VIOLATED)
i_croc_soc/i_user/_1248_/Y              0.00    0.00   -0.00 (VIOLATED)
i_croc_soc/i_user/_1385_/Y              0.00    0.00   -0.00 (VIOLATED)
i_croc_soc/i_user/_1388_/Y              0.00    0.00   -0.00 (VIOLATED)
i_croc_soc/i_user/_1635_/Y              0.00    0.00   -0.00 (VIOLATED)
i_croc_soc/i_user/i_obi_demux.mgr_ports_rsp_i_43__reg/Q    0.00    0.00   -0.00 (VIOLATED)
i_croc_soc/i_user/i_obi_demux.mgr_ports_rsp_i_44__reg/Q    0.00    0.00   -0.00 (VIOLATED)
i_croc_soc/i_user/i_obi_demux.mgr_ports_rsp_i_45__reg/Q    0.00    0.00   -0.00 (VIOLATED)
i_croc_soc/i_user/i_user_rand.i_prand_0.lfsr_q_23__reg/Q    0.00    0.00   -0.00 (VIOLATED)
i_croc_soc/i_user/i_user_rand.i_prand_1.lfsr_q_28__reg/Q    0.00    0.00   -0.00 (VIOLATED)
i_croc_soc/i_croc/_3834_/Y              0.00    0.00   -0.00 (VIOLATED)
i_croc_soc/i_croc/i_core_wrap/_6163_/Y    0.00    0.00   -0.00 (VIOLATED)
i_croc_soc/i_croc/i_core_wrap/_7479_/X    0.00    0.00   -0.00 (VIOLATED)
i_croc_soc/i_croc/i_core_wrap/_7489_/X    0.00    0.00   -0.00 (VIOLATED)
i_croc_soc/i_croc/i_core_wrap/_7494_/X    0.00    0.00   -0.00 (VIOLATED)
i_croc_soc/i_croc/i_core_wrap/_7509_/X    0.00    0.00   -0.00 (VIOLATED)
i_croc_soc/i_croc/i_core_wrap/_7575_/Y    0.00    0.00   -0.00 (VIOLATED)
i_croc_soc/i_croc/i_core_wrap/_7667_/Y    0.00    0.00   -0.00 (VIOLATED)
i_croc_soc/i_croc/i_core_wrap/_7685_/Y    0.00    0.00   -0.00 (VIOLATED)
i_croc_soc/i_croc/i_core_wrap/_8269_/Y    0.00    0.00   -0.00 (VIOLATED)
i_croc_soc/i_croc/i_core_wrap/_8522_/Y    0.00    0.00   -0.00 (VIOLATED)
i_croc_soc/i_croc/i_dm_top.i_dm_top/_5464_/X    0.00    0.00   -0.00 (VIOLATED)
i_croc_soc/i_croc/i_dm_top.i_dm_top/_5688_/X    0.00    0.00   -0.00 (VIOLATED)
i_croc_soc/i_croc/i_dm_top.i_dm_top/_5834_/X    0.00    0.00   -0.00 (VIOLATED)
i_croc_soc/i_croc/i_dm_top.i_dm_top/_5874_/X    0.00    0.00   -0.00 (VIOLATED)
i_croc_soc/i_croc/i_dm_top.i_dm_top/_5892_/X    0.00    0.00   -0.00 (VIOLATED)
i_croc_soc/i_croc/i_dm_top.i_dm_top/_6018_/X    0.00    0.00   -0.00 (VIOLATED)
i_croc_soc/i_croc/i_dm_top.i_dm_top/_6118_/X    0.00    0.00   -0.00 (VIOLATED)
i_croc_soc/i_croc/i_timer/_2661_/Y      0.00    0.00   -0.00 (VIOLATED)
i_croc_soc/i_croc/i_timer/_2666_/Y      0.00    0.00   -0.00 (VIOLATED)
i_croc_soc/i_croc/i_timer/_2671_/Y      0.00    0.00   -0.00 (VIOLATED)
i_croc_soc/i_croc/i_timer/_2681_/Y      0.00    0.00   -0.00 (VIOLATED)
i_croc_soc/i_croc/i_timer/_2686_/Y      0.00    0.00   -0.00 (VIOLATED)
i_croc_soc/i_croc/i_timer/_2698_/Y      0.00    0.00   -0.00 (VIOLATED)
i_croc_soc/i_croc/i_timer/_2707_/Y      0.00    0.00   -0.00 (VIOLATED)
i_croc_soc/i_croc/i_timer/_2712_/Y      0.00    0.00   -0.00 (VIOLATED)
i_croc_soc/i_croc/i_timer/_2723_/Y      0.00    0.00   -0.00 (VIOLATED)
i_croc_soc/i_croc/i_timer/_2728_/Y      0.00    0.00   -0.00 (VIOLATED)
i_croc_soc/i_croc/i_timer/_2733_/Y      0.00    0.00   -0.00 (VIOLATED)
i_croc_soc/i_croc/i_timer/_2738_/Y      0.00    0.00   -0.00 (VIOLATED)
i_croc_soc/i_croc/i_timer/_2743_/Y      0.00    0.00   -0.00 (VIOLATED)
i_croc_soc/i_croc/i_timer/_2748_/Y      0.00    0.00   -0.00 (VIOLATED)
i_croc_soc/i_croc/i_timer/_2764_/Y      0.00    0.00   -0.00 (VIOLATED)
i_croc_soc/i_croc/i_timer/_2789_/Y      0.00    0.00   -0.00 (VIOLATED)
i_croc_soc/i_croc/i_timer/_2804_/Y      0.00    0.00   -0.00 (VIOLATED)
i_croc_soc/i_croc/i_timer/_2819_/Y      0.00    0.00   -0.00 (VIOLATED)
i_croc_soc/i_croc/_6906_/X              0.00    0.00   -0.00 (VIOLATED)
i_croc_soc/i_croc/_6910_/Y              0.00    0.00   -0.00 (VIOLATED)
i_croc_soc/i_croc/_6948_/Y              0.00    0.00   -0.00 (VIOLATED)
i_croc_soc/i_croc/_7001_/Y              0.00    0.00   -0.00 (VIOLATED)
i_croc_soc/i_croc/_7045_/Y              0.00    0.00   -0.00 (VIOLATED)
i_croc_soc/i_croc/i_core_wrap/_7428_/X    0.00    0.00   -0.00 (VIOLATED)
i_croc_soc/i_croc/i_core_wrap/_7498_/X    0.00    0.00   -0.00 (VIOLATED)
i_croc_soc/i_croc/i_core_wrap/_7503_/X    0.00    0.00   -0.00 (VIOLATED)
i_croc_soc/i_croc/i_core_wrap/i_ibex.cs_registers_i/_3492_/X    0.00    0.00   -0.00 (VIOLATED)
i_croc_soc/i_croc/i_core_wrap/i_ibex.cs_registers_i/_3625_/X    0.00    0.00   -0.00 (VIOLATED)
i_croc_soc/i_croc/i_core_wrap/i_ibex.cs_registers_i/_3679_/X    0.00    0.00   -0.00 (VIOLATED)
i_croc_soc/i_croc/i_core_wrap/i_ibex.cs_registers_i/_3735_/X    0.00    0.00   -0.00 (VIOLATED)
i_croc_soc/i_croc/i_core_wrap/i_ibex.cs_registers_i/_3866_/X    0.00    0.00   -0.00 (VIOLATED)
i_croc_soc/i_croc/i_core_wrap/i_ibex.cs_registers_i/_4015_/X    0.00    0.00   -0.00 (VIOLATED)
i_croc_soc/i_croc/i_core_wrap/i_ibex.cs_registers_i/_4091_/X    0.00    0.00   -0.00 (VIOLATED)
i_croc_soc/i_croc/i_core_wrap/i_ibex.cs_registers_i/_4180_/X    0.00    0.00   -0.00 (VIOLATED)
i_croc_soc/i_croc/i_core_wrap/i_ibex.cs_registers_i/_4275_/X    0.00    0.00   -0.00 (VIOLATED)
i_croc_soc/i_croc/i_core_wrap/i_ibex.cs_registers_i/_4300_/X    0.00    0.00   -0.00 (VIOLATED)
i_croc_soc/i_croc/i_core_wrap/i_ibex.cs_registers_i/_5041_/Y    0.00    0.00   -0.00 (VIOLATED)
i_croc_soc/i_croc/i_core_wrap/i_ibex.cs_registers_i/dcsr_q_6__reg/Q    0.00    0.00   -0.00 (VIOLATED)
i_croc_soc/i_croc/i_core_wrap/i_ibex.cs_registers_i/mscratch_q_11__reg/Q    0.00    0.00   -0.00 (VIOLATED)
i_croc_soc/i_croc/i_core_wrap/i_ibex.cs_registers_i/mscratch_q_15__reg/Q    0.00    0.00   -0.00 (VIOLATED)
i_croc_soc/i_croc/i_core_wrap/i_ibex.cs_registers_i/mscratch_q_18__reg/Q    0.00    0.00   -0.00 (VIOLATED)
i_croc_soc/i_croc/i_core_wrap/i_ibex.cs_registers_i/mscratch_q_22__reg/Q    0.00    0.00   -0.00 (VIOLATED)
i_croc_soc/i_croc/i_core_wrap/i_ibex.cs_registers_i/mscratch_q_28__reg/Q    0.00    0.00   -0.00 (VIOLATED)
i_croc_soc/i_croc/i_core_wrap/i_ibex.cs_registers_i/mscratch_q_30__reg/Q    0.00    0.00   -0.00 (VIOLATED)
i_croc_soc/i_croc/i_core_wrap/i_ibex.cs_registers_i/mscratch_q_3__reg/Q    0.00    0.00   -0.00 (VIOLATED)
i_croc_soc/i_croc/i_core_wrap/i_ibex.cs_registers_i/mscratch_q_7__reg/Q    0.00    0.00   -0.00 (VIOLATED)
i_croc_soc/i_croc/i_core_wrap/i_ibex.id_stage_i.controller_i.instr_i_0__reg/Q    0.00    0.00   -0.00 (VIOLATED)
i_croc_soc/i_croc/i_core_wrap/i_ibex.if_stage_i.prefetch_buffer_i.stored_addr_q_12__reg/Q    0.00    0.00   -0.00 (VIOLATED)
i_croc_soc/i_croc/i_core_wrap/i_ibex.if_stage_i.prefetch_buffer_i.stored_addr_q_18__reg/Q    0.00    0.00   -0.00 (VIOLATED)
i_croc_soc/i_croc/i_uart/i_apb_uart.iSCR_4__reg/Q    0.00    0.00   -0.00 (VIOLATED)
i_croc_soc/i_rstgen.i_rstgen_bypass.synch_regs_q_3__reg/Q    0.00    0.00   -0.00 (VIOLATED)
i_croc_soc/i_user/i_obi_demux.mgr_ports_rsp_i_4__reg/Q    0.00    0.00   -0.00 (VIOLATED)
i_croc_soc/i_user/i_obi_demux.mgr_ports_rsp_i_5__reg/Q    0.00    0.00   -0.00 (VIOLATED)
i_croc_soc/i_user/i_obi_demux.mgr_ports_rsp_i_6__reg/Q    0.00    0.00   -0.00 (VIOLATED)
i_croc_soc/i_croc/i_core_wrap/_7422_/X    0.00    0.00   -0.00 (VIOLATED)
i_croc_soc/i_croc/i_core_wrap/_7473_/X    0.00    0.00   -0.00 (VIOLATED)
i_croc_soc/i_croc/i_core_wrap/_7478_/X    0.00    0.00   -0.00 (VIOLATED)
i_croc_soc/i_croc/i_core_wrap/_7508_/X    0.00    0.00   -0.00 (VIOLATED)
i_croc_soc/i_croc/i_core_wrap/i_ibex.if_stage_i.prefetch_buffer_i.stored_addr_q_13__reg/Q    0.00    0.00   -0.00 (VIOLATED)
i_croc_soc/i_croc/i_core_wrap/i_ibex.if_stage_i.prefetch_buffer_i.stored_addr_q_14__reg/Q    0.00    0.00   -0.00 (VIOLATED)
i_croc_soc/i_croc/i_core_wrap/i_ibex.if_stage_i.prefetch_buffer_i.stored_addr_q_16__reg/Q    0.00    0.00   -0.00 (VIOLATED)
i_croc_soc/i_croc/i_core_wrap/i_ibex.if_stage_i.prefetch_buffer_i.stored_addr_q_19__reg/Q    0.00    0.00   -0.00 (VIOLATED)
i_croc_soc/i_croc/i_core_wrap/i_ibex.if_stage_i.prefetch_buffer_i.stored_addr_q_20__reg/Q    0.00    0.00   -0.00 (VIOLATED)
i_croc_soc/i_croc/i_core_wrap/i_ibex.if_stage_i.prefetch_buffer_i.stored_addr_q_22__reg/Q    0.00    0.00   -0.00 (VIOLATED)
i_croc_soc/i_croc/i_core_wrap/i_ibex.if_stage_i.prefetch_buffer_i.stored_addr_q_24__reg/Q    0.00    0.00   -0.00 (VIOLATED)
i_croc_soc/i_croc/i_core_wrap/i_ibex.if_stage_i.prefetch_buffer_i.stored_addr_q_26__reg/Q    0.00    0.00   -0.00 (VIOLATED)
i_croc_soc/i_croc/i_core_wrap/i_ibex.if_stage_i.prefetch_buffer_i.stored_addr_q_2__reg/Q    0.00    0.00   -0.00 (VIOLATED)
i_croc_soc/i_croc/i_core_wrap/i_ibex.if_stage_i.prefetch_buffer_i.stored_addr_q_31__reg/Q    0.00    0.00   -0.00 (VIOLATED)
i_croc_soc/i_croc/i_core_wrap/i_ibex.if_stage_i.prefetch_buffer_i.stored_addr_q_3__reg/Q    0.00    0.00   -0.00 (VIOLATED)
i_croc_soc/i_croc/i_core_wrap/i_ibex.if_stage_i.prefetch_buffer_i.stored_addr_q_4__reg/Q    0.00    0.00   -0.00 (VIOLATED)
i_croc_soc/i_croc/i_core_wrap/i_ibex.if_stage_i.prefetch_buffer_i.stored_addr_q_5__reg/Q    0.00    0.00   -0.00 (VIOLATED)
i_croc_soc/i_croc/i_core_wrap/i_ibex.if_stage_i.prefetch_buffer_i.stored_addr_q_6__reg/Q    0.00    0.00   -0.00 (VIOLATED)
i_croc_soc/i_croc/i_core_wrap/i_ibex.if_stage_i.prefetch_buffer_i.stored_addr_q_8__reg/Q    0.00    0.00   -0.00 (VIOLATED)
i_croc_soc/i_croc/i_core_wrap/i_ibex.if_stage_i.prefetch_buffer_i.stored_addr_q_9__reg/Q    0.00    0.00   -0.00 (VIOLATED)
i_croc_soc/i_croc/i_core_wrap/_7488_/X    0.00    0.00   -0.00 (VIOLATED)
i_croc_soc/i_croc/i_core_wrap/_7493_/X    0.00    0.00   -0.00 (VIOLATED)

